be	O	O
look	O	O
for	O	O
a	O	O
temporary	O	O
opportunity	O	O
within	O	O
a	O	O
progressive	O	O
and	O	O
dynamic	B	B
environment,	O	O
please	O	O
forward	O	O
your	O	O
cv	O	O
today	O	O

effective	O	O
member	O	O
of	O	O
the	O	O
operation	O	O
leadership	O	O
team	B	B
customer	I	I
interaction	I	I
to	O	O
develop	O	O
positive	O	O
relationship	O	O
a	O	O

linux	O	O
shell	O	O
be	O	O
able	O	O
to	O	O
demonstrate	O	O
a	O	O
systematic	B	B
and	O	O
analytical	O	O
approach	O	O
to	O	O

territory	O	O
manager	O	O
role	O	O
offer	O	O
significant	O	O
responsibility	O	O
and	O	O
autonomy	B	B

you	O	O
must	O	O
be	O	O
an	O	O
enthuse,	O	O
passionate,	O	O
hard	O	O
working	O	O
sales	B	B
person	I	I
with	I	I
a	I	I
flexible	O	O
attitude	O	O

effective	O	O
relationship	O	O
with	O	O
and	O	O
obtain	O	O
the	O	O
integrate	O	O
team	B	B
s	I	I
commitment	I	B
to	O	O
i	O	O
document	O	O
and	O	O

the	O	O
vibrant	O	O
and	O	O
dynamic	B	B
department	O	O
be	O	O
the	O	O
ideal	O	O
environment	O	O
to	O	O
progress	O	O
a	O	O
career	O	O
in	O	O

work	O	O
on	O	O
the	O	O
esrcfunded	O	O
research	O	O
project	O	O
that	O	O
involve	O	O
build	O	O
a	O	O
dynamic	B	B
multiregional	O	O
overlap	O	O
generation	O	O
computable	O	O
general	O	O
equilibrium	O	O
olgcge	O	O
model	O	O

you	O	O
will	O	O
become	O	O
part	O	O
of	O	O
an	O	O
energetic	O	O
and	O	O
dynamic	B	B
company,	O	O
determine	O	O
to	O	O
further	O	O
develop	O	O
and	O	O
grow	O	O
the	O	O
drive	O	O

you	O	O
will	O	O
require	O	O
initiative	B	B
to	O	O
manage	O	O
your	O	O
own	O	O

it	O	O
be	O	O
a	O	O
dynamic	B	B
and	O	O
demand	O	O
school	O	O
and	O	O
one	O	O
where	O	O
student	O	O
and	O	O
staff	O	O
be	O	O

staff	O	O
and	O	O
volunteer	O	O
to	O	O
share	O	O
this	O	O
commitment	B	B
enhance	O	O
level	O	O
crb	O	O
be	O	O
require	O	O

environment	O	O
personal	O	O
attribute	O	O
quality	O	O
enthusiasm	O	O
customer	B	B
orientation	I	I
organise,	O	O
structure	O	O
and	O	O
control	O	O
approach	O	O

employer	O	O
in	O	O
yorkshire	O	O
and	O	O
certainly	O	O
the	O	O
most	O	O
forward	O	O
think	O	O
and	O	O
dynamic	B	B
organisation	O	O
within	O	O
their	O	O
sector	O	O
urgently	O	O
require	O	O
a	O	O
java	O	O
ee	O	O
application	O	O

with	O	O
basic	O	O
plumb	O	O
ability,	O	O
with	O	O
excellent	O	O
client	O	O
facing	B	B
skills	I	I

the	O	O
university	O	O
of	O	O
buckingham	O	O
be	O	O
the	O	O
uk	O	O
'	O	O
s	O	O
only	B	B
independent	O	O
university	O	O
with	O	O
a	O	O
royal	O	O

in	O	O
return	O	O
your	O	O
ingenuity	B	B
will	O	O
be	O	O
reward	O	O
with	O	O
the	O	O

our	O	O
client	O	O
be	O	O
a	O	O
dynamic	B	B
organisation	O	O
therefore	O	O
change	O	O
to	O	O
your	O	O
duty	O	O
may	O	O
be	O	O
require	O	O

they	O	O
will	O	O
need	O	O
their	O	O
prove	O	O
leadership	B	B
skill	O	I
to	O	O
meet	O	O
deadline	O	O

able	O	O
to	O	O
work	O	O
independently	O	O
and	O	O
use	O	O
own	O	O
initiative	B	B

organization	O	O
and	O	O
control	O	O
openminded	O	B
strong	O	O
ethic	O	O
selfconfident	B	B
and	O	O
enthusiastic	O	O
negotiation	O	O
and	O	O
influence	O	O

our	O	O
client	O	O
be	O	O
a	O	O
national	O	O
provider	O	O
of	O	O
independent	B	B
sector	O	O
complex	O	O
healthcare	O	O
we	O	O
be	O	O
seek	O	O
an	O	O
commit	O	O
and	O	O

and	O	O
demonstrate	O	O
a	O	O
commitment	O	B
to	O	O
cpd	O	O
and	O	O
self	B	B
learning	I	I
development	O	O

qual	O	O
into	O	O
clear	O	O
research	O	O
story	O	O
an	O	O
aptitude	O	O
for	B	B
multitasking	I	I
and	O	O
prioritise	O	O
keep	O	O
a	O	O

interaction	O	O
recruitment	O	O
be	O	O
the	O	O
uk	O	O
'	O	O
s	O	O
fastest	O	O
grow	B	B
independent	O	O
recruiter	O	O
with	O	O
office	O	O
across	O	O
the	O	O

proactive	O	O
and	O	O
organise	O	O
person	O	O
with	O	O
a	O	O
curious	B	B
mind,	O	O
an	O	O
eagerness	O	O
for	O	O

experience	O	O
in	O	O
be	O	O
a	O	O
mentor,	O	O
team	O	O
builder	B	B
coach	I	I
must	O	O
enjoy	O	O
work	O	O
with	O	O

problem	O	O
solve,	O	O
results	O	O
oriented	B	B
and	I	I
highly	O	O
drive	O	O
professional	O	O

strong	O	O
analytical	O	O
skill,	O	O
result	O	O
drive	O	O
and	O	O
problemsolving	O	O
ability	B	B
desirable	O	O
work	O	O
knowledge	O	O

to	O	O
the	O	O
rural	O	O
location	O	O
of	O	O
the	O	O
venue	O	O
applicant	O	O
would	O	O
need	O	O
independent	B	B
transport	O	O
to	O	O
be	O	O
eligible	O	O
for	O	O
this	O	O
position	O	O

this	O	O
be	O	O
a	O	O
rare	O	O
opportunity	O	O
to	O	O
be	O	O
part	O	O
of	O	O
a	O	O
dynamic	B	B
team	O	O
in	O	O
a	O	O
purpose	O	O
build	O	O
environment	O	O

prefer	O	O
supplier	O	O
to	O	O
many	O	O
of	O	O
the	O	O
uk	O	O
s	O	O
most	O	O
dynamic	B	B
company,	O	O
we	O	O
always	O	O
have	O	O
vacancy	O	O
for	O	O
sale	O	O
manager,	O	O

policy	O	O
govern	O	O
equal	O	O
employment	O	O
opportunity	O	O
and	O	O
affirmative	B	B
action	O	O
within	O	O
the	O	O
incumbent	O	O
'	O	O

deputise	O	O
in	O	O
a	O	O
high	O	O
turnoverstore	O	O
a	O	O
high	O	O
achiever	B	B
able	O	O
to	O	O
deliver	O	O
exceptional	O	O
customer	O	O

opportunity	O	O
to	O	O
develop	O	O
your	O	O
career	O	O
in	O	O
a	O	O
forward	O	O
think,	O	O
dynamic	O	O
business	B	B

themselves	O	O
operate	O	O
a	O	O
relax,	O	O
yet	O	O
technically	O	O
sharp	O	O
environment	B	B
and	O	O
be	O	O
grow	O	O
at	O	O

require	O	O
a	O	O
commit	O	O
and	O	O
confident	O	O
individual	O	O
who	O	O
be	O	O
conscientious,	O	O
dynamic	O	O
and	B	B
proactive	O	O
to	O	O
oversee	O	O
and	O	O
provide	O	O
support	O	O
to	O	O
the	O	O
nurse	O	O

with	O	O
a	O	O
sense	O	O
of	O	O
urgency	O	O
and	O	O
followthrough	B	B
ability	O	O
to	O	O
learn	O	O
and	O	O
adapt	O	O

member,	O	O
use	O	O
your	O	O
engineer	O	O
knowledge	O	O
and	O	O
creative	O	O
thinking	B	B
to	I	I
generate	O	O
a	O	O
number	O	O
of	O	O

they	O	O
be	O	O
a	O	O
small,	O	O
dynamic	O	O
firm	B	B
and	O	O
be	O	O
offer	O	O
a	O	O
great	O	O
opportunity	O	O
to	O	O
take	O	O
on	O	O

works	B	B
collaboratively	I	I
with	O	O
area	O	O
engineer	O	O
provide	O	O
support	O	O

the	O	O
ability	B	O
to	I	O
manage	I	I
his	O	O
her	O	O
own	O	O
time	O	O
to	O	O

personal	O	O
presentation	O	O
and	O	O
communication	O	O
excellent	O	O
report	O	O
administration	O	O
skill	O	O
enthusiastic	O	O
and	O	O
dynamic	B	B
approach	O	O
autonomous	O	O
nature	O	O
professional	O	O
attitude	O	O
must	O	O
have	O	O
industry	O	O
contact	O	O
focus	O	O

demonstrate	O	O
team	O	B
leadership	B	B
ability	I	I

proactive	O	O
team	O	O
player	O	O
with	O	O
an	O	O
international	B	B
outlook	I	I
qualification	O	O
strong	O	O
academic	O	O
include	O	O
account	O	O

assist	O	O
live	O	O
manager	O	O
require	O	O
for	O	O
new	O	O
independent	B	B
live	O	O
estate	O	O
in	O	O
ongar,	O	O
essex	O	O
salary	O	O
package	O	O
a	O	O

work	O	O
efficient	O	O
and	O	O
drive	O	O
result	O	O
under	O	O
pressure	O	O
ability	B	B
to	I	I
communicate	I	I
between	O	O
different	O	O
time	O	O
zone	O	O
must	O	O

senior	O	O
be	O	O
need	O	O
to	O	O
join	O	O
the	O	O
region	O	O
s	O	O
lead	O	O
independent	B	B
accountancy	O	O
practice	O	O

skillsexcellent	O	O
organisational	O	O
and	O	O
time	O	O
management	O	I
skillskey	O	B
competenciesstrong	O	O
conceptual	B	I
thinking	I	I
to	O	O
allow	O	O
understand	O	O
of	O	O
the	O	O

skill,	O	O
include	O	O
negotiation,	O	O
influence,	O	O
mediation	O	O
and	O	O
conflict	O	O
management	O	O
skills	O	O

passionate,	O	O
you	O	O
will	O	O
have	O	O
a	O	O
personable	O	O
character	O	B
and	B	O
good	O	O
communication	O	O
skill	O	O

organisation	O	O
and	O	O
external	O	O
stakeholder	O	O
fantastic	O	O
excellent	O	O
communication,	O	O
diplomacy	O	O
and	B	B
negotiation	I	I
skills	I	I
this	I	I
be	O	O
a	O	O
fantastic	O	O

to	O	O
join	O	O
a	O	O
new	O	O
and	O	O
grow	O	O
team	B	B
working	I	I
in	O	O
a	O	O
vibrant	O	O
and	O	O

a	O	O
well	O	O
a	O	O
private	O	O
equity,	O	O
start	O	O
up	O	O
'	O	O
s	O	O
and	O	O
independent	B	B
list	O	O
company	O	O
senior	O	O
associate	O	O
duty	O	O
responsibility	O	O
experience	O	O
of	O	O
work	O	O

base	O	O
on	O	O
compliance	O	O
or	O	O
otherwise	O	O
with	O	O
specification	O	O
key	O	O
challenge	O	O
remain	O	O
independent	B	B
of	O	O
supply	O	O
the	O	O
quality	O	O
manager	O	O
need	O	O
to	O	O
robustly	O	O
challenge	O	O
and	O	O

strategy,	O	O
but	O	O
also	O	O
excellent	O	O
management	O	O
and	O	O
organisational	O	O
skills	B	B
necessary	I	I
to	O	O
lead	O	O
and	O	O

and	O	O
experience	O	O
care	O	O
coordinator	O	O
with	O	O
excellent	O	O
telephone	B	B
customer	I	I
service	I	I
skills	I	I

nbsp	O	O
encore	O	O
personnel	O	O
service	O	O
ltd	O	O
be	O	O
a	O	O
lead	O	O
independent	B	B
recruitment	O	O
consultancy	O	O
with	O	O
a	O	O
real	O	O
commitment	O	O
to	O	O
quality	O	O
and	O	O
service	O	O

this	O	O
grow,	O	O
excite	O	O
and	O	O
dynamic	O	O
company	B	B
have	O	O
an	O	O
excellent	O	O
opportunity	O	O
for	O	O
a	O	O
senior	O	O
account	O	O
manager	O	O

you	O	O
'	O	O
ll	O	O
join	O	O
a	O	O
specialist	O	O
research	B	B
team	I	I
working	O	O
on	O	O
algorithm	O	O
for	O	O
complex	O	O
internet	O	O
security	O	O

ability	B	B
to	I	I
interact	I	I
and	O	I
communicate	O	I
effectively,	O	O
both	O	O
verbally	O	O

have	O	O
strong	O	O
question	O	O
skill,	O	O
with	O	O
the	O	O
ability	O	O
to	B	B
listen	I	I
and	I	I
gather	O	O
information	O	O
from	O	O
both	O	O

you	O	O
will	O	O
then	O	O
form	O	O
part	O	O
of	O	O
a	O	O
forward	O	O
think,	O	O
dynamic	O	O
senior	B	B
leadership	O	O
team	O	O
that	O	O
will	O	O
take	O	O
hackney	O	O
new	O	O
school	O	O
forward	O	O

great	O	O
opportunity	O	O
to	O	O
join	O	O
a	O	O
fast	O	O
grow,	O	O
fun	O	O
and	O	O
dynamic	O	O
team	B	B
and	O	O
assert	O	O
your	O	O
skill	O	O
to	O	O
help	O	O
this	O	O
company	O	O
define	O	O

word,	O	O
excel	O	O
and	O	O
outlook	O	O
quick	O	O
and	O	O
accurate	O	O
type	B	B
skill	O	O
at	O	O
least	O	O

a	O	O
variety	O	O
of	O	O
duty	O	O
motivate	O	O
and	O	O
a	O	O
self	B	B
starter	I	I
able	O	O
to	O	O
communicate	O	O
in	O	O

experience	O	O
of	O	O
design	O	O
complex	O	O
business	O	O
solution	O	O
a	O	O
part	O	O
of	O	O
a	O	O
dynamic	B	B
department	O	O
with	O	O
business	O	O
wide	O	O
interaction	O	O

they	O	O
be	O	O
experience	O	O
a	O	O
period	O	O
of	O	O
aggressive	B	B
plan	O	O
for	O	O
expansion	O	O

lead	O	O
company	O	O
and	O	O
infrastructure	O	O
provider,	O	O
with	O	O
a	O	O
dedication	O	O
to	B	B
high	I	I
quality	I	I
and	I	I
innovation	O	O
stand	O	O
by	O	O
client	O	O

proactive,	O	O
flexible	O	O
style	O	O
team	O	O
player	O	O
disciplined	O	O
well	B	B
organise,	O	O
good	O	O
time	O	O

to	O	O
detail	O	O
and	O	O
the	O	O
ability	O	O
to	O	O
use	O	O
tact	B	B
and	O	O
diplomacy	O	O
be	O	O
essential	O	O

quality	O	O
service,	O	O
internally	O	O
externally	O	O
creative	O	O
and	O	B
flexible	O	O
approach	B	B

accountability	O	O
lead	O	O
independent	B	B
review	O	O
of	O	O
risk	O	O
model,	O	O
recommend	O	O
for	O	O
approval	O	O
presentation	O	O
of	O	O

and	O	O
you	O	O
want	O	O
to	O	O
move	O	O
to	O	O
a	O	O
fun,	O	O
friendly	O	O
independent	O	O
agency	B	B
with	O	O
grand	O	O
aspiration,	O	O
this	O	O
could	O	O
be	O	O
for	O	O
you	O	O

manner	O	O
demonstrate	O	O
ability	O	O
to	O	O
make	O	O
and	O	O
implement	O	O
decision	O	O
prove	O	O
excellent	O	O
team	B	B
working	I	I
and	O	O
communication	O	O
skill	O	O
strong	O	O
analytical	O	O
and	O	O
problem	O	O
solve	O	O
skill	O	O

the	O	O
full	O	O
software	O	O
development	O	O
lifecycle	O	O
strong	O	O
organizational	B	B
and	I	I
problemsolving	I	I
skills	I	I
strong	O	O
ability	O	O
to	O	O
evaluate	O	O

would	O	O
be	O	O
an	O	O
advantage	O	O
prove	O	O
track	O	O
record	O	O
project	B	B
management	I	I
skill	O	I
accuracy,	O	O
attention	O	O
to	O	O
detail	O	O

you	O	O
will	O	O
be	O	O
a	O	O
key	O	O
member	O	O
of	O	O
the	O	O
team	B	B
working	I	I
with	O	O
to	O	O
implement	O	O
new	O	O

git	O	O
experience	O	O
or	O	O
desire	B	B
to	I	I
learn	I	I
mobile	O	O
application	O	O
development	O	O
e	O	O
g	O	O

coordinate	B	B
and	O	O
lead	O	O
crossfunctional	O	O
team	O	O

work	O	O
from	O	O
their	O	O
dynamic	B	B
busy	O	O
office	O	O
you	O	O
will	O	O
be	O	O
fully	O	O
responsible	O	O
for	O	O
generate	O	O
revenue	O	O

only	O	O
under	O	O
the	O	O
equality	O	O
act	O	O
2010	O	O
schedule	B	B
part	O	O
1the	O	O
domestic	O	O
ensure	O	O

be	O	O
an	O	O
excellent	O	O
opportunity	O	O
within	O	O
a	O	O
progressive	B	B
and	I	I
forward	I	I
thinking	I	I
company	O	O

detail	O	O
dependable	O	O
adaptable	O	O
good	O	O
organizer	B	B
able	O	O
to	O	O
use	O	O
initiative	O	O

with	O	O
experience	O	O
of	O	O
sell	O	O
av	O	O
solution,	O	O
collaborative	O	O
technology	B	B
or	O	O
similar	O	O
consultative	O	O
solution	O	O

political	B	B
and	I	I
contract	I	O
awareness	I	I
good	O	O
understand	O	O
of	O	O
local	O	O
government	O	O

excellent	O	O
telephone	O	B
presentation	B	O
and	O	O
negotiation	O	O
skill	O	O

do	O	O
within	O	O
highly	O	O
matrixed	O	O
and	O	O
global	O	O
organization	B	B
strong	I	I
technical	I	I
skills	I	I
include	O	O
significant	O	O
experience	O	O
use	O	O

quality	O	O
system,	O	O
quality	O	O
management	O	O
system,	O	O
qms,	O	O
compliance,	O	O
api,	O	O
responsible	O	O
person	O	O
imp,	O	O
special,	O	O
qp,	O	O
qualify	B	B

semisenior	O	O
senior	O	O
bournemouth	O	O
our	O	O
client,	O	O
an	O	O
establish	O	O
independent	O	O
firm	B	B
of	O	O
charter	O	O
accountant	O	O
be	O	O
seek	O	O
a	O	O
semisenior	O	O
senior	O	O

for	O	O
apply	O	O
to	O	O
euro	O	O
london	O	O
appointment,	O	O
europe	O	O
'	O	O
s	O	O
largest	O	O
independent	B	B
language	O	O
consultancy	O	O

administrative	O	O
experience	O	O
and	O	O
ideally	O	O
event	O	O
project	O	O
coordination	B	B
skills	I	I

you	O	O
will	O	O
have	O	O
strong	O	O
research	B	B
skills	I	I
to	O	O
develop	O	O
knowledge	O	O
and	O	O

hospital	O	O
offer	O	O
postoperative	O	O
recovery,	O	O
respite	O	O
care,	O	O
counseling	O	O
and	O	O
palliative	B	B
care	O	O
to	O	O

well	B	O
organized	I	B
with	O	O
the	O	O
ability	O	O
to	O	O

qualify	O	O
coordinator	O	O
of	O	O
humanity	O	O
to	O	O
successfully	O	O
run	B	B
the	I	O
humanities	I	B
department	I	I

the	O	O
unit	O	O
and	O	O
therefore	O	O
good	O	O
leadership	O	O
and	O	O
decision	B	B
making	I	I
skills	I	I
be	O	O
essential	O	O

an	O	O
agile	O	O
environment	O	O
nga	O	O
resource	O	O
link	O	O
experience	O	O
previous	O	O
experience	O	O
in	O	O
dynamic	B	B
environment	O	O
such	O	O
a	O	O
retail	O	O
or	O	O
ecommerce	O	O
6	O	O
month	O	O
contract	O	O
please	O	O

for	O	O
this	O	O
excellent	O	O
opportunity	O	O
to	O	O
work	B	B
in	I	I
a	I	I
small	I	I
team	I	I
closely	O	O
with	O	O
the	O	O
business	O	O
within	O	O

this	O	O
be	O	O
an	O	O
excellent	O	O
opportunity	O	O
to	O	O
work	O	O
in	O	O
a	O	O
dynamic	B	B
development	O	O
environment	O	O
at	O	O
the	O	O
cut	O	O
edge	O	O
of	O	O
technology	O	O

weight	O	O
allowance	O	O
bonus	O	O
benefit	O	O
cellar	O	O
trend	O	O
be	O	O
a	O	O
young,	O	O
dynamic	O	O
company	B	B
who	O	O
have	O	O
see	O	O
phenomenal	O	O
growth	O	O
in	O	O
the	O	O
last	O	O

for	O	O
technology	O	O
and	O	O
the	O	O
ability	O	O
to	O	O
perform	O	O
in	O	O
a	O	O
highly	O	O
dynamic	B	B
and	O	O
fast	O	O
change	O	O
environment	O	O

friendly	O	B
and	O	I
responsible	B	B
personality	I	I

retail	O	O
sector	O	O
it	O	O
skill	O	O
basic	O	O
data	O	O
analysis	B	B
skills	I	I
use	O	O
excel	O	O

they	O	O
be	O	O
one	O	O
of	O	O
the	O	O
uk	O	O
'	O	O
s	O	O
largest	B	B
independent	O	O
supplier	O	O
of	O	O
quality,	O	O
second	O	O
user	O	O
refurbish	O	O
electronic	O	O
test	O	O
equipment	O	O

they	O	O
be	O	O
enjoy	O	O
strong	O	O
growth	O	O
through	O	O
both	O	O
acquisition	O	O
and	O	O
an	O	O
aggressive	B	B
sale	O	O
strategy	O	O
fund	O	O
from	O	O
significant	O	O
global	O	O
cash	O	O
reserve	O	O

work	O	O
you	O	O
will	O	O
also	O	O
have	O	O
an	O	O
analytical	B	B
mind	I	I
in	O	O
order	O	O
to	O	O
ensure	O	O

prove	O	O
success	O	O
within	O	O
a	O	O
sale	O	O
base	O	O
environment	O	O
desire	B	O
and	I	O
ability	I	B
to	I	I
learn	I	I
quickly	O	I
ability	O	O
to	O	O
deliver	O	O
result	O	O

new	O	O
contact	O	O
and	O	O
account	O	O
via	O	O
a	O	O
network	O	O
of	O	O
national,	O	O
independent	O	O
plumb	B	B
bathroom,	O	O
build	O	O
material,	O	O
build	O	O
service,	O	O
coat	O	O

in	O	O
this	O	O
excite	O	O
growth	O	O
sector,	O	O
where	O	O
innovative	O	O
thinking	B	B
and	I	I
imagination	O	O
be	O	O
a	O	O

to	O	O
be	O	O
responsable	B	B
for	O	O
food	O	O
preparation	O	O
production,	O	O

offer	O	O
an	O	O
opportunity	O	O
to	O	O
join	O	O
a	O	O
progressive	B	B
forwarding	I	I
thinking	I	I
organisation	O	O
and	O	O
the	O	O
chance	O	O

growth	O	O
through	O	O
the	O	O
maximisation	O	O
of	O	O
exist	O	O
client	B	B
relationships	I	I
and	O	O
the	O	O
introduction	O	O
of	O	O
new	O	O

use	O	O
sql	O	O
would	O	O
be	O	O
beneficial,	O	O
however	O	O
an	O	O
interest	O	O
and	B	B
willingness	I	I
to	I	B
learn	I	I
would	I	I
be	O	O
consider	O	O

the	O	O
candidate	O	O
will	O	O
join	O	O
a	O	O
grow,	O	O
dynamic	O	O
inhouse	B	B
creative	O	O
team	O	O
and	O	O
will	O	O
work	O	O
across	O	O
both	O	O
interactive	O	O
tv	O	O

expansion	O	O
of	O	O
this	O	O
niche	O	O
data	O	O
warehouse	O	O
team	B	O
and	I	O
their	I	O
commitment	I	B
to	O	O
the	O	O
business	O	O
which	O	O

birmingham	O	O
base	O	O
independent	B	B
m	O	O
undertake	O	O
full	O	O
electrical	O	O
service	O	O
design	O	O
responsibility	O	O
on	O	O
project	O	O

you	O	O
will	O	O
be	O	O
join	O	O
a	O	O
progressive	O	O
team	B	B
working	I	I
on	O	O
next	O	O
generation	O	O
integrate	O	O
power	O	O
management	O	O
and	O	O
distribution	O	O
system	O	O

environment	O	O
be	O	O
essential	O	O
smart	O	O
appearance	O	O
and	O	O
a	O	O
professional	B	B
attitude	I	I
be	O	O
expect	O	O
because	O	O
you	O	O
ll	O	O

within	O	O
a	O	O
medium	O	O
environment,	O	O
be	O	O
confident	O	O
and	O	O
personable	O	O
able	B	B
to	O	O
build	O	O
rapport	O	O

this	O	O
be	O	O
a	O	O
superb	O	O
opportunity	O	O
to	O	O
join	O	O
an	O	O
elite	O	O
development	O	O
team	B	B
working	I	I
at	O	O
the	O	O
cut	O	O
edge	O	O
of	O	O
technical	O	O
innovation	O	O

the	O	O
regenda	O	O
group	O	O
be	O	O
a	O	O
lead	O	O
independent	B	B
north	O	O
west	O	O
house	O	O
and	O	O
regeneration	O	O
organisation,	O	O
manage	O	O
over	O	O

skill	O	O
have	O	O
high	O	O
energy	O	O
with	O	O
strong	O	O
results	B	B
orientation	I	I
together	O	O
with	O	O
personal	O	O
ambition	O	O

any	O	O
offer	O	O
be	O	O
subject	O	O
to	O	O
rigorous	B	B
reference,	O	O
criminal	O	O
and	O	O
credit	O	O
check	O	O

join	O	O
a	O	O
strong,	O	O
energetic,	O	O
dynamic	O	O
company	O	O
that	B	B
be	O	O
a	O	O
market	O	O
leader	O	O
in	O	O
it	O	O
segment	O	O

data	O	O
in	O	O
an	O	O
insightful	O	O
way	O	O
great	O	O
communication	O	O
skills	B	B
experience	I	I
in	I	I
training	I	I
and	O	O
manage	O	O
others	O	O
within	O	O

able	O	O
to	O	O
work	O	O
under	O	O
own	O	O
instruction	O	O
ability	B	B
to	I	I
promote	I	I
cooperation	I	I
between	O	O
customer,	O	O
supplier	O	O
and	O	O

arise	O	O
for	O	O
an	O	O
enthusiastic	O	O
and	O	O
proactive	O	O
business	B	O
development	I	O
team	I	B
leader	I	I
to	O	O
coordinate	O	O
and	O	O
manage	O	O
business	O	O

they	O	O
will	O	O
demonstrate	O	O
strong	O	O
analytical	O	O
and	O	O
judgement	B	B
skills	I	I
need	O	O
to	O	O
provide	O	O
fair,	O	O

excellent	O	O
organizational	B	B
skills	I	I
and	O	O
ability	O	O
to	O	O
work	O	O

can	O	O
make	O	O
great	O	O
idea	O	O
happen	O	O
for	O	O
some	O	O
of	O	O
the	O	O
most	O	O
dynamic	B	B
company	O	O

liaise	O	O
with	O	O
international	O	O
market	O	O
a	O	O
need	O	O
work	B	B
collaboratively	I	I
with	O	O
sale	O	O
train	O	O
team,	O	O
international	O	O

no	O	O
recruitment	O	O
and	O	O
join	O	O
a	O	O
team	B	B
working	I	I
in	O	O
a	O	O
recession	O	O
proof	O	O

an	O	O
experience	O	O
assistant	O	O
to	O	O
work	O	O
closely	O	O
with	O	O
a	O	O
young,	O	O
dynamic	O	O
partner	B	B
and	O	O
play	O	O
a	O	O
pivotal	O	O
role	O	O
in	O	O
grow	O	O
and	O	O
shape	O	O

influence	O	O
skill	O	O
strong	O	O
interpersonal	O	O
skill	O	O
prove	O	O
time	B	B
management	I	I
and	I	I
organisational	I	I
skills	I	I
person	O	O
profile	O	O
professional	O	O
approach	O	O
commit	O	O

who	O	O
be	O	O
customer	O	O
focus	O	O
and	O	O
highly	O	O
solution	B	B
oriented	I	I

for	O	O
print	O	O
and	O	O
online	O	O
medium	O	O
a	O	O
prove	O	O
ability	B	B
to	I	I
negotiate	I	I
and	O	O
troubleshoot	O	O
effectively	O	O
competency	O	O
in	O	O

professional	B	B
communication	I	I
and	I	O
presentation	I	B
skill	O	O
and	O	O
ability	O	O
to	O	O
build	O	O

they	O	O
be	O	O
an	O	O
energetic,	O	O
fast	O	O
pace	O	O
and	O	O
dynamic	O	O
medium	B	B
size	O	O
business,	O	O
which	O	O
be	O	O
rapidly	O	O
expand	O	O

be	O	O
responsible	O	O
for	O	O
maintain	O	O
clear	O	O
accurate	B	B
case	O	O
record	O	O
and	O	O
to	O	O

uk	O	O
drive	O	O
licence	O	O
personal	O	O
quality	O	O
an	O	O
outgoing	B	B
professional	O	O
approach	O	O
to	O	O
make	O	O
and	O	O

in	O	O
some	O	O
recruitment	O	O
be	O	O
keen	O	O
and	O	O
eager	B	B
to	I	I
learn	I	I
new	O	O
thing	O	O
passionate	O	O
about	O	O

and	O	O
selfmotivated,	O	O
a	O	O
well	O	O
a	O	O
organise,	O	O
punctual	O	O
adaptable	O	O
to	B	B
change	O	O

use	O	O
personal	O	O
gravitas,	O	O
political	O	O
awareness	B	B
and	I	I
basel	O	O
capital	O	O
expertise	O	O
to	O	O
be	O	O

their	O	O
decision	O	O
make	O	O
ability	O	O
and	O	O
autonomy	B	B
help	O	O
u	O	O
cut	O	O
bureaucracy	O	O
and	O	O

manage,	O	O
train,	O	O
develop	O	O
and	O	O
motivate	O	O
your	O	O
team	O	O
customer	O	O
interaction	B	B
and	I	I
complaint	I	I
resolution	O	O
act	O	O

prove	O	O
problem	O	O
solve	O	O
skill	O	O
able	O	O
to	O	O
communicate	B	B
easily	I	I
and	O	O
get	O	O
the	O	O
buy	O	O
in	O	O

the	O	O
company	O	O
the	O	O
world	O	O
'	O	O
s	O	O
largest	B	B
independent	O	O
provider	O	O
of	O	O
distance	O	O
learn	O	O
be	O	O
expand	O	O
it	O	O
uk	O	O
base	O	O

we	O	O
be	O	O
the	O	O
fastest	O	O
grow	O	O
independent	B	B
energy	O	O
company	O	O
in	O	O
the	O	O
country	O	O
and	O	O
part	O	O
of	O	O
the	O	O
midcounties	O	O

and	O	O
serve	O	O
around	O	O
cover	O	O
per	O	O
service	O	O
and	O	O
have	O	O
a	O	O
lively	B	B
and	O	O
busy	O	O
atmosphere	O	O

one	O	O
of	O	O
the	O	O
central	O	O
belt	O	O
lead	O	O
independent	B	B
orgnaisations	O	O
be	O	O
look	O	O
to	O	O
recruit	O	O
a	O	O
number	O	O
of	O	O
field	O	O
sale	O	O

nh	O	O
multi	O	O
service	O	O
contract	O	O
knowledge	O	O
prefer	O	O
excellent	O	O
supervisory	B	B
skills	I	I
with	O	O
an	O	O
ability	O	O
to	O	O

regularly	O	O
exercise	O	O
discretion	O	O
and	O	O
independent	B	B
judgment	O	B

base	O	O
ref	O	O
bbbh	O	O
cisco	O	O
wlan	O	O
engineer	O	O
background	O	O
a	O	O
lead	O	O
dynamic	B	B
cisco	O	O
gold	O	O
partner	O	O
with	O	O
multiple	O	O
office	O	O
in	O	O
the	O	O
uk	O	O
be	O	O

bi	O	O
do	O	O
from	O	O
invest	O	O
in	O	O
skill	O	O
to	O	O
make	O	O
market	O	O
more	O	O
dynamic	B	B
and	O	O
reduce	O	O
regulation,	O	O
and	O	O
from	O	O
promote	O	O
trade	O	O
to	O	O
boost	O	O

work	O	O
in	O	O
all	O	O
weather	O	O
suit	O	O
fit	O	O
active	B	B
person	I	I
a	O	O
officer	O	O
on	O	O
foot	O	O

the	O	O
machinery	O	O
division	O	O
to	O	O
work	O	O
for	O	O
the	O	O
uk	O	O
'	O	O
s	O	O
largest	B	B
independent	O	O
test	O	O
house	O	O
base	O	O
in	O	O
elland	O	O

for	O	O
an	O	O
endoscopy	O	O
nurse	O	O
to	O	O
work	O	O
for	O	O
a	O	O
reputable	O	O
and	O	O
dynamic	B	B
hospital	O	O
who	O	O
offer	O	O
a	O	O
supportive	O	O
environment	O	O
and	O	O
where	O	O
professional	O	O
development	O	O

to	O	O
achieve	O	O
by	O	O
provide	O	O
clear	O	O
direction,	O	O
motivation	O	O
and	B	B
support	O	O
contribute	O	O
productively	O	O
to	O	O

and	O	O
the	O	O
need	O	O
of	O	O
older	O	O
people	O	O
people	B	B
management	I	I
experience	O	O
include	O	O
work	O	O
to	O	O

our	O	O
dedicated	B	B
resource	O	O
team	O	O
will	O	O
support	O	O

be	O	O
look	O	O
for	O	O
a	O	O
k	O	O
phase	O	O
leader	O	O
to	O	O
join	O	O
their	O	O
dynamic	B	B
and	O	O
friendly	O	O
senior	O	O
team	O	O

in	O	O
line	O	O
with	O	O
company	O	O
standardsabout	O	O
you	O	O
a	O	O
confident,	O	O
dynamic	O	O
and	B	B
articulate	O	O
individual	O	O
able	O	O
to	O	O
connect	O	O
with	O	O
people	O	O
at	O	O
all	O	O

succeed	O	O
in	O	O
recruitment	O	O
drive	O	O
to	O	O
be	O	O
successful	O	O
eager	B	B
to	I	I
learn	I	I
and	O	O
develop	O	O
a	O	O
real	O	O

and	O	O
forward	O	O
experience	O	O
to	O	O
join	O	O
a	O	O
grow	O	O
team	B	B
to	I	I
work	I	I
in	O	O
a	O	O
fast	O	O
pace,	O	O

sen	O	O
teacher	O	O
ebd	O	O
do	O	O
you	O	O
have	O	O
the	O	O
patience	B	B
and	O	O
temperament	O	O
to	O	O
deal	O	O

design	O	O
the	O	O
layout	O	O
and	O	O
code	O	O
new	O	O
website	O	O
with	O	O
dynamic	B	B
content	O	O
page	O	O
by	O	O
use	O	O
asp	O	O

drive	O	O
and	O	O
highly	O	O
self	O	O
motivate	O	O
excellent	O	O
telephone	B	B
manner	I	I
pc	I	I
skills	I	I
be	O	O
essential	O	O
time	O	O
management	O	O

wcf	O	O
commercial	O	O
experience	O	O
in	O	O
software	O	O
development	O	O
excellent	O	O
object	B	B
oriented	I	I
design	I	I
skills	I	I
design	O	O
pattern,	O	O
solid	O	O
tdd,	O	O
bdd,	O	O

applicant	O	O
should	O	O
be	O	O
familiar	O	O
with	O	O
systematic	B	B
invest,	O	O
trade	O	O
future	O	O
and	O	O

to	O	O
become	O	O
part	O	O
of	O	O
a	O	O
lead	O	O
design	O	O
team	B	B
working	I	I
on	O	O
highly	O	O
interest	O	O
and	O	O
challenge	O	O

major	O	O
project	O	O
demonstrate	O	O
excellent	O	O
customer	O	O
focus	O	O
strong	O	O
people	B	B
skills	I	I

communication	O	O
skill	O	O
data	O	O
capture,	O	O
manipulation	O	O
and	O	O
interpretation	O	O
skills	B	B
knowledge	I	I
pharmacy,	O	O
pharmaceutical	O	O
science	O	O

candidate	O	O
should	O	O
be	O	O
open	B	B
to	I	I
change	I	I
and	O	O
new	O	O
idea	O	O

ability	B	B
to	I	I
interact	I	I
with	O	O
and	O	O
manage	O	O
supplier	O	O
and	O	O

able	O	O
to	O	O
work	O	O
a	O	O
part	O	O
of	O	O
a	O	O
well	O	O
establish,	O	O
dynamic	O	O
and	B	B
creative	O	O
team	O	O
but	O	O
crucially	O	O
also	O	O
will	O	O
be	O	O
able	O	O
to	O	O

,	O	O
thames	O	O
valley	O	O
job	O	O
description	O	O
my	O	O
client	O	O
be	O	O
a	O	O
dynamic	B	B
global	O	O
and	O	O
expand	O	O
software	O	O
house	O	O
who	O	O
can	O	O
offer	O	O
employee	O	O
amaze	O	O

capable	O	O
of	O	O
hard	O	O
work,	O	O
have	O	O
an	O	O
insatiable	O	O
desire	O	O
to	B	B
learn	I	I
and	I	I
have	O	O
some	O	O
gravitas	O	O
about	O	O

ability	O	O
to	O	O
multi	O	O
task	O	O
partner	O	O
with	O	O
a	O	O
friendly	B	B
and	I	I
confident	I	B
personality	I	I
to	O	O
be	O	O
able	O	O
to	O	O

txm	O	O
healthcare	O	O
be	O	O
currently	O	O
work	O	O
with	O	O
a	O	O
independent	B	B
hospital	O	O
which	O	O
provide	O	O
assessment	O	O
and	O	O
intervention	O	O
for	O	O
men	O	O
and	O	O
woman	O	O

this	O	O
be	O	O
a	O	O
role	O	O
within	O	O
the	O	O
hr	O	O
strategic	B	B
planning	I	I
delivery	O	O
team,	O	O
and	O	O
report	O	O
into	O	O
the	O	O
director	O	O
of	O	O
strategic	O	O
planning	I	O
and	I	O
delivery	O	O

you	O	O
will	O	O
be	O	O
give	O	O
warm	B	B
lead	O	O
to	O	O
follow	O	O
up	O	O

an	O	O
understand	O	O
of	O	O
different	O	O
culture	O	O
and	O	O
be	O	O
able	B	B
to	I	I
persuade	I	I

look	O	O
to	O	O
recruit	O	O
top	O	O
opener	O	O
and	O	O
closer	O	O
to	O	O
join	O	O
our	O	O
dynamic	B	B
sale	O	O
team	O	O

you	O	O
will	O	O
be	O	O
join	O	O
an	O	O
important	O	O
independent	B	B
multi	O	O
office	O	O
full	O	O
service	O	O
law	O	O
firm	O	O
with	O	O
a	O	O
grow	O	O
reputation	O	O

good	O	O
influence	O	O
and	O	O
negotiation	O	O
skill	O	O
ability	O	O
to	O	O
work	B	B
under	I	I
pressure	I	I
ability	O	O
to	O	O
meet	O	O
target	O	O
and	O	O

pro	O	O
rata	O	O
our	O	O
client,	O	O
who	O	O
be	O	O
a	O	O
specialist	O	O
independent	O	O
mortgage	B	B
advisor	O	O
be	O	O
currently	O	O
look	O	O
for	O	O
a	O	O
part	O	O
time	O	O

qualification	O	O
interest	O	O
in	O	O
creative	O	O
and	O	O
digital	O	O
industry	O	O
and	O	O
or	O	O
independent	B	B
cinema	O	O
experience	O	O
of	O	O
plant	O	O
and	O	O
build	O	O
maintenance	O	O
please	O	O
note	O	O

overseas	O	O
police	O	O
clearance	O	O
if	O	O
applicable	O	O
and	O	O
professional	B	B
reference	O	O
check	O	O
your	O	O

benefit	O	O
sussex	O	O
bn	O	O
brighton	O	O
area	O	O
long	O	O
establish	O	O
and	O	O
respect	O	O
independent	B	B
general	O	O
insurance	O	O
broking	O	O
group	O	O

candidate	O	O
will	O	O
be	O	O
commercially	O	O
focus,	O	O
have	O	O
excellent	O	O
communication	O	O
organizational	B	O
people	I	B
management	I	O
skill	O	O
and	O	O
at	O	O
the	O	O

decision	O	O
make	O	O
actively	O	O
seek	O	O
and	O	O
be	O	O
open	B	B
minded	I	I
to	O	O
idea,	O	O
make	O	O
decision	O	O
base	O	O

part	O	O
of	O	O
one	O	O
of	O	O
the	O	O
uk	O	O
s	O	O
largest,	O	O
independent	O	O
healthcare	B	B
group,	O	O
with	O	O
a	O	O
nationwide	O	O
network	O	O
of	O	O
hospital	O	O
and	O	O

net	O	O
developer	O	O
to	O	O
join	O	O
their	O	O
dynamic	B	B

not	O	O
essential,	O	O
you	O	O
will	O	O
be	O	O
hardworking	O	O
honest	O	B
and	B	O
reliable	O	O

the	O	O
three	O	O
asms	O	O
look	O	O
after	O	O
independent	B	B
hardware	O	O
houseware	O	O
store,	O	O
garden	O	O
centre,	O	O
and	O	O
builder	O	O

participate	O	O
in	O	O
meet	O	O
and	O	O
provide	O	O
constructive	B	B
input	I	I
and	I	I
feedback	I	I

strong	O	O
understand	O	O
of	O	O
legislation	O	O
best	O	O
practice	O	O
ability	B	B
to	I	I
compile	I	I
a	I	I
report	I	I
provide	O	O
a	O	O
clinical	O	O
opinion	O	O

excellent	O	O
interpersonal,	O	O
influence	O	O
and	O	O
communication	O	O
skill	O	O
mature,	O	O
responsible	O	O
and	O	O
resultsdriven	B	B
personality	I	I
with	I	I
the	I	I
ability	O	O
to	O	O

this	O	O
innovative	O	O
agency	O	O
be	O	O
also	O	O
base	O	O
in	O	O
lively	B	B
soho	O	O
and	O	O
the	O	O
midweight	O	O
digital	O	O
flash	O	O
designer	O	O
will	O	O
be	O	O
part	O	O

track	O	O
record	O	O
of	O	O
hit	O	O
exceed	O	O
target	O	O
a	O	O
hardworker	B	B
knowledge	O	O
of	O	O
agency	O	O
sale	O	O

assist	O	O
live	O	O
manager	O	O
require	O	O
for	O	O
new	O	O
independent	B	B
live	O	O
estate	O	O
in	O	O
cheadle,	O	O
south	O	O
manchester	O	O

of	O	O
staff	O	O
be	O	O
honest	O	O
and	O	O
open	O	O
demonstrate	O	O
respect	B	B
for	I	I
colleagues	I	I
and	O	O
strong	O	O
teamwork	O	O
demonstrate	O	O
a	O	O

share	O	O
in	O	O
the	O	O
uk	O	O
and	O	O
renowned	O	O
throughout	O	O
europe,	O	O
this	O	O
independent	O	O
medical	B	B
sale	O	O
organisation	O	O
now	O	O
seek	O	O
a	O	O
new	O	O
territory	O	O
sale	O	O
manager	O	O

by	O	O
global	O	O
professional	O	O
service	O	O
organisation	O	O
to	O	O
join	O	O
the	O	O
quality	O	O
assurance	O	O
team	B	B
working	I	I
on	O	O
a	O	O
variety	O	O
of	O	O
project	O	O
through	O	O
the	O	O
full	O	O
software	O	O

this	O	O
be	O	O
a	O	O
great	O	O
opportunity	O	O
to	O	O
join	O	O
a	O	O
drive	O	O
and	O	O
dynamic	B	B
market	O	O
lead	O	O
law	O	O
firm	O	O
so	O	O
if	O	O
you	O	O
be	O	O
ready	O	O
for	O	O

decision	O	O
make	O	O
actively	O	O
seek	O	O
and	O	O
be	O	O
open	B	B
minded	I	I
to	O	O
idea,	O	O
make	O	O
decision	O	O

we	O	O
be	O	O
seek	O	O
a	O	O
dynamic	B	B
and	O	O
talented	O	O
individual	O	O
with	O	O
experience	O	O
of	O	O
operate	O	O
in	O	O
increasingly	O	O
senior	O	O

and	O	O
verbal	O	O
excellent	O	O
negotiation	O	O
and	O	O
conflict	B	B
management	I	I
skill	O	O
excellent	O	O
time	O	O

an	O	O
option	O	O
provide	O	O
high	O	O
level	O	O
of	O	O
dedication	B	B
and	O	O
commitment	O	O
to	O	O
the	O	O
role	O	O

certify	O	O
sale	O	O
train,	O	O
ongoing	O	O
development	O	O
and	O	O
a	O	O
professional,	O	O
dynamic	O	O
work	O	O
environment	B	B
make	O	O
this	O	O
a	O	O
role	O	O
not	O	O
to	O	O
be	O	O
miss	O	O

demonstrate	O	O
critical	B	B
thinking	I	I
skills	I	I
in	O	O
clinical	O	O
decision	O	O
make	O	O

communication	O	O
skill	O	O
and	O	O
problem	O	O
solve	O	O
ability	O	O
multitask	B	B
oriented	I	I
able	O	O
to	O	O
inspect	O	O
your	O	O
own	O	O

ability	O	O
to	O	O
work	O	O
in	O	O
a	O	O
dynamic	B	B
vibrant	O	O
and	O	O
competitive	O	O
atmosphere	O	O

regulate	O	O
industry	O	O
exposure	O	O
to	O	O
quickly	O	O
evolve	O	O
environment	O	O
with	O	O
cross	O	O
functional	O	O
team	B	B
working	I	I
behavioural	O	O
competency	O	O
work	O	O
with	O	O
integrity,	O	O
customer	O	O
focus,	O	O

a	O	O
team	O	O
environment	O	O
and	O	O
have	O	O
the	O	O
self	B	B
confidence	I	I
to	O	O
present	O	O
themselves	O	O
to	O	O

in	O	O
care	O	O
be	O	O
the	O	O
uk	O	O
s	O	O
lead	O	O
provider	O	O
of	O	O
independent	B	B
mental	O	O
health	O	O
service	O	O

medium	O	O
sector	O	O
have	O	O
an	O	O
excite	O	O
opportunity	O	O
for	O	O
an	O	O
energetic	O	O
and	O	O
dynamic	B	B
business	O	O
analyst	O	O
to	O	O
join	O	O
their	O	O
team	O	O

entrepreneurial	O	O
and	O	O
mature	O	O
individual	O	O
who	O	O
can	O	O
learn	B	B
quickly	I	I
and	O	O
think	O	O
independently	O	O

administrator	O	O
50,	O	O
000	O	O
my	O	O
client,	O	O
a	O	O
grow,	O	O
dynamic	O	O
business	O	O
provide	O	O
it	B	B
solution	O	O
to	O	O
the	O	O
art	O	O
and	O	O
entertainment	O	O
industry	O	O

this	O	O
be	O	O
a	O	O
lively	B	B
and	O	O
competitive	O	O
sale	O	O
office	O	O
so	O	O
we	O	O
be	O	O
look	O	O
for	O	O
someone	O	O

to	O	O
work	O	O
a	O	O
part	O	O
of	O	O
a	O	O
small	O	O
team	O	O
to	O	O
an	O	O
aggressive	B	B
timescale	O	O
and	O	O
with	O	O
strict	O	O
attention	O	O
to	O	O
detail	O	O
be	O	O
self	O	O
motivate	O	O

role	O	O
will	O	O
be	O	O
a	O	O
person	O	O
look	O	O
to	O	O
work	O	O
within	O	O
a	O	O
dynamic	B	B
company	O	O
and	O	O
a	O	O
fast	O	O
pace	O	O
industry	O	O

organisational	O	O
skill	O	O
with	O	O
the	O	O
ability	O	O
to	O	O
successfully	O	O
manage	B	B
multiple	I	I
tasks	I	I
prioritise	O	O
and	O	O
meet	O	O
deadline	O	O
excellent	O	O

vizeum,	O	O
the	O	O
challenger	O	O
medium	B	O
brand,	O	O
have	O	O
a	O	O

equally	O	O
posse	O	O
excellent	O	O
communication	O	O
skill,	O	O
an	O	O
analytical	O	O
mind	B	B
and	I	I
you	O	O
be	O	O
client	O	O
focus	O	O

bank	O	O
base	O	O
in	O	O
the	O	O
city	O	O
be	O	O
look	O	O
to	O	O
recruit	O	O
a	O	O
dynamic	B	B
and	O	O
ambitious	O	O
part	O	O
qualify	O	O
management	O	O
accountant,	O	O
ideally	O	O
late	O	O
to	O	O

technician,	O	O
you	O	O
must	O	O
have	O	O
excellent	O	O
organisational,	O	O
management	O	O
and	O	O
team	O	O
working	O	O
skill	B	B
couple	I	I
with	O	O
the	O	O
ability	O	O
to	O	O
work	O	O
both	O	O
autonomously	O	O

be	O	O
loyal,	O	O
confidential	O	O
and	O	O
discreet	O	O
have	O	O
good	O	O
organisational	O	O
and	B	B
administration	I	I
skills	I	I
have	I	I
good	O	O
computer	O	O
skill	O	O
be	O	O

work	O	O
from	O	O
the	O	O
company	O	O
s	O	O
lively	B	B
office,	O	O
you	O	O
will	O	O
be	O	O
require	O	O
to	O	O
use	O	O
your	O	O
excellent	O	O

you	O	O
will	O	O
work	O	O
in	O	O
a	O	O
dynamic	B	B
environment,	O	O
you	O	O
must	O	O
be	O	O
will	O	O
to	O	O
learn	O	O
whilst	O	O
demonstrate	O	O

threshold	O	O
2	O	O
day	O	O
holiday	O	O
pension	O	O
benefit	O	O
company	O	O
highly	O	O
profitable	O	O
independent	B	B
business	O	O
operate	O	O
from	O	O
multiple	O	O
office	O	O
across	O	O
the	O	O
uk	O	O

work	O	O
under	O	O
pressure	O	O
a	O	O
good	O	O
sense	O	O
of	O	O
humor	B	B
be	O	O
a	O	O
good	O	O
team	O	O

a	O	O
well	O	O
establish	O	O
and	O	O
highly	O	O
successful	O	O
independent	B	B
accountancy	O	O
practice	O	O
in	O	O
sheffield	O	O
be	O	O
look	O	O
for	O	O
a	O	O
personal	O	O
tax	O	O

part	O	O
of	O	O
a	O	O
small	O	O
team	B	B
working	I	I
on	O	O
innovative	O	O
design	O	O

this	O	O
role	O	O
will	O	O
be	O	O
your	O	O
natural	O	O
mentoring	B	B
skills	I	I
dynamism,	O	O
handson	O	O
delivery	O	O
focus	O	O

microsoft	O	O
office,	O	O
investigative,	O	O
analytical	O	O
and	O	O
report	O	O
writing	O	O
skills	O	O
be	B	B
essential	I	I
to	O	O
this	O	O

ability	O	O
to	O	O
bring	O	O
about	O	O
change	O	O
market	O	O
and	O	O
customer	B	B
orientation	I	I

sa	O	O
sql	O	O
market	O	O
analyst	O	O
with	O	O
the	O	O
potential	O	O
for	O	O
independent	B	B
personal	O	O
train,	O	O
progression	O	O
and	O	O
the	O	O
opportunity	O	O
to	O	O
work	O	O
in	O	O

prove	O	O
ability	O	O
to	O	O
work	B	B
under	I	I
stress	I	I
in	O	O
emergency	O	O
flexibility	O	O
to	O	O
handle	O	O

and	O	O
support	O	O
skill	O	O
problem	O	O
solve,	O	O
and	O	O
critical	O	O
thinking	B	B
skill,	I	I
be	O	O
able	O	O
to	O	O

carry	O	O
out	O	O
repair	O	O
and	O	O
improvement	O	O
work	O	O
a	O	O
part	O	O
of	O	O
a	O	O
team	B	B
working	I	I
on	O	O
regenda	O	O
property	O	O

the	O	O
successful	O	O
applicant	O	O
will	O	O
be	O	O
a	O	O
diligent,	O	O
dynamic	O	O
and	B	B
highly	O	O
motivate	O	O
individual	O	O
with	O	O
excellent	O	O
interpersonal	O	O
skill	O	O

skill,	O	O
commercial	O	O
acumen	O	O
with	O	O
the	O	O
ability	O	O
to	O	O
write	B	B
compel	I	I
business	O	O
case	O	O
from	O	O

and	O	O
spanish,	O	O
with	O	O
excellent	O	O
communication	O	O
skill	O	O
to	O	O
join	O	O
it	O	O
dynamic	O	O
and	B	B
friendly	O	O
team	O	O
in	O	O
london	O	O

in	O	O
ethical	O	O
seo	O	O
technique	O	O
and	O	O
have	O	O
strong	O	O
analytic	B	B
skills	I	I
which	O	O
can	O	O
be	O	O
use	O	O

position	O	O
work	O	O
under	O	O
minimal	O	O
supervision	O	O
with	O	O
wide	O	O
latitude	O	O
for	O	O
exercise	O	O
independent	B	B
judgment	O	O

highly	O	O
motivate	O	O
with	O	O
a	O	O
keen	O	O
interest	O	O
in	O	I
learning	B	B
new	I	I
skills	I	I
the	O	O
ability	O	O
to	O	O
work	O	O

action	B	B
oriented	I	I
process	O	O
effectiveness	O	O
continuous	O	O
and	O	O
versatile	O	O

management	O	O
experience,	O	O
ie	O	O
service	O	O
plan,	O	O
defect	O	O
time	O	O
management	O	O
skills	B	B
ability	I	I
to	I	I
work	O	O
without	O	O

be	O	O
now	O	O
seek	O	O
a	O	O
performance	O	O
tester	O	O
architect	O	O
to	O	O
join	O	O
the	O	O
dynamic	B	B
development	O	O
team	O	O

they	O	O
be	O	O
a	O	O
busy,	O	O
dynamic	O	O
agency	B	B
and	O	O
be	O	O
look	O	O
for	O	O
candidate	O	O
with	O	O
the	O	O
same	O	O
drive	O	O

strong	O	O
team	B	B
working	I	I
skills	I	I
a	O	O
lead	O	O
niche	O	O
financial	O	O

of	O	O
environmental	O	O
research	O	O
and	O	O
policy	O	O
and	O	O
to	O	O
contribute	O	O
to	O	O
a	O	O
dynamic	B	B
and	O	O
excite	O	O
team	O	O
spread	O	O
across	O	O
four	O	O
continent	O	O

competitive	O	O
advantage	O	O
help	O	O
to	O	O
make	O	O
leyton	O	O
healthcare	O	O
the	O	O
lead	O	O
independent	B	B
provider	O	O
of	O	O
specialist	O	O
health	O	O
and	O	O
social	O	O
care	O	O
and	O	O
the	O	O
prefer	O	O

client	O	O
be	O	O
look	O	O
for	O	O
a	O	O
confident,	O	O
quick	O	O
learning	B	B
and	I	I
enthusiastic	O	O
team	O	O
member	O	O
who	O	O

your	O	O
time	O	O
and	O	O
that	O	O
you	O	O
posse	O	O
exceptional	O	O
team	B	B
working	I	I
skills	I	I
a	O	O
the	O	O
team	O	O
ethic	O	O
within	O	O

a	O	O
financial	O	O
account	O	O
assistant	O	O
to	O	O
work	O	O
for	O	O
an	O	O
innovative	O	O
and	O	O
dynamic	B	B
bank	O	O
sector	O	O
company	O	O
with	O	O
an	O	O
expand	O	O
base	O	O
in	O	O
gibraltar	O	O

foster	O	O
strong	O	O
relationship	O	O
collaborate	O	O
share	O	O
encourage	O	O
team	B	B
work	I	I
builds	I	O
team	I	O
spirit	I	I
persuade	O	O
influence	O	O
use	O	O

skill	O	O
attention	O	O
to	O	O
detail	O	O
proactive	O	O
and	O	O
dynamic	B	B
personality	I	I
previous	O	O
experience	O	O
in	O	O
customer	O	O
service	O	O

to	O	O
work	O	O
autonomously	O	O
in	O	O
a	O	O
handson	O	O
sell	O	O
environment	O	O
energetic	O	O
and	O	O
dynamic	B	B
should	O	O
have	O	O
the	O	O
professional	O	O
subtlety	O	O
to	O	O
drive	O	O
commercial	O	O
relationship	O	O
where	O	O

and	O	O
negotiation	O	O
skill	O	O
proactive,	O	O
confident	O	O
and	O	B
dynamic	O	I
personality	B	I
excellent	I	I
communication	O	O
skill	O	O
salary	O	O

this	O	O
can	O	O
include	O	O
self	B	B
learning	I	I
and	O	O
apply	O	O
exist	O	O
knowledge	O	O
to	O	O

be	O	O
part	O	O
of	O	O
a	O	O
group	O	O
of	O	O
home	O	O
own	O	O
by	O	O
an	O	O
independent	B	B
healthcare	O	O
provider	O	O
who	O	O
have	O	O
be	O	O
in	O	O
operation	O	O
for	O	O
over	O	O
10	O	O

carry	O	O
out	O	O
independent	B	B
inspection	O	O

strong	O	O
analytical	B	B
skills	I	I
will	O	O
be	O	O
essential,	O	O
include	O	O

osafety	O	O
system	O	O
ability	B	O
to	I	O
technically	I	O
manage	I	I
internal	O	O
subcontract	O	O
activity	O	O

coordinate	B	B
and	O	O
manage	O	O
exceptional	O	O
client	O	O
onboarding	O	O

provide	O	O
timely	O	O
and	O	O
accurate	B	B
management	O	O
information	O	O
and	O	O
investor	O	O

nbsp	O	O
this	O	O
grow	O	O
and	O	O
dynamic	B	B
company	O	O
have,	O	O
with	O	O
major	O	O
emphasis	O	O
on	O	O
quality,	O	O
become	O	O

work	O	O
competently	O	O
on	O	O
an	O	O
independent	B	B
basis,	O	O
a	O	O
well	O	O
a	O	O
collaborate	O	O
within	O	O
the	O	O
design	O	O
team	O	O

for	O	O
a	O	O
qualify	O	O
management	O	O
accountant	O	O
to	O	O
work	O	O
within	O	O
a	O	O
proactive	O	O
dynamic	B	B
team	O	O

engineer	O	O
and	O	O
scientist,	O	O
you	O	O
will	O	O
apply	O	O
your	O	O
research	O	O
skills	B	B
to	I	I
the	O	O
next	O	O
generation	O	O

additionally,	O	O
the	O	O
company	O	O
have	O	O
ambitious	O	O
and	O	O
aggressive	O	O
growth	B	B
plan	O	O
in	O	O
their	O	O
investment	O	O

8226	O	O
use	O	O
finance	O	O
account	O	O
analytic	B	B
and	I	O
modelling	I	B
skills	I	I
to	O	O
produce	O	O
and	O	O
maintain	O	O

be	O	O
a	O	O
selfstarter,	O	O
able	O	O
to	B	B
prioritize	I	I
task	I	I
and	O	O
manage	O	O
own	O	O
time	O	O

you	O	O
will	O	O
be	O	O
ambitious,	O	O
have	O	O
an	O	O
outgoing	O	O
personality	B	B
and	I	I
be	O	O
customer	O	O
focus	O	O

proactive	B	O
and	I	O
enthusiastic	I	B
approach	I	O
to	O	O
sql	O	O
urgent	O	O
role	O	O
please	O	O

a	O	O
number	O	O
of	O	O
new	O	O
position	O	O
provide	O	O
an	O	O
excite	O	O
opportunity	O	O
for	O	O
dynamic	B	B
and	O	O
selfmotivated	O	O
individual	O	O
to	O	O
join	O	O
our	O	O
theatre	O	O
team	O	O

excellent	O	O
communication	O	O
skill	O	O
and	O	O
the	O	O
ability	O	O
to	O	O
work	B	B
closely	I	I
in	I	I
an	I	I
operating	I	I
team	I	I
report	O	O
directly	O	O
to	O	O
the	O	O
central	O	O

manage	O	O
and	O	O
report	O	O
against	O	O
the	O	O
team	B	B
s	I	O
work	I	I
program,	O	O
include	O	O
analysis	O	O
of	O	O
risk	O	O

titan	O	O
telecom	O	O
be	O	O
the	O	O
uk	O	O
'	O	O
s	O	O
largest	O	O
and	O	O
fastest	O	O
grow	B	B
independent	O	O
telecommunication	O	O
service	O	O
provider	O	O
specialise	O	O
in	O	O
the	O	O
small	O	O
to	O	O
medium	O	O

range	O	O
of	O	O
career	O	O
opportunity	O	O
both	O	O
home	O	O
and	O	O
abroad	O	O
within	O	O
a	O	O
dynamic	B	B
and	O	O
inclusive	O	O
culture	O	O

valid	O	O
nmc	O	O
pin	O	O
and	O	O
posse	O	O
the	O	O
qualification	O	O
to	O	O
be	O	O
an	O	O
independent	B	B
nurse	O	O
prescriber	O	O

motivate	O	O
other	O	O
staff	O	O
member	O	O
s	O	O
excellent	O	O
communication	O	O
marketing	B	B
and	I	I
business	I	I
skills	I	I
along	O	O
with	O	O
a	O	O
clear	O	O
and	O	O

our	O	O
client	O	O
be	O	O
a	O	O
major	O	O
provider	O	O
of	O	O
independent	B	B
healthcare	O	O
with	O	O
a	O	O
national	O	O
network	O	O
of	O	O
hospital	O	O
we	O	O
be	O	O

an	O	O
excite	O	O
opportunity	O	O
have	O	O
arise	O	O
in	O	O
our	O	O
dynamic	B	B
and	O	O
ambitious	O	O
market	O	O
team	O	O
for	O	O
a	O	O
digital	O	O
social	O	O
medium	O	O
market	O	O

prove	O	O
analytic	B	B
skills	I	I
experience	O	O
analyse	O	O
data	O	O
and	O	O

clientele	O	O
boast	O	O
a	O	O
broad	O	O
range	O	O
of	O	O
global	O	O
enterprise	O	O
company	O	O
in	O	O
independent	B	B
yet	O	O
relate	O	O
industry	O	O
and	O	O
their	O	O
extend	O	O
supply	O	O
chain	O	O

enthusiastic	O	O
developer,	O	O
with	O	O
good	O	O
communication	O	O
and	O	O
interpersonal	O	O
skills	B	B
good	I	I
at	O	O
problem	O	O
solve	O	O

travel	O	O
specialist	O	O
oxfordshire	O	O
plus	O	O
excellent	O	O
bonus	O	O
ote	O	O
this	O	O
dynamic	B	B
tour	O	O
operator	O	O
specialise	O	O
in	O	O
tailormade	O	O
holiday	O	O
and	O	O
small	O	O
group	O	O
tour	O	O

work	O	O
with	O	O
high	O	O
ethical	B	B
standardsselfmotivated	I	I
and	O	O
ability	O	O
to	O	O
work	O	O
independently	O	O

a	O	O
good	O	O
team	O	O
player	O	O
fluent	O	O
in	O	O
german	O	O
speaking	B	O
good	I	O
english	I	O
ability	I	O
to	O	O
speak	O	O
european	O	O
language	O	O
s	O	O
a	O	O

strong	O	O
pastry	O	O
chef	O	O
be	O	O
require	O	O
to	O	O
run	B	B
the	I	I
pastry	I	I
department	I	I
at	O	O
a	O	O
hotel	O	O
in	O	O
hertfordshire	O	O

in	O	O
mandarin	O	O
and	O	O
english	O	O
and	O	O
look	O	O
to	O	O
work	O	O
for	O	O
a	O	O
dynamic	B	B
company	O	O
with	O	O
a	O	O
low	O	O
staff	O	O
turnover,	O	O
this	O	O
could	O	O
be	O	O

and	O	O
oral	O	O
communication	O	O
skill	O	O
must	O	O
have	O	O
an	O	O
international	B	B
outlook	I	I
ability	O	O
to	O	O
work	O	O
in	O	O

care	O	O
of	O	O
the	O	O
elderly	O	O
nvq	O	O
rma	O	O
supervisory	B	B
management	I	I
skills	I	I
and	O	O
experience	O	O
excellent	O	O
communication	O	O

country,	O	O
be	O	O
an	O	O
important	O	O
asset	O	O
a	O	O
be	O	O
sympathy	O	O
with	B	B
the	O	O
christian	O	O
value	O	O
the	O	O

head	O	O
office	O	O
and	O	O
to	O	O
support	O	O
the	O	O
ongoing	O	O
success	O	O
of	O	O
this	O	O
dynamic	B	B
business	O	O

to	O	O
bring	O	O
large	O	O
reserve	O	O
of	O	O
enthusiasm,	O	O
character	O	O
and	B	B
hard	O	O
work	O	O

a	O	O
appropriate	O	O
to	O	O
other	O	O
healthcare	O	O
professional	O	O
external	O	O
agency	O	O
make	O	O
independent	B	B
diagnose	O	O
and	O	O
treatment	O	O
decision	O	O
requirement	O	O
nmc	O	O
register	O	O
prescribe	O	O

ready	O	O
to	O	O
work	O	O
with	O	O
our	O	O
dynamic	B	B
team	O	O
on	O	O
group	O	O
project	O	O
a	O	O
well	O	O
a	O	O
deliver	O	O
individual	O	O
assignment	O	O

and	O	O
convert	O	O
these	O	O
into	O	O
work	O	O
design	O	O
action	B	B
oriented	I	I
drive	O	O
by	O	O
result	O	O
and	O	O

articulate	O	O
clearly	O	O
and	O	O
be	O	O
able	O	O
to	O	O
use	O	O
influencing	B	B
skills	I	I
at	O	O
a	O	O
senior	O	O
level	O	O

experience	O	O
of	O	O
cater	O	O
within	O	O
independent	B	B
school	O	O
would	O	O
be	O	O
an	O	O
advantage	O	O
however,	O	O
an	O	O
individual	O	O
who	O	O

look	O	O
for	O	O
an	O	O
experience	O	O
oracle	O	O
warehouse	O	O
developer	O	O
builder	O	O
to	O	O
join	O	O
their	O	O
dynamic	B	B
team	O	O
in	O	O
the	O	O
capacity	O	O
of	O	O
a	O	O
key	O	O
designer	O	O
coder	O	O
analyst	O	O

well	B	O
organized	I	B
with	O	O
the	O	O
a	O	O
b	O	O
ility	O	O

we	O	O
be	O	O
passionate	O	O
about	O	O
what	O	O
we	O	O
do,	O	O
hardworking	O	O
while	B	B
still	O	O
retain	O	O
our	O	O
sense	O	O

your	O	O
field	O	O
the	O	O
ability	O	O
to	O	O
be	O	O
100	O	O
efficient	B	B
the	O	O
ability	O	O
to	O	O
be	O	O
self	O	O

advantageous	O	O
but	O	O
be	O	O
not	O	O
essential	O	O
a	O	O
target	O	O
drive,	O	O
dynamic	O	O
approach	B	B
excellent	O	O
communication	O	O
skill	O	O
work	O	O
knowledge	O	O
of	O	O
excel	O	O
great	O	O
customer	O	O

rigorous	B	B
attention	O	O
to	O	I
detail	O	O

base	O	O
in	O	O
coventry	O	O
you	O	O
ll	O	O
join	O	O
a	O	O
team	B	B
working	I	I
on	O	O
the	O	O
development	O	O
and	O	O
manufacture	O	O
of	O	O
an	O	O
innovative	O	O
and	O	O

pressure	O	O
and	O	O
to	O	O
deadline	O	O
empathy	O	O
and	O	O
sympathy	B	B
with	O	O
customer	O	O
need	O	O
good	O	O
communication,	O	O

ensure	O	O
compliance	O	O
procedure	O	O
follow	O	O
skill	O	O
fast	O	O
accurate	B	B
type	O	O
skill	O	O
and	O	O
excellent	O	O
knowledge	O	O

of	O	O
manage	O	O
your	O	O
own	O	O
business	O	O
in	O	O
a	O	O
fast	O	O
pace,	O	O
dynamic	O	O
environment	B	B
you	O	O
be	O	O
a	O	O
flexible	O	O
thinker	O	O
who	O	O
generate	O	O
new	O	O
idea	O	O

do	O	O
but	O	O
you	O	O
can	O	O
count	O	O
on	O	O
the	O	O
support	O	O
of	O	O
a	O	O
lively	B	B
membership,	O	O
numerous	O	O
volunteer,	O	O
a	O	O
highly	O	O
commit	O	O
staff	O	O
team	O	O

quantity	O	O
of	O	O
data,	O	O
you	O	O
ll	O	O
be	O	O
able	O	O
to	B	B
prioritize	I	I
workload	I	I
whilst	O	O
work	O	O
to	O	O
tight	O	O

assist	O	O
in	O	O
the	O	O
evaluation	O	O
of	O	O
schedule	B	O
risk	O	O
and	O	O
production	O	O
of	O	O
schedule	I	B
risk	O	O
analysis	O	O
report	O	O
prepare	O	O

advisory	O	O
and	O	O
owner	O	O
engineer	O	O
skill	O	O
in	O	O
the	O	O
energy	B	B
from	O	O
waste	O	O
efw	O	O
sector	O	O

you	O	O
will	O	O
have	O	O
first	O	O
class	O	O
proposal	B	B
writing	I	I
skills	I	I
that	O	O
have	O	O
result	O	O
in	O	O

creativity	B	B
and	I	I
lateral	I	I
thinking	I	I
be	O	O
two	O	O
of	O	O
your	O	O

the	O	O
company	O	O
be	O	O
a	O	O
small	O	O
independent	B	B
boutique	O	O
company	O	O
who	O	O
do	O	O
both	O	O
sale	O	O
and	O	O
letting	O	O
and	O	O
have	O	O

my	O	O
client	O	O
be	O	O
one	O	O
of	O	O
the	O	O
largest	O	O
independent	B	B
steel	O	O
stock	O	O
hold	O	O
company	O	O
in	O	O
the	O	O
uk	O	O

awareness	O	O
and	O	O
sensitivity	B	B
to	O	O
multinational	O	O
exposure	O	O
and	O	O
culture	O	O

spirit	O	O
and	O	O
the	O	O
ability	O	O
to	O	O
thrive	O	O
in	O	O
a	O	O
startup,	O	O
dynamic	O	O
situation	B	B

this	O	O
longevity	O	O
have	O	O
be	O	O
build	O	O
on	O	O
honesty	B	B
family	O	O
value	O	O
and	O	O
a	O	O

the	O	O
o	O	O
licence	O	O
holder	O	O
prove	O	O
and	O	O
demonstrable	O	O
people	B	B
management	I	I
and	O	O
development	O	O
track	O	O
record	O	O
will	O	O

private	O	O
medical	O	O
and	O	O
dental	O	O
the	O	O
opportunity	O	O
our	O	O
client	O	O
be	O	O
an	O	O
independent	B	B
consultancy	O	O
firm	O	O
which	O	O
have	O	O
an	O	O
opportunity	O	O
for	O	O
a	O	O
data	O	O
analyst	O	O

you	O	O
will	O	O
be	O	O
part	O	O
of	O	O
a	O	O
large	O	O
team	B	B
working	I	I
in	O	O
a	O	O
fast	O	O
pace	O	O
environment	O	O

be	O	O
currently	O	O
recruit	O	O
for	O	O
an	O	O
audit	O	O
senior	O	O
to	O	O
join	O	O
their	O	O
dynamic	B	B
and	O	O
grow	O	O
team	O	O

skill	O	O
be	O	O
able	O	O
to	O	O
demonstrate	O	O
an	O	O
ongoing	O	O
interest	B	B
to	I	I
learn	I	I
about	O	O
and	O	O
understand	O	O
all	O	O
niche	O	O

hard	O	O
work	O	O
and	O	O
posse	O	O
a	O	O
sense	O	O
of	O	O
humor	B	B
senior	O	O
sale	O	O
executive	O	O
jobdescription	O	O

we	O	O
require	O	O
warm	B	B
enthusiastic	O	O
and	O	O
person	O	O
center	O	O
support	O	O

part	O	O
of	O	O
a	O	O
team	O	O
to	O	O
design	O	O
and	O	O
implement	O	O
enterprise	O	O
level	O	O
dynamic	B	B
web	O	O
application	O	O
such	O	O
a	O	O
medium	O	O
portal,	O	O
content	O	O
management	O	O
system	O	O

use	O	O
of	O	O
excel	O	O
and	O	O
spreadsheet	O	O
punctual	B	B

you	O	O
will	O	O
be	O	O
join	O	O
the	O	O
friendly	O	O
team	O	O
of	O	O
a	O	O
lead	O	O
independent	B	B
firm	O	O
of	O	O
charter	O	O
accountant	O	O
in	O	O
the	O	O
bournemouth	O	O
area	O	O

a	O	O
corporate	O	O
environment,	O	O
ideally	O	O
from	O	O
a	O	O
the	O	O
professional	O	O
service	B	B
sector	O	I
other	O	O
relevant	O	O
similar	O	O
sector	O	O

intelligent	O	O
and	O	O
dynamic	B	B
think	O	O
be	O	O
an	O	O
absolute	O	O
must	O	O
for	O	O
this	O	O
excite	O	O
role,	O	O

my	O	O
client	O	O
be	O	O
one	O	O
of	O	O
the	O	O
lead	O	O
independent	B	B
macroeconomic	O	O
consultancy	O	O
with	O	O
office	O	O
now	O	O
in	O	O
london,	O	O
toronto	O	O
and	O	O

full	O	O
fund	O	O
for	O	O
cemap	O	O
qualification	O	O
all	O	O
within	O	O
a	O	O
supportive,	O	O
team	O	O
working	B	B
environment	I	I

suitable	O	O
for	O	O
this	O	O
opportunity	O	O
you	O	O
will	O	O
be	O	O
a	O	O
bright,	O	O
dynamic	O	O
and	B	B
career	O	O
focus	O	O
individual	O	O
with	O	O
previous	O	O
recruitment	O	O
experience,	O	O
ideally	O	O

the	O	O
company	O	O
this	O	O
be	O	O
an	O	O
independent	B	B
hospital	O	O
base	O	O
in	O	O
the	O	O
heart	O	O
of	O	O
central	O	O
london	O	O

proactive,	O	O
ambitious,	O	O
with	O	O
good	O	O
client	O	O
face	O	O
and	O	O
team	O	O
management	O	O
skills	B	B

at	O	O
all	O	O
level	O	O
plan	O	O
time	O	O
management	O	O
selforganization	O	O
and	O	O
self	B	B
discipline	I	I
initiative	I	I
proactive	O	O
and	O	O
able	O	O
to	O	O

opportunity	O	O
to	O	O
become	O	O
involve	O	O
in	O	O
the	O	O
excite	O	O
growth	O	O
of	O	O
a	O	O
dynamic	B	B
company	O	O

service	O	O
level	O	O
you	O	O
will	O	O
become	O	O
part	O	O
of	O	O
an	O	O
energetic	O	O
and	O	O
dynamic	B	B
team,	O	O
determine	O	O
to	O	O
further	O	O
develop	O	O
and	O	O
grow	O	O
the	O	O
branch	O	O

of	O	O
your	O	O
duty	O	O
will	O	O
be	O	O
promote	O	O
positive	B	B
relationship	O	O
with	O	O
parent,	O	O
child	O	O
and	O	O

record	O	O
of	O	O
achievement	O	O
in	O	O
clinical	O	O
psychology	O	O
and	O	O
demonstrable	O	O
leadership	O	O
and	O	O
team	B	B
working	I	I
skill	O	O

the	O	O
agency,	O	O
they	O	O
be	O	O
one	O	O
of	O	O
the	O	O
best	O	O
global	O	O
independent	O	O
creative	B	B
agency	O	O
in	O	O
town	O	O

highest	O	O
level	O	O
of	O	O
customer	O	O
experience	O	O
build	O	O
on	O	O
empathy	B	B
simplicity	O	O
and	O	O
trust	O	O
whilst	O	O
become	O	O

ability	B	B
to	I	I
inform	I	I
and	I	I
persuade	I	I
others	O	O
ability	O	O
to	O	O
manage	O	O

this	O	O
company	O	O
have	O	O
go	O	O
through	O	O
a	O	O
period	O	O
of	O	O
sustain	O	O
and	O	O
aggressive	B	B
growth	O	O
over	O	O
the	O	O
past	O	O
few	O	O
year	O	O

our	O	O
client,	O	O
a	O	O
dynamic	O	O
and	B	B
fast	O	O
pace	O	O
borough	O	O
be	O	O
look	O	O
for	O	O
a	O	O
new	O	O
hospital	O	O

uncapped	O	O
ote	O	O
excellent	O	O
career	O	O
progression	O	O
in	O	O
an	O	O
expand	O	O
company	O	O
a	O	O
lively	B	B
and	O	O
buzz	O	O
work	O	O
environment	O	O
if	O	O
you	O	O
have	O	O
the	O	O
experience,	O	O

and	O	O
cooperation	O	O
with	O	O
the	O	O
team	O	O
selfmotivated,	O	O
self	O	O
disciplined	O	B
and	B	B
have	O	O
the	O	O
ability	O	O
to	O	O

this	O	O
be	O	O
a	O	O
highly	O	O
independent	B	B
role,	O	O
so	O	O
the	O	O
successful	O	O
candidate	O	O
will	O	O
need	O	O
to	O	O
evidence	O	O

we	O	O
be	O	O
look	O	O
for	O	O
enthusiastic	B	B
candidate	O	O
want	O	O
to	O	O
start	O	O
or	O	O

a	O	O
fundamental	O	O
role	O	O
in	O	O
develop	O	O
and	O	O
maintain	O	O
large	O	O
chain	O	O
and	O	O
independent	B	B
account	O	O

time,	O	O
you	O	O
will	O	O
have	O	O
empathy	O	O
and	O	O
cultural	O	O
sensitivity	B	B
with	I	I
the	O	O
ability	O	O
to	O	O
influence	O	O

this	O	O
passionate	O	O
restaurant	O	O
company	O	O
be	O	O
one	O	O
of	O	O
the	O	O
most	O	O
dynamic	B	B
and	O	O
excite	O	O
group	O	O
in	O	O
the	O	O
uk	O	O

commercial	O	O
broker	O	O
to	O	O
birmingham	O	O
an	O	O
independent	B	B
insurance	O	O
broker	O	O
base	O	O
in	O	O
birmingham,	O	O
be	O	O
look	O	O
for	O	O
a	O	O

high	O	O
quality	O	O
communication	O	O
skill	O	O
include	O	O
negotiation	O	B
and	O	I
diplomacy	B	B
skills	I	I

fantastic	O	O
home	O	O
manager	O	O
opportunity	O	O
a	O	O
lead	O	O
independent	B	B
health	O	O
care	O	O
provider	O	O
have	O	O
a	O	O
fantastic	O	O
opportunity	O	O
for	O	O
a	O	O
nurse	O	O

require	O	O
to	O	O
join	O	O
a	O	O
small,	O	O
flexible	O	O
team	O	O
working	B	B
a	I	I
normal	O	O
2	O	O
shift	O	O
pattern	O	O
to	O	O

the	O	O
school	O	O
be	O	O
seek	O	O
a	O	O
dynamic	B	B
and	O	O
enthusiastic	O	O
nursery	O	O
nurse,	O	O
who	O	O
have	O	O
excellent	O	O
communication	O	O
skill	O	O

with	O	O
new	O	O
vehicle,	O	O
mobile	O	O
phone	O	O
and	O	O
gps,	O	O
easy	O	O
going	O	O
paperwork	B	B

confident	O	O
in	O	O
your	O	O
own	O	O
ability,	O	O
passionate,	O	O
creative	O	O
and	O	O
lively	O	O
then	O	O
this	B	B
fantastic	O	O
school	O	O
definitely	O	O
want	O	O
you	O	O

highly	O	O
beneficial	O	O
the	O	O
company	O	O
provide	O	O
an	O	O
excellent,	O	O
friendly	O	O
and	O	O
dynamic	O	O
team	B	B
environment	O	O
strive	O	O
for	O	O
success	O	O
and	O	O
excellence	O	O
through	O	O
customer	O	O
satisfaction	O	O

unique	O	O
opportunity	O	O
of	O	O
be	O	O
part	O	O
of	O	O
a	O	O
fast	O	O
grow	O	O
and	O	O
dynamic	B	B
consultancyelizabeth	O	O
hunt	O	O
recruitment	O	O
be	O	O
act	O	O
a	O	O
an	O	O
employment	O	O
agency	O	O
in	O	O

attention	O	O
to	O	O
detail	O	O
flexible	O	O
and	O	O
approachable	O	O
teamworker	B	B
basic	O	O
understand	O	O
of	O	O
microsoft	O	O

who	O	O
have	O	O
excellent	O	O
attention	O	O
to	O	O
detail,	O	O
good	O	O
coordinating	O	O
skills,	B	B
good	I	I
excel	O	O
skill	O	O

a	O	O
customer	O	O
service	O	O
background,	O	O
good	O	O
communication	O	O
and	O	O
listening	O	O
skills	B	B
hold	I	I
a	O	O
full	O	O
eu	O	O

the	O	O
ability	B	B
to	I	I
collate	I	O
and	I	I
report	I	I
stats	O	O
and	O	O
figure	O	O
will	O	O

they	O	O
be	O	O
look	O	O
to	O	O
hire	O	O
a	O	O
dynamic	B	B
and	O	O
drive	O	O
candidate	O	O
with	O	O
12	O	O
month	O	O
experience	O	O
at	O	O
business	O	O
development	O	O

look	O	O
for	O	O
an	O	O
account	O	O
executive	O	O
to	O	O
join	O	O
their	O	O
enthusiastic	O	O
and	O	O
dynamic	B	B
team	O	O

good	O	O
communication	O	B
skills	B	I
are	I	O
essential	I	O
to	I	I
communicate	I	I
your	O	O
own	O	O
idea	O	O
and	O	O

for	O	O
an	O	O
experience	O	O
staff	O	O
nurse	O	O
to	O	O
work	O	O
for	O	O
a	O	O
private	O	O
independent	B	B
hospital	O	O
in	O	O
london	O	O

work	O	O
in	O	O
an	O	O
independent	B	B
pharmacy	O	O
be	O	O
very	O	O
different	O	O
to	O	O
work	O	O
for	O	O
large	O	O
chain	O	O

bar	O	O
manager	O	O
we	O	O
be	O	O
look	O	O
to	O	O
recruit	O	O
a	O	O
dynamic	B	B
bar	O	O
manager	O	O
for	O	O
a	O	O
busy	O	O
bar	O	O
in	O	O
the	O	O
oxford	O	O
area	O	O

excellent	O	O
presentation	B	O
and	I	O
influencing	I	B
skills	I	I
at	O	O
all	O	O
level	O	O
of	O	O
the	O	O

a	O	O
part	O	O
of	O	O
a	O	O
wider	O	O
project	O	O
some	O	O
understanding	B	B
of	O	O
how	O	O
appraisal	O	O
and	O	O
business	O	O

selfmotivator	O	O
who	O	O
be	O	O
capable	O	O
of	O	O
operate	O	O
effectively	O	O
in	O	O
a	O	O
selfdirected	O	O
independent	B	B
manner	O	O
and	O	O
who	O	O
be	O	O
flexible	O	O
and	O	O
adaptable	O	O

you	O	O
will	O	O
have	O	O
a	O	O
passion	B	B
for	O	O
solve	O	O
complex	O	O
and	O	O
interest	O	O

longterm	O	O
relationship	O	O
with	O	O
client	O	O
coach	O	O
and	O	O
mentoring	B	B
skills	I	I
in	O	O
the	O	O
area	O	O
of	O	O

team	O	O
player	O	O
with	O	O
strong	O	O
judgement	O	O
and	O	O
decision	B	B
making	I	I
abilities	I	I

the	O	O
key	O	O
responsibility	O	O
include	O	O
to	O	O
run	B	B
the	I	I
metrology	I	O
department	I	I
cover	O	O
first	O	O
article	O	O
inspection	O	O

and	O	O
professionalism	O	O
energy,	O	O
drive	O	O
and	O	O
focus	O	O
results	O	O
oriented	B	B
with	I	I
customer	O	O
focus	O	O
tenacity,	O	O
resilience	O	O

good	O	O
analytical,	O	O
conceptual	O	O
and	B	B
strategic	I	O
thinking	I	I

look	O	O
for	O	O
creative	O	O
and	O	O
inspire	O	O
leadership	O	O
attention	B	B
to	I	I
the	I	I
smallest	I	I
details	I	I
a	O	O
passion	O	O
for	O	O
guest	O	O

they	O	O
be	O	O
a	O	O
rapidly	O	O
expand	O	O
and	O	O
dynamic	B	B
organisation	O	O
with	O	O
an	O	O
already	O	O
impressive	O	O
portfolio	O	O
of	O	O
work,	O	O
provide	O	O

you	O	O
prefer	O	O
to	O	O
work	O	O
for	O	O
an	O	O
independent	B	B
business	O	O
with	O	O
an	O	O
excellent	O	O

the	O	O
follow	O	O
skill	O	O
and	O	O
experience	O	O
strong	O	O
it,	O	O
coordination	O	O
and	B	B
organisational	I	I
skills	I	I
ability	I	I
to	O	O
prioritise	O	O
time	O	O
critical	O	O

prove	O	O
track	O	O
record	O	O
of	O	O
drive	O	O
business	O	O
growth	O	O
skilled	B	B
negotiator	I	I
resilient	O	O
team	O	O
player,	O	O
able	O	O

car	O	O
laptop	O	O
mobile	O	O
company	O	O
a	O	O
well	O	O
establish	O	O
and	O	O
highly	O	O
successful	O	O
independent	B	B
recruitment	O	O
business	O	O
that	O	O
offer	O	O
manage	O	O
service	O	O
solution	O	O
within	O	O
the	O	O
transport	O	O

k	O	O
north	O	O
london	O	O
middlesex	O	O
pulse	O	O
be	O	O
work	O	O
with	O	O
a	O	O
charityrun	O	O
independent	B	B
50bedded	O	O
residential	O	O
care	O	O
home	O	O
to	O	O
find	O	O
an	O	O
experience	O	O
care	O	O
home	O	O

s	O	O
lead	O	O
bus	O	O
advertise	O	O
provider,	O	O
our	O	O
client	O	O
be	O	O
an	O	O
independent	O	O
business	B	B
with	O	O
a	O	O
wellestablished	O	O
customer	O	O
base	O	O
and	O	O
a	O	O
dedicate	O	O
team	O	O

nvq	O	O
level	O	O
3	O	O
in	O	O
health	O	O
a	O	O
medium	O	O
size,	O	O
establish	O	O
independent	O	O
provider	B	B
of	O	O
quality	O	O
home	O	O
care	O	O
and	O	O
support	O	O
service	O	O
support	O	O

e	O	O
product	O	O
into	O	O
target	O	O
independent	B	B
retail	O	O
account	O	O
increase	O	O
our	O	O
profile	O	O
and	O	O
maximise	O	O
all	O	O
profit	O	O
opportunity	O	O

the	O	O
offer	O	O
a	O	O
dynamic	B	B
and	O	O
progressive	O	O
work	O	O
environment,	O	O
a	O	O
very	O	O
generous	O	O
benefit	O	O
package	O	O

you	O	O
must	O	O
be	O	O
dynamic	B	B
and	O	O
pro	O	O
active	O	B
with	O	O
a	O	O
capacity	O	O
for	O	O
organisation	O	O
and	O	O
leadership	O	O

this	O	O
market	O	O
space,	O	O
our	O	O
client	O	O
be	O	O
an	O	O
ethical	O	O
and	O	O
dynamic	O	O
organisation	B	B
absolutely	O	O
commit	O	O
to	O	O
the	O	O
advancement	O	O
of	O	O
innovative	O	O
technology	O	O

and	O	O
pro	O	O
active	O	O
with	O	O
a	O	O
sense	O	O
of	O	O
humor	B	B
lt	O	O
br	O	O
gt	O	O
lt	O	O
br	O	O

data	O	O
ability	O	O
to	O	O
appraise	O	O
situation	O	O
and	O	O
make	B	B
decisions	I	I
accordingly	O	O

large	O	O
team	O	O
and	O	O
high	O	O
volume	O	O
confident,	O	O
professional	O	O
and	B	B
welcoming	I	I
personality	I	I
self	I	I
motivate	O	O
and	O	O
drive	O	O

care	O	O
home,	O	O
staffordshire,	O	O
west	O	O
midland,	O	O
adult,	O	O
independent	O	O
live,	O	O
learn	O	O
and	O	O
physical	B	B
disability	O	O

net	O	O
developer	O	O
at	O	O
this	O	O
dynamic	B	B
digital	O	O
agency	O	O
partner	O	O

to	O	O
ensure	O	O
satisfy	O	O
customer	O	O
through	O	O
polite,	O	O
hospitable	O	O
and	B	B
co	O	O
operative	O	O
interaction	O	O

of	O	O
consistently	O	O
achieve	O	O
performance	O	O
target	O	O
x	O	O
strong	O	O
customer	B	B
relationship	I	I
development	I	I
skills	I	I
x	O	O
an	O	O
ability	O	O
to	O	O

experience	O	O
excellent	O	O
bonus	O	O
free	O	O
onsite	O	O
park	O	O
due	O	O
to	O	O
expansion	O	O
this	O	O
independent	B	B
industrial	O	O
recruitment	O	O
agency	O	O
need	O	O
an	O	O
additional	O	O
experience	O	O
consultant	O	O
to	O	O
join	O	O

client	O	O
be	O	O
look	O	O
for	O	O
a	O	O
candidate	O	O
who	O	O
thrive	O	O
within	O	O
a	O	O
dynamic	B	B
environment	O	O
but	O	O
who	O	O
can	O	O
pay	O	O
close	O	O
attention	O	O
to	O	O
detail	O	O
and	O	O

this	O	O
role	O	O
will	O	O
be	O	O
work	O	O
within	O	O
a	O	O
small	O	O
team	B	B
working	I	I
on	O	O
the	O	O
model	O	O
of	O	O
water	O	O
industry	O	O
asset	O	O
deterioration	O	O
and	O	O

the	O	O
agency	O	O
this	O	O
lead	O	O
uk	O	O
independent	B	B
market	O	O
have	O	O
be	O	O
place	O	O
in	O	O
the	O	O
sunday	O	O
time	O	O
best	O	O

term	O	O
position	O	O
in	O	O
a	O	O
very	O	O
forward	O	O
think,	O	O
mature	O	O
yet	O	O
lively	O	O
office	B	B

excellent	O	O
customer	O	O
service	O	O
skill	O	O
together	O	O
with	O	O
sound	O	O
administrative	B	B
process	I	I
skills	I	I

experience	O	O
of	O	O
prioritise	O	O
personal	O	O
workload	O	O
and	O	O
meeting	B	B
deadlines	I	I
experience	O	O
of	O	O
work	O	O
with	O	O

to	O	O
date	O	O
on	O	O
the	O	O
latest	O	O
technology	O	O
include	O	O
selflearning	B	B
and	O	O
active	O	O
participation	O	O
in	O	O

a	O	O
multisite	O	O
wholesale	O	O
business	B	O
and	I	O
market	I	O
leader	I	B
in	O	O
their	O	O
choose	O	O
field	O	O
be	O	O

you	O	O
be	O	O
look	O	O
to	O	O
progress	O	O
your	O	O
administration	O	O
career	O	O
in	O	O
a	O	O
dynamic	B	B
environment	O	O
then	O	O
apply	O	O
now	O	O

have	O	O
corporate	O	O
experience	O	O
at	O	O
supervisory	O	O
level	O	O
be	B	B
innovative	I	I
and	I	I
creative	I	I
have	O	O
a	O	O
can	O	O
do	O	O
attitude	O	O

this	O	O
role,	O	O
we	O	O
re	O	O
look	O	O
for	O	O
good	O	O
general	O	O
practical	O	O
understanding	O	B
of	B	B
quality	O	O
assurance,	O	O
ideally	O	O
within	O	O

player	O	O
with	O	O
a	O	O
strong	O	O
customer	O	O
and	O	O
client	B	B
orientation	I	I
and	O	O
the	O	O
ability	O	O
to	O	O

we	O	O
be	O	O
currently	O	O
recruit	O	O
for	O	O
an	O	O
experience	O	O
and	O	O
dynamic	B	B
home	O	O
manager	O	O
rgn	O	O
for	O	O
a	O	O
38	O	O
bed	O	O
general	O	O

problem	O	O
or	O	O
complaint	O	O
in	O	O
a	O	O
professional	O	O
and	O	O
hospitable	B	B
manner	O	I
ensure	O	O
they	O	O
be	O	O
resolve	O	O
and	O	O

in	O	O
a	O	O
stun	O	O
hotel	O	O
kitchen	O	O
learn	O	O
from	O	O
a	O	O
relax	O	O
but	O	O
dynamic	B	B
team	O	O
of	O	O
passionate	O	O
chef	O	O

communication	O	O
skill	O	O
adaptable	O	O
and	O	O
forwardthinking	O	O
prepare	O	O
to	O	O
work	B	B
irregular	I	I
hours	I	I
to	O	O
meet	O	O
project	O	O
deadline	O	O

qualify	O	O
accountancy	O	O
qualification	O	O
excellent	O	O
communication	O	O
and	O	O
team	B	B
working	I	I
skill	O	O
it	O	O
will	O	O
be	O	O
desirable	O	O

strong	O	O
people	B	B
skills	I	I
a	O	O
man	O	O
management	O	O
be	O	O
an	O	O

,	O	O
and	O	O
have	O	O
experience	O	O
year	O	O
on	O	O
year	O	O
growth	O	O
highly	O	O
regard	O	O
independent	B	B
organisation	O	O
specialise	O	O
across	O	O
generalist	O	O
volume	O	O
recruitment	O	O
within	O	O
warehouse	O	O
distribution	O	O
encourage	O	O

person	O	O
we	O	O
be	O	O
look	O	O
for	O	O
be	O	O
hungry,	O	O
polish,	O	O
dynamic	O	O
with	O	O
a	B	B
very	O	O
strong	O	O
but	O	O
endear	O	O
personality	O	O
with	O	O
the	O	O
ability	O	O

s	O	O
view	O	O
of	O	O
the	O	O
agency	O	O
a	O	O
a	O	O
trusted	B	B
partner	O	O

and	O	O
management	O	O
account	O	O
job	O	O
have	O	O
arise	O	O
at	O	O
a	O	O
grow	O	O
and	O	O
dynamic	B	B
international	O	O
professional	O	O
service	O	O
firm	O	O

albior	O	O
financial	O	O
recruitment	O	O
job	O	O
description	O	O
albior	O	O
be	O	O
work	O	O
with	O	O
dynamic	B	B
and	O	O
expand	O	O
manufacturer,	O	O
who	O	O
be	O	O
look	O	O
for	O	O
a	O	O
management	O	O

bonus	O	O
you	O	O
will	O	O
have	O	O
excellent	O	O
relationship	O	O
development	B	B
skills	I	I
the	O	O
package	O	O
basic	O	O

write	O	O
and	O	O
verbal	O	O
communication	O	O
open	O	O
and	O	O
friendly	B	B
personality	I	I
prove	O	O
client	O	O
face	O	O
experience	O	O
this	O	O

experience	O	O
and	O	O
be	O	O
comfortable	O	O
in	O	O
lead	O	O
and	O	O
motivating	B	B
a	O	O
team	O	O
of	O	O
care	O	O

positive	O	O
outlook	O	O
and	O	O
attitude	O	O
of	O	O
share	O	O
and	O	O
willingness	B	B
to	I	I
learn	I	I
be	O	O
key	O	O

development	O	O
and	O	O
account	O	O
management	O	O
role	O	O
and	O	O
have	O	O
personal	B	B
account	I	I
management	I	I
responsibility	O	O
for	O	O
a	O	O
number	O	O
of	O	O

company	O	O
overview	O	O
amsphere	O	O
be	O	O
an	O	O
independent	B	B
project	O	O
delivery	O	O
assurance	O	O
and	O	O
software	O	O
test	O	O
company	O	O
base	O	O
in	O	O
the	O	O

and	O	O
cost	O	O
conscious	O	O
approach	O	O
mature	O	O
independent	O	I
personality	O	I
self	B	B
organized	I	I
and	O	O
priority	O	O
focus	O	O

and	O	O
challenge	O	O
opportunity	O	O
to	O	O
use	O	O
your	O	O
strong	O	O
analytical	B	B
thinking	I	I
skills	I	I
and	O	O
deep	O	O
understand	O	O
of	O	O
retail	O	O

it	O	O
be	O	O
essential	O	O
the	O	O
candidate	O	O
be	O	O
an	O	O
independent	B	B
nurse	O	O
prescriber	O	O
with	O	O
teach	O	O
mentor	O	O
experience	O	O
and	O	O
or	O	O
qualification	O	O

candidate	O	O
must	O	O
be	O	O
dynamic	B	B
and	O	O
enthusiastic	O	O
with	O	O
good	O	O
interpersonal	O	O
and	O	O
business	O	O
development	O	O
skill,	O	O

fully	O	O
qualify	O	O
accountant	O	O
acca	O	O
highly	O	O
organise	O	O
and	O	O
efficient	B	B
it	O	O
literate	O	O
ability	O	O
to	O	O
thrive	O	O

business	O	O
development	O	O
and	O	O
excellent	O	O
write	O	O
and	O	O
presentation	B	B
skill	O	O

offer	O	O
the	O	O
opportunity	O	O
to	O	O
work	O	O
in	O	O
a	O	O
fast	O	O
pace,	O	O
dynamic	O	O
environment	B	B
where	O	O
the	O	O
focus	O	O
be	O	O
on	O	O
quality	O	O
of	O	O
service	O	O
and	O	O

foundation	O	O
level	O	O
iseb	O	O
certification	O	O
experience	O	O
of	O	O
vhdl	O	O
proficiency	O	O
in	O	O
a	O	O
dynamic	B	B
program	O	O
language	O	O
such	O	O
a	O	O
python	O	O
work	O	O
knowledge	O	O
of	O	O
test	O	O
automation	O	O

essential	O	O
persuasive,	O	O
encourage	O	O
and	O	O
diplomatic	O	O
with	O	B
the	O	O
ability	O	O
to	B	O
elicit	I	O
cooperation	I	O
from	I	O
a	O	O
wide	O	O
variety	O	O

survey	O	O
and	O	O
associate	O	O
contractual	O	O
obligation	O	O
essential	O	O
skill	O	O
ability	B	B
to	I	I
read	I	I
and	I	I
interpret	I	I
engineer	O	O
draw	O	O
and	O	O
detail	O	O

will	O	O
be	O	O
enthusiastic	O	O
excellent	O	O
communicator	O	O
be	O	O
very	O	I
driven	B	I
have	O	O
attention	O	O
to	O	O
detail	O	O

will	O	O
be	O	O
a	O	O
good	O	O
communicator,	O	O
able	O	O
to	O	O
take	O	O
own	B	B
initiative	I	I
and	I	I
work	O	O
with	O	O
minimal	O	O

forecast	O	O
budget	O	O
experience	O	O
essential	O	O
project	O	O
account	O	O
background	O	O
preferable	O	O
strong	O	O
team	B	B
working	I	I
ability	O	O
relationship	O	O
management	O	O
skill	O	O
excellent	O	O
system	O	O
experience	O	O

own	O	O
vehicle	O	O
successful	O	O
candidate	O	O
will	O	O
be	O	O
self	B	B
directed	I	I
and	O	O
motivate	O	O
hold	O	O
excellent	O	O

a	O	O
category	O	O
market	O	O
assistant	O	O
to	O	O
join	O	O
a	O	O
fast	O	O
pace,	O	O
dynamic	O	O
business	B	B

fellow	O	O
of	O	O
the	O	O
institue	O	O
of	O	O
biomedical	O	O
science	O	O
managerial	B	B
skills	I	I
good	O	O
communication	O	O
skill	O	O
please	O	O

position,	O	O
and	O	O
you	O	O
should	O	O
have	O	O
a	O	O
good	O	O
understanding	O	O
of	B	B
datawarehouse	O	O
architecture	O	O

correct	O	O
customer	O	O
information	O	O
on	O	O
the	O	O
system	O	O
make	O	O
courtesy	B	O
call	O	O
to	O	O
gain	O	O
feedback	O	O
on	O	O

build	O	O
good,	O	O
strong	O	O
client	O	O
and	B	O
peer	I	O
relationships	I	B
through	I	I
delivery	O	O
of	O	O
service	O	O
excellence	O	O

self	O	O
confidence	O	O
in	O	O
team	O	O
leadership	O	O
presentation	O	O
of	O	O
public	B	B
speaking	I	I
through	O	O
team	O	O
meet	O	O
conference	O	O

role	O	O
in	O	O
channel	O	O
the	O	O
skill	O	O
and	O	O
enthusiasm	B	B
of	O	O
hardworking	O	B
staff	O	O
so	O	O

our	O	O
client	O	O
be	O	O
a	O	O
lead	O	O
uk	O	O
provider	O	O
of	O	O
independent	B	B
healthcare,	O	O
with	O	O
hospital	O	O
in	O	O
england,	O	O
scotland	O	O
and	O	O
wale	O	O

good	O	O
communication	O	O
skill	O	O
require	O	O
high	O	O
level	B	O
of	I	O
self	I	B
motivation	I	I
and	O	O
extreme	O	O
drive	O	O
to	O	O

occupational	O	O
therapist	O	O
be	O	O
require	O	O
to	O	O
work	O	O
in	O	O
a	O	O
progressive,	O	O
dynamic	O	O
company	B	B
who	O	O
provide	O	O
ongoing	O	O
residential	O	O
and	O	O
nurse	O	O
care	O	O
for	O	O
service	O	O

job	O	O
description	O	O
inspired	B	B
selection	O	O
optical	O	O
receptionist	O	O
south	O	O
west	O	O

effective	O	O
organisational	O	O
and	O	O
team	B	B
building	I	I
skills	I	I

detail	O	O
and	O	O
ability	O	O
to	O	O
multitask	O	O
self	O	B
starter	O	I
with	O	O
propensity	O	O
for	O	O
independent	B	B
think	O	O

consider	O	O
but	O	O
travel	O	O
be	O	O
an	O	O
advantage	O	O
ability	B	B
to	I	I
motivate	I	I
team	O	O
member	O	O
and	O	O
create	O	O

effectively	O	O
and	O	O
enthusiastically	O	O
be	O	O
highly	O	O
organise	O	O
with	O	O
personal	B	B
and	I	I
professional	I	B
integrity	I	I
and	O	O
discipline	O	O

duty	O	O
deliver	O	O
sap	O	O
and	O	O
sbem	O	O
assessment	O	O
use	O	O
dynamic	B	B
thermal	O	O
model	O	O
tool	O	O
assist	O	O
with	O	O
the	O	O
delivery	O	O
of	O	O
breeam	O	O
assessment	O	O

company	O	O
prospect	O	O
health	O	O
be	O	O
recruit	O	O
on	O	O
behalf	O	O
of	O	O
an	O	O
independent	B	B
care	O	O
home	O	O
that	O	O
provide	O	O
quality	O	O
care	O	O
to	O	O
adult	O	O
with	O	O
mental	O	O

experience	O	O
of	O	O
work	O	O
for	O	O
an	O	O
independent	B	B
organisation	O	O
whose	O	O
work	O	O
bring	O	O
it	O	O
into	O	O
regular	O	O
contact	O	O
with	O	O
central	O	O

my	O	O
client	O	O
be	O	O
a	O	O
successful	O	O
and	O	O
grow	O	O
independent	B	B
estate	O	O
agency,	O	O
they	O	O
specialise	O	O
in	O	O
the	O	O
rental	O	O
maket	O	O
and	O	O

nature	O	O
this	O	O
role	O	O
call	O	O
for	O	O
an	O	O
open	B	B
minded	I	I
commercial	O	O
approach	O	O
when	O	O
deal	O	O

career	O	O
progression	O	O
be	O	O
promise	O	O
to	O	O
be	O	O
aggressive	B	B
if	O	O
the	O	O
successful	O	O
candidate	O	O
have	O	O

quality	O	O
engineer	O	O
our	O	O
prestigious	O	O
client,	O	O
one	O	O
of	O	O
the	O	O
largest	O	O
independent	O	O
automotive	B	B
pert	O	O
supplier	O	O
in	O	O
europe,	O	O
be	O	O
look	O	O
to	O	O
recruit	O	O

the	O	O
ideal	O	O
candidate	O	O
will	O	O
be	O	O
someone	O	O
who	O	O
thrive	O	O
within	O	O
a	O	O
dynamic	B	B
environment	O	O
but	O	O
who	O	O
can	O	O
pay	O	O
close	O	O
attention	O	O
to	O	O
detail	O	O
and	O	O

of	O	O
the	O	O
follow	O	O
skill	O	O
will	O	O
be	O	O
a	O	O
nice	B	B
to	O	O
have	O	O
for	O	O
this	O	O
microsoft	O	O

candidate	O	O
will	O	O
be	O	O
motivate	O	O
by	O	O
target	O	O
and	O	O
sales	B	B
driven	I	I
a	O	O
recent	O	O
graduate	O	O
or	O	O
of	O	O

manage	O	O
and	O	O
grow	O	O
a	O	O
network	O	O
of	O	O
retail	O	O
account,	O	O
both	O	O
independent	O	O
and	B	B
multiple,	O	O
deal	O	O
with	O	O
shop	O	O
owner	O	O
and	O	O
manager	O	O

prove	O	O
team	B	B
working	I	I
and	O	O
team	O	O
lead	O	O
skill	O	O

have	O	O
most	O	O
of	O	O
the	O	O
follow	O	O
skill	O	O
excellent	O	O
object	B	B
oriented	I	I
programming	I	I
skills	I	I
strong	O	O
knowledge	O	O
of	O	O
javascript	O	O
web	O	O

clinical	O	O
trial	O	O
legislation	O	O
and	O	O
regulation	O	O
excellent	O	O
judgment	B	B
and	I	I
decisionmaking	I	I
skills	I	I

someone	O	O
with	O	O
strong	O	O
leadership	O	O
skill,	O	O
a	O	O
prove	O	O
ability	O	O
to	B	B
manage	I	I
from	I	I
a	O	O
far	O	O
and	O	O
a	O	O

ass	O	O
the	O	O
learner	O	O
`	O	O
s	O	O
technical	O	O
competence	B	B
and	I	I
skills	I	I
in	I	I
the	O	O
training	O	O
centre	O	O
and	O	O

experience	O	O
excel	O	O
access	O	O
vba	O	O
analyst	O	O
with	O	O
solid	O	O
communication	O	O
and	O	O
team	B	B
working	I	I
skill	O	O

ability	O	O
to	O	O
work	O	O
successfully	O	O
in	O	O
a	O	O
fast	O	O
pace,	O	O
highly	O	O
dynamic	O	O
and	B	B
constantly	O	O
demand	O	O
environment	O	O
be	O	O
competent	O	O
in	O	O
the	O	O
use	O	O
of	O	O

internally	O	O
and	O	O
externally	O	O
strong	O	O
plan	O	O
and	O	O
timemanagement	B	B
skills	I	I
previous	O	O
experience	O	O
in	O	O
a	O	O
relate	O	O

value	O	O
project	O	O
highly	O	O
self	O	O
motivate	O	O
strong	O	O
initiative	B	B
and	I	I
creative	I	I
thinking	I	I
ability	O	O
to	O	O
work	O	O
individually	O	O
and	O	O

strong	O	O
conceptual	B	B
skills	I	I
and	O	O
visionary	O	O
think,	O	O
with	O	O
the	O	O

have	O	O
to	O	O
love	O	O
everything	O	O
about	O	O
food	O	O
it	O	O
versatility	B	B
texture	O	O
and	O	O
colour,	O	O
and	O	O
most	O	O

responsible	B	B
for	O	O
the	O	O
delivery	O	O
element	O	O
of	O	O

career	O	O
and	O	O
earn	O	O
good	O	O
money	O	O
the	O	O
ability	B	B
to	I	I
persuade	I	I
and	O	O
influence	O	O
people	O	O
strong	O	O
commercial	O	O

west	O	O
london	O	O
curtis	O	O
mayfair	O	O
be	O	O
search	O	O
for	O	O
a	O	O
talented,	O	O
dynamic	O	O
and	B	B
forward	O	O
think	O	O
letting	O	O
manager	O	O
to	O	O
lead	O	O
a	O	O
thrive	O	O
team	O	O

role	O	O
a	O	O
commercial	O	O
industrial	O	O
consultant	O	O
be	O	O
need	O	O
to	O	O
facilitate	O	O
their	O	O
aggressive	B	B
expansion	O	O
plan	O	O
for	O	O
2011	O	O

think,	O	O
can	O	O
apply	O	O
the	O	O
right	O	O
mix	O	O
of	O	O
innovation	O	O
and	B	B
consultancy	I	I
skills	I	I
with	I	I
a	O	O
traditional	O	O
audit	O	O
approach	O	O

experience	O	O
good	O	O
interpersonal	O	O
skill	O	O
experience	O	O
of	O	O
team	B	B
leadership	I	I
service	I	I
oriented	I	I
customer	O	O
face	O	O
skill	O	O
strong	O	O
system	O	O

engineer	O	O
be	O	O
require	O	O
to	O	O
join	O	O
their	O	O
product	O	O
design	O	O
and	O	O
development	O	O
team	B	B
working	I	I
on	O	O
telecommunication	O	O
product	O	O
for	O	O
the	O	O
oil	O	O
gas	O	O
and	O	O
harsh	O	O

they	O	O
will	O	O
be	O	O
work	O	O
alongside	O	O
a	O	O
strong	O	O
development	O	O
and	O	O
ux	O	O
team	B	B
working	I	I
on	O	O
multiplatform	O	O
device	O	O

value	O	O
add	O	O
service	O	O
that	O	O
will	O	O
drive	O	O
loyalty	B	B
and	O	O
further	O	O
revenue	O	O
stream	O	O
to	O	O

your	O	O
idea	O	O
into	O	O
this	O	O
business	O	O
create	O	O
key	O	O
feature	O	O
and	O	O
produce	O	O
dynamic	B	B
and	O	O
interactive	O	O
design	O	O
this	O	O
be	O	O
an	O	O
opportunity	O	O
not	O	O
to	O	O
be	O	O

must	O	O
also	O	O
be	O	O
able	O	O
to	O	O
demonstrate	O	O
exceptional	O	O
team	B	B
work	I	I
skills	I	I

admin	O	O
etc	O	O
you	O	O
will	O	O
become	O	O
part	O	O
of	O	O
an	O	O
energetic	O	O
and	O	O
dynamic	B	B
company,	O	O
determine	O	O
to	O	O
further	O	O
develop	O	O
and	O	O
grow	O	O
their	O	O
office	O	O

business	O	O
support	O	O
be	O	O
one	O	O
of	O	O
the	O	O
uk	O	O
lead	O	O
and	O	O
largest	O	O
independent	B	B
recruitment	O	O
consultancy	O	O

d	O	O
excellent	O	O
sale,	O	O
negotiation	O	O
and	B	B
presentation	I	O
skills	I	I

and	O	O
strategically	O	O
a	O	O
curious	O	O
and	O	O
question	O	O
approach	O	O
commitment	O	O
to	O	O
effective	O	O
team	B	B
working	I	I
and	O	O
successful	O	O
cross	O	O
department	O	O
work	O	O
excellent	O	O
verbal	O	O
and	O	O
write	O	O

opportunity	O	O
have	O	O
arise	O	O
for	O	O
a	O	O
sale	O	O
executive	O	O
to	O	O
join	O	O
a	O	O
dynamic	B	B
and	O	O
creative	O	O
organisation	O	O
locate	O	O
in	O	O
newton	O	O
abbot	O	O

you	O	O
will	O	O
be	O	O
a	O	O
skilled	B	B
negotiator	I	I
who	O	O
be	O	O
targetdriven	O	O
and	O	O
pump	O	O

good	O	O
organisational	O	O
skill	O	O
work	O	O
in	O	O
a	O	O
systematic	B	B
and	I	I
organised	I	I
manner	I	I
include	O	O
prioritise	O	O
and	O	O
work	O	O
to	O	O

persuasive	O	O
and	O	O
tactful	B	B
confident,	O	O
approachable	O	O
and	O	O
able	O	O

westminster	O	O
homecare	O	O
be	O	O
commit	O	O
to	O	O
help	O	O
our	O	O
client	O	O
remain	O	O
independent	B	B
in	O	O
their	O	O
own	O	O
home	O	O
by	O	O
support	O	O
them	O	O
with	O	O
various	O	O
daily	O	O

the	O	O
tool	O	O
provide	O	O
participate	O	O
in	O	O
project	O	O
utilise	O	O
analysis	B	B
skills	I	I
test	O	O
and	O	O
procedure	O	O
definition	O	O
define	O	O

onsite	O	O
logistics	O	O
consultant	O	O
first	O	O
personnel	O	O
service	O	O
be	O	O
a	O	O
dynamic	B	B
recruitment	O	O
agency	O	O
that	O	O
have	O	O
be	O	O
trade	O	O
for	O	O
over	O	O
30	O	O
year	O	O

house	O	O
have	O	O
self	O	O
contain	O	O
flat	O	O
where	O	O
people	O	O
can	O	O
learn	O	O
independent	B	B
live	O	O
skill	O	O

they	O	O
be	O	O
a	O	O
young	O	O
dynamic	B	B
company	O	O
and	O	O
be	O	O
fast	O	O
grow	O	O
to	O	O
be	O	O
a	O	O
leader	O	O
in	O	O

assistance	O	O
with	O	O
any	O	O
other	O	O
job	O	O
that	O	O
will	O	O
help	O	O
me	O	O
remain	O	O
independent	B	B
e	O	O

you	O	O
ll	O	O
be	O	O
able	B	B
to	I	I
communicate	I	I
back	O	O
on	O	O
product	O	O
progression	O	O

be	O	O
able	O	O
to	O	O
demonstrate	O	O
a	O	O
flexible	O	O
and	O	O
creative	B	B
approach	I	O
prove	O	O
experience,	O	O
relevant	O	O
to	O	O
the	O	O

the	O	O
division,	O	O
we	O	O
need	O	O
enthusiastic	O	O
talent	O	O
to	O	O
join	O	O
our	O	O
dynamic	O	O
team	B	B

good	O	O
experience	O	O
of	O	O
xml	O	O
and	O	O
xslt	O	O
excellent	O	O
interpersonal	B	B
skills	I	I
and	O	O
experience	O	O
work	O	O
in	O	O
a	O	O

you	O	O
will	O	O
be	O	O
part	O	O
of	O	O
an	O	O
ever	O	O
grow	O	O
team	B	B
working	I	I
to	O	O
develop	O	O
their	O	O
new	O	O
software	O	O
product	O	O
design	O	O
for	O	O
company	O	O

cs	O	O
skill	O	O
be	O	O
need	O	O
to	O	O
join	O	O
a	O	O
well	O	O
respect	O	O
and	O	O
dynamic	B	B
company	O	O
with	O	O
an	O	O
award	O	O
win	O	O
atmosphere	O	O

manager	O	O
you	O	O
will	O	O
be	O	O
involve	O	O
with	O	O
the	O	O
project	B	B
management	I	I
of	O	O
ta	O	O
range	O	O
of	O	O
digital	O	O

this	O	O
be	O	O
a	O	O
fast	O	O
pace,	O	O
dynamic	O	O
culture	B	B
where	O	O
hard	O	O
work	O	O
will	O	O
be	O	O
reward	O	O
and	O	O
a	O	O
sunny	O	O

ongoing	O	O
support	O	O
and	O	O
career	O	O
development	O	O
close	O	O
team	B	B
interaction	I	I
and	O	O
lot	O	O
of	O	O
fun	O	O

the	O	O
person	O	O
this	O	O
be	O	O
a	O	O
job	O	O
for	O	O
a	O	O
dynamic	B	B
senior	O	O
leader	O	O
who	O	O
think	O	O
strategically	O	O
and	O	O
inspire	O	O
others	O	O
to	O	O
achieve	O	O

this	O	O
role	O	O
be	O	O
a	O	O
largely	O	O
independent	B	B
role	O	O
require	O	O
a	O	O
vary	O	O
engineer	O	O
skill	O	O
set	O	O

appreciation	O	O
or	O	O
experience	O	O
of	O	O
the	O	O
uk	O	O
water	O	O
industry	O	O
o	O	O
excellent	O	O
team	B	B
working	I	I
desirable	O	O
criterion	O	O
o	O	O
experience	O	O
of	O	O
the	O	O
uk	O	O
water	O	O
industry	O	O

and	O	O
develop	O	O
long	O	O
term	O	O
relationship	O	O
strong	O	O
customer	B	B
development	I	I
skills	I	I
prove	O	O
experience	O	O
in	O	O
maintain	O	O
internal	O	O

be	O	O
passionate	O	O
imaginative	O	O
and	O	O
a	O	O
real	O	O
team	B	B
builder	I	I
responsibility	O	O
ensure	O	O
a	O	O
high	O	O

furthermore,	O	O
you	O	O
work	O	O
in	O	O
an	O	O
efficient,	O	O
wellorganized	O	O
and	O	O
proactive	B	B
way	O	O

city	O	O
centre	O	O
daily	O	O
applicant	O	O
should	O	O
be	O	O
openminded	B	B
and	O	O
excite	O	O
about	O	O
learn	O	O
new	O	O

,	O	O
an	O	O
appreciation	O	O
of	O	O
the	O	O
ethos	O	O
of	O	O
a	O	O
girl	O	O
'	O	O
independent	B	B
school	O	O
and	O	O
a	O	O
commitment	O	O
to	O	O
build	O	O
on	O	O
queen	O	O
'	O	O
s	O	O

job	O	O
description	O	O
work	O	O
a	O	O
part	O	O
of	O	O
a	O	O
dynamic	B	B
team	O	O
the	O	O
responsibility	O	O
will	O	O
include	O	O
but	O	O
not	O	O
be	O	O
limit	O	O
to	O	O

,	O	O
and	O	O
the	O	O
very	O	O
real	O	O
chance	O	O
to	O	O
progress	O	O
within	O	O
a	O	O
dynamic	B	B
sector	O	O
of	O	O
the	O	O
it	O	O
industry	O	O
for	O	O
further	O	O
information	O	O
please	O	O
contact	O	O

and	O	O
business	O	O
development,	O	O
customer	O	O
service	O	O
skill,	O	O
develop	O	O
a	O	O
team	O	O
working	O	O
ethic,	B	B
plan	I	I
and	O	O
organize,	O	O
clinical	O	O
and	O	O
compliance	O	O

this	O	O
role	O	O
will	O	O
suit	O	O
an	O	O
energetic	O	O
and	O	O
dynamic	B	B
sale	O	O
and	O	O
business	O	O
development	O	O
professional	O	O
look	O	O
for	O	O
new	O	O
challenge	O	O
in	O	O

diplomatic,	O	O
tactful	O	O
and	B	B
courteous	O	O
in	O	B
all	O	O

general	O	O
to	O	O
maintain	O	O
a	O	O
professional	B	B
attitude	I	I
build	O	O
and	O	O
maintain	O	O
relationship	O	O
with	O	O

motivate,	O	O
enthusiastic	O	O
and	O	O
hardworking,	O	O
with	O	O
a	O	O
commitment	O	O
to	O	O
your	B	B
work	I	I

company	O	O
you	O	O
would	O	O
be	O	O
a	O	O
value	O	O
member	O	O
of	O	O
a	O	O
project	O	O
team	B	B
working	I	I
ongreenfieldand	O	O
brownfield	O	O
project	O	O

we	O	O
be	O	O
seek	O	O
articulate,	O	O
initiative	O	O
driven	B	B
client	I	I
service	O	O
advisor	O	O
to	O	O
join	O	O

and	O	O
a	O	O
full	O	O
drive	O	O
licenceflexibility	O	O
and	O	O
willingness	B	B
to	I	I
travel	I	I
an	O	O
advantage	O	O
the	O	O
package	O	O

the	O	O
company	O	O
they	O	O
be	O	O
the	O	O
uk	O	O
s	O	O
largest	O	O
independent	B	B
small	O	O
selfadministered	O	O
scheme	O	O
ssa	O	O
provider	O	O
and	O	O
a	O	O
bespeak	O	O

role	O	O
require	O	O
a	O	O
highly	O	O
motivate	O	O
and	O	O
energetic	B	B
candidate	O	O
who	O	O
have	O	O
an	O	O

agile	O	O
and	O	O
tdd	O	O
and	O	O
an	O	O
enthusiastic	O	B
problem	B	B
solver	I	I

a	O	O
lively	B	B
and	O	O
stimulate	O	O
work	O	O
environment	O	O
within	O	O
an	O	O
expand	O	O
school	O	O

they	O	O
will	O	O
have	O	O
good	O	O
team	B	B
working	I	I
and	O	O
communication	O	O
skill	O	O
and	O	O
be	O	O
able	O	O
to	O	O
organise	O	O
and	O	O

to	O	O
be	O	O
positive,	O	O
upbeat	O	O
with	O	O
bag	O	O
of	O	O
initiative	O	O
a	B	B
well	O	O
a	O	O
a	O	O

and	O	O
effective	O	O
culture	O	O
within	O	O
the	O	O
department	O	O
ability	B	B
to	I	I
promote	I	I
and	I	I
persuade	I	I
externally	O	O
to	O	O
the	O	O
department	O	O

upbeat	O	O
vibe,	O	O
excellent	O	O
fresh	O	O
food	O	O
truly	O	O
hospitable	O	O
service	B	B
in	O	O
a	O	O
stun	O	O

require	O	O
a	O	O
flexible	O	O
approach,	O	O
leadership	O	O
and	O	O
supervisory	O	O
skills	B	B
along	I	I
with	O	O
the	O	O
ability	O	O

the	O	O
current	O	O
sale	O	O
team	O	O
train,	O	O
develop	O	O
and	O	O
motivating	O	O
the	B	B
staff	O	O
implement	O	O
and	O	O

the	O	O
businessopportunity	O	O
to	O	O
work	O	O
for	O	O
a	O	O
successful	O	O
organisation	O	O
that	O	O
be	O	O
dynamic	B	B
and	O	O
forward	O	O
thinkingtrack	O	O
record	O	O
of	O	O
delivery	O	O
and	O	O
the	O	O
highest	O	O
level	O	O

be	O	O
a	O	O
selfstarter,	O	O
competitive,	O	O
imaginative,	O	O
enthusiastic,	O	O
selfconfident	O	O
inspire,	O	O
logical,	O	O
systematic	O	O
and	B	B
precise	O	O

of	O	O
all	O	O
phase	O	O
of	O	O
architecture	O	O
and	O	O
ability	B	B
to	I	I
conceptualize	I	I
and	O	O
build	O	O
soa	O	O
reference	O	O

pressure	O	O
be	O	O
flexible	O	O
and	O	O
adaptable	O	O
have	O	O
a	O	O
mature	B	B
personality	I	I
have	O	O
good	O	O
organisational	O	O
and	O	O
administrative	O	O

the	O	O
betterment	O	O
of	O	O
others,	O	O
and	O	O
if	O	O
you	O	O
excel	O	O
at	O	O
team	O	O
working	B	B
and	I	I
autonomy	O	O
in	O	O
equal	O	O
measure	O	O
then	O	O
please	O	O
apply	O	O
attach	O	O

opinion	O	O
in	O	O
a	O	O
consultative	O	O
cooperative	O	O
manner	O	O
problem	B	B
solving	I	I
and	I	I
analytical	I	I
skills	I	I
clear,	O	O
concise	O	O
and	O	O
thorough	O	O
communication,	O	O

responsible	O	O
for	O	O
workshop	O	O
concept,	O	O
include	O	O
service	O	O
and	O	O
network	O	O
of	O	O
independent	O	O
garage	B	B

they	O	O
be	O	O
currently	O	O
seek	O	O
an	O	O
innovative	B	B
and	I	I
forward	I	I
thinking	I	I
npd	O	O
technologist	O	O
to	O	O
join	O	O

source,	O	O
build	O	O
and	O	O
maintain	O	O
relationship	O	O
through	O	O
attentive	O	O
customer	B	B
service	O	O
in	O	O
order	O	O
to	O	O

any	O	O
guidance	O	O
a	O	O
require,	O	O
work	O	O
in	O	O
a	O	O
collaborative	O	O
manner	B	B
x	O	I
work	O	O
to	O	O
define	O	O

reproductive	O	O
health	O	O
gynaecology	O	O
prove	O	O
experience	O	O
of	O	O
lead	O	O
and	O	O
motivate	O	O
others	O	O
a	O	O
dynamic	B	B
and	O	O
proactive	O	O
mind	O	O
set	O	O
couple	O	O
with	O	O
strong	O	O
interpersonal	O	O
skill	O	O
qualification	O	O

earn	O	O
significantly	O	O
more,	O	O
pension,	O	O
life	O	O
assurance,	O	O
loyalty	O	O
save	O	O
bonus	O	O
plan	B	B
area	O	O

a	O	O
part	O	O
of	O	O
the	O	O
role	O	O
proactive	B	B
sell	O	O
and	O	O
outbound	O	O
call	O	O
be	O	O

this	O	O
be	O	O
an	O	O
excite	O	O
opportunity	O	O
for	O	O
a	O	O
dynamic	B	B
and	O	O
drive	O	O
individual	O	O
to	O	O
be	O	O
part	O	O
of	O	O
set	O	O
up	O	O
this	O	O

small	O	O
family	O	O
run	O	O
business	O	O
have	O	O
now	O	O
grow	O	O
to	O	O
become	O	O
a	O	O
dynamic	B	B
company	O	O
who	O	O
be	O	O
evolve	O	O
and	O	O
continue	O	O
to	O	O
expand	O	O

this	O	O
be	O	O
a	O	O
fantastic	O	O
opportunity	O	O
for	O	O
a	O	O
building	B	B
surveyor	O	O
look	O	O
to	O	O
make	O	O

our	O	O
goal	O	O
be	O	O
to	O	O
be	O	O
the	O	O
independent	B	B
wrap	O	O
platform	O	O
of	O	O
choice	O	O

,	O	O
and	O	O
the	O	O
very	O	O
real	O	O
chance	O	O
to	O	O
progress	O	O
within	O	O
a	O	O
dynamic	B	B
sector	O	O
of	O	O
the	O	O
software	O	O
industry	O	O

be	O	O
rapidly	O	O
evolve	O	O
into	O	O
one	O	O
of	O	O
the	O	O
biggest	O	O
and	O	O
most	O	O
dynamic	B	B
online	O	O
medium	O	O
organisation	O	O
in	O	O
the	O	O
uk,	O	O
and	O	O
the	O	O
excite	O	O

be	O	O
appropriate	O	O
to	O	O
the	O	O
company	O	O
profile	O	O
personal	O	B
skills	O	I
excellent	O	O
communicator	B	O
can	O	O
do	O	O
attitude	O	O
hard	O	O
work	O	O
and	O	O

have	O	O
excellent	O	O
people	B	B
management	I	I
skills	I	I
able	O	O
to	O	O
take	O	O
project	O	O
team	O	O

service	O	O
level,	O	O
stock	O	O
hold	O	O
and	O	O
forecast	O	O
accuracy	O	O
measure	B	B
and	O	O
devise	O	O
the	O	O

ability	B	B
to	I	I
travel	I	I
be	O	O
a	O	O
must	O	O

applicant	O	O
and	O	O
supplier	O	O
in	O	O
a	O	O
fair	O	O
and	O	O
honest	B	B
manner	O	O
a	O	O
we	O	O
want	O	O

they	O	O
be	O	O
on	O	O
the	O	O
hunt	O	O
for	O	O
a	O	O
dynamic	B	B
seo	O	O
director	O	O
to	O	O
lead	O	O
the	O	O
client	O	O
relationship	O	O
for	O	O
all	O	O
seo	O	O

strong	O	O
influence,	O	O
conflict	O	O
management	B	B
and	I	I
negotiation	O	O
skill	O	O

swindon	O	O
college	O	O
be	O	O
committed	B	B
to	O	O
the	O	O
advancement	O	O
of	O	O
equality	O	O

all	O	O
customer	O	O
in	O	O
a	O	O
professional,	O	O
patient	O	O
and	O	O
diplomatic	O	O
manner	B	B
whilst	I	I
always	O	O
remain	O	O
calm,	O	O

external	O	O
work	O	O
in	O	O
all	O	O
weather	O	O
suit	O	O
fit	O	O
active	B	B
person	I	I
a	O	O
officer	O	O
on	O	O
foot	O	O
all	O	O

they	O	O
will	O	O
be	O	O
energetic,	O	B
personable	O	O
and	B	B
enthusiastic	O	O

handle	O	O
pressure	O	O
well	O	O
must	O	O
be	O	O
highly	O	O
motivated	B	B
flexible	O	O
and	O	O
adaptable	O	O
the	O	O

work	O	O
exclusively	O	O
with	O	O
our	O	O
forward	O	O
think	O	O
and	O	O
dynamic	B	B
client	O	O
in	O	O
order	O	O
to	O	O
source	O	O
an	O	O
extremely	O	O
capable	O	O
and	O	O
ambitious	O	O

you	O	O
will	O	O
need	O	O
excellent	O	O
communication,	O	O
organisational	O	O
and	O	O
team	O	O
working	B	B
skill	I	I

strong	O	O
focus	O	O
on	O	O
hse	O	O
and	O	O
personal	B	B
integrity	I	I
will	O	O
be	O	O
of	O	O
essence	O	O

the	O	O
company	O	O
also	O	O
offer	O	O
an	O	O
aggressive	B	B
growth	O	O
scheme	O	O
with	O	O
good	O	O
opportunity	O	O
to	O	O
move	O	O
up	O	O
through	O	O
the	O	O

compliance	O	O
branch	O	O
support	O	O
officer	O	O
company	O	O
background	O	O
we	O	O
be	O	O
currently	O	O
operate	O	O
independent	B	B
private	O	O
domiciliary	O	O
care	O	O
agency	O	O
in	O	O
shrewsbury,	O	O
stafford	O	O
worcester	O	O
where	O	O

management	O	O
window	O	O
server	O	O
background	O	O
itil	O	O
qualify	O	O
kpi	O	O
sladriven	O	O
results	B	B
driven	I	I
if	O	O
this	O	O
sound	O	O
like	O	O
you,	O	O

in	O	O
train	O	O
session,	O	O
presentation	O	O
and	O	O
meet	O	O
diplomatic,	O	O
tactful	O	O
and	O	O
courteous	B	B
in	O	O
all	O	O

prove	O	O
current	O	O
recent	O	O
team	B	B
management	I	I
skills	I	I
at	O	O
least	O	O
a	O	O
team	O	O

the	O	O
senior	O	O
it	O	O
manager	O	O
and	O	O
be	O	O
a	O	O
part	O	O
of	O	O
a	O	O
dynamic	B	B
and	O	O
rapidly	O	O
expand	O	O
company	O	O

fluency	O	O
in	O	O
both	O	O
english	O	O
and	O	O
norwegian	O	O
intercultural	B	B
skills	I	I
a	O	O
the	O	O
first	O	O
69	O	O

focus	O	O
and	O	O
capable	O	O
of	O	O
sustain	O	O
a	O	O
fast	O	O
pace	O	O
in	O	O
a	O	O
dynamic	B	B
environment	O	O
a	O	O
selfstarter,	O	O
able	O	O
to	O	O
work	O	O
with	O	O
little	O	O
or	O	O

for	O	O
a	O	O
sale	O	O
person	O	O
to	O	O
prove	O	O
their	O	O
ability	B	B
to	I	I
sell	I	I
to	O	O
a	O	O
variety	O	O
of	O	O

stage	O	O
2	O	O
teacher	O	O
ks2	O	O
teacher	O	O
to	O	O
join	O	O
their	O	O
dynamic	B	B
and	O	O
friendly	O	O
team	O	O

we	O	O
be	O	O
look	O	O
for	O	O
a	O	O
highly	O	O
commit,	O	O
dedicated	O	O
person	B	B
who	I	I
will	O	O
enthuse	O	O
learn	O	O
and	O	O

the	O	O
itil	O	O
framework	O	O
will	O	O
be	O	O
advantageous	O	O
quality	B	B
minded	I	I
approach	O	O
familiar	O	O
with	O	O
project	O	O

commercial	O	O
account	O	O
executive	O	O
north	O	O
yorkshire	O	O
package	O	O
a	O	O
genuine	O	O
independent	B	B
brokerage	O	O
with	O	O
100	O	O
year	O	O
experience	O	O
of	O	O
general	O	O
insurance	O	O
be	O	O
look	O	O

manner	O	O
e	O	O
high	O	O
degree	O	O
of	O	O
expertise	O	O
and	O	O
accuracy	B	B
in	O	O
microsoft	O	O
word,	O	O
excel,	O	O
powerpoint	O	O

skill	O	O
and	O	O
the	O	O
ability	O	O
to	O	O
develop	O	O
productive	B	B
relationship	O	O
with	O	O
internal	O	O
customer	O	O
and	O	O

you	O	O
will	O	O
be	O	O
responsible	O	O
for	O	O
a	O	O
number	O	O
of	O	O
multiple	O	O
independent	B	B
pharmacy	O	O
account	O	O

essential	O	O
strong	O	O
it	O	O
skill	O	O
include	O	O
excel	O	O
essential	O	O
good	O	O
communication	O	O
and	O	O
team	B	B
working	I	I
skill	O	O
essential	O	O
use	O	O
the	O	O
sap	O	O
system	O	O
in	O	O
a	O	O
previous	O	O

west	O	O
london	O	O
k	O	O
application	O	O
support	O	O
analyst	O	O
be	O	O
require	O	O
by	O	O
a	O	O
dynamic	B	B
west	O	O
london	O	O
top	O	O
250	O	O
law	O	O
firm	O	O
to	O	O
play	O	O
a	O	O
pivotal	O	O

look	O	O
for	O	O
enthusiastic,	O	O
reliable	O	O
home	O	O
care	O	O
worker	O	O
to	O	O
support	O	O
independent	O	O
live	B	B
so	O	O
that	O	O
our	O	O
service	O	O
user	O	O
can	O	O
remain	O	O
within	O	O
the	O	O

inclusive	O	O
of	O	O
london	O	O
allowance	O	O
our	O	O
client	O	O
be	O	O
an	O	O
ambitious,	O	O
lively	O	O
fe	B	B
college,	O	O
determine	O	O
to	O	O
succeed	O	O
for	O	O
it	O	O
student	O	O

nurse	O	O
with	O	O
the	O	O
drive,	O	O
commitment	O	O
and	B	O
passion	I	O
to	I	B
work	I	I
with	I	I
elderly	O	O
resident	O	O
be	O	O
require	O	O

base	O	O
and	O	O
be	O	O
comfortable	O	O
work	O	O
in	O	O
a	O	O
fast	O	O
pace,	O	O
dynamic	O	O
and	B	B
challenge	O	O
environment	O	O

experience	O	O
deal	O	O
with	O	O
dental	O	O
negligence	O	O
candidate	O	O
should	O	O
be	O	O
keen,	O	O
dynamic	O	O
and	B	B
have	O	O
good	O	O
experience	O	O
with	O	O
clinical	O	O
negligence	O	O
case	O	O

our	O	O
work	O	O
environment	O	O
we	O	O
can	O	O
offer	O	O
you	O	O
a	O	O
friendly	O	O
and	O	O
lively	B	B
work	O	O
environment,	O	O
a	O	O
back	O	O
by	O	O
our	O	O
employee,	O	O
who	O	O

willingness	O	O
to	O	O
work	O	O
quickly	O	O
and	O	O
flexibly	O	O
a	O	O
part	O	O
of	O	O
a	O	O
dynamic	B	B
team	O	O
in	O	O
a	O	O
fast	O	O
move	O	O
startup	O	O
be	O	O
able	O	O
to	O	O
work	O	O

comprehensive	O	O
product	O	O
portfolio	O	O
to	O	O
promote	O	O
a	O	O
competitive,	O	O
friendly,	O	O
aggressive	O	O
and	O	O
enjoyable	B	B
sale	O	O
environment	O	O
incentive	O	O
such	O	O
a	O	O
cash	O	O
bonus,	O	O

be	O	O
part	O	O
of	O	O
an	O	O
experience	O	O
and	O	O
skilled	O	O
team	B	B
working	I	I
with	O	O
client	O	O
integration	O	O

the	O	O
ability	O	O
to	O	O
operate	O	O
a	O	O
a	O	O
senior	O	O
manager	O	O
in	O	O
a	O	O
dynamic	B	B
commercially	O	O
focus	O	O
environment	O	O
advance	O	O
use	O	O
of	O	O
m	O	O
excel	O	O
and	O	O
powerpoint	O	O

excellent	O	O
skill	O	O
in	O	O
c	O	O
for	B	O
embedded	I	O
multitasking	I	I
system	O	O

victorian	O	O
build	O	O
into	O	O
one	O	O
of	O	O
london	O	O
s	O	O
foremost,	O	O
independent	O	O
boutique	B	B
hotel	O	O

a	O	O
you	O	O
will	O	O
need	O	O
to	O	O
be	O	O
able	B	B
to	I	I
communicate	I	I
effectively	O	O
across	O	O
all	O	O
level	O	O

of	O	O
and	O	O
maintenance	O	O
of	O	O
a	O	O
cohesive	O	O
and	O	O
consistent	B	B
approach	O	O
to	O	O
system	O	O
monitor	O	O
to	O	O

reduce	O	O
localise	O	O
report	O	O
remove	O	O
duplicate	O	O
report	O	O
aid	O	O
the	O	O
usage	O	O
of	O	O
dynamic	B	B
report,	O	O
host	O	O
centrally	O	O
it	O	O
be	O	O
also	O	O
desirable	O	O
that	O	O
analyst	O	O

for	O	O
a	O	O
motivate,	O	O
selfdriven	O	O
and	O	O
highly	O	O
organized	O	O
person	B	B
to	I	I
take	O	O
control	O	O
of	O	O

at	O	O
caterselect	O	O
ltd	O	O
be	O	O
currently	O	O
recruit	O	O
for	O	O
a	O	O
number	O	O
of	O	O
independent	B	B
bistro	O	O
style	O	O
restaurant	O	O
and	O	O
aa	O	O
rosette	O	O
establishment	O	O
across	O	O
north	O	O
essex	O	O

the	O	O
top	O	O
performer	O	O
in	O	O
this	O	O
role	O	O
be	O	O
self	B	B
confident	I	I
and	O	O
outgo	O	O
and	O	O
be	O	O
able	O	O

work	O	O
towards	O	O
your	O	O
level	O	O
5	O	O
diploma	O	O
in	O	O
leadership	B	B
for	O	O
health	O	O
and	O	O
social	O	O
care	O	O

career	O	O
and	O	O
money	O	O
motivate	O	O
people	O	O
to	O	O
join	O	O
our	O	O
successful	O	O
and	O	O
dynamic	B	B
sale	O	O
team	O	O
and	O	O
help	O	O
u	O	O
on	O	O
our	O	O
way	O	O

and	O	O
sale	O	O
target	O	O
be	O	O
both	O	O
equally	O	O
meet	O	O
confident	B	B
personality	I	I
able	O	O
to	O	O
communicate	O	O
and	O	O
present	O	O

opportunity	O	O
for	O	O
a	O	O
door	O	O
to	O	O
door	O	O
fundraiser	O	O
to	O	O
join	O	O
our	O	O
team	B	B
working	I	I
in	O	O
manchester	O	O
pay	O	O
up	O	O
to	O	O
per	O	O
hour	O	O
depend	O	O

with	O	O
a	O	O
passion	O	O
for	O	O
problemsolving	O	O
a	O	O
dedication	B	B
to	I	I
quality	I	I
blue	O	O
tree	O	O
recruit	O	O
ltd	O	O

chain	O	O
recruitment	O	O
consultacy	O	O
be	O	O
essential	O	O
our	O	O
client	O	O
be	O	O
a	O	O
lead	O	O
independent	B	B
recruitment	O	O
and	O	O
selection	O	O
consultancy	O	O
with	O	O
division	O	O
that	O	O
specialise	O	O
in	O	O
finance	O	O

to	O	O
influence	O	O
key	O	O
decision	O	O
maker	O	O
strong	O	O
listening	B	B
skills	I	I
and	O	O
presentation	O	O
skill	O	O
strategic	O	O
and	O	O

proficient	O	O
in	O	O
microsoft	O	O
access	O	O
vba	O	O
microsoft	O	O
sql	O	O
analytical	B	B
skills	I	I
excellent	O	O
numeracy	O	O
skill	O	O
this	O	O
job	O	O

and	O	O
this	O	O
will	O	O
be	O	O
a	O	O
great	O	O
opportunity	O	O
to	O	O
join	O	O
a	O	O
dynamic	B	B
and	O	O
highly	O	O
motivate	O	O
it	O	O
team	O	O

engineer,	O	O
have	O	O
a	O	O
high	O	O
spec	O	O
machine,	O	O
competitive	O	O
salary,	O	O
great	B	B
career	O	O
prospect,	O	O
creative	O	O

project	O	O
business	O	O
highly	O	O
develop	O	O
negotiation	O	O
skill	O	O
team	B	B
management	I	I
development	I	I
skills	I	I
result	O	O
orientate	O	O
commercial	O	O
acumen	O	O
strong	O	O

an	O	O
enormous	O	O
reputation	O	O
a	O	O
be	O	O
the	O	O
digital	O	O
leader	B	B
in	O	O
what	O	O
they	O	O
do	O	O
seek	O	O

our	O	O
client,	O	O
a	O	O
fast	O	O
grow,	O	O
vibrant	O	O
chain	O	O
of	O	O
independent	O	O
boutique	O	O
store,	B	B
specialise	O	O
in	O	O
fashion	O	O
accessory,	O	O
be	O	O
look	O	O

dynamic,	O	O
forwardlooking	O	O
agency	O	O
have	O	O
a	O	O
small,	O	O
friendly,	O	O
independent	O	O
feel	O	O
but	O	O
be	B	B
support	O	O
by	O	O
the	O	O
resource	O	O
of	O	O
an	O	O
international	O	O

strong	O	O
aptitude	O	O
for	O	O
learn	O	O
and	O	O
embrace	O	O
change	O	O
friendly	B	O
and	I	O
engaging	I	I
personality	I	I
technical	O	O
skill	O	O
3	O	O
year	O	O

attribute	O	O
team	O	O
player	O	O
be	O	O
proactive	O	O
have	O	O
sound	B	B
judgment	I	I
logical,	O	O
accurate	O	O
and	O	O
precise	O	O
honest	O	O

analytical	O	O
technique	O	O
'	O	O
comfortable	O	O
with	O	O
experimentation	O	O
and	O	O
test	O	O
in	O	O
a	O	O
dynamic	B	B
environment	O	O
'	O	O
outstanding	O	O
communication	O	O
and	O	O
organizational	O	O
skill,	O	O
include	O	O
the	O	O

strong	O	O
timemanagement	B	B
and	I	I
organization	I	I
skills	I	I

a	O	O
software	O	O
development	O	O
manager	O	O
be	O	O
need	O	O
to	O	O
lead	O	O
a	O	O
dynamic	B	B
sw	O	O
development	O	O
department	O	O
produce	O	O
software	O	O
that	O	O
meet	O	O
requirement	O	O

gym	O	O
membership	O	O
benchmark	O	O
be	O	O
a	O	O
lead	O	O
sheffield	O	O
base	O	O
independent	B	B
recruitment	O	O
consultancy,	O	O
specialise	O	O
in	O	O
sale	O	O
market,	O	O
it	O	O

follow	O	O
strong	O	O
risk	O	O
issue	O	O
management	O	O
and	O	O
reporting	B	B
skills	I	I
financial	O	O
monitor	O	O
and	O	O
control	O	O

successful	O	O
candidate	O	O
will	O	O
enjoy	O	O
teach	O	O
a	O	O
class	O	O
of	O	O
engage,	O	O
lively	O	O
and	B	B
bright	O	O
pupil	O	O

the	O	O
role	O	O
application	O	O
be	O	O
invite	O	O
for	O	O
a	O	O
highly	O	O
motivate,	O	O
independent	O	O
postdoctoral	B	B
research	O	O
scientist	O	O
with	O	O
an	O	O
interest	O	O
in	O	O
chromosome,	O	O
genomics	O	O

this	O	O
be	O	O
an	O	O
excite	O	O
opportunity	O	O
to	O	O
become	O	O
part	O	O
of	O	O
a	O	O
dynamic	B	B
team	O	O
within	O	O
this	O	O
reputable	O	O
large	O	O
firm	O	O
base	O	O
nr	O	O
drotiwich,	O	O

advisor	O	O
my	O	O
client	O	O
t	O	O
be	O	O
the	O	O
uk	O	O
s	O	O
largest	O	O
online	O	O
independent	B	B
retailer	O	O
of	O	O
performance	O	O
sportswear	O	O
and	O	O
equipment	O	O

group	O	O
police	O	O
include	O	O
financial	O	O
crime,	O	O
abc,	O	O
conflict	O	O
management	O	O
and	B	B
complaint	I	I
handle	O	O
policy	O	O
and	O	O

excellent	O	O
interpersonal	O	O
and	O	O
communication	O	O
skill	O	O
ability	B	B
to	I	I
negotiate	I	I
and	O	O
influence	O	O
successful	O	O
outcome	O	O

must	O	O
be	O	O
hard	B	B
working	I	I
person	I	I
and	O	O
reliable	O	O
and	O	O
well	O	O

background	O	O
would	O	O
be	O	O
an	O	O
advantage	O	O
drive	O	O
and	O	O
self	B	B
motivated	I	I
person	O	I
have	O	O
a	O	O
positive	O	O
approach	O	O

and	O	O
adaptable	O	O
approach	O	O
to	O	O
work	O	O
strong	O	O
commitment	B	B
to	O	O
client	O	O
care	O	O
and	O	O
to	O	O

be	O	O
selfmotivated	O	O
with	O	O
outstanding	O	O
communication	O	O
and	O	O
organization	B	B
skills	I	I
that	O	O
will	O	O
be	O	O
essential	O	O
to	O	O

supplier	O	O
complience	O	O
coordinator	O	O
ethical	B	B
luxury	O	O
fashion	O	O
this	O	O
be	O	O
a	O	O

they	O	O
offer	O	O
a	O	O
fast	O	O
pace,	O	O
dynamic	O	O
office	B	B
environment	O	O
with	O	O
great	O	O
career	O	O
progression	O	O
opportunity,	O	O
a	O	O
well	O	O

role	O	O
the	O	O
successful	O	O
sale	O	O
executive	O	O
will	O	O
be	O	O
sell	O	O
into	O	O
independent	B	B
retailer	O	O
and	O	O
business	O	O
the	O	O
role	O	O
will	O	O
involve	O	O
source	O	O
and	O	O
close	O	O

the	O	O
person	O	O
self	B	B
confident	I	I
and	O	O
curious	O	O
enthusiastic	O	O
and	O	O
alert	O	O

and	O	O
demand	O	O
role	O	O
offer	O	O
an	O	O
excellent	O	O
opportunity	O	O
to	O	O
join	O	O
a	O	O
dynamic	B	B
customerfocused	O	O
team,	O	O
dedicate	O	O
to	O	O
make	O	O
a	O	O
real	O	O
difference	O	O
to	O	O

gap	O	O
personnel	O	O
be	O	O
one	O	O
of	O	O
the	O	O
fastest	O	O
grow	O	O
and	O	O
most	O	O
dynamic	B	B
independent	O	O
industrial	O	O
and	O	O
commercial	O	O
recruitment	O	O
agency	O	O
in	O	O
the	O	O
uk,	O	O

assistant	O	O
manager	O	O
business	O	O
crown	O	O
s	O	O
lively	B	B
work,	O	O
with	O	O
regular	O	O
event,	O	O
a	O	O
vary	O	O
menu,	O	O

2	O	O
day	O	O
holiday	O	O
pa	O	O
company	O	O
benefit	O	O
company	O	O
highly	O	O
profitable	O	O
independent	B	B
business	O	O
operate	O	O
from	O	O
multiple	O	O
office	O	O
across	O	O
the	O	O
uk	O	O

would	O	O
you	O	O
like	O	O
to	O	O
work	O	O
for	O	O
a	O	O
fastgrowing,	O	O
dynamic	O	O
and	B	B
entrepreneurial	O	O
shoreditchbased	O	O
uk	O	O
technology	O	O
company	O	O
with	O	O
a	O	O
big	O	O
vision	O	O

math	O	O
and	O	O
english	O	O
high	O	O
level	O	O
of	O	O
accuracy	B	B
in	I	I
work	I	I
ability	O	O
to	O	O
participate	O	O
a	O	O
a	O	O

experience	O	O
preferably	O	O
within	O	O
the	O	O
bathroom	O	O
industry	O	O
drive,	O	O
versatility	O	O
and	B	B
initiative,	O	O
at	O	O
the	O	O

excellent	O	O
communication	O	O
and	O	O
team	B	B
working	I	I
skill	O	O
be	O	O
essential	O	O
for	O	O
this	O	O
role	O	O
a	O	O
be	O	O
a	O	O

bark	O	O
and	O	O
the	O	O
surround	O	O
area	O	O
to	O	O
help	O	O
our	O	O
client	O	O
remain	O	O
independent	B	B
in	O	O
their	O	O
own	O	O
home,	O	O
provide	O	O
various	O	O
aspect	O	O
of	O	O
care	O	O

and	O	O
guide	O	O
customer	O	O
ability	O	O
to	O	O
remain	O	O
calm	B	B
and	O	O
professional	O	O
under	O	O
pressure	O	O

we	O	O
need	O	O
in	O	O
an	O	O
assistant	O	O
manager	O	O
essential	O	O
upbeat,	O	O
lively	O	O
personality	B	B

level	O	O
drive,	O	O
energy	O	O
and	O	O
enthusiasm	O	O
resilience	O	O
and	O	O
flexibility	O	O
selfmanaged	O	B
and	O	B
disciplined	O	O
attention	B	B
to	I	O
detail	O	O
clear,	O	O
confident	O	O
and	O	O
professional	O	O

this	O	O
role	O	O
will	O	O
suit	O	O
a	O	O
skilled	O	O
market	O	O
manager	O	O
seek	O	O
an	O	O
independent	B	B
role	O	O

maintain	O	O
a	O	O
clean	O	O
and	O	O
smart	B	B
appearance	O	O
at	O	O
all	O	O
time	O	O

and	O	O
be	O	O
look	O	O
for	O	O
an	O	O
opportunity	O	O
within	O	O
a	O	O
progressive	O	O
and	O	O
dynamic	B	B
environment,	O	O
please	O	O
forward	O	O
your	O	O
cv	O	O
today	O	O

opportunity	O	O
for	O	O
an	O	O
experience	O	O
midweight	O	O
to	O	O
join	O	O
a	O	O
drive,	O	O
dynamic	O	O
and	B	B
grow	O	O
top	O	O
100	O	O
lead	O	O
law	O	O
firm	O	O
a	O	O
their	O	O
sole	O	O

have	O	O
a	O	O
flexible	O	O
approach,	O	O
be	O	O
highly	O	O
motivated	O	O
have	B	B
basic	O	O
diy	O	O
skill,	O	O
and	O	O

class	O	O
have	O	O
31	O	O
child	O	O
who	O	O
be	O	O
all	O	O
eager	B	B
to	I	I
learn	I	I

of	O	O
the	O	O
cost	O	O
management	O	O
process	O	O
excellent	O	O
written	B	B
and	I	I
communication	I	I
skills	I	I

basic	O	O
knowledge	O	O
of	O	O
labour,	O	O
industrial	O	O
and	O	O
human	O	O
relations	B	B
experience	I	I
the	O	O
appoint	O	O
candid	O	O
must	O	O

database	O	O
structure	O	O
highly	O	O
develop	O	O
communication	O	O
and	O	O
diplomacy	B	B
skills	I	I
with	O	O
a	O	O
strong	O	O
ability	O	O
to	O	O

ph	O	O
in	O	O
touch	O	O
recruitment	O	O
be	O	O
work	O	O
on	O	O
behalf	O	O
of	O	O
a	O	O
dynamic	B	B
care	O	O
home	O	O
provider	O	O
to	O	O
recruit	O	O
a	O	O
motivate	O	O
staff	O	O
nurse	O	O
rgn	O	O

be	O	O
currently	O	O
boast	O	O
an	O	O
excellent	O	O
portfolio	O	O
of	O	O
legal	O	O
and	O	O
dynamic	B	B
sme	O	O
law	O	O
firm	O	O
across	O	O
the	O	O
north	O	O
west	O	O
and	O	O
london	O	O

be	O	O
also	O	O
able	O	O
to	O	O
work	O	O
a	O	O
a	O	O
team	B	B
member	I	I
demonstrate	O	O
clear	O	O
commitment	O	O
to	O	O
team	O	O

expect	O	O
to	O	O
be	O	O
able	O	O
to	O	O
display	O	O
analytical	B	B
and	I	I
logical	I	I
thinking	I	I
to	O	O
troubleshoot	O	O
and	O	O
resolve	O	O
technical	O	O

rosette	O	O
ideally	O	O
michelin	O	O
require	O	O
to	O	O
work	O	O
in	O	O
this	O	O
excellent	O	O
independent	B	B
country	O	O
hotel	O	O
produce	O	O
the	O	O
finest	O	O
dish	O	O
and	O	O
menu,	O	O
use	O	O

commitment	O	O
in	O	O
the	O	O
role	O	O
leadership	O	O
in	O	O
a	O	O
people	B	B
oriented	I	I
environment	O	O
be	O	O
essential	O	O
experience	O	O
of	O	O

the	O	O
successful	O	O
candidate	O	O
will	O	O
receive	O	O
a	O	O
competitive	B	B
salary	O	O
and	O	O
a	O	O
comprehensive	O	O
benefit	O	O

be	O	O
an	O	O
opportunity	O	O
to	O	O
quickly	O	O
gain	O	O
project	O	B
management	B	I
skill	I	O
s	O	O
in	O	O
an	O	O
international	O	O

be	O	O
work	O	O
along	O	O
side	O	O
a	O	O
team	O	O
of	O	O
talented	B	B
developer,	O	O
with	O	O
the	O	O
common	O	O
aim	O	O

excellent	O	O
opportunity	O	O
where	O	O
you	O	O
can	O	O
develop	O	O
your	O	O
career	O	O
within	O	O
a	O	O
dynamic	B	B
organisation	O	O

a	O	O
huge	O	O
role	O	O
that	O	O
demand	O	O
a	O	O
rigorous	B	B
fmcg	O	O
train	O	O
span	O	O
the	O	O
entire	O	O

who	O	O
have	O	O
excellent	O	O
communication,	O	O
who	O	O
be	O	O
eager	O	O
to	B	B
learn	I	I
the	I	I
ideal	O	O
candidate	O	O
will	O	O
have	O	O

automotive,	O	O
defence,	O	O
military,	O	O
security,	O	O
armour	O	O
vehicle,	O	O
challenger	O	O
warrior,	O	O
mastiff,	O	O
buffalo,	O	O
husky,	O	O
city	B	B

our	O	O
client	O	O
be	O	O
a	O	O
totally	O	O
independent	B	B
company	O	O
offer	O	O
consultancy	O	O
and	O	O
monitor	O	O
in	O	O
all	O	O
aspect	O	O
of	O	O
health	O	O

analytical	B	O
and	I	O
problemsolving	I	B
abilities	I	I
with	O	O
keen	O	O
attention	O	O
to	O	O
detail	O	O

perform	O	O
recruitment	O	O
and	O	O
placement,	O	O
and	O	O
affirmative	O	O
employment	B	B
advisory	O	O
service	O	O

due	O	O
to	O	O
aggressive	B	B
growth	O	O
aspiration	O	O
within	O	O
the	O	O
uk	O	O
oem	O	O
sector	O	O
this	O	O
global	O	O
organisation	O	O

tenacious	O	O
good	O	O
understand	O	O
of	O	O
technical	O	O
protocol	O	O
quality	B	B
minded	I	I
and	O	O
systematic	O	O
approachable	O	O
and	O	O

be	O	O
maximise	O	O
your	O	O
opportunity	O	O
the	O	O
creativity	B	B
and	O	O
flair	O	O
to	O	O
think	O	O

the	O	O
company	O	O
be	O	O
young	O	O
and	O	O
dynamic	B	B
and	O	O
have	O	O
enjoy	O	O
steady	O	O
growth	O	O
year	O	O
on	O	O
year	O	O
be	O	O

presentation	O	O
preparation	O	O
and	O	O
delivery	O	O
skill	O	O
with	O	O
the	O	O
ability	B	B
to	I	I
negotiate	I	I
and	O	O
close	O	O
deal	O	O
the	O	O
ability	O	O

r	O	O
d	O	O
process	O	O
through	O	O
the	O	O
trl	O	O
maturity	B	B
status,	O	O
report	O	O
monthly	O	O
on	O	O
each	O	O

uk	O	O
be	O	O
an	O	O
independent	B	B
digital	O	O
agency	O	O
and	O	O
software	O	O
developer,	O	O
base	O	O
in	O	O
central	O	O
london	O	O

be	O	O
look	O	O
for	O	O
a	O	O
commit,	O	O
hardworking	O	O
team	O	B
player	B	B
that	I	I
can	O	O
take	O	O
on	O	O
a	O	O

we	O	O
be	O	O
seek	O	O
two	O	O
methodical,	O	O
honest	O	O
and	O	O
dynamic	O	O
people	B	B
to	O	O
job	O	O
share	O	O
the	O	O
above	O	O
position	O	O
within	O	O
our	O	O
clean	O	O

may	O	O
be	O	O
expose	O	O
to	O	O
violent	O	O
and	O	O
aggressive	B	B
patient	O	O
or	O	O
key	O	O
others	O	O

nurse	O	O
need	O	O
to	O	O
be	O	O
independent	B	B
thinker,	O	O
able	O	O
to	O	O
take	O	O
responsiblity	O	O
a	O	O
the	O	O
nurse	O	O
in	O	O

behaviour	O	O
from	O	O
competency	O	O
framework	O	O
essential	O	O
initiative	O	O
teamworker	B	B
and	O	O
ok	O	O
work	O	O
in	O	O
isolation	O	O

personal	O	O
initiative	O	O
resilient	O	O
and	O	O
tenacious	O	O
calm	B	B
under	O	O
pressure	O	O
analytical	O	O
and	O	O

database	O	O
structure	O	O
highly	O	O
develop	O	O
communication	O	O
and	O	O
diplomacy	B	B
skill	O	O
with	O	O
a	O	O
strong	O	O
ability	O	O

understand	O	O
and	O	O
retain	O	O
complex	O	O
information,	O	O
and	O	O
the	O	O
skills	O	O
to	B	B
communicate	I	I
new	I	I
or	O	O
difficult	O	O
concept	O	O
to	O	O

unit	O	O
test	O	O
plan	O	O
etc	O	O
demonstrable	O	O
communication	O	O
and	O	O
team	B	B
working	I	I
skills	I	I
preferable	O	O
experience	O	O
with	O	O
web	O	O

drive,	O	O
determination,	O	O
enthusiasm	O	O
and	O	O
a	O	B
passion	O	O
for	O	O
sale	B	B

communication	O	O
skill	O	O
an	O	O
energetic,	O	O
enthusiastic,	O	O
proactive,	O	O
problemsolving	O	O
attitude	O	O
the	O	O
ability	B	B
to	I	I
work	O	O

by	O	O
exhibit	O	O
the	O	O
follow	O	O
behaviour	O	O
competence	O	O
and	O	O
commitment	B	B
to	I	I
excellence	I	I
teamwork	I	I
build	O	O
strong,	O	O
longterm	O	O
partnership	O	O

the	O	O
assistant	O	O
manager	O	O
will	O	O
have	O	O
a	O	O
professional,	O	O
cheerful	O	O
and	B	B
welcoming	I	I
personality	I	I
the	I	I
ideal	O	O
assistant	O	O
manager	O	O

a	O	O
full	O	O
drive	O	O
licence	O	O
or	O	O
access	O	O
to	O	O
independent	B	B
mean	O	O
of	O	O
transport	O	O
be	O	O
essential	O	O

challenge	O	O
and	O	O
want	O	O
to	O	O
be	O	O
part	O	O
of	O	O
a	O	O
thrive	O	O
and	O	O
dynamic	B	B
team,	O	O
this	O	O
job	O	O
be	O	O
originally	O	O
post	O	O
a	O	O
www	O	O

recruitment	O	O
be	O	O
currently	O	O
look	O	O
for	O	O
a	O	O
mature	B	O
and	O	O
assertive	O	B
register	O	O
nurse	O	O
rgn	O	O

be	O	O
currently	O	O
recruit	O	O
experience	O	O
software	O	O
developer	O	O
to	O	O
join	O	O
our	O	O
exist	O	O
dynamic	B	B
development	O	O
team	O	O
in	O	O
our	O	O
new	O	O
office	O	O
base	O	O
in	O	O
yeadon	O	O

it	O	O
s	O	O
a	O	O
busy,	O	O
dynamic	O	O
place	B	B
to	O	O
work,	O	O
but	O	O
we	O	O
have	O	O
a	O	O
lot	O	O
of	O	O

in	O	O
your	O	O
career	O	O
and	O	O
work	O	O
amongst	O	O
some	O	O
of	O	O
the	O	O
most	O	O
dynamic	B	B
and	O	O
excite	O	O
area	O	O
of	O	O
financial	O	O
software	O	O
development	O	O

a	O	O
plus	O	O
you	O	O
need	O	O
to	O	O
be	O	O
detailed	B	B
oriented	I	I
positive	O	O
attitude	O	O
ability	O	O
to	O	O
communicate	O	O

a	O	O
team	O	O
and	O	O
on	O	O
their	O	O
own	O	O
initiative	B	B
o	I	O
process	I	I
driven	I	I
o	O	O
ability	O	O
to	O	O
collate	O	O
data	O	O

consumer	O	O
package	O	O
good	O	O
flt	O	O
vna	O	O
licence	O	O
organizer	B	B
efficiency	O	O
improver,	O	O
change	O	O
management	O	O
wms	O	O

older	O	O
adult	O	O
who	O	O
be	O	O
keen	O	O
to	O	O
work	B	B
collaboratively	I	I
in	O	O
the	O	O
ambient	O	O
assistive	O	O

adaptable	O	O
and	O	O
multiskilled	O	O
good	O	O
communication,	O	O
plan	O	O
and	O	O
scheduling	O	O
skills	B	B
spence	I	I
precision	O	O
background	O	O
i	O	O

machinery	O	O
breakdown	O	O
prioritise	O	O
task	O	O
and	O	O
allocate	O	O
job	O	O
to	O	O
the	O	O
maintenance	O	O
team	O	B
ensure	O	O
material	O	O
be	O	O
available	O	O
plan	O	O
for	O	O
preventative	O	O
maintenance	O	O
within	O	O
the	O	O

establish	O	O
for	O	O
over	O	O
5	O	O
year,	O	O
my	O	O
client	O	O
be	O	O
a	O	O
dynamic	O	O
and	B	B
vibrant	O	O
business	O	O
deliver	O	O
secure	O	O
solution	O	O
for	O	O
the	O	O
management	O	O
of	O	O

offer	O	O
a	O	O
highly	O	O
attractive	O	O
start	O	O
salary,	O	O
benefit	O	O
package	O	O
and	O	O
dynamic	O	O
work	B	B
environment	O	O

restructure	O	O
they	O	O
be	O	O
now	O	O
look	O	O
to	O	O
recruit	O	O
a	O	O
commercial	O	O
and	O	O
dynamic	B	B
finance	O	O
manager	O	O
to	O	O
manage	O	O
a	O	O
team	O	O
and	O	O
drive	O	O
business	O	O
performance	O	O

pressure	O	O
be	O	O
flexible	O	O
and	O	O
adaptable	O	O
have	O	O
a	O	O
mature	B	B
personality	I	I
have	O	O
good	O	O
organisational	O	O
and	O	O
administrative	O	O

delay	O	O
this	O	O
be	O	O
an	O	O
excite	O	O
opportunity	O	O
to	O	O
join	O	O
a	O	O
dynamic	B	B
and	O	O
successful	O	O
online	O	O
game	O	O
company	O	O
which	O	O
will	O	O
develop	O	O
and	O	O
hone	O	O

healthcare	O	O
pension	O	O
share	O	O
option	O	O
company	O	O
award	O	O
win	O	O
and	O	O
highly	O	O
profitable	O	O
independent	B	B
business	O	O
provide	O	O
endtoend	O	O
contract	O	O
perm	O	O
recruitment	O	O
solution	O	O
across	O	O
multiple	O	O

global	O	O
organisation	O	O
be	O	O
look	O	O
for	O	O
tenacious	O	O
and	O	O
hardworking	B	B
individual	O	O
that	O	O
have	O	O
the	O	O

the	O	O
firm	O	O
s	O	O
energy	B	B
group	O	O
carry	O	O
out	O	O
work	O	O
for	O	O

ability	B	B
to	I	I
communicate	I	I
effectively	O	O
with	O	O
a	O	O
wide	O	O
variety	O	O

greet	O	O
all	O	O
visitor	O	O
in	O	O
a	O	O
friendly,	O	O
courteous	O	O
and	B	B
efficient	I	I
manner	I	I
and	I	I
promote	O	O
our	O	O
client	O	O
healthcare	O	O

with	O	O
compete	O	O
deadline	O	O
and	O	O
priority	O	O
good	O	O
coaching	B	B
skills	I	I
to	O	O
posse	O	O
a	O	O
certificate	O	O
in	O	O

o	O	O
strong	O	O
team	B	B
working	I	I
and	I	I
interpersonal	I	O
skills	I	I

london	O	O
plus	O	O
great	O	O
benefit	O	O
my	O	O
client	O	O
be	O	O
a	O	O
super	O	O
independent	B	B
pr	O	O
communication	O	O
agency	O	O
reward	O	O
for	O	O
their	O	O
excite	O	O
and	O	O
imaginative	O	O
campaign	O	O

and	O	O
conceptual	O	O
think	O	O
ability	O	O
to	O	O
show	O	O
initiative	B	O
and	I	O
lateral	I	B
thinking	I	I
ability	O	O
to	O	O
create	O	O
solution	O	O
or	O	O

you	O	O
will	O	O
also	O	O
have	O	O
the	O	O
desire	B	B
to	I	I
learn	I	I
and	O	O
the	O	O
ability	O	O
to	O	O

experience	O	O
rmn	O	O
qualify	O	O
nurse,	O	O
to	O	O
work	O	O
for	O	O
a	O	O
lead	O	O
independent	O	O
camhs	B	B
unitthis	O	O
be	O	O
an	O	O
excellent	O	O
opportunity	O	O
for	O	O
any	O	O
band	O	O
5	O	O

interest	O	O
and	O	O
dynamic	B	B
business	O	O

meet	O	O
deadline	O	O
o	O	O
strong	O	O
interpersonal	O	O
skill,	O	O
client	O	O
service	B	B
oriented	I	I
and	I	I
resilient	O	O
o	O	O
conscientious,	O	O
selfmotivated	O	O

you	O	O
will	O	O
have	O	O
work	O	O
in	O	O
a	O	O
fast	O	O
pace	O	O
and	O	O
dynamic	B	B
environment,	O	O
lead	O	O
your	O	O
team	O	O
to	O	O
achieve	O	O
and	O	O
exceed	O	O
company	O	O

net	O	O
developer	O	O
to	O	O
join	O	O
one	O	O
of	O	O
the	O	O
most	O	O
dynamic	B	B
and	O	O
diverse	O	O
team	O	O
within	O	O
the	O	O
belfast	O	O
operation	O	O

product	O	O
service	O	O
to	O	O
your	O	O
prospective	O	O
customer	O	O
the	O	O
ability	B	B
to	I	I
listen	I	I
understand	O	O
and	O	O
retain	O	O
information	O	O

perform	O	O
vigorous	B	B
check	O	O
on	O	O
their	O	O
candidate,	O	O

park	O	O
hospital	O	O
part	O	O
of	O	O
priory	O	O
healthcare	O	O
be	O	O
an	O	O
independent	B	B
1	O	O
bed	O	O
hospital	O	O
set	O	O
in	O	O
23	O	O
acre	O	O
of	O	O
parkland	O	O
on	O	O

a	O	O
our	O	O
client	O	O
be	O	O
a	O	O
world	O	O
leader	B	B
in	O	O
aerospace	O	O
defence	O	O
system	O	O
you	O	O

successful	O	O
bill	O	O
a	O	O
consistent	O	O
career	O	O
record	O	O
excellent	O	O
self	B	B
management	I	I
and	I	I
organisational	I	I
skills	I	I
in	O	O
return,	O	O
you	O	O
will	O	O

want	O	O
to	O	O
work	O	O
for	O	O
a	O	O
dynamic,	O	O
forward	O	O
thinking	B	B
energetic	I	I
company,	O	O
simply	O	O
send	O	O

b	O	O
service	O	O
manager	O	O
who	O	O
can	O	O
demonstrate	O	O
a	O	O
dedication	B	B
to	I	O
quality	I	O
service	O	O

to	O	O
be	O	O
a	O	O
confident	O	O
communicator	O	O
and	O	O
a	O	O
quick	B	B
learner	I	I

the	O	O
wider	O	O
sale	O	O
function	O	O
with	O	O
respect	O	O
to	O	O
key	O	O
account	O	O
and	O	O
independent	B	B
pharmacy	O	O
prepare	O	O
report	O	O
and	O	O
analyse	O	O
on	O	O
key	O	O
customer	O	O
for	O	O
presentation	O	O

lead	O	O
or	O	O
work	O	O
within	O	O
project	O	O
team	O	O
though	O	O
some	O	O
independent	B	B
work,	O	O
include	O	O
placement	O	O
at	O	O
client	O	O
sit,	O	O
may	O	O
be	O	O

person	O	O
specification	O	O
excellent	O	O
influence	O	O
and	O	O
team	B	B
working	I	I
skill	O	O

problem	O	O
management	O	O
skill	O	O
service,	O	O
customer	O	O
and	O	O
client	O	O
focus	O	O
excellent	O	O
team	O	O
working	B	B
good	I	I
collaboration	O	O
and	O	O
negotiation	O	O
skill	O	O
ability	O	O
to	O	O

department,	O	O
local	O	O
authority,	O	O
nh	O	O
organisation	O	O
and	O	O
voluntary	O	O
and	O	O
independent	O	O
provider	O	O
throughout	B	B
the	O	O
uk	O	O
the	O	O
successful	O	O
candidate	O	O
must	O	O
have	O	O
the	O	O

an	O	O
ambitious	O	O
and	O	O
dynamic	B	B
personality	O	O
a	O	O
high	O	O
achiever	O	O
with	O	O
a	O	O
consultative	O	O
approach	O	O
to	O	O
client	O	O

ajax	O	O
above	O	O
all,	O	O
you	O	O
need	O	O
to	O	O
display	O	O
analytical	O	O
thinking	B	B
strong	I	I
communication	O	O
skill	O	O
and	O	O

ability	O	B
and	O	I
willingness	B	B
to	I	I
travel	I	I
primarily	O	O
throughout	O	O
the	O	O
area	O	O
of	O	O

in	O	O
an	O	O
account	O	O
management	O	O
role	O	O
excellent	O	O
influencing	B	B
and	I	I
negotiating	I	I
skills	I	I
excellent	O	O
understand	O	O
of	O	O
relevant	O	O
sale	O	O

at	O	O
time,	O	O
it	O	O
require	O	O
a	O	O
high	O	O
level	O	O
of	B	B
commitment	I	I
and	I	I
motivation	I	I
in	I	I
reward	O	O
for	O	O
your	O	O
hard	O	O

to	O	O
drive	O	O
sale	O	O
excellent	O	O
plan	O	O
and	O	O
organising	B	B
excellent	I	I
analytical	I	I
skills	I	I
the	O	O
ability	O	O
to	O	O
interpret	O	O
financial	O	O

evolution	O	O
excellent	O	O
communication	O	O
skill	O	O
methodical	O	O
excellent	O	O
attention	B	B
to	I	I
detail	I	I
appreciation	O	O
of	O	O
the	O	O
interaction	O	O
between	O	O

our	O	O
client	O	O
be	O	O
a	O	O
major	O	O
independent	B	B
centre	O	O
of	O	O
scientific	O	O
excellence	O	O
in	O	O
the	O	O
field	O	O
of	O	O
occupational	O	O
and	O	O

effective	O	O
time	O	O
management	O	O
and	O	O
be	O	O
a	O	O
quick	B	B
learner	I	I

multiple	O	O
brand	O	O
and	O	O
have	O	O
a	O	O
strong	O	O
understanding	B	B
of	O	O
ux	O	O
requirement	O	O
this	O	O
be	O	O
a	O	O

you	O	O
must	O	O
be	O	O
a	O	O
good	O	O
communicator,	O	O
posse	O	O
great	O	O
team	O	O
working	B	B
skill,	I	I
be	O	O
process	O	O
orientate,	O	O
and	O	O
have	O	O
excellent	O	O

take	O	O
pride	O	O
and	O	O
produce	O	O
outstanding	O	O
effort	O	O
and	O	O
dedication	B	B

company	O	O
pride	O	O
there	O	O
self	O	O
on	O	O
be	O	O
innovative,	O	B
forward	O	O
thinking	B	I
and	I	I
technology	O	O
passionate	O	O

for	O	O
a	O	O
material	O	O
manager	O	O
have	O	O
arise	O	O
to	O	O
join	O	O
grow	O	O
global	O	O
dynamic	B	B
organisation	O	O
that	O	O
offer	O	O
a	O	O
great	O	O
opportunity	O	O
for	O	O
the	O	O
appoint	O	O
individual	O	O

you	O	O
must	O	O
be	O	O
organise,	O	O
methodical	O	O
trustworthy,	B	B
and	O	O
discreet,	O	O
be	O	O

of	O	O
the	O	O
ideal	O	O
candidate	O	O
an	O	O
ambitious	O	O
reliable	O	O
achiever	B	B
good	O	O
on	O	O
the	O	O
phone	O	O
with	O	O

the	O	O
company	O	O
be	O	O
currently	O	O
embark	O	O
on	O	O
a	O	O
vigorous	B	B
campaign	O	O
to	O	O
embed	O	O
discipline,	O	O
process	O	O

at	O	O
the	O	O
heart	O	O
of	O	O
the	O	O
company,	O	O
they	O	O
be	O	O
a	O	O
dynamic	O	O
organisation	B	B
that	O	O
pride	O	O
itself	O	O
on	O	O
offer	O	O
effective	O	O
solution,	O	O
value	O	O

incentive	O	O
program,	O	O
conference,	O	O
reward	O	O
program,	O	O
hospitality	O	O
and	O	O
team	O	O
building	O	O
day	O	O
and	B	B
various	I	I
ad	O	O
hoc	O	O

table	O	O
and	O	O
to	O	O
use	O	O
your	O	O
initiative	O	O
in	O	O
an	O	O
open	O	O
and	O	O
dynamic	B	B
environment	O	O

you	O	O
have	O	O
ambition,	O	O
bag	O	O
of	O	O
energy,	O	O
strong	O	O
writing	O	O
skills	O	O
attention	B	B
to	I	I
detail,	O	O
an	O	O

excellent	O	O
communication	O	O
skill	O	O
and	O	O
have	O	O
a	O	O
sociable	B	B
personality	I	I

work	O	O
ethic	O	O
team	O	O
player	O	O
quick	O	O
learner	O	O
solution	B	B
oriented	I	I
job	O	O
description	O	O
screen	O	O
incoming	O	O

excel	O	O
crucial	O	O
m	O	O
sql	O	O
server	O	O
preferable	O	O
good	O	O
time	B	B
management	I	I
and	O	O
plan	O	O
ability	O	O
to	O	O
work	O	O

technique,	O	O
whilst	O	O
work	O	O
a	O	O
part	O	O
of	O	O
a	O	O
grow	O	O
and	O	O
dynamic	O	O
team	B	B

opportunity	O	O
for	O	O
an	O	O
experience	O	O
automation	O	O
test	O	O
analyst	O	O
to	O	O
join	O	O
a	O	O
dynamic	B	B
consumer	O	O
service	O	O
organisation	O	O
go	O	O
through	O	O
a	O	O
large	O	O
business	O	O
transformation	O	O
programme	O	O

team	O	O
player	O	O
excellent	O	O
time	O	O
keep	O	O
punctual,	O	B
organise,	O	O
manages	O	O
time	O	O
effectively	B	B
proactive	I	I
approach	I	O
to	O	O
work	O	O
quickly	O	O

internal	O	O
sale	O	O
coordinator	O	O
include	O	O
be	O	O
well	O	O
organise,	O	O
articulate	O	O
and	B	B
have	O	O
an	O	O
excellent	O	O
phone	O	O

aaron	O	O
wallis	O	O
be	O	O
a	O	O
dynamic	B	B
sale	O	O
recruitment	O	O
business	O	O
that	O	O
have	O	O
steadily	O	O
grow	O	O
and	O	O
increase	O	O
market	O	O

and	O	O
be	O	O
look	O	O
for	O	O
someone	O	O
that	O	O
be	O	O
flexible	B	B
and	O	O
have	O	O
good	O	O
customer	O	O
service	O	O

applicant	O	O
should	O	O
be	O	O
well	O	O
organise,	O	O
systematic	O	O
and	B	B
have	O	O
a	O	O
minimum	O	O
of	O	O

schematic	O	O
and	O	O
or	O	O
mechanical	O	O
draw	O	O
prove	O	O
organizational	B	B
and	I	I
communication	I	I
skills	I	I
both	O	O
oral	O	O
and	O	O
write	O	O

and	O	O
swap	O	O
product	O	O
deliver	O	O
result	O	O
in	O	O
a	O	O
fast	O	O
move,	O	O
dynamic	O	O
environment	B	B
with	O	O
prove	O	O
ability	O	O
to	O	O
adapt	O	O
and	O	O
be	O	O
responsive	O	O
to	O	O

young	O	O
adult	O	O
with	O	O
physical	O	O
disability	O	O
whom	O	O
need	O	O
support	O	O
in	O	O
live	O	O
independent	B	B
live	O	O
in	O	O
their	O	O
own	O	O
home	O	O

or	O	O
equivalent	O	O
it	O	O
literate	O	O
with	O	O
an	O	O
ability	B	B
to	I	I
learn	I	I
new	O	O
application	O	O
and	O	O
be	O	O

management	O	O
tool	O	O
and	O	O
technique	O	O
who	O	O
can	O	O
demonstrate	O	O
planning	B	B
and	I	I
analytical	I	I
skills	I	I

analysis	O	O
of	O	O
market	O	O
data	O	O
and	O	O
campaign	O	O
effectiveness	B	B
and	O	O
make	O	O
invest	O	O
disinvest	O	O
recommendation	O	O
requirement	O	O

with	O	O
modern	O	O
web	O	O
cm,	O	O
a	O	O
structure	O	O
approach	O	O
to	O	O
use	O	O
dynamic	O	O
language	B	B
and	O	O
the	O	O
prove	O	O
ability	O	O
to	O	O
form	O	O
excellent	O	O
work	O	O
relationship	O	O

and	O	O
continue	O	O
to	O	O
grow	O	O
with	O	O
an	O	O
aggressive	B	B
npd	O	O
and	O	O
promotional	O	O
programme	O	O

highly	O	O
applaud	O	O
global	O	O
integrate	O	O
independent	B	B
be	O	O
look	O	O
for	O	O
a	O	O
high	O	O
calibre	O	O
digital	O	O
plan	O	O
director	O	O
to	O	O

the	O	O
team	O	O
also	O	O
provide	O	O
governance	O	O
over	O	O
the	O	O
independent	B	B
price	O	O
and	O	O
reserve	O	O
production	O	O
work	O	O

have	O	O
arise	O	O
for	O	O
a	O	O
dedicate	O	O
dental	O	O
nurse	O	O
to	O	O
join	O	O
a	O	O
lively	B	B
practice	O	O
in	O	O
high	O	O
wycombe	O	O
part	O	O
time	O	O

information,	O	O
evidence	O	O
base	O	O
practice	O	O
and	O	O
patient	O	O
counseling	O	B
include	B	B
participation	O	O
in	O	O
ward	O	O
round	O	O

technique	O	O
and	O	O
web	O	O
development	O	O
knowledge	O	O
and	O	O
skill	O	O
team	B	B
management	I	I
skills	I	I
project	O	O
and	O	O
organisational	O	O
skill	O	O

be	O	O
responsible	O	O
for	O	O
effective	O	O
prioritisation	O	O
and	O	O
collaborative	O	O
team	B	B
working	I	I
provide	O	O
effective	O	O
knowledge	O	O
management	O	O

now	O	O
look	O	O
for	O	O
an	O	O
experience	O	O
street	O	O
fundraise	O	O
team	B	B
leader	I	I
or	O	O
a	O	O
strong	O	O
fundraiser	O	O

provide	O	O
open,	O	O
timely	O	O
and	O	O
constructive	O	O
feedback	B	B
to	I	I
others	O	O

in	O	O
our	O	O
client	O	O
have	O	O
grow	O	O
into	O	O
europe	O	O
'	O	O
s	O	O
lead	B	B
independent	O	O
lease	O	O
company	O	O
specialise	O	O
in	O	O

responsibility	O	O
provide	O	O
quality	O	O
assurance	O	O
and	O	O
independent	B	B
advice	O	O
to	O	O
our	O	O
client	O	O
on	O	O
their	O	O
digital	O	O
transformation	O	O
program	O	O
lead	O	O

a	O	O
an	O	O
internally	O	O
base	O	O
sale	O	O
executive	O	O
work	O	O
in	O	O
a	O	O
lively	B	B
and	O	O
competitive	O	O
team	O	O
environment,	O	O
you	O	O
will	O	O
be	O	O
task	O	O
with	O	O

employee	O	O
be	O	O
work	O	O
in	O	O
an	O	O
effective	O	O
and	O	O
productive	B	B
manner	O	I
through	O	O
effective	O	O
production	O	O
management	O	O

and	O	O
requirement	O	O
customer	O	O
care	O	O
be	O	O
polite	O	O
and	O	O
respectful	B	B
carry	O	O
electrical	O	O
test,	O	O
maintenance,	O	O

welldeveloped	O	O
all	O	O
round	O	O
communication	O	O
and	O	O
listening	B	B
skills	I	I
with	O	O
experience	O	O
to	O	O
lead,	O	O
motivate	O	O

your	O	O
key	O	O
role	O	O
will	O	O
involve	O	O
innovative	B	B
thinking	I	I
couple	O	O
with	O	O
design	O	O
knowledge	O	O
and	O	O

you	O	O
want	O	O
to	O	O
work	O	O
for	O	O
a	O	O
fastpaced,	O	O
excite	O	O
and	O	O
dynamic	O	O
organisation	B	B
with	O	O
mass	O	O
of	O	O
career	O	O
potential	O	O
then	O	O
we	O	O
want	O	O

all	O	O
of	O	O
our	O	O
client	O	O
customer	O	O
and	O	O
show	O	O
empathy	B	B
for	O	O
the	O	O
customer	O	O
at	O	O
all	O	O

coordinator	O	O
and	O	O
have	O	O
fluent	O	O
brazilian	O	O
portuguese	O	O
language	B	B
skills	I	I
and	O	O
live	O	O
within	O	O
a	O	O

keywordspersonal	O	O
characteristic	O	O
maintain	O	O
standard	O	O
of	O	O
conduct	O	O
posse	O	O
cultural	B	B
awareness	I	I
and	I	O
sensitivity	I	B
flexibility	O	O
demonstrate	O	O
a	O	O
dedication	O	O

fantastic	O	O
opportunity	O	O
to	O	O
join	O	O
this	O	O
fastgrowing,	O	O
dynamic	O	O
organisation	B	B
base	O	O
near	O	O
banbury	O	O

in	O	O
some	O	O
of	O	O
the	O	O
uk	O	O
s	O	O
most	O	O
complex	O	O
and	O	O
dynamic	B	B
project	O	O
and	O	O
come	O	O
from	O	O
an	O	O
it	O	O
or	O	O
telecommunication	O	O
background	O	O
we	O	O

correct	B	B
reporting	I	I
of	O	O
any	O	O
security	O	O
health	O	O
safety	O	O
issue,	O	O

they	O	O
be	O	O
look	O	O
for	O	O
a	O	O
candidate	O	O
who	O	O
thrive	O	O
within	O	O
a	O	O
dynamic	B	B
environment	O	O
but	O	O
who	O	O
can	O	O
pay	O	O
close	O	O
attention	O	O
to	O	O
detail	O	O
and	O	O

hire	O	O
client	O	O
base	O	O
so	O	O
there	O	O
be	O	O
massive	O	O
scope	O	O
for	O	O
a	O	O
dynamic	B	B
recruiter	O	O
to	O	O
make	O	O
some	O	O
serious	O	O
money	O	O
and	O	O
build	O	O
a	O	O
career	O	O

great	O	O
majority	O	O
of	O	O
them	O	O
to	O	O
make	O	O
good	O	O
progress	B	O
rigorous	I	B
analysis	O	O
of	O	O
pupils	O	O
'	O	O

improve	O	O
customer	O	O
service	O	O
and	O	O
business	O	O
continuity,	O	O
couple	O	O
with	O	O
an	O	O
aggressive	O	O
growth	B	B
plan	O	O
which	O	O
require	O	O
high	O	O
quality	O	O
sale	O	O
people	O	O
on	O	O
board	O	O

face	O	O
to	O	O
face	O	O
client	O	O
visit	O	O
per	O	O
week	O	O
into	O	O
the	O	O
lead	O	O
independent	B	B
retailer	O	O
in	O	O
order	O	O
to	O	O
promote	O	O
the	O	O
company	O	O
'	O	O
s	O	O
extensive	O	O

to	O	O
jump	O	O
into	O	O
new	O	O
project	O	O
and	O	O
love	O	O
learning	B	B
new	I	I
skills	I	I
then	O	O
this	O	O
would	O	O
be	O	O
the	O	O

our	O	O
client	O	O
be	O	O
a	O	O
lead	O	O
uk	O	O
provider	O	O
of	O	O
independent	B	B
healthcare,	O	O
part	O	O
of	O	O
a	O	O
national	O	O
network	O	O
of	O	O
hospital	O	O

must	O	O
be	O	O
a	O	O
team	B	B
oriented	I	I
person	O	I
with	O	O
a	O	O
can	O	O

the	O	O
contract	O	O
to	O	O
deliver	O	O
the	O	O
offender	O	O
learning	B	B
and	I	I
skills	I	I
service	O	O
at	O	O
various	O	O
prison	O	O

third	O	O
party	O	O
contract	O	O
organisation	O	O
in	O	O
a	O	O
diplomatic	B	B
and	I	I
professional	I	I
manner	I	I
to	O	O
ensure	O	O
that	O	O
all	O	O

or	O	O
cancer	O	O
research	O	O
and	O	O
will	O	O
be	O	O
support	O	O
to	O	O
establish	O	O
an	O	O
independent	B	B
research	O	O
team	O	O
work	O	O
in	O	O
the	O	O
field	O	O
of	O	O
immunology	O	O

deal	O	O
with	O	O
dynamic	B	B
package	O	O
tailormade	O	O
itinerary,	O	O
along	O	O
with	O	O
package	O	O
holiday	O	O

of	O	O
know	O	O
that	O	O
you	O	O
'	O	O
re	O	O
work	O	O
for	O	O
a	O	O
grow,	O	O
dynamic	B	B
and	O	O
successful	O	O
business	O	O

qualification	O	O
or	O	O
experience	O	O
in	O	O
counselling	B	B
skills	I	I

in	O	O
central	O	O
london	O	O
c	O	O
k	O	O
our	O	O
client	O	O
be	O	O
a	O	O
very	O	O
successful	O	O
independent	B	B
restaurant	O	O
operator,	O	O
with	O	O
two	O	O
restaurant	O	O
in	O	O
london	O	O
and	O	O
three	O	O

,	O	O
where	O	O
they	O	O
will	O	O
be	O	O
give	O	O
autonomy	O	O
to	O	O
provide	O	O
expert	O	O
independent	B	B
advice	O	O
and	O	O
head	O	O
a	O	O
team	O	O
of	O	O
like	O	O
mind	O	O
individual	O	O

this	O	O
be	O	O
a	O	O
great	O	O
opportunity	O	O
to	O	O
join	O	O
an	O	O
excite	O	O
expand	O	O
team	B	B
working	I	I
for	O	O
a	O	O
market	O	O
leader	O	O
in	O	O
there	O	O
field	O	O

adequate	O	O
test	O	O
of	O	O
the	O	O
highest	O	O
scientific,	O	O
ethical	O	O
and	B	B
professional	I	I
standards	I	I
appropriate	I	I
risk	O	O
management	O	O
strategy	O	O
and	O	O

creative,	O	O
systematic	O	O
hardworking,	B	B
detail	O	O
mind	O	O
with	O	O

of	O	O
individual	O	O
of	O	O
vary	O	O
seniority	O	O
able	O	O
to	O	O
work	B	B
collaboratively	I	I
and	O	O
provide	O	O
quality	O	O
service,	O	O
internally	O	O

email	O	O
strategy	O	O
such	O	O
a	O	O
behaviouralbased	O	O
trigger	O	O
email	O	O
and	O	O
use	O	O
of	O	O
dynamic	B	B
content	O	O
about	O	O
you	O	O
you	O	O
must	O	O
have	O	O
solid	O	O
understand	O	O
of	O	O

it	O	O
really	O	O
present	O	O
an	O	O
excellent	O	O
opportunity	O	O
to	O	O
work	B	B
in	I	I
a	I	I
high	I	I
pressure	I	I
environment	O	O
that	O	O
will	O	O
push	O	O
on	O	O

they	O	O
be	O	O
look	O	O
to	O	O
add	O	O
a	O	O
dynamic	B	B
professional	O	O
to	O	O
their	O	O
sale	O	O
team	O	O
to	O	O
become	O	O
part	O	O
of	O	O
their	O	O

a	O	O
high	O	O
standard	O	O
of	O	O
personal	O	O
presentation	O	O
confident,	O	O
professional	O	O
and	B	B
welcoming	I	I
personality	I	I
benefit	I	I
holiday	O	O
include	O	O

guarantee	O	O
you	O	O
the	O	O
opportunity	O	O
to	O	O
work	O	O
in	O	O
a	O	O
supportive	O	O
and	O	O
dynamic	B	B
agency	O	O
and	O	O
take	O	O
an	O	O
integral	O	O
role	O	O
in	O	O
shape	O	O
the	O	O
future	O	O

and	O	O
develop	O	O
opportunity	O	O
for	O	O
new	O	O
business	O	O
a	O	O
willingness	B	B
to	I	I
learn	I	I
grow	O	O
and	O	O
stretch	O	O
into	O	O
new	O	O

charter	O	O
institute	O	O
of	O	O
purchase	O	O
supply	O	O
professional	B	O
code	I	O
of	I	O
ethicsmeridian	I	B
business	O	O
support	O	O
be	O	O
act	O	O

a	O	O
cover	O	O
letter	O	O
uk	O	O
work	O	O
experience	O	O
availability	B	B
to	O	O
work	O	O
cv	O	O
should	O	O

an	O	O
outgoing	B	B
personality	I	I
and	O	O
a	O	O
great	O	O
sense	O	O

be	O	O
you	O	O
a	O	O
hr	O	O
generalist	O	O
with	O	O
customer	B	B
service	I	I
orientation	I	I

dynamic	B	O
digital	O	O
market	O	O
team	O	O
the	O	O
online	O	O
market	O	O
coordinator	O	B
will	O	O
take	O	O
ownership	O	O

dynamite	O	O
finance	O	O
be	O	O
proud	O	O
to	O	O
be	O	O
represent	O	O
this	O	O
dynamic	B	B
organisation	O	O
in	O	O
the	O	O
hampshire	O	O
area,	O	O
currently	O	O
seek	O	O
a	O	O
part	O	O

understand	O	O
of	O	O
dynamic	B	B
price	O	O
and	O	O
application	O	O
of	O	O
revenue	O	O
management	O	O

system	O	O
design	O	O
engineer	O	O
electronic	O	O
fire	O	O
security	O	O
system	O	O
lead	O	O
independent	B	B
installer	O	O
of	O	O
fire	O	O
alarm	O	O
and	O	O
electronic	O	O
security	O	O
solution,	O	O
require	O	O

generate	O	O
sale	O	O
lead,	O	O
maintain	O	O
and	O	O
build	O	O
client	O	O
relationships	B	B

we	O	O
be	O	O
the	O	O
uk	O	O
s	O	O
lead	O	O
independent	B	B
provider	O	O
of	O	O
healthcare	O	O
bank	O	O
staff	O	O
management	O	O
service	O	O
and	O	O
also	O	O
provide	O	O

we	O	O
require	O	O
an	O	O
enthusiastic,	O	O
reliable	O	O
and	O	O
dedicated	O	O
person	B	B
to	I	I
join	O	O
our	O	O
management	O	O

cnc	O	O
setter,	O	O
operator,	O	O
programmer	O	O
to	O	O
join	O	O
their	O	O
expand	O	O
team	O	O
working	O	O
mainly	B	B
on	I	I
mill	O	O
machine	O	O

flexible,	O	O
have	O	O
good	O	O
it	O	O
skill,	O	O
have	O	O
the	O	O
ability	O	O
to	O	O
organize	B	B
workload	I	I
effectively	I	I
and	O	O
work	O	O
independently	O	O

literacy	O	O
skill	O	O
commercially	O	O
mind	O	O
customer	O	O
focus	O	O
stock	O	O
management	B	B
skills	I	I
people	O	I
management	I	I
skills	I	I
good	O	O
leadership	O	O
skill	O	O
team	O	O

good	O	O
communicator	O	O
and	O	O
have	O	O
a	O	O
keen	O	O
interest	B	B
to	I	I
learn	I	I
about	O	O
the	O	O
next	O	O
generation	O	O
of	O	O

a	O	O
team	O	O
amp	O	O
to	O	O
develop	O	O
your	O	O
career	O	O
in	O	O
a	O	O
dynamic	B	B
and	O	O
marketleading	O	O
company	O	O

language	O	O
and	O	O
will	O	O
also	O	O
have	O	O
fluent	O	O
english	O	O
language	B	B
skills	I	I

need	O	O
by	O	O
one	O	O
of	O	O
the	O	O
most	O	O
innovative	B	B
and	I	I
forward	I	I
thinking	I	I
ecommerce	O	O
platform	O	O
on	O	O
the	O	O
web	O	O

background,	O	O
and	O	O
have	O	O
a	O	O
flair	O	O
and	O	O
originality	O	O
to	B	B
bring	O	O
to	O	O
the	O	O
team	O	O

different	O	O
culture	O	O
and	O	O
language,	O	O
with	O	O
a	O	O
dynamic	O	O
and	B	B
engaging	I	I
personality	I	O
who	I	I
have	O	O
an	O	O
enthusiasm	O	O

we	O	O
be	O	O
seek	O	O
an	O	O
enthusiastic,	O	O
hard	O	O
working	B	B
person	I	I
who	I	I
can	O	O
demonstrate	O	O
the	O	O
ability	O	O

look	O	O
for	O	O
an	O	O
opportunity	O	O
to	O	O
progress	O	O
their	O	O
career	O	O
in	O	O
a	O	O
dynamic	B	B
firm	O	O
and	O	O
gain	O	O
access	O	O
to	O	O
a	O	O
highly	O	O
challenge	O	O
but	O	O
reward	O	O

you	O	O
should	O	O
be	O	O
passionate	O	O
about	O	O
build	O	O
easytouse,	O	O
dynamic	O	O
ecommerce	B	B
interface	O	O
and	O	O
experience	O	O
that	O	O
be	O	O
engage,	O	O
simple,	O	O

outgo	O	O
with	O	O
excellent	O	O
creative	O	O
judgment	B	B
and	I	I
communication	I	I
skills	I	I

class	O	O
career	O	O
opportunity	O	O
to	O	O
develop	O	O
your	O	O
engineer	O	O
skill	O	O
in	O	O
a	O	O
dynamic	B	B
and	O	O
challenge	O	O
business	O	O

lively	B	B
staff	O	O
opportunity	O	O
in	O	O
train	O	O

our	O	O
client	O	O
be	O	O
a	O	O
major	O	O
provider	O	O
of	O	O
independent	B	B
healthcare	O	O
base	O	O
in	O	O
central	O	O
london	O	O
we	O	O
be	O	O
seek	O	O
a	O	O

and	O	O
brand	O	O
awareness	O	O
identify	O	O
partner	O	O
for	O	O
collaborative	B	B
activity	O	O
to	O	O
drive	O	O
brand	O	O

will	O	O
be	O	O
work	O	O
in	O	O
a	O	O
small	O	O
team	B	B
with	I	I
close	I	B
interaction	I	I
with	O	O
the	O	O
wider	O	O
hr	O	O
team	O	O

appeal	O	O
personality	B	O
and	I	O
managerial	I	B
skills	I	I
be	O	O
expect	O	O

general	O	O
manager	O	O
you	O	O
will	O	O
be	O	O
responsible	O	O
for	O	O
develop	O	O
a	O	O
strong	O	O
independent	B	B
brand	O	O
with	O	O
an	O	O
emphasis	O	O
on	O	O
real	O	O
ale	O	O
and	O	O
quality	O	O
food	O	O

be	O	O
look	O	O
for	O	O
a	O	O
talented	O	O
boyswear	O	O
designer	O	O
to	O	O
join	O	O
their	O	O
dynamic	B	B
design	O	O
team	O	O
to	O	O
create	O	O
commercial	O	O
garment	O	O
range	O	O
for	O	O
age	O	O

will	O	O
benefit	O	O
from	O	O
be	O	O
part	O	O
of	O	O
a	O	O
small,	O	O
dedicate	O	O
team	O	O
working	B	B
in	I	I
a	O	O
homely	O	O
environment	O	O
in	O	O
beautiful	O	O
surround	O	O

include	O	O
capability	O	O
with	O	O
formula	O	O
must	O	O
be	O	O
detailed	B	B
oriented	I	I
have	O	O
strong	O	O
presentation	O	O
and	O	O
project	O	O

candidate	O	O
must	O	O
be	O	O
drive	O	O
and	O	O
show	O	O
good	O	O
analytical	B	B
skill	O	O
a	O	O
well	O	O
a	O	O

look	O	O
for	O	O
talented	O	O
telephone	O	O
sale	O	O
people,	O	O
to	O	O
join	O	O
their	O	O
dynamic	O	O
and	B	B
busy	O	O
advertise	O	O
sale	O	O
department	O	O

tenacity,	O	O
toughmindedness	O	O
and	O	O
ability	O	O
to	O	O
influence	O	O
and	O	O
demonstrate	O	O
strong	O	O
team	O	O
working	B	B
ability	I	I
and	O	O
ownership	O	O
open	O	O
to	O	O
relocate	O	O
internationally	O	O
for	O	O
career	O	O

strong	O	O
work	O	B
ethic	O	I
and	O	O
commit	O	O
customer	O	O
service	B	I
mentality	I	O

a	O	O
collection	O	O
of	O	O
pub	O	O
with	O	O
an	O	O
independent	B	B
feel	O	O
where	O	O
professional	O	O
can	O	O
enjoy	O	O
great	O	O
fresh	O	O
food	O	O
and	O	O
one	O	O

grasp	O	O
and	O	O
interpret	O	O
new	O	O
technical	O	O
issue	O	O
quickly	O	O
political	B	B
awareness	I	I
strong	O	O
analytical	O	O
skill	O	O
about	O	O

venue	O	O
find	O	O
for	O	O
conference,	O	O
meet	O	O
and	O	O
event,	O	O
proposal	O	O
writing	O	O
client	B	B
and	I	I
venue	O	O
liaison	O	O

join	O	O
a	O	O
talented	O	O
it	O	O
team	B	O
in	I	O
beautiful	I	B
work	I	O
premise	O	O
in	O	O
surrey	O	O
and	O	O
middlesex	O	O

you	O	O
be	O	O
organise,	O	O
burst	O	O
with	O	O
idea	O	O
and	O	O
thrive	O	O
on	O	O
lively	O	O
challenge,	B	B
then	O	O
this	O	O
role	O	O
will	O	O
be	O	O
incredibly	O	O
stimulate	O	O
and	O	O

staff	O	O
capability	O	O
through	O	O
line	O	O
management	O	O
and	O	O
mentoring	B	B
skills	I	I
and	O	O
experience	O	O
a	O	O
prove	O	O

willingness	B	B
to	I	I
learn	I	I
and	O	O
contribute	O	O
to	O	O
our	O	O

project	O	O
in	O	O
term	O	O
of	O	O
develop	O	O
and	O	O
managing	B	B
people	I	I
and	I	I
tasks	I	I
manage	O	O
project	O	O
budget,	O	O
scope	O	O

ralph	O	O
kimball	O	O
inmon	O	O
excellent	O	O
analysis	O	O
business	O	I
analysis	B	I
skills	I	I
be	O	O
able	O	O
to	O	O
understand	O	O

and	O	O
it	O	O
skill,	O	O
well	O	O
develop	O	O
write	O	O
and	O	O
oral	O	O
skills	B	B
along	I	I
with	O	O
a	O	O
flexible	O	O
and	O	O

adept	B	O
at	I	I
networking	I	B
and	O	O
spot	O	O
opportunity,	O	O
you	O	O
be	O	O

gather	O	O
user	O	O
requirement	O	O
base	O	O
on	O	O
a	O	O
communicable	B	B
understand	O	O
of	O	O
diverse	O	O
audience	O	O
group	O	O

you	O	O
will	O	O
be	O	O
responsible	O	O
for	O	O
develop	O	O
a	O	O
dynamic	B	B
customer	O	O
segmentation	O	O
model	O	O
for	O	O
use	O	O
in	O	O
market	O	O
campaign	O	O
and	O	O
product	O	O
service	O	O

excite	O	O
opportunity	O	O
for	O	O
an	O	O
accomplish,	O	O
dynamic	O	O
business	B	B
development	O	O
manager	O	O
with	O	O
telecom	O	O
it	O	O
solution	O	O
experience	O	O
to	O	O
join	O	O

engineer	O	O
that	O	O
be	O	O
look	O	O
for	O	O
career	O	O
progression,	O	O
autonomy	O	O
and	B	B
the	O	O
chance	O	O
of	O	O

experience	O	O
in	O	O
a	O	O
similar	O	O
role	O	O
skill	O	O
consulting	B	B
skills	I	I
process	O	O
design	O	O
and	O	O
facilitation	O	O

and	O	O
engineer	O	O
strong	O	O
verbal,	O	O
write,	O	O
numerical	O	O
and	O	O
analytic	O	O
skills	O	O
with	B	B
the	I	I
ability	O	O
to	O	O

excellent	O	O
interpersonal,	O	O
communication	O	O
and	O	O
presentation	O	O
skill	O	O
a	O	O
self	O	O
starter	B	B
that	I	I
be	O	O
drive,	O	O
self	O	O

external	O	O
audit	O	O
background	O	O
and	O	O
have	O	O
good	O	O
experience	O	O
with	O	O
conduct	O	O
independent	B	B
firm	O	O
wide	O	O
audit	O	O
and	O	O
review	O	O
report	O	O
on	O	O
procedure	O	O
compliance	O	O

a	O	O
well	O	O
a	O	O
lead,	O	O
support	O	O
and	O	O
inspire	O	O
a	O	O
large	O	O
team	O	O
working	B	B
with	I	I
child	O	O
under	O	O
2	O	O
year	O	O

or	O	O
buyer	O	O
and	O	O
will	O	O
enjoy	O	O
work	O	O
a	O	O
part	O	O
of	O	O
a	O	O
dynamic	B	B
and	O	O
ambitious	O	O
team	O	O

service	O	O
for	O	O
young	O	O
adult	O	O
with	O	O
complex	O	O
need	O	O
and	O	O
autism	O	O
experience	O	O
independent	B	B
live	O	O
for	O	O
the	O	O
first	O	O
time	O	O
and	O	O
we	O	O
be	O	O
look	O	O
for	O	O

use	O	O
your	O	O
scientific	O	O
and	O	O
technical	O	O
skill	O	O
in	O	O
a	O	O
freethinking	O	O
and	O	O
dynamic	B	B
technical	O	O
consultancy	O	O

task	O	O
strong	O	O
communication,	O	O
presentation	O	O
and	O	O
organization	O	O
skill	O	O
quick	O	O
learning	B	B
skill,	I	I
able	O	O
to	O	O
work	O	O

work	O	O
of	O	O
the	O	O
team	O	O
and	O	O
in	O	O
learning	B	B
new	I	I
skills	I	I

you	O	O
will	O	O
be	O	O
a	O	O
hardworker	B	B
with	O	O
the	O	O
ability	O	O
to	O	O
excel	O	O

production	O	O
planner	O	O
to	O	O
enable	O	O
the	O	O
manufacture	O	O
schedule	B	B
in	O	O
develop	O	O
and	O	O
continuously	O	O
improve	O	O

be	O	O
confident	O	O
in	O	O
their	O	O
ability	O	O
and	O	O
be	O	O
quick	B	B
to	I	I
learn	I	I
new	O	O
procedure	O	O

age	O	O
concern	O	O
havering	O	O
be	O	O
an	O	O
establish,	O	O
independent	O	O
charity	B	B
and	O	O
company	O	O
limit	O	O
by	O	O
guarantee	O	O
that	O	O
provide	O	O
a	O	O
wide	O	O

eat	O	O
and	O	O
purchase	O	O
our	O	O
product,	O	O
we	O	O
be	O	O
seek	O	O
a	O	O
dynamic	O	O
and	B	B
entrepreneurial	O	O
brand	O	O
manager	O	O

with	O	O
online	O	O
trend,	O	O
technology	O	O
and	O	O
competitor	O	O
activity	O	O
resourceful	O	O
and	O	O
independent	O	O
can	B	B
work	O	O
to	O	O
deadline	O	O
and	O	O
standard	O	O
with	O	O
a	O	O
minimum	O	O
of	O	O

extensive	O	O
experience	O	O
in	O	O
a	O	O
similar	O	O
product	O	O
development	O	O
managerial	B	B
role	I	I
the	I	O
ability	I	I
to	O	O
motivate	O	O
a	O	O
team	O	O

to	O	O
encourage	O	O
cooperation	O	O
from	O	O
other	O	O
department	O	O
conflict	B	B
management	I	I
skills	I	I
thorough	O	O
understand	O	O
of	O	O
the	O	O

a	O	O
plus	O	O
you	O	O
need	O	O
to	O	O
be	O	O
detailed	B	B
oriented	I	I
positive	O	O
attitude	O	O
ability	O	O
to	O	O
communicate	O	O

be	O	O
seek	O	O
a	O	O
professional	O	O
teacher	O	O
who	O	O
have	O	O
empathy	B	B
initiative	O	O
and	O	O
enthusiasm	O	O

of	O	O
opportunity	O	O
that	O	O
come	O	O
about	O	O
through	O	O
creative	B	B
thinking	I	I
or	O	O
competitor	O	O
stagnation	O	O
gather	O	O

live	O	O
in	O	O
carers	O	O
who	O	O
can	O	O
offer	O	O
commitment	B	B
to	I	I
work	I	I
regularly,	O	O
in	O	O
order	O	O
to	O	O
deliver	O	O

be	O	O
please	O	O
to	O	O
present	O	O
an	O	O
opportunity	O	O
for	O	O
an	O	O
experience,	O	O
dynamic	O	O
and	B	B
highly	O	O
skilled	O	O
project	O	O
manager	O	O

for	O	O
money	O	O
solution	O	O
excellent	O	O
problem	O	O
solve	O	O
and	O	O
decision	B	B
making	I	I
abilities	I	I
include	O	O
multi	O	O
task	O	O
on	O	O
high	O	O
priority	O	O

in	O	O
a	O	O
manufacture	O	O
environment	O	O
prove	O	O
leadership	O	O
and	O	O
people	B	B
management	I	I
skills	I	I
high	O	O
level	O	O
of	O	O
commercial	O	O

to	O	O
get	O	O
all	O	O
the	O	O
benefit	O	O
of	O	O
work	O	O
with	O	O
a	O	O
large	O	O
independent	B	B
where	O	O
you	O	O
get	O	O
to	O	O
call	O	O
more	O	O
of	O	O
the	O	O
shot	O	O

of	O	O
employability	O	O
contract,	O	O
be	O	O
recruit	O	O
for	O	O
an	O	O
experience	O	O
and	O	O
dynamic	O	O
manager	B	B
to	O	O
motivate	O	O
and	O	O
support	O	O
a	O	O
team	O	O
of	O	O
staff	O	O
to	O	O

ensure	O	O
timely	O	O
completion	O	O
of	O	O
all	O	O
activity	O	O
good	O	O
communication	O	O
skill	O	O
excellent	O	O
team	B	B
working	I	I
skill	O	O

on	O	O
network	O	O
security	O	O
standard	O	O
and	O	O
framework	O	O
for	O	O
a	O	O
rapidly	O	O
grow	O	O
dynamic	B	B
global	O	O
investment	O	O
bank	O	O

,	O	O
you	O	O
will	O	O
deliver	O	O
a	O	O
range	O	O
of	O	O
subject	O	O
such	O	O
a	O	O
independent	B	B
live	O	O
and	O	O
access	O	O
the	O	O
community	O	O
to	O	O
our	O	O
learner	O	O
with	O	O
learn	O	O

good	O	O
communication	O	O
and	O	O
interpersonal	O	O
skill	O	O
and	O	O
a	O	O
flexible	B	B
and	O	O
positive	O	O
approach	O	O

peter	O	O
'	O	O
s	O	O
food	O	O
service	O	O
division	O	O
be	O	O
a	O	O
fast	O	O
grow,	O	O
dynamic	B	B
business	O	O
that	O	O
flourish	O	O
thank	O	O
to	O	O
the	O	O
people	O	O
we	O	O
attract,	O	O

first	O	O
class	O	O
customer	O	O
service	O	O
skill	O	O
be	O	O
hard	B	B
working	I	I
and	O	O
dedicate	O	O
to	O	O
apply	O	O

thorough	O	O
methodical	B	B
analysis	O	O
skill	O	O

couple	O	O
with	O	O
a	O	O
team	O	O
player	O	O
attitude	O	O
courteous	B	B
helpful	O	O
and	O	O
can	O	O
do	O	O
attitude	O	O

centre,	O	O
train	O	O
new	O	O
staff,	O	O
motivate	O	O
team,	O	O
provide	O	O
constructive	O	O
guidance	O	O
and	O	O
feedback	B	B
to	I	I
staff	I	I
member,	I	I
ensure	O	O
that	O	O

have	O	O
arise	O	O
for	O	O
a	O	O
supporter	O	O
care	O	O
assistant	O	O
to	O	O
join	O	O
our	O	O
dynamic	B	B
team	O	O
and	O	O
really	O	O
make	O	O
a	O	O
difference	O	O

education	O	O
per	O	O
annum	O	O
buck	O	O
new	O	O
university	O	O
be	O	O
a	O	O
dynamic	B	B
and	O	O
rapidly	O	O
expand	O	O
institution	O	O
with	O	O
a	O	O
diverse	O	O
portfolio	O	O
of	O	O
undergraduate	O	O

team	O	O
and	O	O
happy	O	O
pupil	O	O
who	O	O
be	O	O
eager	B	B
to	I	I
learn	I	I

this	O	O
company	O	O
be	O	O
a	O	O
innovative	O	O
and	O	O
dynamic	B	B
digital	O	O
market	O	O
agency	O	O
with	O	O
a	O	O
great	O	O
track	O	O
record	O	O
of	O	O
success	O	O

work	O	O
a	O	O
part	O	O
of	O	O
this	O	O
rapidly	O	O
grow,	O	O
dynamic	O	O
team	B	B
you	O	O
will	O	O
be	O	O
responsible	O	O
for	O	O
advise	O	O
the	O	O
partner,	O	O

you	O	O
would	O	O
join	O	O
a	O	O
busy	O	O
team	B	B
working	I	I
on	O	O
their	O	O
cost	O	O
management	O	O
framework	O	O
for	O	O
thames	O	O
water	O	O

west	O	O
dorset,	O	O
we	O	O
have	O	O
an	O	O
excellent	O	O
opportunity	O	O
for	O	O
a	O	O
dynamic	O	O
and	B	B
creative	O	O
individual	O	O
to	O	O
join	O	O
our	O	O
mechanical	O	O
engineer	O	O
team	O	O

the	O	O
ideal	O	O
candidate	O	O
will	O	O
qualify	O	O
will	O	O
be	O	O
from	O	O
with	O	O
an	O	O
independent	B	B
or	O	O
tie	O	O
background	O	O
with	O	O
an	O	O
excellent	O	O
knowledge	O	O
of	O	O
the	O	O
financial	O	O

experience	O	O
in	O	O
html,	O	O
javascript	O	O
and	O	O
frontend	O	O
technology	O	O
a	O	O
creative	O	O
market	B	B
leader	O	O
agency	O	O
be	O	O

sale	O	O
meet	O	O
and	O	O
present	O	O
result	O	O
for	O	O
management	O	O
reporting	B	I
skills	I	I
and	O	O
experience	O	O
at	O	O
least	O	O
2	O	O

to	O	O
be	O	O
responsible	B	B
for	O	O
the	O	O
quality	O	O
of	O	O

in	O	O
a	O	O
service	O	O
drive	O	O
environment	O	O
specialist	O	O
expertise	O	O
ability	B	B
to	I	I
analyze	I	I
configure	O	O
and	O	O
troubleshoot	O	O
small	O	O
size	O	O

test	O	O
framework	O	O
s	O	O
passion,	O	O
enthusiasm	O	O
and	O	O
a	O	O
communicative	O	O
approach	B	B
knowledge	O	O
of	O	O
xml	O	O
json	O	O

develop	O	O
relationship	O	O
with	O	O
senior	O	O
investment	O	O
professional	O	O
strong	O	O
commitment	B	B
to	I	I
teamwork	I	I
match	O	O
with	O	O
the	O	O
ability	O	O
to	O	O

solid	O	O
experience	O	O
in	O	O
user	O	O
interface	O	O
design	O	O
include	O	O
development	O	O
of	O	O
dynamic	B	B
web	O	O
application	O	O
page	O	O
and	O	O
control	O	O
use	O	O
javascript,	O	O
html,	O	O

approach	O	O
on	O	O
project	O	O
excellent	O	O
communication	O	O
skill	O	O
and	O	O
able	B	B
to	I	I
communicate	I	I
both	O	O
write	O	O
and	O	O
verbally	O	O

to	O	O
business	O	O
sale	O	O
executive	O	O
be	O	O
you	O	O
a	O	O
positive,	O	O
dynamic	O	O
and	B	B
proactive	O	O
sale	O	O
professional	O	O
be	O	O
you	O	O
look	O	O
for	O	O
an	O	O

great	O	O
work	O	O
environment	O	O
about	O	O
our	O	O
companykare	O	O
plus	O	O
be	O	O
the	O	O
lead	O	O
independent	B	B
provider	O	O
of	O	O
support	O	O
for	O	O
people	O	O
with	O	O
learn	O	O
disability,	O	O
autism	O	O

if	O	O
so,	O	O
read	O	O
on	O	O
our	O	O
very	O	O
busy	O	O
and	O	O
lively	O	O
sale	B	B
market	O	O
company	O	O
locate	O	O
in	O	O
the	O	O
heart	O	O
of	O	O
the	O	O
city	O	O

be	O	O
look	O	O
for	O	O
a	O	O
mobile	O	O
gas	O	O
engineer	O	O
to	O	O
join	O	O
their	O	O
team	B	B
working	I	I
on	O	O
a	O	O
portfolio	O	O
of	O	O
commercial	O	O
build	O	O
cover	O	O
nottingham,	O	O

experience	O	O
of	O	O
work	O	O
with	O	O
social	O	O
medium	O	O
strong	O	O
research	B	B
and	I	O
analytical	I	B
skills	I	I
to	O	O
be	O	O
consider	O	O
for	O	O
this	O	O

communication	O	O
and	O	O
presentation	O	O
financial	O	O
understand	O	O
resilient	O	O
counselling	B	B
skills	I	I
competent	O	O
user	O	O
of	O	O
microsoft	O	O
office	O	O

with	O	O
excite	O	O
expansion	O	O
plan	O	O
south	O	O
east	O	O
base	O	O
character	B	B
profile	O	O
fun	O	O
and	O	O
passionate	O	O

good	O	O
telephone	O	O
manner	O	O
be	O	O
essential	O	O
punctual	B	B
with	O	O
good	O	O
time	O	O
management	O	O
skill	O	O

target	O	O
so	O	O
if	O	O
you	O	O
be	O	O
proactive,	O	O
personable	O	O
and	B	B
have	O	O
the	O	O
drive	O	O
to	O	O

the	O	O
ability	B	B
to	I	I
plan	I	I
and	O	O
develop	O	O
a	O	O
pipeline	O	O
of	O	O

part	O	O
of	O	O
the	O	O
development	O	O
team	O	O
in	O	O
deliver	O	O
award	O	O
win,	O	O
dynamic	O	O
and	B	B
interactive	O	O
digital	O	O
solution	O	O

presentation	O	O
and	O	O
build	O	O
client	O	O
relationship	O	O
strong	O	O
self	B	B
and	I	O
team	I	B
organisational	I	I
skills	I	I

and	O	O
write	O	O
communication	O	O
skill	O	O
ability	O	O
to	O	O
use	O	O
critical	B	B
thinking	I	I
skill	O	O
to	O	O
determine	O	O
best	O	O
approach	O	O

superior	O	O
customer	O	O
service	O	O
in	O	O
a	O	O
fastpaced,	O	O
team	O	O
oriented	B	B
inbound	I	I
call	O	O
center	O	O

lead	O	O
experience	O	O
excellent	O	O
communication	O	O
skill	O	O
prove	O	O
negotiation	B	B
and	I	I
influencing	I	I
skills	I	I
strong	O	O
commercial	O	O
acumen	O	O
ability	O	O

client	O	O
be	O	O
now	O	O
seek	O	O
3x	O	O
account	O	O
manager	O	O
to	O	O
fulfil	O	O
an	O	O
aggressive	B	B
recruitment	O	O
drive	O	O
they	O	O
have	O	O
across	O	O
their	O	O
internal	O	O
sale	O	O
team	O	O

with	O	O
relevant	O	O
project	O	O
experience	O	O
and	O	O
a	O	O
willingness	B	B
to	I	I
learn	I	I
will	O	O
be	O	O
consider	O	O

web	O	O
service	O	O
searchability	O	O
be	O	O
delight	O	O
to	O	O
be	O	O
work	O	O
alongside	O	O
this	O	O
dynamic	B	B
healthcare	O	O
communication	O	O
company	O	O
in	O	O
their	O	O
search	O	O
software	O	O
developer,	O	O
base	O	O

new	O	O
product	O	O
development	O	O
excellent	O	O
verbal	O	O
write	O	O
and	O	O
presentation	B	B
skills	I	I
a	O	O
european	O	O
language	O	O
would	O	O

organise	O	O
and	O	O
professional,	O	O
you	O	O
will	O	O
also	O	O
be	O	O
outgoing	O	O
in	B	B
personality	O	O
and	O	O
have	O	O
highly	O	O

with	O	O
experience	O	O
of	O	O
large	O	O
capital	O	O
expenditure	O	O
project	O	O
indirects	O	O
to	O	O
join	O	O
lead	O	O
independent	B	B
provider	O	O
of	O	O
product	O	O
engineer,	O	O
research,	O	O
test	O	O
information	O	O
and	O	O

a	O	O
lead	O	O
fashion	O	O
design	O	O
brand	O	O
be	O	O
look	O	O
to	O	O
recruit	O	O
a	O	O
dynamic	B	B
assistant	O	O
manager	O	O
for	O	O
their	O	O
new	O	O
store	O	O
in	O	O
sheffield	O	O
this	O	O
store	O	O

phase	O	O
i	O	O
protocol	O	O
development	O	O
early	O	O
development	O	O
project	B	B
management	I	I
clinical	O	O
trial	O	O
head	O	O
cliincal	O	O

harris	O	O
associate	O	O
be	O	O
an	O	O
awardwinning	O	O
and	O	O
dynamic	B	B
leedsbased	O	O
pr	O	O
and	O	O
market	O	O
consultancy	O	O

production	O	O
candidate	O	O
should	O	O
be	O	O
a	O	O
strong	O	O
team	O	O
player	O	O
yet	O	O
an	O	O
aggressive	B	B
selfstarter	O	O
and	O	O
change	O	O
agent	O	O
who	O	O
need	O	O
little	O	O
supervision	O	O

people	O	O
who	O	O
want	O	O
to	O	O
work	O	O
in	O	O
a	O	O
fast	O	O
pace,	O	O
dynamic	O	O
environment	B	B

involve	O	O
work	O	O
both	O	O
a	O	O
a	O	O
junior	O	O
member	O	O
of	O	O
a	O	O
counsel	O	O
team	B	B
working	I	I
on	O	O
larger	O	O
case	O	O
and	O	O
manage	O	O
their	O	O
own	O	O
case	O	O
in	O	O

presence,	O	O
generate	O	O
lead	O	O
and	O	O
opportunity	O	O
and	O	O
be	O	O
consistent	O	O
with	B	B
the	O	O
overall	O	O
company	O	O

management	O	O
the	O	O
ability	B	B
to	I	I
organize	I	I
and	O	O
manage	O	O
multiple	O	O
territory	O	O
and	O	O

manager	O	O
eps	O	O
to	O	O
assist	O	O
in	O	O
creation	O	O
of	O	O
a	O	O
dynamic	B	B
environment	O	O
for	O	O
innovation	O	O
and	O	O
commercialisation	O	O
activity	O	O

skill,	O	O
ability	O	O
to	O	O
prioritise	O	O
own	O	O
workload,	O	O
ability	O	O
to	O	O
coordinate	B	B
and	I	I
resolve	I	I
a	O	O
variety	O	O

give	O	O
manager	O	O
to	O	O
join	O	O
a	O	O
dedicate,	O	O
forward	O	O
think	O	O
and	O	O
dynamic	O	O
charity	B	B

agree	O	O
budget	O	O
and	O	O
comply	O	O
results	B	B
orientation	I	I
go	O	O
the	O	O
extra	O	O
mile	O	O

work	O	O
in	O	O
a	O	O
dynamic	B	B
and	O	O
modern	O	O
office	O	O
you	O	O
will	O	O
be	O	O
contact	O	O
business	O	O
make	O	O
outbound	O	O

the	O	O
ideal	O	O
candidate	O	O
will	O	O
have	O	O
experience	O	O
in	O	O
facilitating	B	B
soft	I	I
skills	I	I
train	O	O
in	O	O
a	O	O
corporate	O	O

return	O	O
we	O	O
offer	O	O
the	O	O
chance	O	O
to	O	O
be	O	O
part	O	O
of	O	O
a	O	O
dynamic	B	B
service	O	O
run	O	O
by	O	O
a	O	O
commit	O	O
team,	O	O
excellent	O	O
train	O	O
and	O	O

concise	O	O
in	O	O
information	O	O
delivery	O	O
be	O	O
a	O	O
problem	B	B
solver	I	I
with	O	O
a	O	O
logical	O	O
and	O	O

to	O	O
continue	O	O
a	O	O
career	O	O
in	O	O
the	O	O
recruitment	O	O
sector	O	O
in	O	O
a	O	O
dynamic	B	B
and	O	O
challenge	O	O
role	O	O

itil	O	O
framework	O	O
will	O	O
be	O	O
advantageous	O	O
x	O	O
quality	B	B
minded	I	I
approach	O	O
familiar	O	O
with	O	O
project	O	O

management	O	O
skill	O	O
advantageous	O	O
excellent	O	O
communication	O	O
skill	O	O
excellent	O	O
team	B	B
building	I	I
skills	I	I
be	O	O
essential	O	O
for	O	O
this	O	O

home	O	O
be	O	O
focus	O	O
towards	O	O
independent	B	B
live	O	O
arrangement	O	O
and	O	O
create	O	O
a	O	O
support	O	O
live	O	O
environment	O	O

a	O	O
part	O	O
of	O	O
a	O	O
team	O	O
and	O	O
be	O	O
attentive	B	B
to	I	I
details	I	I

strong	O	O
track	O	O
record	O	O
in	O	O
a	O	O
fast	O	O
pace	O	O
sales	B	B
driven	I	I
environment	O	O

developer	O	O
to	O	O
join	O	O
a	O	O
rapidly	O	O
grow	O	O
technical	O	O
team	O	O
for	O	O
a	O	O
dynamic	B	B
company	O	O
operate	O	O
on	O	O
both	O	O
side	O	O
of	O	O
the	O	O
atlantic	O	O

graduate	O	O
who	O	O
be	O	O
interest	O	O
in	O	O
an	O	O
international	O	O
project	O	O
within	O	O
a	O	O
dynamic	B	B
and	O	O
grow	O	O
oil	O	O
service	O	O
organisation	O	O

security	O	O
and	O	O
ccdp	O	O
certify	O	O
experience	O	O
of	O	O
ethical	B	B
hack	O	O
and	O	O
penetration	O	O
test	O	O

experience	O	O
of	O	O
apply	O	O
clinical	O	O
reasoning	B	B
skills	I	I
across	O	O
a	O	O
range	O	O
and	O	O
vary	O	O

this	O	O
salford	O	O
pru	O	O
be	O	O
a	O	O
forwardthinking	O	O
and	O	O
dynamic	B	B
institution	O	O

work	O	O
in	O	O
a	O	O
busy,	O	O
active	O	O
and	O	O
lively	O	O
environment,	B	B
able	O	O
to	O	O
manage	O	O

rmn,	O	O
you	O	O
must	O	O
have	O	O
clear	O	O
write	O	O
and	O	O
verbal	O	O
skills	B	B
have	I	I
the	O	O
ability	O	O
to	O	O
ass,	O	O

that	O	O
be	O	O
french	O	O
speak	O	O
who	O	O
can	O	O
learn	B	B
quickly	I	I
and	O	O
assume	O	O
responsibility	O	O
in	O	O
a	O	O

skill	O	O
write	O	O
and	O	O
verbal	O	O
excellent	O	O
negotiation	O	O
and	O	O
conflict	B	B
management	I	I
skill	O	O
excellent	O	O
time	O	O
management	O	O
skill	O	O

be	O	O
the	O	O
free	O	O
destination	O	O
for	O	O
the	O	O
incurably	O	O
curious	B	B

excellent	O	O
assessment	O	O
skill,	O	O
along	O	O
with	O	O
good	O	O
reporting	O	O
writing	B	B
skills	I	B

achieve	O	O
sale	O	O
executive	O	O
to	O	O
join	O	O
a	O	O
fast	O	O
grow	O	O
and	O	O
very	O	O
dynamic	B	B
financial	O	O
business	O	O

excellent	O	O
write	O	O
and	O	O
oral	B	B
communication	I	I
skills	I	I
with	O	O
the	O	O
ability	O	O
to	O	O

accolade,	O	O
there	O	O
be	O	O
a	O	O
position	O	O
available	O	O
for	O	O
a	O	O
dynamic	O	O
talented	B	B
head	O	O
chef	O	O
to	O	O
lead	O	O
the	O	O
team	O	O

demonstrate	O	O
excellent	O	O
organisational	O	O
skill	O	O
and	O	O
self	B	B
motivation	I	I
excellent	O	O
problem	O	O
solve	O	O

similar	O	O
role,	O	O
ideally	O	O
within	O	O
volume	O	O
cater	O	O
excellent	O	O
managerial	O	O
skills	B	B
and	I	I
experience	O	O
of	O	O
manage	O	O
in	O	O

our	O	O
client	O	O
be	O	O
an	O	O
independent	B	B
firm	O	O
and	O	O
a	O	O
lead	O	O
provider	O	O
of	O	O
tax	O	O
service	O	O
to	O	O
client	O	O

a	O	O
no	O	O
1	O	O
on	O	O
site	O	O
manager	O	O
excellent	O	O
managerial	B	B
skills	I	I
able	O	O
to	O	O
drive	O	O
site	O	O
to	O	O

we	O	O
be	O	O
on	O	O
the	O	O
hunt	O	O
for	O	O
an	O	O
incredibly	O	O
talented	O	O
and	O	O
dynamic	B	B
pr	O	O
and	O	O
communication	O	O
expert	O	O
to	O	O
join	O	O
the	O	O
team	O	O
for	O	O
this	O	O

industry	O	O
3	O	O
year	O	O
project	O	O
management	O	O
experience	O	O
ability	B	B
to	I	I
travel	I	I
5	O	O
of	O	O
the	O	O
time	O	O

ability	O	O
to	O	O
work	B	O
and	I	O
thrive	I	O
in	I	O
high	I	I
pressure	I	I
environment,	O	O
work	O	O
to	O	O
tight	O	O

office	O	O
and	O	O
have	O	O
excellent	O	O
organization	O	O
and	O	O
prioritization	B	B
skills	I	I
so	O	O
a	O	O
to	O	O
satisfy	O	O
a	O	O

the	O	O
business	O	O
track	O	O
record	O	O
in	O	O
legal	O	O
compliance	O	O
communication	B	B
skill	I	I
in	O	O
crosscultural	O	O
environment	O	O
language	O	O
skill	O	O

team	O	O
comprehensive	O	O
and	O	O
practice	O	O
ability	O	O
in	O	O
project	O	B
management	B	I
skills	I	I
ability	O	O
to	O	O
manage	O	O
conflict	O	O

you	O	O
have	O	O
solid	O	O
experience	O	O
of	O	O
design	O	O
and	O	O
develop	O	O
website	O	O
with	O	O
dynamic	B	B
content	O	O
be	O	O
you	O	O
look	O	O
for	O	O
work	O	O
in	O	O
an	O	O
excite	O	O

our	O	O
client	O	O
be	O	O
one	O	O
of	O	O
the	O	O
world	O	O
s	O	O
largest	O	O
independent	B	B
supplier	O	O
of	O	O
aerostructures	O	O
and	O	O
system	O	O
within	O	O
the	O	O
aviation	O	O
market	O	O

in	O	O
line	O	O
with	O	O
policy	O	O
and	O	O
procedure	O	O
ability	B	B
to	I	I
communicate	I	I
with	O	O
various	O	O
stakeholder	O	O
i	O	O
e	O	O

ll	O	O
also	O	O
need	O	O
to	O	O
be	O	O
dynamic	O	B
and	O	O
innovative	B	O
in	O	O
drive	O	O
forward	O	O
engage	O	O
recommendation	O	O

they	O	O
require	O	O
dynamic	B	B
field	O	O
sale	O	O
executive	O	O
from	O	O
a	O	O
parcel	O	O
logistics	O	O
industry	O	O
background	O	O

offer	O	O
a	O	O
fantastic	O	O
train	O	O
programme	O	O
all	O	O
within	O	O
a	O	O
supportive,	O	O
team	O	O
working	B	B
environment	I	I

good	O	O
creative	B	B
evaluation	I	I
and	I	I
thinking	I	I
skills	I	I
to	O	O
develop	O	O
powerful	O	O
campaign	O	O

part	O	O
of	O	O
a	O	O
team	O	O
good	O	O
organisational	O	O
and	O	O
timemanagement	B	B
skills	I	I
a	O	O
positive	O	O
attitude	O	O
good	O	O

be	O	O
look	O	O
for	O	O
highly	O	O
motivate,	O	O
tenacious,	O	O
self	O	O
starters	O	O
look	B	B
to	I	I
maximise	O	O
their	O	O

advise	O	O
on	O	O
their	O	O
software,	O	O
perform	O	O
check	O	O
and	O	O
test	O	O
and	O	O
independent	O	O
report	B	B
and	O	O
documentation	O	O

learn	O	O
new	O	O
skill	O	O
a	O	O
necessary	O	O
have	O	O
good	O	O
communications	B	B
skills	I	I
have	O	O
good	O	O
organisation	O	O
skill	O	O
if	O	O

numeracy,	O	O
verbal	O	O
and	O	O
write	O	O
communication	O	O
skill	O	O
the	O	O
ability	O	O
to	B	B
persuade	I	I
through	I	I
use	O	O
of	O	O
qualitative	O	O

dependability,	O	O
persistence,	O	O
time	O	O
management,	O	O
independence,	O	O
documentation	O	O
skill,	O	O
reporting	O	O
skills	O	O
schedule	O	O

in	O	O
this	O	O
dynamic	B	B
role,	O	O
your	O	O
duty	O	O
will	O	O
include	O	O
achieve	O	O
kpi	O	O
'	O	O
s	O	O

and	O	O
the	O	O
ability	O	O
to	O	O
interpret	O	O
information	O	O
capable	O	O
problem	B	B
solving	I	I
skills	I	I
strong	O	O
client	O	O
face	O	O
experience	O	O
excellent	O	O

officer	O	O
and	O	O
volunteer,	O	O
you	O	O
will	O	O
develop	O	O
new,	O	O
innovative	O	O
approach,	O	O
build	B	B
a	O	O
robust	O	O
pipeline	O	O

presentable	O	O
and	O	O
professional	O	O
personal	O	O
appearance	O	O
self	O	O
confidence,	O	O
assertiveness	O	O
persuasion	B	B
and	O	O
persistence	O	O
high	O	O
personal	O	O

explore	O	O
cuttingedge	O	O
idea	O	O
please	O	O
apply	O	O
ashton	O	O
consult	O	O
ltd	O	O
be	O	O
an	O	O
independent	B	B
recruitment	O	O
consultancy	O	O
that	O	O
specialise	O	O
in	O	O
recruitment	O	O
solution	O	O
worldwide	O	O

you	O	O
will	O	O
have	O	O
the	O	O
ability	B	B
to	I	I
proactively	I	I
sell	I	I
promote,	O	O
meet	O	O
and	O	O
network	O	O
to	O	O

access	O	O
to	O	O
professional	O	O
and	O	O
personal	O	O
development	O	O
and	O	O
experience	O	O
within	O	O
a	O	O
dynamic	B	B
work	O	O
environment	O	O

,	O	O
a	O	O
well	O	O
a	O	O
the	O	O
opportunity	O	O
to	O	O
work	O	O
within	O	O
a	O	O
dynamic	B	B
department	O	O
in	O	O
one	O	O
of	O	O
the	O	O
largest	O	O
bank	O	O
in	O	O
the	O	O
world	O	O

or	O	O
equivalent,	O	O
you	O	O
will	O	O
have	O	O
excellent	O	O
communication,	O	O
advocacy	O	O
and	O	O
negotiation	B	B
skills	I	I
and	I	I
the	I	I
ability	O	O
to	O	O

the	O	O
ideal	O	O
candidate	O	O
will	O	O
have	O	O
a	O	O
mixture	O	O
of	O	O
brand	O	O
and	O	O
independent	B	B
experience,	O	O
with	O	O
a	O	O
prove	O	O
track	O	O
record	O	O
a	O	O
head	O	O
chef	O	O

able	O	O
to	O	O
program	O	O
in	O	O
one	O	O
or	O	O
more	O	O
dynamic	B	B
language	O	O
eg	O	O

deputy	O	O
manager	O	O
be	O	O
confident	O	O
individual	O	O
with	O	O
high	O	O
integrity	B	B
who	O	O
enjoy	O	O
management	O	O
without	O	O
wish	O	O

team	O	O
be	O	O
an	O	O
integral	O	O
member	O	O
of	O	O
the	O	O
company,	O	O
demonstrate	O	O
dynamic	O	O
and	B	B
entrepreneurial	O	O
think	O	O
the	O	O
ideal	O	O
candidate	O	O
will	O	O
have	O	O
experience	O	O

analytical	O	O
skill	O	O
be	O	O
confident	O	O
and	O	O
a	O	O
skilled	O	B
negotiator	B	I
have	O	O
previous	O	O
experience	O	O
of	O	O
manage	O	O

organise	O	O
with	O	O
excellent	O	O
project	O	O
management	O	O
and	O	O
writtenverbal	B	O
communication	I	I
skills	I	I

you	O	O
will	O	O
posse	O	O
a	O	O
professional	B	B
and	I	O
friendly	I	B
personality	I	I
with	O	O
a	O	O
commitment	O	O
to	O	O
provide	O	O

mine	O	O
equipment	O	O
in	O	O
order	O	O
to	O	O
maximise	O	O
availability	B	B
and	O	O
eliminate	O	O
loss	O	O
whilst	O	O
comply	O	O

and	O	O
identify	O	O
possible	O	O
solution	O	O
to	O	O
problem	O	O
advocacy	B	B
skills	I	I
ability	O	O
to	O	O
work	O	O
positively	O	O

our	O	O
client	O	O
be	O	O
a	O	O
market	O	O
lead	O	O
independent	B	B
steel	O	O
stockholder	O	O
with	O	O
their	O	O
own	O	O
distribution	O	O
fleet	O	O
and	O	O
site	O	O
across	O	O

understand	O	O
of	O	O
financial	O	O
dimension	O	O
and	O	O
contractual	O	O
obligation	O	O
team	B	B
building	I	I
skills	I	I
be	O	O
need	O	O
to	O	O
maximize	O	O

detailed	B	B
oriented	I	I
have	O	O
strong	O	O
presentation	O	O
and	O	O

you	O	O
be	O	O
interest	O	O
in	O	O
work	O	O
in	O	O
a	O	O
fast	O	O
pace,	O	O
dynamic	O	O
and	B	B
reward	O	O
work	O	O
environment	O	O
and	O	O
you	O	O
meet	O	O
the	O	O
requirement	O	O
of	O	O

for	O	O
a	O	O
high	O	O
calibre	O	O
optometrist	O	O
to	O	O
join	O	O
this	O	O
market	O	O
lead	O	O
independent	B	B
practice	O	O

above	O	O
and	O	O
use	O	O
these	O	O
skill	O	O
to	O	O
create	O	O
reliable	B	B
maintainable	O	O
system	O	O
which	O	O
can	O	O

selfmotivated,	O	O
assertive	O	O
and	O	O
with	O	O
a	O	O
rigorous	O	O
attention	O	B
to	B	B
detail	I	I
advance	I	I
skill	O	O
in	O	O
excel,	O	O
word	O	O

a	O	O
well	O	O
a	O	O
motivate	O	O
and	O	O
commit,	O	O
able	O	O
to	B	B
multitask	I	I
and	I	I
use	O	O
your	O	O
initiative	O	O

consultant	O	O
report	O	O
to	O	O
manage	O	O
director	O	O
main	O	O
duty	O	O
provide	O	O
independent	B	B
financial	O	O
advice	O	O
salary	O	O
range	O	O
negotiable	O	O
benefit	O	O
after	O	O
probation	O	O

and	O	O
you	O	O
will	O	O
work	O	O
within	O	O
one	O	O
of	O	O
our	O	O
busy	O	O
and	O	O
dynamic	B	B
contact	O	O
centre,	O	O
where	O	O
every	O	O
call	O	O
bring	O	O
the	O	O
chance	O	O
to	O	O

team	O	O
player	O	O
and	O	O
innovative	O	B
thinker	O	O
with	O	O
an	O	O
analytical	B	B
mind	I	I

meticulous	O	O
in	O	O
term	O	O
of	O	O
standard	O	O
and	O	O
a	O	O
challenger	B	O
of	O	O
norm	O	O
together	O	O
with	O	O

full	O	O
uk	O	O
drive	O	O
license	O	O
proposal	B	B
writing	I	I
skills	I	I
and	O	O
it	O	O
literacy	O	O
willingness	O	O

a	O	O
logical	O	O
approach	O	O
to	O	O
problem	O	O
solve,	O	O
be	O	O
self	O	O
confident	B	B
and	I	I
be	O	O
able	O	O
to	O	O
work	O	O

gamcare	O	O
s	O	O
future	O	O
plan	O	O
be	O	O
the	O	O
recruitment	O	O
of	O	O
a	O	O
dynamic	B	B
new	O	O
chief	O	O
executive	O	O
officer	O	O
for	O	O
the	O	O
business	O	O

this	O	O
wellestablished	O	O
company	O	O
be	O	O
look	O	O
for	O	O
a	O	O
lively	B	B
personality	I	I
to	O	O
join	O	O
their	O	O
establish	O	O

you	O	O
will	O	O
be	O	O
a	O	O
problem	B	B
solver	I	I
self	O	O
motivate	O	O
and	O	O
have	O	O

ote	O	O
k	O	O
our	O	O
client	O	O
be	O	O
the	O	O
largest	O	O
and	O	O
fastest	O	O
grow	O	O
independent	B	B
in	O	O
car	O	O
entertainment	O	O
retailer	O	O

supply	O	O
teach	O	O
work,	O	O
please	O	O
contact	O	O
nick	O	O
at	O	O
smart	O	O
teacher	B	B
today	O	O

be	O	O
proactive	O	O
l	O	O
be	O	O
a	O	O
motivate	O	O
and	O	O
independent	B	B
worker	I	I
while	O	O
also	O	O
be	O	O
able	O	O

sale	O	O
executive	O	O
within	O	O
the	O	O
emerge	O	O
market	O	O
will	O	O
be	O	O
enthusiastic,	O	O
independent	O	O
and	B	B
money	O	O
motivate,	O	O
look	O	O
for	O	O
the	O	O
next	O	O
step	O	O
in	O	O

be	O	O
you	O	O
a	O	O
dedicate	O	O
and	O	O
hard	B	B
worker	I	I
and	O	O
not	O	O
be	O	O
recognise	O	O

strong	O	O
analytical,	O	O
problemsolving	O	O
and	B	B
conceptual	O	O
skill	O	B

also	O	O
be	O	O
an	O	O
entrepreneur	O	O
with	O	O
the	O	O
autonomy	B	B
to	O	O
implement	O	O
clever	O	O
idea	O	O
for	O	O

good	O	O
public	B	B
speaking	I	I
skills	I	I
and	O	O
good	O	O
initiative	O	O
be	O	O

be	O	O
learn	O	O
how	O	O
to	O	O
develop	O	O
java	O	O
application	O	O
in	O	O
a	O	O
highly	O	O
dynamic	B	B
environment	O	O

strong	O	O
team	B	B
working	I	I
skill	O	O
a	O	O
well	O	O
a	O	O
be	O	O
able	O	O
to	O	O
work	O	O
on	O	O

this	O	O
be	O	O
an	O	O
opportunity	O	O
for	O	O
a	O	O
dynamic	B	B
and	O	O
drive	O	O
business	O	O
development	O	O
manager	O	O
to	O	O
join	O	O
a	O	O
respect	O	O
software	O	O

who	O	O
posse	O	O
flair,	O	O
style	O	O
and	O	O
an	O	O
outgoing	O	O
personality	B	B

an	O	O
individual	O	O
with	O	O
strong	O	O
plan	O	O
and	O	O
scheduling	B	B
skills	I	I
and	O	O
a	O	O
prove	O	O
ability	O	O
to	O	O

area	O	O
for	O	O
improvement	O	O
and	O	O
suggest	O	O
solution,	O	O
excellent	O	O
problemsolving	O	O
troubleshooting	B	B
skill	I	I
and	O	O
the	O	O
confidence	O	O

earn	O	O
potential	O	O
excellent	O	O
benefit	O	O
client	O	O
a	O	O
highly	O	O
profitable	O	O
lead	O	O
boutique	O	O
independent	B	B
recruitment	O	O
business	O	O
who	O	O
have	O	O
experience	O	O
year	O	O
on	O	O
year	O	O
growth	O	O
over	O	O

elderly	O	O
people	O	O
you	O	O
must	O	O
have	O	O
strong	O	O
staff	B	B
management	I	I
and	I	I
leadership	I	I
skills	I	I
we	O	O
be	O	O
look	O	O
for	O	O

able	O	O
to	O	O
demonstrate	O	O
great	O	O
accuracy	O	O
and	O	O
attention	B	B
to	I	I
detail	I	I
a	O	O
great	O	O
communicator,	O	O
able	O	O

portfolio	O	O
and	O	O
increase	O	O
percentage	O	O
penetration	O	O
friendly	O	O
outgoing	B	B
personality	I	I
with	O	O
a	O	O
passion	O	O
for	O	O

include	O	O
microsoft	O	O
office	O	O
an	O	O
assertive	O	O
and	O	O
tactful	B	B
manner	I	I
strong	O	O
objection	O	O
handle	O	O
and	O	O
problem	O	O

qualify	O	O
cima	O	O
or	O	O
acca	O	O
candidate	O	O
the	O	O
chance	O	O
to	O	O
join	O	O
a	O	O
dynamic	B	B
finance	O	O
team	O	O

passion	O	O
for	O	O
the	O	O
hospitality	O	O
industry	O	O
commit	O	O
and	O	O
reliable	B	B
salary	O	O
up	O	O
to	O	O

product	O	O
be	O	O
soft	O	O
furnish	O	O
and	O	O
fabric	O	O
to	O	O
independent	B	B
soft	O	O
furnish	O	O
retailer	O	O
and	O	O
interior	O	O
designer	O	O

you	O	O
will	O	O
be	O	O
target	O	O
on	O	O
generate	O	O
new	O	O
business	O	O
with	O	O
independent	B	B
retailer	O	O
and	O	O
the	O	O
convenience	O	O
sector	O	O

a	O	O
business	O	O
development	O	O
manager	O	O
your	O	O
primary	O	O
responsibility	B	B
will	O	O
to	O	O
engage	O	O
and	O	O
network	O	O

and	O	O
analytical	O	O
problem	O	O
solve	O	O
skill	O	O
talent	O	O
for	B	B
prioritizing	I	I
and	I	I
multitasking	I	I
in	O	O
a	O	O
fastpaced	O	O
environment	O	O

terminal	O	O
service	O	O
excellent	O	O
communication	O	O
skill	O	O
comfortable	O	O
field	O	O
call	O	O
in	O	O
a	O	O
dynamic	B	B
support	O	O
environment	O	O
strong	O	O
experience	O	O
with	O	O
talk	O	O
customer	O	O
through	O	O
to	O	O
resolution	O	O

preempt	O	O
query	O	O
from	O	O
the	O	O
business	O	O
leadership	O	B
and	O	I
managerial	B	I
skills	I	I
be	O	O
essential	O	O

field	O	O
sale	O	O
track	O	O
record	O	O
you	O	O
will	O	O
have	O	O
sell	O	O
to	O	O
small	O	O
independent	B	B
retailer	O	O
any	O	O
experience	O	O
of	O	O
run	O	O
your	O	O
own	O	O
business	O	O
or	O	O
franchise	O	O

pmo	O	O
manager	O	O
people	O	O
management	O	O
project	O	O
manager	O	O
team	B	B
leader	I	I
client	O	O
face	O	O

this	O	O
be	O	O
a	O	O
grow	O	O
agency	O	O
with	O	O
a	O	O
great	O	O
team	O	O
dynamic	B	B
and	O	O
strong	O	O
reputation	O	O
with	O	O
their	O	O
client	O	O

the	O	O
ability	B	B
to	I	I
listen	I	I
learn	O	O
and	O	O
adapt	O	O
your	O	O
strategy	O	O

work	O	O
for	O	O
an	O	O
independent	B	B
corporate	O	O
and	O	O
leisure	O	O
travel	O	O
company,	O	O
you	O	O
will	O	O
be	O	O
responsible	O	O

this	O	O
be	O	O
an	O	O
amaze	O	O
opportunity	O	O
to	O	O
join	O	O
a	O	O
busy	O	O
and	O	O
dynamic	B	B
company	O	O
a	O	O
a	O	O
key	O	O
member	O	O
of	O	O
the	O	O
team	O	O

base	O	O
in	O	O
london,	O	O
this	O	O
wellestablished	O	O
independent	O	O
agency	B	B
have	O	O
work	O	O
for	O	O
over	O	O
20	O	O
year	O	O
with	O	O
successful	O	O
client	O	O

strong	O	O
analytic	O	O
and	O	O
decision	B	B
making	I	I
abilities	I	I

cable	O	O
system	O	O
experience	O	O
of	O	O
manage	O	O
a	O	O
technical	O	O
team	O	O
in	O	O
a	O	O
dynamic	B	B
environment	O	O
an	O	O
ability	O	O
to	O	O
foster	O	O
and	O	O
maintain	O	O
a	O	O
culture	O	O
where	O	O

exceed	O	O
target,	O	O
and	O	O
be	O	O
able	O	O
demonstrate	O	O
excellent	O	O
communicating	O	O
skills	B	B
with	I	I
customer	O	O
service	O	O
experience,	O	O

solution	O	O
be	O	O
produce	O	O
for	O	O
own	O	O
department	O	O
manages	B	B
own	I	I
time	I	I
effectively	I	I
to	O	O
enable	O	O
adequate	O	O
preparation	O	O
to	O	O

analysis	O	O
of	O	O
system	O	O
level	O	O
rf	O	O
problem	O	O
report	O	O
writing	B	B
skills	I	I
and	O	O
pc	O	O
competent	O	O
with	O	O
excel	O	O

you	O	O
will	O	O
be	O	O
work	O	O
with	O	O
one	O	O
of	O	O
europe	O	O
s	O	O
lead	O	O
independent	B	B
provider	O	O
a	O	O
cisco	O	O
gold	O	O
partner	O	O
of	O	O
the	O	O
it	O	O
infrastructure	O	O
service	O	O

over	O	O
the	O	O
industrial	O	O
temporary	O	O
desk	O	O
for	O	O
this	O	O
long	O	O
establish	O	O
regional	O	O
independent	B	B
recruiter	O	O

background	O	O
a	O	O
well	O	O
a	O	O
excellent	O	O
communication	O	O
and	O	O
multitasking	B	B
skills	I	I

vision	O	O
and	O	O
who	O	O
thrive	O	O
in	O	O
our	O	O
complex,	O	O
diverse	O	O
and	O	O
dynamic	O	O
environment	B	B

team	O	O
be	O	O
you	O	O
someone	O	O
with	O	O
exceptional	O	O
communication,	O	O
interpersonal	O	O
and	O	O
team	O	O
working	B	B
skill	I	I
with	O	O
a	O	O
flexible	O	O
attitude	O	O
and	O	O
approach	O	O
to	O	O
work	O	O

build	O	O
and	O	O
maintain	O	O
community	O	O
online	O	O
naturally	O	O
curious	B	B
and	O	O
analytical	O	O
mindset	O	O
ability	O	O

excellent	O	O
customer	B	B
service	I	I
ethic	I	I

you	O	O
must	O	O
be	O	O
self	B	B
reliant	I	O
and	I	O
driven	I	I
for	O	O
success	O	O

k	O	O
plus	O	O
manchester	O	O
city	O	O
centre	O	O
our	O	O
client	O	O
be	O	O
a	O	O
small	O	O
independent	B	B
financial	O	O
service	O	O
company	O	O
who	O	O
have	O	O
be	O	O
establish	O	O
for	O	O
over	O	O
twenty	O	O

and	O	O
prepare	O	O
press	O	O
release	O	O
confident	O	O
communicator	O	O
and	O	O
team	B	B
player	I	I
excellent	O	O
interpersonal	O	O
skill	O	O
and	O	O

the	O	O
job	O	O
our	O	O
client	O	O
be	O	O
the	O	O
lead	O	O
independent	B	B
centre	O	O
of	O	O
engineer	O	O
design,	O	O
design	O	O
support	O	O
and	O	O
technical	O	O
service	O	O

the	O	O
chance	O	O
to	O	O
enhance	O	O
their	O	O
skill	O	O
in	O	O
a	O	O
fun	O	O
and	O	O
lively	B	B
environment	O	O

the	O	O
company	O	O
part	O	O
of	O	O
a	O	O
lead	O	O
independent	B	B
provider	O	O
of	O	O
health	O	O
and	O	O
social	O	O
care	O	O
to	O	O
elderly	O	O
citizen,	O	O

you	O	O
will	O	O
be	O	O
organise,	O	O
diligent	O	O
and	B	B
numerical	O	O

permanent,	O	O
full	O	O
time	O	O
role	O	O
day	O	O
or	O	O
night	O	O
this	O	O
excellent	O	O
independent	O	O
nurse	B	B
home	O	O
be	O	O
recruit	O	O
for	O	O
a	O	O
motivate	O	O
staff	O	O
nurse	O	O
to	O	O

licensure	O	O
in	O	O
clinical	O	O
social	O	O
work	O	O
or	O	O
counseling	B	B
lisw,	O	O
pcc	O	O
or	O	O
licdc	O	O

we	O	O
need	O	O
a	O	O
dynamic	B	B
and	O	O
tenacious	O	O
person	O	O
to	O	O
join	O	O
our	O	O
successful	O	O
fundraise	O	O
team,	O	O

graduate	O	O
teacher	O	O
or	O	O
work	O	O
towards	O	O
qualification	O	O
willing	B	B
to	I	I
learn	I	I
about	O	O
the	O	O
technology	O	O
within	O	O

a	O	O
goaloriented	B	B
selfstarter,	O	O
you	O	O
will	O	O
have	O	O

a	O	O
talented	O	O
php	O	O
lamp	O	O
programmer	O	O
to	O	O
join	O	O
our	O	O
highly	O	O
skilled	O	O
and	O	O
dynamic	B	B
development	O	O
team	O	O

in	O	O
telecom	O	O
preferredattention	O	O
to	O	O
detail	O	O
with	O	O
good	O	O
organizational	B	B
capabilitiesability	I	I
to	O	O
prioritize	O	O
with	O	O
good	O	O
time	O	O

strong	O	O
object	B	B
oriented	I	I
engineering	I	I
skills	I	I
and	O	O
a	O	O
keen	O	O
eye	O	O
for	O	O

be	O	O
an	O	O
independent	B	B
local	O	O
agency	O	O
which	O	O
specialize	O	O
in	O	O
the	O	O
recruitment	O	O
of	O	O
teacher	O	O
and	O	O

due	O	O
to	O	O
this	O	O
aggressive	B	B
expansion	O	O
our	O	O
client	O	O
be	O	O
actively	O	O
recruit	O	O
a	O	O
number	O	O
of	O	O
new	O	O

this	O	O
company	O	O
be	O	O
a	O	O
vibrate	O	O
and	O	O
dynamic	B	B
business	O	O
with	O	O
strong	O	O
growth	O	O
strategy	O	O
for	O	O
the	O	O
next	O	O
5	O	O
year	O	O

with	O	O
sound	O	O
data	O	O
demonstrate	O	O
ability	O	O
to	O	O
exercise	O	O
sound	B	B
judgment	I	I
in	O	O
a	O	O
fastpaced	O	O
environment	O	O
prove	O	O

spss	O	O
knowledge	O	O
desirable	O	O
personal	O	O
quality	O	O
exposure	O	O
to	O	O
project	B	B
management	I	I
skills	I	I
business	O	O
process	O	O
redesign	O	O
principle,	O	O

the	O	O
work	O	O
environment	O	O
be	O	O
fast	O	O
move	O	O
and	O	O
dynamic	B	B
hence	O	O
the	O	O
role	O	O
be	O	O
suit	O	O
to	O	O
someone	O	O
who	O	O
thrive	O	O
in	O	O

strong	O	O
conceptualization	B	B
skill	O	O
and	O	O
ability	O	O
to	O	O

sale	O	O
environment	O	O
enjoy	O	O
work	O	O
towards	O	O
challenge	O	O
target	O	O
be	B	B
very	I	O
creative	I	I
in	O	O
order	O	O
to	O	O
meet	O	O
the	O	O

by	O	O
phone	O	O
and	O	O
email	O	O
use	O	O
initiative	O	O
and	O	O
imagination	B	B
to	O	O
achieve	O	O
target	O	O
result,	O	O

this	O	O
be	O	O
a	O	O
post	O	O
a	O	O
an	O	O
independent	B	B
review	O	O
safeguard	O	O
officer	O	O

fresh	O	O
simple	O	O
italian	O	O
food	O	O
and	O	O
great	O	O
service	O	O
there	O	O
a	O	O
grow	O	O
dynamic	B	B
group	O	O
offer	O	O
great	O	O
train	O	O
and	O	O
opportunity	O	O
for	O	O
general	O	O
manager	O	O

our	O	O
client	O	O
be	O	O
a	O	O
commercial	O	O
and	O	O
dynamic	B	B
niche	O	O
organisation	O	O
with	O	O
a	O	O
reputation	O	O
for	O	O
excellence	O	O
and	O	O
knowledge	O	O

start	O	O
a	O	O
soon	O	O
a	O	O
possible,	O	O
a	O	O
dedicated	O	O
cleaner	B	B
to	O	O
help	O	O
provide	O	O
a	O	O

and	O	O
implementation	O	O
activity	O	O
experience	O	O
solid	O	O
client	O	O
face	O	O
consulting	B	B
skills	I	I
use	O	O
to	O	O
interact	O	O
with	O	O

and	O	O
customer	O	O
service	O	O
excellent	O	O
write	O	O
and	O	O
oral	O	O
communication	O	O
skill	O	O
excellent	O	O
team	B	B
working	I	I
skill	O	O
remuneration	O	O
excellent	O	O
salary	O	O
package,	O	O
flexi	O	O
work	O	O

presentable	O	O
individual	O	O
who	O	O
be	O	O
hard	O	B
work	O	O
and	O	O
polite	B	B

of	O	O
sell	O	O
diy,	O	O
build,	O	O
garden	O	O
product	O	O
into	O	O
either	O	O
independent	O	O
retailer	O	O
or	B	B
builder	O	O
merchant	O	O

above	O	O
all,	O	O
you	O	O
should	O	O
have	O	O
a	O	O
real	O	O
commitment	O	O
to	B	B
the	I	I
work	I	I
we	I	I
do	O	O
here	O	O
at	O	O

dk	O	O
associate	O	O
be	O	O
an	O	O
independent	B	B
recruitment	O	O
agency	O	O
base	O	O
in	O	O
nottingham	O	O
city	O	O
centre,	O	O
and	O	O
we	O	O

will	O	O
join	O	O
a	O	O
already	O	O
establish	O	O
team	O	O
of	O	O
engineer	O	O
in	O	O
a	O	O
dynamic	B	B
office	O	O
environment	O	O
in	O	O
newcastleupontyne	O	O
and	O	O
will	O	O
be	O	O
expect	O	O
to	O	O
carry	O	O

you	O	O
must	O	O
be	O	O
intuitive	O	O
with	O	O
excellent	O	O
decision	B	B
making	I	I
skills	I	I

or	O	O
very	O	O
close	O	O
to	O	O
completion	O	O
look	O	O
to	O	O
join	O	O
a	O	O
dynamic	B	B
and	O	O
fast	O	O
grow	O	O
company	O	O

to	O	O
liaise	O	O
with	O	O
customer	O	O
rigorous,	O	O
organize	O	O
strong	O	O
attention	O	O
to	B	B
details	I	I
computer	I	I
literate	O	O
live	O	O
at	O	O

and	O	O
the	O	O
successful	O	O
candidate	O	O
should	O	O
be	O	O
open	B	B
to	I	I
change	I	I
a	O	O
the	O	O
business	O	O
grow	O	O

market	O	O
research	B	O
and	I	O
analysis	I	B
skills	I	I

for	O	O
a	O	O
focus	O	O
manager	O	O
to	O	O
join	O	O
a	O	O
highly	O	O
reputable	O	O
and	O	O
dynamic	B	B
care	O	O
company	O	O
and	O	O
be	O	O
a	O	O
part	O	O
of	O	O
an	O	O
excellent	O	O
nurse	O	O

be	O	O
require	O	O
to	O	O
posse	O	O
exceptional	O	O
numerical	O	O
reasoning	B	B
skills	I	I
with	O	O
a	O	O
passion	O	O
for	O	O
business	O	O

ability	O	O
to	O	O
work	O	O
independently	O	O
enthusiastic	O	O
and	O	O
positive	B	B
attitude	I	I
about	O	O
expedia	O	O
our	O	O
mission	O	O
be	O	O

the	O	O
candidate	O	O
must	O	O
be	O	O
in	O	O
sympathy	B	B
with	O	O
the	O	O
christian	O	O
ethos	O	O

information	O	O
specialist	O	O
to	O	O
join	O	O
our	O	O
dedicate,	O	O
forward	O	O
think	O	O
and	O	O
dynamic	O	O
team	B	B

delivery	O	O
of	O	O
identify	O	O
project	O	O
and	O	O
program	O	O
ensure	O	O
rigorous	B	B
quality	O	O
assurance	O	O
management	O	O
system	O	O

salary	O	O
and	O	O
share	O	O
option	O	O
flame	O	O
pharma	O	O
be	O	O
work	O	O
with	O	O
an	O	O
independent	B	B
drug	O	O
development	O	O
company	O	O
in	O	O
secure	O	O
the	O	O
service	O	O
of	O	O
an	O	O
experience	O	O

result	O	O
focus	O	O
and	O	O
deadline	B	B
oriented	I	I
to	O	O
provide	O	O
timecritical	O	O
customer	O	O

organise	O	O
individual	O	O
with	O	O
strong	O	O
leadership	O	O
and	O	O
people	B	B
management	I	I
skills	I	I
experience	O	O
of	O	O
manage	O	O
multidisciplined	O	O

with	O	O
knowledge	O	O
of	O	O
full	O	O
market	O	O
mix	O	O
strong	O	O
project	B	B
management	I	I
skill	O	O
business	O	O
financial	O	O
awareness	O	O
include	O	O

strong	O	O
verbal	O	O
communication	O	O
and	O	O
letter	O	O
writing	B	I
skills	I	I

skill	O	O
target	O	O
drive,	O	O
confident,	O	O
proactive	O	O
dynamic	O	O
able	O	O
to	O	B
multitask	B	O
and	I	I
work	I	I
on	O	O
deadline	O	O
computer	O	O

over	O	O
900	O	O
office	O	O
throughout	O	O
the	O	O
uk	O	O
and	O	O
have	O	O
vacancy	O	O
for	O	O
dynamic	B	B
proactive	O	O
sale	O	O
negotiator	O	O

to	O	O
work	O	O
on	O	O
own	O	O
initiative	O	O
good	O	O
teamwork	B	B
excellent	O	O
communication	O	O
and	O	O
interpersonal	O	O

with	O	O
ideal	O	O
candidate	O	O
the	O	O
successful	O	O
applicant	O	O
will	O	O
be	O	O
charismatic,	O	O
dynamic	O	O
and	B	B
enthusiastic	O	O
with	O	O
experience	O	O
of	O	O
manage	O	O
in	O	O
a	O	O
fast	O	O
pace	O	O

you	O	O
must	O	O
be	O	O
flexible,	O	O
pragmatic	O	O
and	O	O
open	O	O
to	B	B
change	I	I
be	I	I
a	O	O
team	O	O
player	O	O

and	O	O
collate	O	O
data	O	O
prove	O	O
experience	O	O
of	O	O
be	O	O
able	B	B
to	I	I
communicate	I	I
with	O	O
academic	O	O
staff	O	O
and	O	O
student	O	O

multiskilled	O	O
good	O	O
communication,	O	O
plan	O	O
and	O	O
scheduling	O	O
skills	B	B

present	O	O
a	O	O
great	O	O
opportunity	O	O
to	O	O
progress	O	O
your	O	O
career	O	O
in	O	O
this	O	O
dynamic	B	B
sector	O	O
of	O	O
the	O	O
software	O	O
market	O	O

an	O	O
excite	O	O
opportunity	O	O
have	O	O
arise	O	O
for	O	O
an	O	O
innovative	B	B
creative	O	O
and	O	O
ambitious	O	O
chef	O	O

access	O	O
to	O	O
professional	O	O
and	O	O
personal	O	O
development	O	O
and	O	O
experience	O	O
within	O	O
a	O	O
dynamic	B	B
work	O	O
experience	O	O

experience	O	O
of	O	O
build	O	O
wire	O	O
and	O	O
cable,	O	O
industrial	O	O
flexible	O	O
cable,	B	B
domestic	O	O
flexible	O	O
cable,	O	O
industrial	I	B
armour	O	O
cable,	O	O
utility	O	O

the	O	O
team	O	O
it	O	O
be	O	O
an	O	O
incredibly	O	O
lively	B	B
office	O	O
space	O	O
full	O	O
of	O	O
character	O	O
who	O	O
enjoy	O	O
work	O	O
hard	O	O
and	O	O

acquisition	O	O
work	O	O
be	O	O
document	O	O
meticulously	O	O
by	O	O
diligent	B	B
maintenance	O	O
of	O	O
pv	O	O
checklist	O	O

sell	O	O
directly	O	O
into	O	O
independent	B	B
retailer,	O	O
multiple	O	O
retailer	O	O
and	O	O
large	O	O
national	O	O
group,	O	O
your	O	O

to	O	O
develop	O	O
lively,	O	O
enthusiastic	O	O
mind	O	O
through	O	O
a	O	O
creative	O	O
approach	B	B
to	I	I
the	O	O
curriculum	O	O
and	O	O

manner	O	O
self	O	O
discipline,	O	O
organise	O	O
and	O	O
highly	O	O
attentive	O	O
to	B	B
detail	O	O

requirement	O	O
precisely	O	O
and	O	O
to	O	O
agree	O	O
format	O	O
ability	B	B
to	I	I
communicate	I	I
complex	O	O
data	O	O
and	O	O
scenario	O	O

this	O	O
will	O	O
offer	O	O
you	O	O
the	O	O
chance	O	O
to	O	O
work	O	O
in	O	O
a	O	O
dynamic	B	B
team	O	O
who	O	O
be	O	O
focus	O	O
on	O	O
deliver	O	O
result	O	O
to	O	O
their	O	O
client	O	O

work	O	O
for	O	O
a	O	O
dynamic	B	B
company	O	O
who	O	O
be	O	O
expand	O	O
their	O	O
current	O	O
reception	O	O
team	O	O
this	O	O
dynamic	I	B

high	O	O
level	O	O
attention	O	O
to	O	O
detail	O	O
essential	O	O
proactive	B	B
in	I	I
the	I	I
approach	I	I
to	O	O
work	O	O
open	O	O
mind	O	O
to	O	O

must	O	O
have	O	O
a	O	O
confident	B	B
personality	I	I
and	O	O
be	O	O
comfortable	O	O
in	O	O

interdisciplinary	O	O
research	O	O
and	O	O
to	O	O
theoretically	O	O
inform	O	O
empirical	O	O
research	O	O
a	O	O
lively	B	B
and	O	O
active	O	O
interest	O	O
in	O	O
the	O	O
social,	O	O
intellectual,	O	O
material	O	O

a	O	O
dynamic	B	B
and	O	O
highly	O	O
organise	O	O
warehouse	O	O
manger	O	O
with	O	O
strong	O	O
management	O	O
and	O	O
organisational	O	O

strong	O	O
javascript	O	O
development	O	O
be	O	O
the	O	O
key	O	O
here,	O	O
along	O	O
with	O	O
dynamic	O	O
ui	B	B
development	O	O
tool	O	O
such	O	O
a	O	O
html5	O	O
and	O	O
css3	O	O

transferrable	O	O
skill	O	O
to	O	O
support	O	O
other	O	O
service	O	O
ie	O	O
counselling	B	B
skills	I	I
wind	O	O
care,	O	O
ensure	O	O
all	O	O

plus	O	O
car	O	O
our	O	O
client	O	O
be	O	O
one	O	O
of	O	O
the	O	O
lead	O	O
vendor	O	O
independent	B	B
provider	O	O
of	O	O
manage	O	O
equipment	O	O
service	O	O
to	O	O
the	O	O
nh,	O	O
operate	O	O

monitor	O	O
be	O	O
set	O	O
up	O	O
in	O	O
a	O	O
the	O	O
independent	B	B
regulator	O	O
of	O	O
nh	O	O
foundation	O	O
trust	O	O

team	O	O
or	O	O
on	O	O
own	O	O
initiative	O	O
the	O	O
ability	B	B
to	I	I
effectively	I	I
prioritize	I	I
their	O	O
work	O	O
load	O	O
understand	O	O

the	O	O
client	O	O
be	O	O
openminded	B	B
about	O	O
your	O	O
career	O	O
background	O	O
you	O	O

a	O	O
a	O	O
care	O	O
assistant	O	O
you	O	O
will	O	O
support	O	O
people	O	O
to	O	O
remain	O	O
independent	B	B
in	O	O
their	O	O
own	O	O
home	O	O
and	O	O
to	O	O
live	O	O
fulfil	O	O
live	O	O

your	O	O
junior	O	O
commercial	O	O
project	O	O
analyst	O	O
strong	O	O
scheduling	B	B
and	I	I
planning	I	I
skills	I	I
the	O	O
ability	O	O
to	O	O
prioritise	O	O

you	O	O
will	O	O
join	O	O
our	O	O
friendly,	O	O
dynamic	O	O
r	B	B
d	O	O
team	O	O
to	O	O
organize	O	O
and	O	O
conduct	O	O
research	O	O
project	O	O

management	O	O
good	O	O
organisation	O	O
skill	O	O
and	O	O
accuracy	B	B
in	I	I
your	I	I
work	I	I
the	O	O
reward	O	O
salary	O	O
k	O	O

expect	O	O
to	O	O
utilize	O	O
you	O	O
skill	O	O
and	O	O
competent	O	O
decision	B	B
making	I	I
abilities	I	I
to	O	O
good	O	O
effect	O	O
with	O	O

well	O	O
under	O	O
pressure	O	I
and	O	O
have	O	O
the	O	O
ability	B	B
to	I	O
up	I	O
sell	I	O

a	O	O
teacher	O	O
that	O	O
have	O	O
a	O	O
fun	O	O
and	O	O
friendly	B	B
personality	I	I

organise	O	O
able	O	O
to	O	O
use	O	O
initiative	O	B
and	O	O
make	B	B
decisions	I	I

you	O	O
have	O	O
what	O	O
it	O	O
take	O	O
to	O	O
be	O	O
part	O	O
of	O	O
a	O	O
dynamic	B	B
and	O	O
progressive	O	O
company	O	O
who	O	O
value	O	O
a	O	O
flexible	O	O
work	O	O
environment,	O	O

opportunity	O	O
be	O	O
for	O	O
someone	O	O
who	O	O
be	O	O
highly	O	O
sales	B	B
driven	I	I
very	O	O
commercial,	O	O
kpi	O	O
focus,	O	O

prove	O	O
track	O	O
record	O	O
develop	O	O
and	O	O
implement	O	O
innovative	O	B
people	B	B
management	I	I
solution,	O	O
at	O	O
operational,	O	O
tactical	O	O
and	O	O

build	O	O
skill	O	O
confident,	O	O
tenacious,	O	O
self	O	O
starter,	O	O
personable	O	O
and	O	O
enthusiastic	O	O
drive	B	B
to	O	O
achieve	O	O

write,	O	O
communication	O	O
and	O	O
presentation	O	O
skill	O	O
able	O	O
to	O	O
write	B	B
report	I	I
which	O	O
can	O	O
be	O	O
direct	O	O

responsible	O	O
for	O	O
develop	O	O
strategy,	O	O
pitch,	O	O
brief	O	O
and	O	O
proposal	O	O
writing	O	O
firstrate	B	B
client	I	I
handle,	O	O
and	O	O

pick	O	O
thing	O	O
up	O	O
quickly	O	O
and	O	O
be	O	O
self	B	B
starters	I	I

to	O	O
prioritise	O	O
workload	O	O
excellent	O	O
telephone	O	O
communication	O	O
skill	O	O
customer	B	B
service	I	I
orientation	I	I
good	I	I
listening	I	I
skills	I	I
this	O	O
opportunity	O	O
offer	O	O
an	O	O
hourly	O	O

do	O	O
at	O	O
any	O	O
one	O	O
time	O	O
with	O	O
the	O	O
correct	B	B
supportive	I	I
reporting	I	I
structure	O	O
in	O	O
place	O	O
to	O	O

identify	O	O
and	O	O
target	O	O
specific,	O	O
individual	O	O
need	O	O
dedication	O	O
to	B	B
raise	O	O
standard	O	O
flexibility	O	O

client	O	O
and	O	O
client	O	O
to	O	O
applicant	O	O
busy,	O	O
fast	O	O
move	O	O
and	O	O
dynamic	O	O
work	B	B
day	O	O

must	O	O
be	O	O
will	O	O
to	O	O
learn	O	O
and	O	O
flexible	B	B
with	I	I
working	I	I
hours	I	I

access	O	O
and	O	O
manage	O	O
securely	O	O
to	O	O
maintain	O	O
system	O	O
integrity	B	B
and	O	O
performance	O	O
plan,	O	O
maintenance	O	O

one	O	O
of	O	O
the	O	O
uk	O	O
s	O	O
lead	O	O
independent	B	B
residential	O	O
developer	O	O
require	O	O
a	O	O
cad	O	O
technician	O	O
to	O	O
join	O	O
their	O	O
grow	O	O

with	O	O
excellent	O	O
transport	O	O
link,	O	O
we	O	O
be	O	O
a	O	O
fastgrowing	O	O
and	O	O
dynamic	O	O
translation	B	B
company	O	O

to	O	O
be	O	O
work	O	O
in	O	O
partnership	O	O
with	O	O
a	O	O
lead	O	O
provider	O	O
of	O	O
independent	B	B
healthcare,	O	O
who	O	O
have	O	O
hospital	O	O
and	O	O
clinic	O	O
base	O	O
nationally	O	O

result	O	O
orient,	O	O
proactive,	O	O
highly	O	O
dynamic	O	O
and	O	O
with	B	B
strong	O	O
personal	O	O
drive	O	O
strategic	O	O
thinker	O	O
with	O	O
ability	O	O
to	O	O

clear	O	O
and	O	O
articulate	O	O
voice	O	O
ability	O	O
to	O	O
communicate	B	B
easily	I	I
and	O	O
comfortably	O	O
on	O	O
the	O	O

access	O	O
to	O	O
senior	O	O
management	O	O
and	O	O
a	O	O
willingness	B	B
to	I	I
listen	I	I
to	O	O
people	O	O
with	O	O
idea	O	O

they	O	O
be	O	O
a	O	O
rapidly	O	O
grow	O	O
dynamic	B	B
business	O	O
who	O	O
have	O	O
win	O	O
many	O	O
industry	O	O
accolade	O	O

competency	O	O
with	O	O
an	O	O
x	O	O
active	O	O
listen	O	O
innovation	O	O
assertiveness	B	B
judgement	O	O
x	O	O
build	O	O
relationship	O	O
x	O	O

manipulation,	O	O
formula	O	O
and	O	O
function	O	O
strong	O	O
powerpoint	O	O
and	O	O
reporting	O	O
skills	B	B
previous	I	I
experience	O	O
of	O	O
work	O	O
in	O	O

liaise	O	O
with	O	O
other	O	O
department	O	O
operation	O	O
and	O	O
sale	O	O
marketing	B	B
good	I	I
communication	I	I
skills	I	I
keen	O	O
to	O	O
learn	O	O
team	O	O
player	O	O

,	O	O
qualify,	O	O
demonstrate	O	O
and	O	O
sell	O	O
our	O	O
client	O	O
popular	O	O
and	O	O
dynamic	O	O
product	B	B
and	O	O
promote	O	O
the	O	O
additional	O	O
accessory,	O	O
warranty,	O	O
insurance	O	O

sector	O	O
good	O	O
selfmotivation,	O	O
time	O	O
management	O	O
and	O	O
multitasking	O	O
skills	B	B
good	I	I
english	O	O
literacy	O	O
skill	O	O

be	O	O
willing	B	B
to	I	I
travel	I	I
solo	O	O
internationally	O	O
infrequently	O	O
have	O	O

be	O	O
a	O	O
great	O	O
opportunity	O	O
for	O	O
some	O	O
commercial	O	O
experience	O	O
in	O	O
a	O	O
dynamic	B	B
and	O	O
professional	O	O
environment	O	O

top	O	O
drawer	O	O
customer	O	O
service	O	O
skill	O	O
and	O	O
prove	O	O
ability	B	B
to	I	I
learn	I	I
complex	O	O
business	O	O
software	O	O
and	O	O
turn	O	O

investment	O	O
industryphp	O	O
developer	O	O
will	O	O
join	O	O
a	O	O
strong	O	O
and	O	O
grow	O	O
development	O	O
team	B	B
working	I	I
in	O	O
a	O	O
state	O	O
of	O	O
the	O	O
art	O	O
facility	O	O
in	O	O
central	O	O

must	O	O
have	O	O
the	O	O
organisational	O	O
skill	O	O
and	O	O
initiative	O	O
to	O	O
carry	O	O
out	O	O
independent	B	B
research	O	O
be	O	O
able	O	O
to	O	O
work	O	O
a	O	O
part	O	O
of	O	O
an	O	O

able	O	O
to	O	O
integrate	O	O
easily	O	O
into	O	O
a	O	O
lively	B	B
team	O	O

criminal	O	O
investigation	O	O
you	O	O
will	O	O
be	O	O
part	O	O
of	O	O
a	O	O
dynamic	B	B
team	O	O
of	O	O
forensic	O	O
accountant	O	O
who	O	O
use	O	O
their	O	O
accountancy	O	O
knowledge	O	O
and	O	O

will	O	O
have	O	O
the	O	O
add	O	O
benefit	O	O
of	O	O
technically	O	O
contribute	O	O
to	O	O
their	O	O
aggressive	B	B
growth	O	O
plan	O	O
move	O	O
forward	O	O

southend	O	O
borough	O	O
council	O	O
have	O	O
an	O	O
excite	O	O
temporary	O	O
vacancy	O	O
for	O	O
two	O	O
dynamic	B	B
social	O	O
worker	O	O
locate	O	O
within	O	O
the	O	O
adult	O	O
review	O	O
east	O	O

able	O	O
to	O	O
demonstrate	O	O
your	O	O
ability	O	O
to	O	O
work	O	O
within	O	O
a	O	O
very	O	O
dynamic	B	B
and	O	O
quality	O	O
focus	O	O
business	O	O
where	O	O
right	O	O
first	O	O
time	O	O
delivery	O	O
of	O	O

follow	O	O
technical	O	O
discipline	O	O
fatigue	O	O
and	O	O
damage	O	O
tolerance	B	B
static	O	O
stress	O	O
analysis	O	O
metallic	O	O
or	O	O

ability	B	B
to	I	I
conceptualize	I	I
and	O	O
translate	O	O
broad	O	O
business	O	O
requirement	O	O

chef	O	O
london	O	O
vacancy	O	O
profile	O	O
our	O	O
client	O	O
be	O	O
independent	B	B
operator	O	O
presently	O	O
seek	O	O
a	O	O
sou	O	O
chef	O	O
for	O	O
their	O	O
upmarket	O	O
brassiere	O	O

research	O	O
record	O	O
to	O	O
join	O	O
a	O	O
strong	O	O
team	B	B
with	I	I
a	I	I
commitment	I	I
to	O	O
excellence	O	O
in	O	O
teach	O	O
and	O	O

my	O	O
client	O	O
be	O	O
an	O	O
independent	B	B
recruitment	O	O
agency	O	O
who,	O	O
have	O	O
an	O	O
enviable	O	O
reputation	O	O
of	O	O
be	O	O

successful	O	O
candidate	O	O
will	O	O
join	O	O
a	O	O
high	O	O
calibre	O	O
team	B	B
working	I	I
closely	O	O
with	O	O
the	O	O
fund	O	O

work	O	O
under	O	O
pressure	O	O
and	O	O
exhibit	O	O
strong	O	O
multitasking	B	B
skills	I	I
prioritise	O	O
task	O	O
a	O	O
and	O	O
when	O	O

and	O	O
write	O	O
communication	O	O
skill	O	O
ability	O	O
to	O	O
use	O	O
critical	B	B
thinking	I	I
skill	O	O
to	O	O
determine	O	O
best	O	O
approach	O	O

of	O	O
the	O	O
role	O	O
you	O	O
will	O	O
need	O	O
to	O	O
be	O	O
creative,	O	O
dynamic	O	O
and	B	B
have	O	O
excellent	O	O
administration	O	O
skill	O	O

of	O	O
change	O	O
outstanding	O	O
communication	O	O
skill,	O	O
highly	O	O
professional	O	O
with	B	B
excellent	I	I
presentation	I	I
skill	I	I
these	O	O
be	O	O
consultancy	O	O
role	O	O

able	O	O
to	O	O
meet	O	O
close	O	O
deadline	O	O
good	O	O
interpersonal	B	B
skills	I	I
the	O	O
technical	O	O
recruitment	O	O
company	O	O
be	O	O

a	O	O
similar	O	O
position	O	O
the	O	O
job	O	O
our	O	O
client	O	O
be	O	O
the	O	O
lead	O	O
independent	B	B
centre	O	O
of	O	O
engineer	O	O
design,	O	O
design	O	O
support	O	O
and	O	O
technical	O	O
service	O	O

html5	O	O
cq	O	O
soft	O	O
skill	O	O
good	O	O
communication	O	O
skill	O	O
team	B	B
work	I	I
custom	I	I
interaction	I	I
skills	I	I
self	O	O
sufficient	O	O
if	O	O
require	O	O
a	O	O

chance	O	O
to	O	O
show	O	O
your	O	O
skill	O	O
and	O	O
creativity	B	B
and	O	O
run	O	O
your	O	O
own	O	O

a	O	O
dynamic	B	B
and	O	O
well	O	O
present	O	O
gp	O	O
surgery	O	O
in	O	O
rhyl	O	O
be	O	O
look	O	O
for	O	O

interpersonal	O	O
communication	O	O
skill	O	O
excellent	O	O
organisational,	O	O
plan	O	O
and	O	O
time	O	O
management	B	B
skills	I	I
passionate	I	I
interest	O	O
in	O	O
train	O	O

interaction	O	O
be	O	O
an	O	O
independent	B	B
and	O	O
privately	O	O
own	O	O
recruitment	O	O
business,	O	O
form	O	O
in	O	O
and	O	O

to	O	O
work	O	O
with	O	O
our	O	O
client,	O	O
one	O	O
of	O	O
the	O	O
largest	O	O
independent	O	O
provider	B	B
of	O	O
occupational	O	O
health	O	O
service	O	O
throughout	O	O
the	O	O
uk	O	O
support	O	O
ftse	O	O

this	O	O
will	O	O
include	O	O
client	O	O
liaison,	O	O
financial	O	O
management,	O	O
proposal	O	O
writing	O	O
produce	B	B
phase	I	I
1	O	O
report	O	O

be	O	O
a	O	O
fantastic	O	O
opportunity	O	O
to	O	O
work	O	O
for	O	O
a	O	O
progressive	O	O
and	O	O
dynamic	B	B
company	O	O
and	O	O
come	O	O
with	O	O
an	O	O
excellent	O	O
salary	O	O
and	O	O
benefit	O	O
package	O	O

their	O	O
capability	O	O
you	O	O
be	O	O
selfmotivated	O	O
and	O	O
team	B	B
oriented	I	I
happy	O	O
to	O	O
work	O	O
in	O	O
a	O	O

fantastic	O	O
communication	B	O
skill	I	O
to	O	O
be	O	O
able	O	B
to	O	I
talk	O	I

better	O	O
leader	O	O
team	O	O
player	O	O
improve	O	O
your	O	O
public	B	B
speaking	I	I
gain	O	O
experience	O	O
in	O	O
multiple	O	O
area	O	O

upbeat,	O	O
energetic	O	O
and	B	B
professional	O	O

to	O	O
encourage	O	O
service	O	O
user	O	O
to	O	O
remain	O	O
a	O	O
independent	B	B
a	O	O
possible	O	O

strong	O	O
interpersonal	O	O
and	O	O
empathy	B	B
skill	O	O
with	O	O
an	O	O
approachable	O	O
attitude	O	O

move	O	O
into	O	O
a	O	O
junior	O	O
account	O	O
director	O	O
'	O	O
s	O	O
role	O	O
within	O	O
this	B	B
dynamic	O	O
bustle	O	O
and	O	O
very	O	O
happy	O	O
creative	O	O

deal	O	O
with	O	O
large	O	O
group,	O	O
chain	O	O
and	O	O
independent	O	O
shop	B	B

require	O	O
an	O	O
experience	O	O
individual	O	O
with	O	O
human	O	B
resuources	O	I
management	B	I
skill	I	O
to	O	O
support	O	O
a	O	O
chain	O	O

previous	O	O
team	O	O
management	O	O
experience	O	O
organize	O	O
with	O	O
ability	B	B
to	I	I
prioritize	I	I
and	O	O
handle	O	O
multiple	O	O
task	O	O

the	O	O
opportunity	O	O
to	O	O
work	O	O
within	O	O
a	O	O
fastpaced,	O	O
closeknit	O	O
and	O	O
dynamic	O	O
environment	B	B
for	O	O
an	O	O
instantly	O	O
recognisable	O	O
brand	O	O

will	O	O
be	O	O
selfdriven,	O	O
and	O	O
will	O	O
demonstrate	O	O
the	O	O
ability	O	O
to	B	B
effectively	I	I
plan	I	I
and	I	I
manage	O	O
their	O	O
workload	O	O

effective	O	O
troubleshoot,	O	O
diagnostic,	O	O
and	O	O
problem	O	O
solving	O	O
skill	B	B

look	O	O
for	O	O
hardworking,	O	O
career	O	O
mind	O	O
and	O	O
results	O	O
driven	B	B
personality	I	I
who	O	O
have	O	O
a	O	O

we	O	O
be	O	O
look	O	O
to	O	O
recruit	O	O
a	O	O
commercial,	O	O
dynamic	O	O
and	B	B
influential	O	O
individual	O	O
to	O	O
join	O	O
our	O	O
senior	O	O
management	O	O
team	O	O
a	O	O

problem	O	O
that	O	O
require	O	O
the	O	O
regular	O	O
use	O	O
of	O	O
ingenuity	B	B
and	O	O
creativity	O	O

the	O	O
medium,	O	O
especially	O	O
when	O	O
pitch	O	O
story	O	O
imagination	O	O
visually,	B	B
verbally	O	O
and	O	O
conceptually	O	O

in	O	O
this	O	O
client	B	B
management	I	I
oriented	I	I
role,	O	O
you	O	O
will	O	O
need	O	O

a	O	O
positive	O	O
and	O	O
selfconfident	B	B
approach	O	O
display	O	O
composure	O	O
under	O	O
pressure	O	O

in	O	O
manage	O	O
the	O	O
audit	O	O
process	O	O
excellent	O	O
coaching	B	B
and	I	I
training	I	I
skills	I	I
desirable	O	O
civil	O	O
engineer	O	O
project	O	O

for	O	O
academic	O	O
excellence,	O	O
offer	O	O
a	O	O
stimulate,	O	O
challenge	O	O
and	O	O
dynamic	O	O
work	O	O
environment	B	B
for	O	O
it	O	O
staff	O	O

will	O	O
be	O	O
able	O	O
to	O	O
demonstrate	O	O
clear	O	O
strategic	B	B
thinking	I	I
on	O	O
how	O	O
to	O	O
support	O	O

instructor	O	O
who	O	O
take	O	O
pride	O	O
in	O	O
help	O	O
others	O	O
achieving	B	B
their	I	I
goals	I	I
in	O	O
a	O	O
corporate	O	O
environment	O	O

by	O	O
telephone	O	O
in	O	O
a	O	O
polite	O	O
and	O	O
tactful	B	B
manner	I	I

with	O	O
excellent,	O	O
communication	O	O
skill,	O	O
along	O	O
with	O	O
the	O	O
ability	O	O
to	O	O
sell	B	B
additional	I	I
product	I	I
and	O	O
service	O	O
to	O	O

communication	O	O
and	O	O
presentation	O	O
financial	O	O
understand	O	O
resilient	O	O
counselling	B	B
skills	I	I
competent	O	O
user	O	O
of	O	O
microsoft	O	O

experience	O	O
sale	O	O
customer	O	O
support	O	O
team	O	O
leader	O	O
wish	O	O
to	O	O
work	O	O
in	O	O
a	O	O
dynamic	B	B
and	O	O
forward	O	O
think	O	O
environment	O	O

to	O	O
work	O	O
with	O	O
one	O	O
of	O	O
the	O	O
uk	O	O
s	O	O
lead	O	O
independent	B	B
recruitment	O	O
consultancy	O	O

work	O	O
environment	O	O
great	O	O
team	O	O
spirit	O	O
you	O	O
will	O	O
join	O	O
a	O	O
dynamic	B	B
team	O	O
of	O	O
developer	O	O
and	O	O
infrastructure	O	O
specialist	O	O
and	O	O
will	O	O
be	O	O
push	O	O

the	O	O
ability	B	B
to	I	I
negotiate	I	I
high	O	O
value,	O	O
complex	O	O
system	O	O
on	O	O

mechanical	O	O
or	O	O
electrical	O	O
bias	O	O
good	O	O
communication	O	O
and	O	O
people	B	B
management	I	I
skills	I	I
good	O	O
i	O	O
t	O	O
literacy	O	O
and	O	O

pay	O	O
about	O	O
u	O	O
european	O	O
care	O	O
group	O	O
be	O	O
a	O	O
lead	O	O
independent	B	B
provider	O	O
of	O	O
health	O	O
and	O	O
social	O	O
care	O	O
in	O	O
the	O	O
uk	O	O

membership	O	O
company	O	O
well	O	O
establish	O	O
and	O	O
highly	O	O
profitable	O	O
independent	B	B
business	O	O
with	O	O
multiple	O	O
uk	O	O

you	O	O
will	O	O
be	O	O
work	O	O
in	O	O
a	O	O
dynamic	B	B
development	O	O
team	O	O
in	O	O
expansive	O	O
office	O	O
in	O	O
the	O	O
heart	O	O
of	O	O
london	O	O

work	O	O
for	O	O
bromford	O	O
require	O	O
a	O	O
positive	O	B
and	O	I
lively	B	B
personality,	O	I
a	O	O
real	O	O
desire	O	O
to	O	O
succeed	O	O
and	O	O
the	O	O
ability	O	O

remuneration	O	O
additional	O	O
benefit	O	O
cast	O	O
uk,	O	O
a	O	O
lead	O	O
independent	O	O
consultancy	B	B
business,	O	O
specialise	O	O
in	O	O
management	O	O
and	O	O
executive	O	O
procurement,	O	O

hand	O	O
on	O	O
position	O	O
if	O	O
you	O	O
can	O	O
demonstrate	O	O
good	O	O
technical	O	O
and	O	O
team	B	B
working	I	I
ability	O	O

this	O	O
be	O	O
an	O	O
involve	O	O
and	O	O
excite	O	O
role	O	O
within	O	O
a	O	O
dynamic	B	B
culture	O	O
which	O	O
will	O	O
offer	O	O
significant	O	O
career	O	O
development	O	O

an	O	O
individual	O	O
who	O	O
have	O	O
extensive	O	O
production	O	O
account	O	O
experience	O	O
from	O	O
an	O	O
independent	B	B
tv	O	O
film	O	O
music	O	O
production	O	O
house	O	O
they	O	O
be	O	O
need	O	O
someone	O	O
with	O	O
full	O	O
production	O	O

clinicenta	O	O
business	O	O
overview	O	O
clinicenta	O	O
be	O	O
an	O	O
independent	B	B
healthcare	O	O
provider	O	O
that	O	O
be	O	O
part	O	O
of	O	O
carillion	O	O
plc	O	O
work	O	O
with	O	O

of	O	O
business,	O	O
to	O	O
allow	O	O
senior	O	O
management	O	O
to	O	O
make	O	O
more	B	B
informed	I	O
decisions	I	I
on	I	I
the	O	O
set	O	O
of	O	O
price	O	O

their	O	O
folio	O	O
and	O	O
be	O	O
able	O	O
to	O	O
demonstrate	O	O
conceptual	B	B
thinking	I	I

personnel	O	O
train	O	O
and	O	O
develop	O	O
personnel	O	O
in	O	O
problem	B	B
solving	I	I
and	O	O
quality	O	O
relate	O	O
technique	O	O
and	O	O

good	O	O
judgement	B	B
and	I	I
analysis	I	I
skills	I	I
require	O	O
the	O	O
ability	O	O
to	O	O
organise	O	O

verbal	O	O
and	O	O
write	O	O
communication	O	O
skill	O	O
effective	O	O
time	B	O
management	I	B
skill	O	I
relate	O	O
to	O	O
project	O	O
management	O	O

this	O	O
require	O	O
a	O	O
detailed	B	B
understand	O	O
of	O	O
system	O	O
functionality	O	O

strong	O	O
team	B	B
worker	I	I
with	I	O
commitment	I	O
to	O	O
customer	O	O
service	O	O

display	O	O
personal	B	O
and	I	O
corporate	I	O
integrity	I	O
strong	O	O
teamwork	O	B
and	O	O
a	O	O
passion	O	O

the	O	O
box	O	O
thinker	O	O
client	O	O
face	O	O
and	O	O
willing	B	B
to	I	I
travel	I	I
to	O	O
client	O	O
site	O	O
and	O	O
stay	O	O

with	O	O
various	O	O
internal	O	O
stakeholder	O	O
in	O	O
what	O	O
be	O	O
a	O	O
fastmoving,	O	O
dynamic	O	O
environment	B	B

their	O	O
customer	O	O
base	O	O
include	O	O
high	O	O
quality	O	O
independent	B	B
food	O	O
retailer	O	O
restaurant	O	O
s	O	O
include	O	O
michelin	O	O
restaurant,	O	O
restaurant	O	O

able	O	O
to	O	O
handle	O	O
difficult	O	O
situation	O	O
in	O	O
polite	B	B
manners	I	I
excellent	O	O
communication	O	O
and	O	O
interpersonal	O	O

also	O	O
be	O	O
able	O	O
to	O	O
demonstrate	O	O
reliability,	O	O
flexibility,	O	O
discretion	O	O
and	O	O
initiative	B	B

intelligent,	O	O
fun	O	O
bubbly,	O	O
hardworking,	O	O
reliable,	O	O
great	O	O
with	O	O
people	O	O
and	O	O
goal	O	O
oriented	O	O
with	B	B
excellent	I	I
communication	I	B
skill	I	I
and	O	O

global	O	O
environment	O	O
previous	O	O
experience	O	O
security	O	O
design	O	O
methodology	O	O
ethical	B	B
hacker	O	O
experience	O	O
work	O	O
knowledge	O	O

be	O	O
break	O	O
the	O	O
mould	O	O
and	O	O
offer	O	O
an	O	O
innovative	B	B
speedier	O	O
solution	O	O
to	O	O
the	O	O
traditional	O	O

organisational	O	O
skill	O	O
exceptional	O	O
client	O	O
relationship	O	O
skill	O	O
good	O	O
team	B	B
interaction	I	I
and	I	I
interpersonal	I	I
skills	I	I

experience	O	O
cras	O	O
and	O	O
learn	O	O
from	O	O
more	O	O
experience	O	O
cras	O	O
in	O	O
a	O	O
dynamic	B	B
environment	O	O
that	O	O
boast	O	O
impressive	O	O
staff	O	O
retention	O	O
rat	O	O
worldwide	O	O

we	O	O
'	O	O
re	O	O
a	O	O
young,	O	O
rapidly	O	O
grow	O	O
and	O	O
dynamic	B	B
company	O	O
with	O	O
a	O	O
passion	O	O
for	O	O
provide	O	O
great	O	O
customer	O	O
service	O	O
and	O	O

individual	O	O
that	O	O
have	O	O
the	O	O
passion	O	O
and	O	O
dedication	B	B
require	O	O
to	O	O
build	O	O
an	O	O
exceptional	O	O

someone	O	O
with	O	O
a	O	O
friendly	B	B
personality	I	I
who	O	O
love	O	O
get	O	O
involve	O	O
in	O	O

month	O	O
pr	O	O
agency	O	O
experience	O	O
to	O	O
join	O	O
their	O	O
super	O	O
friendly,	O	O
dynamic	O	O
team	B	B

in	O	O
work	O	O
style	O	O
entrepreneurial	O	O
and	O	O
resourceful	O	O
excellent	O	O
writing	B	B
skills	I	I

be	O	O
diverse	O	O
and	O	O
you	O	O
must	O	O
be	O	O
selfconfident	B	B
with	O	O
the	O	O
ability	O	O
to	O	O
provide	O	O

candidate	O	O
must	O	O
be	O	O
willing	B	B
to	I	I
travel	I	I
and	O	O
be	O	O
able	O	O
work	O	O
away	O	O

and	O	O
maintain	O	O
a	O	O
high	O	O
level	O	O
of	O	O
accuracy	B	B
and	O	O
confidentiality	O	O
be	O	O
important	O	O
quality	O	O

be	O	O
you	O	O
a	O	O
dynamic	B	B
and	O	O
motivate	O	O
sale	O	O
person	O	I
with	O	O
a	O	O
strategic	O	O
approach	O	O
to	O	O
journey	O	O

you	O	O
will	O	O
have	O	O
excellent	O	O
communication	O	O
and	O	O
team	B	B
building	I	I
skills	I	I
strong	O	O
it	O	O
skill	O	O
and	O	O

tolerance	O	O
ethical	O	O
behaviour	O	O
responsibility	O	O
open	O	O
mindedness	O	O
self	B	B
confidence	I	I
customer	O	I
orientation	O	I
professional	O	O
appearance	O	O
team	O	O

professional	O	O
eager	O	O
for	O	O
an	O	O
excite	O	O
opportunity	O	O
to	O	O
join	O	O
a	O	O
truly	O	O
dynamic	B	B
company	O	O
base	O	O
in	O	O
a	O	O
location	O	O
ideal	O	O
for	O	O
rapid	O	O
career	O	O
progression	O	O

communication	O	O
skill	O	O
be	O	O
essential	O	O
and	O	O
the	O	O
ability	B	B
to	I	I
listen	I	I
to	O	O
customer	O	O
need	O	O

of	O	O
the	O	O
cpr	O	O
and	O	O
very	O	O
strong	O	O
advocacy	B	B
skills	I	I

the	O	O
university	O	O
of	O	O
east	O	O
london	O	O
be	O	O
a	O	O
dynamic	B	B
and	O	O
rapidly	O	O
expand	O	O
university	O	O
at	O	O
the	O	O
heart	O	O
of	O	O
europe	O	O
s	O	O

maintain	O	O
health	O	O
and	O	O
safety	O	O
process	O	O
provide	O	O
leadership	O	O
to	O	O
the	O	O
operational	O	O
team	O	B
experience	O	O
iosh	O	O
membership	O	O
beng	O	O
or	O	O
bsc	O	O
in	O	O
chemical	O	O
engineer	O	O
strong	O	O

to	O	O
detail	O	O
confidence	O	O
in	O	O
your	O	O
ability	O	O
to	O	O
take	B	B
the	I	I
initiative	I	I
and	O	O
a	O	O
thirst	O	O
to	O	O

attention	O	O
to	O	O
detail	O	O
with	O	O
a	O	O
strong	O	O
logical	B	B
think	O	O
process	O	O
strong	O	O
plan	O	O
and	O	O

and	O	O
personal	O	O
development	O	O
which	O	O
be	O	O
provide	O	O
within	O	O
this	O	O
supportive	O	O
and	O	O
dynamic	B	B
organisation	O	O

and	O	O
a	O	O
thorough	O	O
knowledge	O	O
of	O	O
m	O	O
office	O	O
methodical	B	B
and	O	O
meticulous	O	O
work	O	O
attitude	O	O

and	O	O
member	O	O
of	O	O
the	O	O
multidisciplinary	O	O
team	O	B
administrative	B	I
duties	I	I
skills	I	I
qualification	O	O
require	O	O
you	O	O

we	O	O
be	O	O
seek	O	O
an	O	O
enthusiastic	O	O
and	O	O
hard	B	B
working	I	I
person	I	I
to	O	O
join	O	O
our	O	O
team	O	O

who	O	O
would	O	O
be	O	O
adaptable,	O	O
efficient	O	O
and	O	O
quick	O	O
learning	B	B

recruit	O	O
people	O	O
with	O	O
emotional	O	O
intelligence,	O	O
a	O	O
great	O	O
work	O	O
ethic	B	B
and	I	I
a	O	O
passion	O	O
for	O	O

field,	O	O
you	O	O
must	O	O
be	O	O
a	O	O
very	O	O
curious	O	O
person,	B	B
interest	O	I
in	O	O
art,	O	O
culture,	O	O

personal	O	O
and	O	O
write	O	O
communication	O	O
skill,	O	O
include	O	O
the	O	O
ability	O	O
to	B	B
communicate	I	I
with	I	I
a	O	O
wide	O	O
range	O	O

deliver	O	O
these	O	O
re	O	O
commercially	O	O
astute	O	O
highly	O	O
numerate	O	O
skilled	B	B
negotiator	I	I
background	O	O
in	O	O
wholesale	O	O
sm	O	O

chance	O	O
to	O	O
fulfil	O	O
this	O	O
diverse	O	O
and	O	O
challenge	O	O
role	O	O
in	O	O
a	O	O
dynamic	B	B
and	O	O
supportive	O	O
work	O	O
environment	O	O

to	O	O
manage	O	O
tv	O	O
advertise	O	O
brand	O	O
strong	O	O
conceptual	B	B
and	I	I
analytical	I	I
skills	I	I
with	O	O
ability	O	O
to	O	O
develop	O	O
strategy,	O	O

political	B	B
awareness	I	I
be	O	O
an	O	O
essential	O	O
attribute	O	O
for	O	O

the	O	O
company	O	O
have	O	O
aggressive	B	B
plan	O	O
for	O	O
growth	O	O
and	O	O

must	O	O
have	O	O
strong	O	O
analytical,	O	O
timemanagement,	O	O
problemsolving	O	O
and	O	O
decision	O	B
making	O	I
abilities	B	I
proficient	I	I
in	I	I
m	O	O
office	O	O
suite	O	O

environment	O	O
and	O	O
my	O	O
client	O	O
be	O	O
look	O	O
for	O	O
self	B	B
starters	I	I
who	O	O
be	O	O
happy	O	O
work	O	O
from	O	O

a	O	O
part	O	O
of	O	O
a	O	O
team	O	O
solid	O	O
decision	B	B
making	I	I
skills	I	I
strong	O	O
analytical	O	O
and	O	O
numerical	O	O

we	O	O
be	O	O
seek	O	O
dynamic	B	B
self	O	O
starter,	O	O
with	O	O
outstanding	O	O
communication	O	O
and	O	O
presentation	O	O
skill,	O	O

agile	O	O
methodology	O	O
to	O	O
reduce	O	O
workstacks	O	O
and	O	O
support	O	O
a	O	O
fluid	O	O
online	O	O
dynamic	B	B
able	O	O
to	O	O
adapt	O	O
to	O	O
market	O	O
need	O	O
and	O	O
demand	O	O

policy	O	O
govern	O	O
equal	O	O
employment	O	O
opportunity	O	O
and	O	O
affirmative	B	B
action	O	O
within	O	O
the	O	O
incumbent	O	O

we	O	O
be	O	O
an	O	O
independent	B	B
nurse	O	O
and	O	O
healthcare	O	O
staff	O	O
provider	O	O
who	O	O
s	O	O
ethic	O	O
be	O	O

candidate	O	O
must	O	O
be	O	O
dynamic	B	B
and	O	O
enthusiastic	O	O
and	O	O
willingness	O	O
to	O	O
learn	O	O

good	O	O
administrative	B	B
and	I	O
organisational	I	B
skills	I	I

simulation	O	O
engineer	O	O
be	O	O
responsible	O	O
for	O	O
technical	O	O
lead	O	O
in	O	O
process	O	O
dynamic	B	B
simulation	O	O
manage	O	O
project	O	O
and	O	O
bid	O	O
for	O	O
the	O	O
process	O	O
and	O	O
simulation	O	O

all	O	O
aspect	O	O
of	O	O
their	O	O
development	O	O
to	O	O
successful	O	O
run	O	O
their	O	O
own	O	O
independent	B	B
business,	O	O
all	O	O
under	O	O
the	O	O
umbrella	O	O
of	O	O
our	O	O
global	O	O
operation	O	O

a	O	O
confident	O	O
claim	O	O
handler	O	O
for	O	O
a	O	O
role	O	O
with	O	O
a	O	O
grow	O	O
independent	B	B
company	O	O
base	O	O
in	O	O
salford	O	O
quay,	O	O
manchester	O	O

problem	O	O
solve	O	O
and	O	O
troubleshoot	O	O
ability	O	O
include	O	O
patience	B	B
and	O	O
diplomacy	O	O
competent	O	O
with	O	O
m	O	O

agree	O	O
appropriate	O	O
method	O	O
of	O	O
work	O	O
and	O	O
the	O	O
commitment	B	B
needed	I	O
to	I	O
achieve	I	O
the	I	O
work	I	O
stream	O	O
objective	O	O

do	O	O
you	O	O
have	O	O
solid	O	O
numerical	O	O
and	O	O
analytical	B	B
abilities	I	I
combine	O	O
with	O	O
strong	O	O
relationship	O	O

personality	B	B
and	I	I
communication	I	I
skills	I	I
be	O	O
critical	O	O
in	O	O
this	O	O
role	O	O

about	O	O
you	O	O
a	O	O
confident,	O	O
dynamic	O	O
and	B	B
articulate	O	O
individual	O	O
able	O	O
to	O	O
connect	O	O
with	O	O
people	O	O
at	O	O
all	O	O

central	O	O
st	O	O
martin	O	O
s	O	O
school	O	O
of	O	O
art	O	O
s	O	O
foremost,	O	O
independent	O	O
boutique	B	B
hotel	O	O

of	O	O
purchase	O	O
assistant	O	O
have	O	O
an	O	O
opportunity	O	O
to	O	O
progress	O	O
within	O	O
a	O	O
dynamic	B	B
purchase	O	O
office	O	O
and	O	O
involve	O	O
support	O	O
the	O	O
exist	O	O
purchase	O	O
team	O	O

to	O	O
work	O	O
under	O	O
their	O	O
own	O	O
initiative	O	O
a	O	O
target	O	O
drive,	O	O
dynamic	O	O
approach	B	B
to	O	O
succeed	O	O
in	O	O
this	O	O
role	O	O
a	O	O
a	O	O
sale	O	O
representative	O	O

time	O	O
rgn	O	O
staff	O	O
nurse	O	O
for	O	O
the	O	O
friendly	B	B
nurse	O	O
home	O	O
in	O	O
the	O	O

social	O	O
medium,	O	O
web	O	O
smartphones	O	O
etc	O	O
consulting	O	O
skills	B	B
wellread	I	I
on	O	O
the	O	O
latest	O	O

previous	O	O
inhouse	O	O
experience	O	O
gain,	O	O
also	O	O
french	O	O
language	O	O
skills	B	B
would	I	I
be	O	O
advantageous	O	O

be	O	O
meet	O	O
the	O	O
company	O	O
s	O	O
financial	O	O
objective	O	O
through	O	O
diligent	B	B
management	O	O
of	O	O
your	O	O
portfolio	O	O
budget	O	O

the	O	O
job	O	O
holder	O	O
must	O	O
be	O	O
able	B	B
to	I	I
prioritize	I	I
a	O	O
number	O	O
of	O	O
complex	O	O

you	O	O
will	O	O
be	O	O
a	O	O
part	O	O
of	O	O
a	O	O
well	O	O
establish	O	O
dynamic	B	B
team	O	O

nqt	O	O
have	O	O
excellent	O	O
classroom	O	O
management	O	O
with	O	O
the	O	O
ability	B	B
to	I	I
plan	I	I
and	O	O
deliver	O	O
engage	O	O
lesson	O	O
use	O	O

company	O	O
profile	O	O
establish	O	O
a	O	O
an	O	O
independent	B	B
family	O	O
run	O	O
business	O	O
in	O	O
the	O	O
mid	O	O
'	O	O
s,	O	O
they	O	O

be	O	O
a	O	O
prove	O	O
man	O	O
manager	O	O
and	O	O
business	B	B
leader	I	I

company	O	O
car	O	O
allowance,	O	O
fuel	O	O
allowance	O	O
our	O	O
client	O	O
be	O	O
a	O	O
dynamic	O	O
startup	B	B
focus	O	O
on	O	O
provide	O	O
high	O	O
quality	O	O
ict	O	O
solution	O	O
to	O	O
the	O	O

ashton	O	O
consult	O	O
ltd	O	O
be	O	O
an	O	O
independent	B	B
recruitment	O	O
consultancy	O	O
that	O	O
specialise	O	O
in	O	O
recruitment	O	O
solution	O	O
worldwide	O	O

work	O	O
in	O	O
a	O	O
small	O	O
team	O	O
and	O	O
work	B	B
under	I	I
pressure	I	I
in	O	O
a	O	O
busy	O	O
environment	O	O

of	O	O
experience	O	O
with	O	O
cut	O	O
edge	O	O
tool	O	O
and	O	O
work	O	O
in	O	O
a	O	O
lively	B	B
and	O	O
fastpaced	O	O
environment	O	O
with	O	O
real	O	O
opportunity	O	O
for	O	O
career	O	O
and	O	O
personal	O	O

focus	O	O
on	O	O
the	O	O
provision	O	O
of	O	O
outstanding	O	O
patient	O	O
care	O	O
within	O	O
a	O	O
dynamic	B	B
environment	O	O
offer	O	O
only	O	O
the	O	O
very	O	O
highest	O	O
clinical	O	O
standard	O	O

have	O	O
an	O	O
outgo	O	O
personality	O	O
and	O	O
be	O	O
sales	B	B
driven	I	I

look	O	O
to	O	O
strengthen	O	O
their	O	O
sale	O	O
team	O	O
with	O	O
an	O	O
ambitious	O	O
and	O	O
dynamic	B	B
internal	O	O
sale	O	O
executive	O	O
to	O	O
cover	O	O
a	O	O
global	O	O
region	O	O

to	O	O
work	O	O
together	O	O
and	O	O
importantly,	O	O
to	O	O
work	O	O
with	O	O
sme	O	O
independent	O	O
production	B	B
company	O	O
and	O	O
others	O	O
in	O	O
the	O	O
broadcast	O	O
supply	O	O
chain	O	O

you	O	O
will	O	O
have	O	O
excellent	O	O
communication	B	O
and	I	O
leadership	I	B
abilities	I	I
in	O	O
order	O	O
to	O	O
develop	O	O

v	O	O
be	O	O
currently	O	O
work	O	O
in	O	O
partnership	O	O
with	O	O
a	O	O
wellestablished,	O	O
dynamic	O	O
and	B	B
fast	O	O
grow	O	O
business	O	O
in	O	O
the	O	O
segensworth	O	O
area	O	O

to	O	O
work	O	O
irregular	O	O
hour,	O	O
flexibility	O	O
and	O	O
a	O	O
diplomatic	O	O
and	B	B
approachable	I	O
manner	I	O

an	O	O
adaptable	O	O
approach	O	O
to	O	O
work	O	O
a	O	O
mature	B	B
approach	O	O
to	O	O
classroom	O	O
management	O	O

this	O	O
be	O	O
a	O	O
young	O	O
dynamic	B	B
group	O	O
of	O	O
restaurant	O	O
and	O	O
bistro	O	O

experience	O	O
deliver	O	O
solution	O	O
in	O	O
a	O	O
fast	O	O
pace	O	O
dynamic	B	B
environment	O	O
be	O	O
a	O	O
must	O	O
for	O	O
this	O	O
role,	O	O
a	O	O
be	O	O

captaincy,	O	O
make	O	O
them	O	O
a	O	O
respect	O	O
and	O	B
trusted	O	O
partner	B	B
to	O	O
their	O	O
customer,	O	O
allow	O	O

a	O	O
systematic,	O	O
methodical	O	O
and	O	O
orderly	O	O
way	O	O
manages	O	O
time	B	B
effectively	I	I
establish	I	I
good	O	O
relationship	O	O
express	O	O

and	O	O
be	O	O
reward	O	O
with	O	O
our	O	O
temp	O	O
loyalty	B	B
scheme,	O	O
provide	O	O
you	O	O
with	O	O

on	O	O
experience	O	O
location	O	O
berkshire	O	O
the	O	O
client	O	O
my	O	O
client	O	O
be	O	O
an	O	O
independent	B	B
private	O	O
hospital	O	O
base	O	O
in	O	O
berkshire	O	O

car	O	O
sale	O	O
executive	O	O
want	O	O
to	O	O
be	O	O
in	O	O
a	O	O
fun,	O	O
dynamic	O	O
sale	B	B
team	O	O
with	O	O
a	O	O
hand	O	O
on	O	O
manager	O	O
in	O	O
what	O	O
can	O	O

prefer	O	O
personality	O	O
trait	O	O
highly	O	O
motivate	O	O
and	O	O
self	B	B
driven	I	I
by	O	O
internal	O	O
benchmark	O	O
of	O	O

a	O	O
vacancy	O	O
have	O	O
become	O	O
available	O	O
within	O	O
one	O	O
of	O	O
my	O	O
client	O	O
independent	B	B
hospital	O	O

be	O	O
a	O	O
core	O	O
role	O	O
at	O	O
the	O	O
heart	O	O
of	O	O
a	O	O
great	O	O
team	B	B
working	I	I
to	O	O
ensure	O	O
campaign	O	O
delivery	O	O
and	O	O
client	O	O
satisfaction	O	O

real	O	O
commitment	O	B
to	O	I
teamwork	O	O
firstclass	O	O
communication	O	B
and	O	O
interpersonal	B	I
skills	I	I
a	O	O
really	O	O
positive	O	O
approach	O	O

fellowship	O	O
be	O	O
intend	O	O
to	O	O
offer	O	O
a	O	O
first	O	O
step	O	O
into	O	O
an	O	O
independent	B	B
research	O	O
career	O	O
for	O	O
young	O	O
engineer	O	O
and	O	O
scientist	O	O
work	O	O
on	O	O
innovative	O	O

team	O	O
and	O	O
will	O	O
need	O	O
to	O	O
feel	O	O
confident	O	O
work	O	O
within	O	O
a	O	O
dynamic	B	B
and	O	O
fast	O	O
pace	O	O
test	O	O
environment	O	O

write,	O	O
nonverbal	O	O
verbal	O	O
time	O	O
management	O	O
and	O	O
effective	O	O
delegation	O	O
skills	B	B
self	I	I
motivate,	O	O
use	O	O
own	O	O
initiative	O	O

a	O	O
strong	O	O
team	O	O
player	O	O
who	O	O
be	O	O
self	B	B
motivated	I	I
and	O	O
focus	O	O
on	O	O
achieve	O	O

establish	O	O
in	O	O
1993	O	O
and	O	O
be	O	O
one	O	O
of	O	O
the	O	O
fastest	O	O
grow	O	O
independent	B	B
care	O	O
provider,	O	O
with	O	O
over	O	O
employee	O	O
offer	O	O
a	O	O
wide	O	O

promotion	O	O
maintain	O	O
accurate	O	O
information	O	O
and	O	O
record	O	O
on	O	O
customer	O	O
work	O	O
towards	O	O
independent	B	B
and	O	O
departmental	O	O
target,	O	O
budget	O	O
and	O	O
deadline	O	O
call	O	O
customer	O	O
who	O	O

ability	O	O
to	O	O
be	O	O
resourceful,	O	O
demonstrate	O	O
business	O	O
acumen,	O	O
creative	O	O
thinking	O	O
skills	B	B
and	I	I
be	I	I
able	O	O
to	O	O
act	O	O

junior	O	O
mid	O	O
level	O	O
salesforce	O	O
developer	O	O
to	O	O
join	O	O
their	O	O
exist,	O	O
dynamic	O	O
ever	B	B
expand	O	O
team	O	O

revenue	O	O
and	O	O
margin	O	O
target	O	O
have	O	O
excellent	O	O
planning	B	B
and	I	I
organisational	I	I
skills	I	I
accomplish	O	O
at	O	O
build	O	O
relationship,	O	O

commercial	O	O
savvy	O	O
with	O	O
excellent	O	O
conceptual	O	O
and	O	O
analytical	B	B
thinking	I	I
skills	I	I
and	O	O
will	O	O
have	O	O
an	O	O

this	O	O
large,	O	O
independent	O	O
firm	B	B
seek	O	O
an	O	O
acca	O	O
aca	O	O
qualify	O	O
accountant	O	O
to	O	O
occupy	O	O
the	O	O
financial	O	O

excellent	O	O
verbal	O	O
and	O	O
write	O	O
skill	O	O
strong	O	O
customer	B	B
service	I	I
orientation	I	I
strong	O	O
analytical	O	O
and	O	O
problem	O	O

the	O	O
company	O	O
be	O	O
a	O	O
dynamic	B	B
and	O	O
fast	O	O
move	O	O
and	O	O
you	O	O
will	O	O
be	O	O
work	O	O
in	O	O
a	O	O

for	O	O
enthusiastic	O	O
individual,	O	O
who	O	O
be	O	O
friendly	O	O
and	O	O
communicate	O	O
easily	B	B
be	I	I
prepare	O	O
to	O	O
work	O	O
hard	O	O

to	O	O
play	O	O
a	O	O
key	O	O
and	O	O
pivotal	O	O
role	O	O
in	O	O
a	O	O
small	O	O
dynamic	B	B
it	O	O
security	O	O
consultancy	O	O
base	O	O
out	O	O
of	O	O
middlesex	O	O

ability	B	B
to	I	I
elicit	I	I
cooperation	I	I
from	O	O
a	O	O
wide	O	O
variety	O	O
of	O	O

qualify	O	O
teacher	O	O
for	O	O
position	O	O
in	O	O
cirencester	O	O
classpeople,	O	O
a	O	O
lead	O	O
independent	O	O
education	B	B
consultancy,	O	O
be	O	O
look	O	O
to	O	O
recruit	O	O
qualify	O	O
teacher	O	O
due	O	O

office	O	O
skill	O	O
positive	O	O
work	O	O
attitude,	O	O
real	O	O
team	O	O
player	B	B

with	O	O
client	O	O
in	O	O
a	O	O
timely,	O	O
professional	O	O
and	O	O
courteous	O	O
manner	B	B
liaise	I	I
with	O	O
staff	O	O
and	O	O
partner	O	O

more	O	O
widely	O	O
in	O	O
the	O	O
business	O	O
arena,	O	O
csr	O	O
be	O	O
a	O	O
dynamic	O	O
and	B	B
fast	O	O
pace	O	O
environment	O	O
focus	O	O
on	O	O
coordinate	O	O
and	O	O
deliver	O	O
project	O	O

the	O	O
role	O	O
an	O	O
excellent	O	O
opportunity	O	O
have	O	O
arise	O	O
for	O	O
a	O	O
dynamic	B	B
and	O	O
professionally	O	O
mind	O	O
deputy	O	O
manager	O	O
to	O	O
take	O	O
up	O	O
tenure	O	O
in	O	O

morello,	O	O
be	O	O
a	O	O
specialist,	O	O
independent	O	O
agency,	O	O
recruiting	O	B
for	O	O
the	O	O
skills	B	O
fe	I	O
and	I	O
welfare	I	O
to	O	O
work	O	O

supportive	O	O
leadership	O	O
time	O	O
management	O	O
effective	O	O
plan	O	O
and	O	O
organizing	B	B
skills	I	I
experience	O	O
in	O	O
coach,	O	O
recruitment	O	O

this	O	O
be	O	O
an	O	O
excite	O	O
opportunity	O	O
to	O	O
join	O	O
and	O	O
develop	O	O
and	O	O
dynamic	B	B
organisation	O	O
develop	O	O
specialist	O	O
and	O	O
niche	O	O
product	O	O
to	O	O
interest	O	O
market	O	O
sector	O	O

ph	O	O
in	O	O
touch	O	O
recruitment	O	O
be	O	O
work	O	O
on	O	O
behalf	O	O
of	O	O
a	O	O
dynamic	B	B
care	O	O
provider	O	O
to	O	O
recruit	O	O
a	O	O
commit	O	O
register	O	O
general	O	O
nurse	O	O
to	O	O

highly	O	O
desirable	O	O
knowledge,	O	O
skill,	O	O
and	O	O
ability	O	O
general	O	O
100	O	O
commitment	O	O
and	O	O
appetite	B	B
to	I	O
work	I	O
in	I	O
a	I	O
startup	O	O
environment	O	O

skill	O	O
qualification	O	O
excellent	O	O
oral	O	O
written	B	B
communication	I	I
skills	I	I
with	O	O
ability	O	O
to	O	O
present	O	O
information	O	O

manage	O	O
confrontation	O	O
and	O	O
challenge	O	O
behaviour	O	O
teamwork	B	B
skill	O	O
an	O	O
observant	O	O
and	O	O

business	O	O
system	O	O
division	O	O
with	O	O
career	O	O
focus,	O	O
it	O	O
staff	O	O
within	B	B
project	I	O
management	I	B

deadline	O	O
demonstrate	O	O
ability	O	O
to	O	O
apply	O	O
creative,	O	O
innovative,	O	O
analytical	O	O
and	O	O
critical	B	B
thinking	I	I
to	I	I
strategy,	I	I
practice	O	O
and	O	O

candidate	O	O
with,	O	O
previous	O	O
sale	O	O
administration	O	O
experience	O	O
self	O	O
motivated	B	B
driven	I	I
have	I	I
work	O	O
to	O	O
target	O	O

of	O	O
social	O	O
work	O	O
in	O	O
local	O	O
government,	O	O
the	O	O
voluntary	O	O
or	O	O
independent	O	O
sector	B	B

a	O	O
motivational	O	O
personmanager	O	O
and	O	O
good	O	O
team	B	B
builder	I	I
who	O	O
recognise	O	O
potential	O	O
in	O	O
people	O	O

to	O	O
build	O	O
meaningful	O	O
business	O	O
relationship	O	O
strong	O	O
ability	B	B
to	I	I
actively	I	I
listen	I	I
and	O	O
determine	O	O
customer	O	O
need	O	O

analyst	O	O
will	O	O
be	O	O
a	O	O
key	O	O
and	O	O
senior	O	O
member	O	O
of	O	O
a	O	O
dynamic	B	B
test	O	O
team	O	O
responsible	O	O
for	O	O
ensure	O	O
system	O	O
deliver	O	O
to	O	O
their	O	O
client	O	O

pa	O	O
we	O	O
be	O	O
interest	O	O
in	O	O
confident	O	B
self	B	B
starters	I	I
with	O	O
high	O	O
quality	O	O
administrative	O	O

for	O	O
the	O	O
implementation	O	O
manager	O	O
to	O	O
have	O	O
strong	O	O
customer	B	B
service	I	I
orientation	I	I
skills	I	I
ability	O	O
to	O	O
communicate	O	O
with	O	O

market	O	O
our	O	O
client	O	O
strive	O	O
to	O	O
be	O	O
the	O	O
leader	B	B
in	O	O
each	O	O
market	O	O
they	O	O
serve	O	O

asp	O	O
net	O	O
developer	O	O
to	O	O
join	O	O
a	O	O
large	O	O
net	O	O
team	B	B
responsible	I	O
for	I	B
building	I	B
industry	O	O
lead	O	O
ntier	O	O
application	O	O

a	O	O
service	O	O
drive	O	O
environment	O	O
specialist	O	O
expertise	O	O
ability	B	B
to	I	I
analyze	I	I
configure	O	O
and	O	O
troubleshoot	O	O
small	O	O
size	O	O

specification	O	O
good	O	O
documentation	O	O
presentation	O	O
skill	O	O
selfmotivated	O	O
individual	O	O
good	O	O
team	B	B
worker	I	I
personal	O	O
quality	O	O
enthusiastic	O	O
individual	O	O
with	O	O

if	O	O
work	O	O
with	O	O
a	O	O
dynamic	B	B
market	O	O
leader	O	O
and	O	O
be	O	O
highly	O	O
reward	O	O
for	O	O
success	O	O
match	O	O
your	O	O

the	O	O
work	O	O
environment	O	O
be	O	O
face	O	O
pace	O	O
and	O	O
dynamic	B	B
which	O	O
will	O	O
appeal	O	O
to	O	O
any	O	O
tech	O	O
enthusiast	O	O

on	O	O
experience	O	O
elli	O	O
mack	O	O
recruitment	O	O
be	O	O
work	O	O
with	O	O
an	O	O
independent	B	B
award	O	O
win	O	O
hotel	O	O
group	O	O
in	O	O
it	O	O
'	O	O
s	O	O
perthshire	O	O
sight	O	O

the	O	O
country,	O	O
and	O	O
be	O	O
an	O	O
outstanding	O	O
opportunity	O	O
for	O	O
a	O	O
dynamic	O	O
recruiter	B	B
to	O	O
head	O	O
up	O	O
an	O	O
emerge	O	O
perm	O	O
division	O	O

approach	O	O
to	O	O
get	O	O
thing	O	O
do	O	O
and	O	O
motivating	B	B
a	O	O
small	O	O
team	O	O
to	O	O

your	O	O
ability	O	O
to	O	O
horizonscan	O	O
to	O	O
lead	O	B
the	O	O
strategic	B	B
forward	I	I
planning	I	O
of	O	O
the	O	O
service	O	O

business	O	O
skill	O	O
along	O	O
with	O	O
a	O	O
clear	O	O
and	O	O
thorough	B	B
knowledge	O	O
of	O	O
the	O	O
cqc	O	O

and	O	O
employ	O	O
over	O	O
staff	O	O
and	O	O
want	O	O
to	O	O
continue	O	O
with	O	O
our	O	O
aggressive	B	B
expansion	O	O
plan	O	O
s	O	O
forthis	O	O
reason	O	O
we	O	O
be	O	O
look	O	O

able	O	O
to	O	O
generate	O	O
a	O	O
strong	O	O
and	O	O
enthusiastic	O	O
team	B	B
spirit	I	I
and	O	O
encourage	O	O
total	O	O
commitment	O	O

essential	O	O
a	O	O
well	O	O
a	O	O
a	O	O
hardworking	O	B
and	O	O
positive	B	O
attitude	O	O
to	O	O
work	O	O

skill	O	O
and	O	O
effective	O	O
telephone	O	O
and	O	O
write	O	O
communication	B	B
abilities	I	I

constructively	O	O
and	O	O
confidently	O	O
strong	O	O
conceptual	O	B
and	O	O
analytical	B	B
skills	I	I
with	O	O
ability	O	O
to	O	O
develop	O	O

our	O	O
client	O	O
be	O	O
the	O	O
lead	O	O
fully	O	O
independent	B	B
health	O	O
safety	O	O
and	O	O
environmental	O	O
management	O	O
consultancy,	O	O
a	O	O
criterion	O	O
favour	O	O

presence	O	O
and	O	O
the	O	O
ability	O	O
to	O	O
manage	O	O
behaviour	O	O
which	O	O
can	O	O
be	O	O
lively	B	B
but	O	O
rarely	O	O
challenge	O	O

responsibility	O	O
will	O	O
include	O	O
to	O	O
function	O	O
a	O	O
an	O	O
independent	B	B
practitioner	O	O
clinical	O	O
expert	O	O
by	O	O
virtue	O	O
of	O	O
their	O	O
indepth	O	O
knowledge	O	O
and	O	O
experience	O	O

improvement	O	O
ability	O	O
to	O	O
listen	O	O
and	O	O
demonstrate	O	O
creative	B	B
thinking	I	I
skills	I	I
ability	O	O
to	O	O
deal	O	O
with	O	O

join	O	O
an	O	O
entrepreneurial	O	O
and	O	O
innovative	O	O
organisation,	O	O
grow	O	O
in	O	O
a	O	O
dynamic	O	O
and	B	B
supportive	O	O
environment	O	O
and	O	O
contribute	O	O
to	O	O
an	O	O
excite	O	O
programme	O	O
for	O	O

sale,	O	O
resource	O	O
capability	O	O
provide	O	O
dynamic	O	O
handson	B	B
leadership	O	O
to	O	O
the	O	O
team	O	O
so	O	O
to	O	O
ensure	O	O
a	O	O
consistent	O	O

be	O	O
now	O	O
look	O	O
for	O	O
5	O	O
lead	O	O
generator	O	O
to	O	O
join	O	O
their	O	O
dynamic	B	B
and	O	O
friendly	O	O
team	O	O

focus,	O	O
well	O	O
organize	O	O
with	O	O
excellent	O	O
communication	O	O
and	O	O
organizational	O	O
skills	B	B

attribute	O	O
technically	O	O
proficient	O	O
highly	O	O
selfmotivated	O	O
ability	O	O
to	O	O
work	B	B
under	I	I
pressure	I	I
flexible	O	O
and	O	O
adaptable	O	O
to	O	O
learn	O	O

experience	O	O
in	O	O
the	O	O
field	O	O
of	O	O
social	O	O
work,	O	O
counseling	O	O
or	B	B
chemical	O	O
dependency	O	O
with	O	O
a	O	O

advantageous	O	O
interaction	O	O
be	O	O
one	O	O
of	O	O
the	O	O
uk	O	O
s	O	O
fastest	O	O
grow	O	O
independent	B	B
recruitment	O	O
business,	O	O
operate	O	O
through	O	O
a	O	O
grow	O	O
network	O	O
of	O	O
over	O	O

look	O	O
for	O	O
a	O	O
bright,	O	O
ambitious	O	O
and	O	O
friendly	O	O
native	B	O
or	O	O
fluent	O	O
to	O	O
business	O	O
level	O	O
german	O	O
speaker	O	O
to	O	O
join	O	O
a	O	O
friendly	O	O
team	I	O
to	O	O
provide	O	O
administrative	O	O

lead	O	O
by	O	O
example,	O	O
promote	O	O
teamwork	O	O
and	B	B
support	O	O
for	O	O
your	O	O
colleague	O	O

the	O	O
service	O	O
be	O	O
an	O	O
independent	B	B
residential	O	O
specialist	O	O
education	O	O
unit	O	O
for	O	O
young	O	O
people	O	O
age	O	O
1625	O	O
year	O	O

one	O	O
of	O	O
the	O	O
uk	O	O
s	O	O
lead	O	O
regional	O	O
insurance	O	O
broker	O	O
and	O	O
independent	B	B
financial	O	O
advisor	O	O
in	O	O
east	O	O
anglia,	O	O
and	O	O
expand	O	O
their	O	O
trade	O	O

ideally	O	O
agency	O	O
or	O	O
medium	O	O
background	O	O
but	O	O
very	O	O
open	B	B
minded	I	I
strong	O	O
experience	O	O
of	O	O
statistic	O	O
and	O	O

to	O	O
promote	O	O
efficiency	O	O
and	O	O
drive	O	O
innovative	B	B
thinking	I	I
within	O	O
the	O	O
operation	O	O
team,	O	O

ideally	O	O
suit	O	O
to	O	O
teacher	O	O
who	O	O
be	O	O
wellorganized	B	B
and	O	O
inspire,	O	O
and	O	O
who	O	O

a	O	O
number	O	O
of	O	O
interest	O	O
project	O	O
in	O	O
a	O	O
hast	O	O
pace	O	O
and	O	O
dynamic	B	B
environment	O	O

a	O	O
candidate	O	O
who	O	O
be	O	O
efficient	O	O
and	O	O
wellorganized	B	B
who	O	O
posse	O	O
at	O	O
least	O	O
intermediate	O	O

director,	O	O
you	O	O
will	O	O
be	O	O
responsible	O	O
for	O	O
a	O	O
small	O	O
and	O	O
dynamic	O	O
technical	B	B
team	O	O
manage	O	O
all	O	O
system	O	O
base	O	O
largely	O	O
on	O	O
the	O	O

team	O	O
but	O	O
equally	O	O
selfmotivated	O	O
and	O	O
able	O	O
to	O	O
take	B	B
the	I	I
initiative	I	I

accuracy	O	O
good	O	O
team	O	O
work	O	O
skill	O	O
willingness	O	O
and	O	O
ability	B	B
to	I	I
learn	I	I
new	O	O
skill	O	O
and	O	O
task	O	O

background	O	O
computer	O	O
literate	O	O
experience	O	O
in	O	O
inspect	O	O
high	O	O
tolerance	B	B
precision	O	O
machine	O	O
responsibility	O	O
isir	O	O

in	O	O
order	O	O
to	O	O
maximise	O	O
the	O	O
operational	O	O
effectiveness	B	B
and	O	O
reliability	O	O
of	O	O
the	O	O

and	O	O
personal	O	O
stature,	O	O
together	O	O
with	O	O
a	O	O
mature	O	O
personality,	B	B
tact	O	I
and	O	O
diplomacy	O	B

north	O	O
west	O	O
and	O	O
in	O	O
return	O	O
we	O	O
promise	O	O
a	O	O
fun,	O	O
dynamic	O	O
career	B	B

the	O	O
company	O	O
the	O	O
company	O	O
be	O	O
a	O	O
highly	O	O
respect	O	O
independent	B	B
broker,	O	O
currently	O	O
service	O	O
write	O	O
premium	O	O
of	O	O
over	O	O
30m	O	O
across	O	O

unobtrusive	O	O
consultative	O	O
service	O	O
to	O	O
it	O	O
'	O	O
s	O	O
customer,	O	O
within	O	O
a	O	O
dynamic	B	B
and	O	O
contemporary	O	O
retail	O	O
environment	O	O

and	O	O
due	O	O
to	O	O
continue	O	O
growth	O	O
require	O	O
a	O	O
dynamic	B	B
head	O	O
of	O	O
release	O	O
manager	O	O

ability	O	O
to	O	O
communicate	O	O
effectively	O	O
with	O	O
others	O	O
the	O	O
ability	B	B
to	I	I
report	I	I
on	O	O
their	O	O
work	O	O
effectively	O	O
and	O	O

ability	O	O
to	O	O
prioritise	O	O
work	O	O
accord	O	O
to	O	O
very	O	O
aggressive	B	B
timescales	O	O
whilst	O	O
maintain	O	O
high	O	O
quality	O	O

surpass	O	O
them	O	O
people	O	O
who	O	O
have	O	O
idea,	O	O
flexibility,	O	O
imagination	O	O
and	O	O
resilience	B	B

show	O	O
tenacity,	O	O
enthusiasm	O	O
and	O	O
drive,	O	O
display	O	O
self	O	O
confidence	O	O
and	B	B
initiative	I	I
develop	I	I
relationship	I	I
with	O	O
key	O	O
internal	O	O

business	O	O
opportunity	O	O
to	O	O
work	O	O
for	O	O
a	O	O
successful	O	O
organisation	O	O
that	O	O
be	O	O
dynamic	B	B
and	O	O
forward	O	O
think	O	O
track	O	O
record	O	O
of	O	O
delivery	O	O
and	O	O
the	O	O
highest	O	O

sale	O	O
recruitment	O	O
skill	O	O
and	O	O
develop	O	O
your	O	O
managerial	B	B
skills	I	I

strong	O	O
prioritization	B	O
and	I	O
organizational	I	B
skills	I	I

to	O	O
both	O	O
contractual	O	O
and	O	O
price	O	O
issue	O	O
strong	O	O
influencing	B	B
and	I	I
interpersonal	I	I
skills	I	I
skilled	O	O
negotiator	O	O
ability	O	O
to	O	O

professional	O	O
business	O	O
appearance	O	O
with	O	O
a	O	O
positive,	O	O
hardworking,	O	O
willing	O	O
to	O	O
learn	B	B
attitude	I	I
numerate	I	I
with	O	O
competent	O	O
it	O	O

to	O	O
different	O	O
hospital	O	O
environment	O	O
be	O	O
flexible	O	O
and	O	O
reliable	B	B
be	O	O
able	O	O
to	O	O
provide	O	O
2	O	O

you	O	O
will	O	O
be	O	O
work	O	O
a	O	O
part	O	O
of	O	O
a	O	O
friendly	O	O
and	O	O
dynamic	B	B
team	O	O
within	O	O
a	O	O
local	O	O
authority	O	O
in	O	O
the	O	O
nottinghamshire	O	O
area	O	O

a	O	O
new	O	O
cm	O	O
and	O	O
other	O	O
software	O	O
good	O	O
analytic	B	B
skills	I	I
photoshop	I	I
skills	I	I
excellent	O	O
attention	O	O
to	O	O
detail	O	O
experience	O	O

the	O	O
successful	O	O
candidate	O	O
must	O	O
have	O	O
strong	O	O
computer	B	B
skills	I	I
a	O	O
well	O	O
a	O	O
the	O	O
aptitude	O	O

and	O	O
entertainment	O	O
record	O	O
keep	O	O
and	O	O
reconciliation	O	O
external	O	O
due	O	O
diligence	B	B
visit	O	O
with	O	O
other	O	O
member	O	O
of	O	O

with	O	O
the	O	O
addition	O	O
of	O	O
a	O	O
new	O	O
dedicated	B	B
sales	I	I
person	I	I

will	O	O
need	O	O
to	O	O
be	O	O
self	O	O
motivate,	O	O
self	O	O
confident	B	B
and	I	I
well	O	O
organize	O	O
and	O	O
locate	O	O

to	O	O
client	O	O
in	O	O
a	O	O
friendly,	O	O
welcome	O	O
and	O	O
courteous	O	O
manner	B	B
to	O	I
my	O	O
client,	O	O

lead	O	O
qualify	O	O
opportunity	O	O
this	O	O
role	O	O
require	O	O
an	O	O
active	B	B
person	I	I
who	O	O
can	O	O
take	O	O
responcibility	O	O

a	O	O
true	O	O
hybrid	O	O
creative	O	O
with	O	O
strong	O	O
conceptual	B	B
thinking	I	I
and	O	O
the	O	O
design	O	O
skill	O	O
to	O	O

have	O	O
to	O	O
be	O	O
within	O	O
property	O	O
but	O	O
they	O	O
do	O	O
look	O	O
for	O	O
dynamic	B	B
and	O	O
punchy	O	O
individual,	O	O
who	O	O
be	O	O
natural	O	O
leader	O	O
with	O	O
outgo	O	O

responsibility	O	O
key	O	O
skill	O	O
require	O	O
include	O	O
the	O	O
ability	B	B
to	I	I
report	I	I
margin	O	O
variance	O	O
analysis,	O	O
coordinate	O	O
the	O	O

a	O	O
ambassador	O	O
for	O	O
our	O	O
company	O	O
encourage	O	O
teamwork	B	B
across	O	O
the	O	O
department	O	O
work	O	O
on	O	O

in	O	O
this	O	O
client	B	B
management	I	I
oriented	I	I
role,	O	O
you	O	O
will	O	O
need	O	O
to	O	O

to	O	O
ensure	O	O
a	O	O
proactive	B	B
approach	I	I
to	O	O
cost	O	O
and	O	O
service	O	O

client	O	O
profile	O	O
widely	O	O
recognise	O	O
a	O	O
a	O	O
hugely	O	O
dynamic	B	B
and	O	O
inspirational	O	O
place	O	O
to	O	O
work	O	O
with	O	O
a	O	O
strong,	O	O
creatively	O	O

low	O	O
defect	O	O
multitier	O	O
application	O	O
database	O	O
design	O	O
and	O	O
development	B	B
skills	I	I
with	O	O
microsoft	O	O
sql	O	O
server	O	O

thorough	B	B
understand	O	O
of	O	O
structure	O	O
test	O	O
process	O	O

candidate	O	O
will	O	O
take	O	O
an	O	O
active	B	B
leadership	O	O
role	O	O
in	O	O
all	O	O

good	O	O
planning	B	B
and	I	I
organisation	I	I
skills	I	I

a	O	O
activity	O	O
officer	O	O
you	O	O
will	O	O
coordinate	O	O
creative,	O	O
dynamic	O	O
and	B	B
fun	O	O
activity	O	O
and	O	O
train	O	O
for	O	O
young	O	O
disable	O	O
people	O	O
ensure	O	O

load	O	O
calculation	O	O
include	O	O
postprocessing	O	O
development	O	O
of	O	O
a	O	O
fully	O	O
integrate	O	O
and	O	O
dynamic	B	B
rotor	O	O
drive	O	O
train	O	O
optimisation	O	O
tool	O	O
for	O	O
various	O	O
other	O	O
model	O	O
interface	O	O

recruit	O	O
for	O	O
a	O	O
permanent	O	O
electrical	O	O
engineer	O	O
installer	O	O
to	O	O
join	O	O
their	O	O
expand	O	O
team	B	B
working	I	I
throughout	O	O
yorkshire	O	O

in	O	O
the	O	O
agricultural	O	O
sector	O	O
well	O	O
organise	O	O
individual	O	O
reliable	B	B
personality	I	I
able	O	O
to	O	O
work	O	O
to	O	O

and	O	O
head	O	O
up	O	O
the	O	O
design	O	O
and	O	O
development	O	O
team	B	B
working	I	I
in	O	O
conjunction	O	O
with	O	O
market	O	O

brand	O	O
new	O	O
office	O	O
development,	O	O
work	O	O
a	O	O
part	O	O
of	O	O
small	O	O
dynamic	O	O
team	B	B

progression	O	O
black	O	O
fox	O	O
solution	O	O
be	O	O
represent	O	O
an	O	O
excellent	O	O
award	O	O
win	O	O
independent	B	B
private	O	O
nurse	O	O
home	O	O
in	O	O
belfast	O	O

be	O	O
enthusiastic,	O	O
hardworking	O	O
and	B	B
professional	O	O

job	O	O
responsibility	O	B
responsible	B	B
for	O	O
the	O	O
day	O	O
to	O	O

the	O	O
team	B	O
has	I	B
close	I	O
interaction	I	O
with	O	O
peer	O	O
team	O	O
within	O	O

team	O	O
create	O	O
a	O	O
real	O	O
sense	O	O
of	O	O
team	B	B
spirit	I	I
and	O	O
high	O	O
team	O	O
morale	O	O

a	O	O
genuine	O	O
career	O	O
in	O	O
sale	O	O
with	O	O
a	O	O
professional	B	B
company	I	I
with	I	I
ethics	I	I
and	O	O
value	O	O
key	O	O
responsibility	O	O

basic	O	O
bonus	O	O
share	O	O
option	O	O
vacancy	O	O
profile	O	O
our	O	O
client	O	O
be	O	O
independent	B	B
operator	O	O
presently	O	O
seek	O	O
a	O	O
head	O	O
chef	O	O
for	O	O
there	O	O
award	O	O
win	O	O

tolerance	O	O
and	O	O
goal	O	O
drive	O	O
with	O	O
excellent	O	O
negotiation	B	B
skills	I	I
main	O	O
job	O	O
task	O	O
and	O	O
responsibility	O	O

ownership	O	B
and	O	O
maturity	B	B
be	O	O
therefore	O	O
important	O	O
word	O	O

drive	O	O
far	O	O
east	O	O
and	O	O
longhaul	O	O
product	O	O
manager	O	O
to	O	O
join	O	O
their	O	O
dynamic	B	B
product	O	O
team	O	O

the	O	O
firm	O	O
finance	O	O
function	O	O
that	O	O
will	O	O
report	O	O
directly	O	O
to	O	O
a	O	O
dynamic	B	B
and	O	O
inspirational	O	O
finance	O	O
director	O	O

to	O	O
set	O	O
up	O	O
a	O	O
test	O	O
function	O	O
within	O	O
this	O	O
successful	O	O
and	O	O
dynamic	B	B
software	O	O
organisation	O	O
with	O	O
at	O	O
least	O	O
2	O	O
year	O	O
experience	O	O
in	O	O
a	O	O

help	O	O
patient	O	O
reach	O	O
a	O	O
standard	O	O
of	O	O
independent	B	B
functionality	O	O
after	O	O
trauma	O	O
medical	O	O
procedure	O	O
have	O	O
partly	O	O
or	O	O
wholly	O	O
damage	O	O
hand	O	O

you	O	O
have	O	O
what	O	O
it	O	O
take	O	O
to	O	O
be	O	O
part	O	O
of	O	O
this	O	O
dynamic	B	B
and	O	O
fastpaced	O	O
company,	O	O
send	O	O
in	O	O
your	O	O
cv	O	O
now	O	O

celsian	O	O
education	O	O
be	O	O
competitive	O	O
pay	O	O
unrivalled	O	O
commitment	B	B
to	O	I
quality	O	I
and	O	O
safeguard	O	O

uncapped	O	O
ote	O	O
to	O	O
the	O	O
company	O	O
we	O	O
be	O	O
a	O	O
dynamic	B	B
cloud	O	O
communication	O	O
provider	O	O
base	O	O
in	O	O
knutsford,	O	O
cheshire	O	O

meet	O	O
and	O	O
ability	O	O
to	O	O
demonstrate	O	O
good	O	O
time	B	B
management	I	I
skills	I	I

you	O	O
will	O	O
enjoy	O	O
work	O	O
in	O	O
what	O	O
be	O	O
a	O	O
fastpaced	O	O
and	O	O
dynamic	B	B
environment	O	O
and	O	O
will	O	O
have	O	O
strong	O	O
leadership,	O	O
motivational	O	O
and	O	O
interpersonal	O	O

will	O	O
have	O	O
excellent	O	O
communication,	O	O
negotiation	O	O
and	O	O
diplomacy	O	O
skills	B	B
and	I	I
the	O	O
ability	O	O
to	O	O

trustworthy	O	O
and	O	O
reliable	O	O
flexible	O	O
and	O	O
open	B	B
to	I	I
change	I	I
consistent	O	O
in	O	O
your	O	O
mood	O	O
and	O	O

have	O	O
a	O	O
great	O	O
opportunity	O	O
for	O	O
an	O	O
enthusiastic,	O	O
innovative	O	O
and	O	O
dynamic	O	O
key	B	B
stage	O	O
teacher	O	O
to	O	O
join	O	O
a	O	O
school	O	O
in	O	O
the	O	O

telephone	O	O
base	O	O
role	O	O
must	O	O
have	O	O
a	O	O
confident	B	B
and	I	I
upbeat	I	I
personality	I	I
and	O	O
be	O	O
confident	O	O
on	O	O

management	O	O
role	O	O
not	O	O
necessarily	O	O
hospitality	O	O
be	B	O
creative	I	B
entrepreneurial,	O	O
energetic,	O	O
up	O	O
for	O	O

team	O	O
manage	O	O
all	O	O
digital	O	O
channel,	O	O
include	O	O
email,	O	O
a	O	O
lively	O	O
social	O	O
medium	B	B
presence	O	O
and	O	O
a	O	O
mobile	O	O
platform	O	O

to	O	O
work	O	O
provider	O	O
be	O	O
look	O	O
for	O	O
a	O	O
result	O	O
focus	O	O
and	O	O
dynamic	B	B
sale	O	O
person	O	O
to	O	O
engage	O	O
with	O	O
employer	O	O
across	O	O
the	O	O
bedford	O	O
area	O	O

great	O	O
time	O	O
management	O	O
skill	O	O
have	O	O
an	O	O
outgoing	B	B
and	I	I
friendly	I	I
personality	I	I
what	O	O
`	O	O
s	O	O
in	O	O

from	O	O
strength	O	O
to	O	O
strength,	O	O
they	O	O
be	O	O
building	O	O
on	B	B
their	O	O
exist	O	O
team	O	O
and	O	O

a	O	O
the	O	O
development	O	O
manager	O	O
senior	O	O
analyst	O	O
programmer	O	O
of	O	O
this	O	O
dynamic	B	B
financial	O	O
service	O	O
company	O	O
you	O	O
will	O	O
be	O	O
responsible	O	O
for	O	O
the	O	O
development	O	O

skill	O	O
basic	O	O
knowledge	O	O
of	O	O
labour,	O	O
industrial	O	O
and	O	O
human	O	O
relations	B	B
experience	I	I
the	O	O
appoint	O	O
candid	O	O
must	O	O

senior	O	O
designer,	O	O
you	O	O
will	O	O
be	O	O
responsible	O	O
for	O	O
conceptualization	O	O
and	B	B
implementation	O	O
of	O	O
design	O	O

inbound	O	O
customer	O	O
call	O	O
in	O	O
a	O	O
professional	O	B
but	O	O
friendly	B	O
manner	O	I

our	O	O
highly	O	O
train	O	O
and	O	O
dedicated	B	B
team	O	O
be	O	O
commit	O	O
to	O	O

in	O	O
a	O	O
leadership	O	O
role	O	O
within	O	O
a	O	O
change	O	O
environment	O	O
with	O	O
a	O	O
dynamic	B	B
multidisciplinary	O	O
team	O	O

to	O	O
join	O	O
the	O	O
uk	O	O
s	O	O
largest	O	O
and	O	O
fastest	O	O
grow	O	O
independent	B	B
coffee	O	O
retailer	O	O
in	O	O
the	O	O
uk	O	O
and	O	O
plan	O	O
for	O	O
many	O	O
more	O	O

the	O	O
ambitious	O	O
and	O	O
dynamic	B	B
nature	O	O
of	O	O
my	O	O
client	O	O
mean	O	O
that	O	O
the	O	O
successful	O	O
candidate	O	O
will	O	O

there	O	O
be	O	O
a	O	O
warm,	O	O
safe	O	O
and	O	O
hospitable	O	O
welcome	B	B
for	O	O
all	O	O
to	O	O
ensure	O	O

and	O	O
be	O	O
keen	O	O
to	O	O
apply	O	O
your	O	O
experience	O	O
to	O	O
a	O	O
more	O	O
dynamic	B	B
environment	O	O

have	O	O
strong	O	O
plan	O	O
and	O	O
organizing	B	B
skills	I	I
to	O	O
apply	O	O
please	O	O
forward	O	O
your	O	O

this	O	O
be	O	O
a	O	O
fantastic	O	O
opportunity	O	O
to	O	O
join	O	O
a	O	O
dynamic	B	B
market	O	O
leader	O	O

quality	O	O
service	O	O
delivery,	O	O
facility	O	O
management	O	O
and	O	O
team	O	O
management	B	B
responsibility	I	I

this	O	O
be	O	O
an	O	O
excellent	O	O
opportunity	O	O
to	O	O
join	O	O
a	O	O
dynamic	B	B
and	O	O
intelligent	O	O
team	O	O
who	O	O
will	O	O
really	O	O
test	O	O
your	O	O
skill	O	O
and	O	O

opportunity	O	O
to	O	O
develop	O	O
your	O	O
claim	O	O
handle	O	O
experience	O	O
with	O	O
an	O	O
establish	O	O
independent	B	B
company	O	O
that	O	O
strongly	O	O
value	O	O
it	O	O
customer	O	O
and	O	O
employee	O	O

project	O	O
management	O	O
highly	O	O
creative	O	O
individual,	O	O
with	O	O
excellent	O	O
conceptual	O	O
skills	B	B
d	I	I
cad	O	O
experience,	O	O
preferably	O	O

require	O	O
must	O	O
be	O	O
very	O	O
motivate,	O	O
keen	O	O
and	O	O
eager	O	O
to	B	B
learn	I	I
and	I	I
be	O	O
conscientious	O	O
of	O	O

about	O	O
our	O	O
client	O	O
our	O	O
client	O	O
be	O	O
an	O	O
extremely	O	O
successful	O	O
and	O	O
dynamic	B	B
business	O	O
which	O	O
offer	O	O
customer	O	O
of	O	O
all	O	O
age	O	O
high	O	O
quality	O	O
fashion	O	O

and	O	O
harness	O	O
energy	O	O
and	O	O
talent	O	O
towards	O	O
achieving	B	B
common	I	I
goals	I	I

you	O	O
will	O	O
need	O	O
to	O	O
have	O	O
the	O	O
ability	B	B
to	I	I
organize	I	I
tailormade	O	O
package	O	O
for	O	O
the	O	O

demonstrate	O	O
a	O	O
willingness	O	O
and	O	O
ability	O	B
to	O	I
accept	O	O
responsibility	B	O

work	O	O
in	O	O
an	O	O
administration	O	O
role	O	O
strong	O	O
business	O	O
customer	B	B
orientation	I	I
strong	I	I
organisation	I	I
skills	I	I
accuracy	O	O
a	O	O
positive,	O	O
polite	O	O
and	O	O

develop	O	O
client	B	B
relationships	I	I
and	O	O
new	O	O
account	O	O
through	O	O
telephone	O	O

disable	O	O
and	O	O
ventilate	O	O
people	O	O
in	O	O
their	O	O
own	O	O
home	O	O
to	O	O
develop	O	O
independent	B	B
live	O	O
skill,	O	O
access	O	O
local	O	O
community,	O	O
build	O	O
relationship	O	O
along	O	O

be	O	O
customer	O	O
focus	O	O
and	O	O
have	O	O
a	O	O
passion	B	B
for	O	O
continuously	O	O
improve	O	O
the	O	O

articulate	B	B
and	O	O
good	O	O
telephone	O	O
manner	O	B

communication	O	O
skill	O	O
an	O	O
energetic,	O	O
enthusiastic,	O	O
proactive,	O	O
problemsolving	O	O
attitude	O	O
attention	O	O
to	B	B
detail	I	I
this	O	O
be	O	O

tenacious	O	O
and	O	O
highly	O	O
drive	O	O
to	O	O
succeed	O	O
excellent	O	O
communication	B	B
skill	I	O
numerate	O	O
with	O	O
good	O	O
attention	O	O

will	O	O
enjoy	O	O
the	O	O
entrepreneurial	O	O
buzz	O	O
of	O	O
work	O	O
within	O	O
a	O	O
grow	O	O
dynamic	B	B
business	O	O
where	O	O
your	O	O
daily	O	O
decision	O	O
will	O	O
make	O	O
a	O	O
real	O	O
difference	O	O

will	O	O
be	O	O
a	O	O
good	O	O
communicator	O	B
with	O	O
excellent	O	O
attention	B	O
to	I	I
detail	I	O

they	O	O
be	O	O
a	O	O
dynamic	B	B
and	O	O
excite	O	O
business	O	O
with	O	O
a	O	O
highly	O	O
proactive	O	O
sale	O	O
culture	O	O
look	O	O

at	O	O
all	O	O
level	O	O
strong	O	O
communication	O	O
and	O	O
influencing	B	B
skills	I	I
posse	O	O
strong	O	O
interpersonal	O	O
and	O	O

to	O	O
deadline,	O	O
and	O	O
demonstrate	O	O
good	O	O
oral	O	O
and	O	O
written	O	O
communication	B	B
skills	I	I

quality	O	O
assurance	O	O
and	O	O
an	O	O
understand	O	O
of	O	O
arrangement	O	O
require	O	O
for	O	O
the	O	O
independent	B	B
assessment	O	O
of	O	O
work	O	O

drive	O	O
and	O	O
performance	O	O
focus	O	O
exceptional	O	O
communication	O	O
and	O	O
diplomacy	B	B
skills	I	I
pay	O	O
rate	O	O
of	O	O
k	O	O

business	O	O
development	O	O
executive	O	O
require	O	O
for	O	O
a	O	O
lead	O	O
independent	B	B
electrical	O	O
wholesaler	O	O
in	O	O
the	O	O
nottingham	O	O
area	O	O

priority	O	O
work	O	O
schedule	O	O
and	O	O
will	O	O
be	O	O
able	B	B
to	I	I
communicate	I	I
efficiently	O	O
and	O	O
effectively	O	O
with	O	O

out	O	O
your	O	O
work	O	O
with	O	O
pride	O	O
and	O	O
enthusiasm	B	B
attach	O	O
a	O	O
copy	O	O
of	O	O

will	O	O
deliver	O	O
digital	O	O
photography	O	O
workshop	O	O
into	O	O
primary,	O	O
secondary	O	O
and	O	O
independent	O	O
school	B	B
in	O	O
their	O	O
local	O	O
area	O	O

customerclient	B	B
service	I	I
orientation	I	I
willingness	O	O
andability	O	O
to	O	O
deliver	O	O

a	O	O
waste	O	O
water	O	O
project	O	O
and	O	O
be	O	O
now	O	O
currently	O	O
recruit	O	O
a	O	O
dynamic	B	B
project	O	O
manager	O	O
to	O	O
join	O	O
the	O	O
organisation	O	O

self	O	O
employ	O	O
people	O	O
be	O	O
responsable	B	B
pay	O	O
their	O	O
own	O	O
national	O	O

of	O	O
it	O	O
at	O	O
the	O	O
many	O	O
initiative	O	B
run	B	B
by	I	O
the	I	O
department	I	O

good	O	O
organiser	O	O
able	O	O
to	O	O
work	O	O
independently	O	O
high	O	O
ethical	B	B
standards	I	I
design	O	O
and	O	O
develop	O	O
learn	O	O
solution	O	O

similar	O	O
hr	O	O
database	O	O
would	O	O
be	O	O
an	O	O
advantage	O	O
ability	B	B
to	I	I
effectively	I	I
organize	I	I
a	O	O
busy	O	O
workload	O	O
and	O	O

good	O	O
personal	B	B
time	I	I
management	I	I
and	I	O
organisational	I	B
skills	I	I

by	O	O
exhibit	O	O
the	O	O
follow	O	O
behaviour	O	O
competence	O	O
and	O	O
commitment	B	B
to	I	I
excellence	I	I
teamwork	I	I
build	O	O
strong,	O	O
longterm	O	O
partnership	O	O
with	O	O

classroom	O	O
management	O	O
include	O	O
monitor	O	O
ing	O	O
att	O	O
endance,	O	O
punctuality	O	O
and	B	B
student	O	O
behavior	O	O

cando	O	O
attitude	O	O
with	O	O
positive	O	O
mindset	O	O
excellent	O	O
self	B	B
management	I	I
and	I	I
organisational	I	I
skills	I	I
in	O	O
return,	O	O
you	O	O
will	O	O

high	O	O
volume	O	O
of	O	O
work	O	O
with	O	O
a	O	O
proactive	B	B
approach	I	O
and	O	O
the	O	O
ability	O	O
to	O	O

today	O	O
the	O	O
school	O	O
be	O	O
a	O	O
flourish	O	O
coeducational	O	O
independent	B	B
school,	O	O
govern	O	O
by	O	O
a	O	O
single	O	O
charitable	O	O
foundation	O	O

of	O	O
own,	O	O
manage	O	O
and	O	O
deliver	O	O
product	O	O
solution	O	O
critical	O	O
thinking	B	B
must	I	I
be	O	O
able	O	O
to	O	O

a	O	O
creative	O	O
and	O	O
cost	O	O
conscious	O	O
approach	O	O
mature	B	B
independent	O	I
personality	O	I
self	O	O
organize	O	O
and	O	O

assistant	O	O
manager	O	O
who	O	O
would	O	O
you	O	O
prefer	O	O
to	O	O
work	O	O
for	O	O
an	O	O
independent	B	B
business	O	O
with	O	O
an	O	O
excellent	O	O
local	O	O
reputation,	O	O
but	O	O
want	O	O
to	O	O

field	O	O
sale	O	O
experience	O	O
for	O	O
a	O	O
mobile	O	O
network	O	O
or	O	O
an	O	O
independent	B	B
airtime	O	O
service	O	O
provider	O	O

you	O	O
will	O	O
take	O	O
a	O	O
lead	O	O
role	O	O
within	O	O
a	O	O
dynamic	B	B
project	O	O
team	O	O
develop	O	O
a	O	O
wide	O	O
variety	O	O
of	O	O
product	O	O
from	O	O
individual	O	O

you	O	O
have	O	O
good	O	O
team	B	B
working	I	I
skill	O	O
and	O	O
may	O	O
also	O	O
have	O	O
previously	O	O
lead	O	O
a	O	O
team	O	O

live	O	O
development	O	O
this	O	O
new	O	O
site	O	O
will	O	O
house	O	O
apartment	O	O
to	O	O
offer	O	O
independent	B	B
live	O	O
for	O	O
older	O	O
people	O	O
ideally	O	O
locate	O	O
for	O	O
good	O	O
transport	O	O
link	O	O

it	O	O
be	O	O
a	O	O
lively	B	B
city	O	O
where	O	O
you	O	O
can	O	O
feel	O	O
the	O	O
atmosphere	O	O
of	O	O
a	O	O
big	O	O

adaptable	O	O
and	O	O
multiskilled	O	O
good	O	O
communication,	O	O
plan	O	O
and	O	O
scheduling	O	O
skills	B	B

sale	O	O
administration	O	O
experience	O	O
interpersonal	O	O
skill	O	O
efficient	O	B
time	B	I
management	I	I
good	O	O
organisation	O	O
skill	O	O
and	O	O

client	O	O
face	O	O
and	O	O
commercially	O	O
focus	O	O
role	O	O
however	O	O
the	O	O
environment	O	O
be	O	O
lively	B	B
and	O	O
there	O	O
will	O	O
be	O	O
much	O	O
liaise	O	O
with	O	O
other	O	O
team	O	O

a	O	O
dynamic	B	B
and	O	O
marketleading	O	O
company	O	O
that	O	O
have	O	O
experience	O	O
excellent	O	O
and	O	O
sustain	O	O
period	O	O

,	O	O
unicom	O	O
be	O	O
the	O	O
uk	O	O
'	O	O
s	O	O
largest	O	O
and	O	O
fastest	O	O
grow	B	B
independent	O	O
telecommunication	O	O
service	O	O
provider	O	O
specialise	O	O
in	O	O
the	O	O
small	O	O
to	O	O
medium	O	O

organize	O	O
and	O	O
detail	O	O
orient	O	O
with	O	O
exceptional	O	O
followthrough	B	B
team	O	O
player,	O	O
selfstarter	O	O
exposure	O	O
to	O	O

creative	O	O
and	O	O
confident	O	O
when	O	O
it	O	O
come	O	O
to	O	O
meeting	B	B
deadlines	I	I
this	O	O
could	O	O
be	O	O
the	O	O

this	O	O
dynamic	B	B
company	O	O
in	O	O
return	O	O
offer	O	O
a	O	O
competitive	O	O
salary,	O	O
company	O	O
car	O	O

synthesis	O	O
process	O	O
ensure	O	O
a	O	O
rigorous	O	B
analytical	B	O
environment	O	O
and	O	O
protocol	O	O
be	O	O

child	O	O
care	O	O
and	O	O
education	O	O
or	O	O
health	O	O
learning	B	B
and	I	I
skills	I	I
service	O	O
at	O	O
various	O	O
prison	O	O
and	O	O

regulation	O	O
the	O	O
post	O	O
holder	O	O
will	O	O
be	O	O
innovative,	O	O
dynamic	O	O
and	B	B
commit,	O	O
with	O	O
a	O	O
prove	O	O
track	O	O
record	O	O
of	O	O
change	O	O

list	O	O
of	O	O
residential	O	O
property	O	O
an	O	O
establish	O	O
and	O	O
forward	O	O
think	O	O
independent	B	B
estate	O	O
agent,	O	O
be	O	O
now	O	O
search	O	O
for	O	O
an	O	O
estate	O	O
agent	O	O

in	O	O
a	O	O
fast	O	O
move	O	O
environment	O	O
strong	O	O
negotiation	B	B
skills	I	I
ability	O	O
to	O	O
liaise	O	O
with	O	O
and	O	O

r21media	O	O
be	O	O
a	O	O
dynamic	B	B
and	O	O
fast	O	O
move	O	O
digital	O	O
medium	O	O
and	O	O
market	O	O
agency,	O	O
specialise	O	O

the	O	O
south	O	O
yorkshire	O	O
area,	O	O
in	O	O
both	O	O
local	O	O
authority	O	O
and	O	O
independent	O	O
service	B	B
role	O	O

manage	O	O
project	O	O
good	O	O
organisational	O	O
skill	O	O
good	O	O
people	B	B
skills	I	I
be	O	O
innovative	O	O
and	O	O
reliable	O	O
technical	O	O

team	O	O
player	O	O
highly	O	O
analytical	O	O
together	O	O
with	O	O
critical	B	B
thinking	I	I
skills	I	I
multitasking	I	I
skills	I	I
highly	O	O
adaptable	O	O
flexible	O	O
work	O	O

improvement	O	O
knowledge	O	O
strong	O	O
influence	O	O
and	O	O
communication	O	O
skill	O	O
consulting	B	B
skills	I	I
commercial	O	O
focus	O	O
able	O	O
to	O	O
build	O	O

in	O	O
build	O	O
strong	O	O
client	O	O
and	O	O
team	O	O
relationship	O	O
easy	B	B
going	I	I
and	O	O
personable	O	O
with	O	O
client	O	O

be	O	O
confident	O	O
and	O	O
assertive	O	O
have	O	O
high	O	O
attention	B	B
to	I	I
details	I	I
have	O	O
excellent	O	O
negotiate	O	O
skill	O	O
have	O	O

relative	O	O
and	O	O
therefore	O	O
must	O	O
be	O	O
confident	O	B
and	O	O
articulate	B	O

with	O	O
the	O	O
ability	O	O
to	O	O
prioritise	O	O
workload	O	O
managing	B	B
several	I	I
tasks	I	I
simultaneously	O	O
and	O	O
to	O	O
work	O	O

a	O	O
work	O	O
knowledge	O	O
and	O	O
experience	O	O
of	O	O
self	B	B
directed	I	I
support,	O	O
personal	O	O
budget	O	O
and	O	O
direct	O	O

within	O	O
the	O	O
hr	O	O
operation	O	O
team	O	O
by	O	O
provide	O	O
coaching	B	B
on	O	O
policy	O	O
procedure	O	O
ensure	O	O

a	O	O
solution	O	O
focus	O	O
selfstarter	O	O
with	O	O
excellent	O	O
problem	B	B
solving	I	I
communication	O	O
and	O	O
team	O	O
skill	O	O

you	O	O
will	O	O
join	O	O
our	O	O
grow	O	O
support	O	O
consultancy	O	O
team	B	B
working	I	I
with	O	O
endusers	O	O
of	O	O
our	O	O
proclaim	O	O
account	O	O
software	O	O

good	O	O
prioritisation	O	O
and	O	O
delegation	B	B
skills	I	I
and	O	O
track	O	O
record	O	O
of	O	O

be,	O	O
above	O	O
all	O	O
a	O	O
hospitable	O	O
and	B	B
friendly	O	O
individual	O	O
with	O	O
a	O	O

you	O	O
will	O	O
pick	O	O
up	O	O
account	O	O
management	O	B
responsibility	B	B
for	O	O
a	O	O
small	O	O
part	O	O
of	O	O

to	O	O
work	O	O
with	O	O
minimum	O	O
supervision,	O	O
add	O	O
to	O	O
the	O	O
team	O	O
dynamic	O	O
and	B	B
be	O	O
a	O	O
creative	O	O
thinker	O	O

you	O	O
be	O	O
look	O	O
for	O	O
a	O	O
change	O	O
of	O	O
scenery	O	O
and	O	O
a	O	O
dynamic	B	B
role,	O	O
then	O	O
this	O	O
could	O	O
be	O	O
the	O	O
position	O	O
for	O	O
you	O	O

require	O	O
negotiation	B	B
skills	I	I
when	O	O
deal	O	O
with	O	O
supplier,	O	O
external	O	O

excellent	O	O
communication,	O	O
organisational	O	O
and	O	O
time	O	O
management	B	B
skills	I	I
be	I	I
also	O	O
important	O	O
a	O	O

all	O	O
service	O	O
and	O	O
repair	O	O
record	O	O
accurately	O	O
work	B	B
well	I	I
under	I	I
pressure	I	I
and	O	O
retain	O	O
a	O	O
positive	O	O

this	O	O
unit	O	O
be	O	O
a	O	O
10	O	O
bed,	O	O
purpose	O	O
design,	O	O
independent	O	O
care	O	O
home	B	B
in	O	O
kingwells	O	O
and	O	O
be	O	O
currently	O	O
recruit	O	O
for	O	O

drive	O	O
success	O	O
customer	O	O
service	O	O
orientate	O	O
strong	O	O
people	B	B
management	I	I
skills	I	I
strong	O	O
business	O	O
communication	O	O
verbal	O	O
and	O	O

head	O	O
chef	O	O
who	O	O
would	O	O
you	O	O
prefer	O	O
to	O	O
work	O	O
for	O	O
an	O	O
independent	B	B
business	O	O
with	O	O
an	O	O
excellent	O	O
local	O	O
reputation,	O	O
but	O	O
want	O	O
to	O	O

an	O	O
independent	B	B
primary	O	O
school	O	O
in	O	O
france	O	O
require	O	O
a	O	O
nursery	O	O
teacher	O	O
from	O	O
january	O	O

average	O	O
level	O	O
of	O	O
intelligence	O	O
managerial	O	O
ability	O	O
leadership	B	B
skills	I	I
ability	I	O
to	O	O
plan	O	O
ahead	O	O
and	O	O
organize	O	O

they	O	O
expect	O	O
the	O	O
person	O	O
come	O	O
in	O	O
to	O	O
be	O	O
a	O	O
dynamic	B	B
and	O	O
challenge	O	O
drive	O	O
a	O	O
the	O	O
senior	O	O
management	O	O
team	O	O
in	O	O
place	O	O

role	O	O
will	O	O
be	O	O
manage	O	O
approx	O	O
account	O	O
these	O	O
will	O	O
be	O	O
independent	B	B
retailer	O	O
non	O	O
food	O	O
fmcg	O	O
you	O	O
will	O	O
be	O	O
require	O	O

car	O	O
or	O	O
allowance	O	O
mobile	O	O
2	O	O
day	O	O
holiday	O	O
company	O	O
highly	O	O
profitable	O	O
independent	B	B
recruitment	O	O
business	O	O
that	O	O
continue	O	O
to	O	O
grow	O	O
operate	O	O
from	O	O
multiple	O	O
regional	O	O

k	O	O
an	O	O
excite	O	O
opportunity	O	O
have	O	O
arise	O	O
in	O	O
a	O	O
small	O	O
and	O	O
dynamic	B	B
design	O	O
agency	O	O
base	O	O
in	O	O
leicester	O	O
for	O	O
a	O	O
talented	O	O
front	O	O
end	O	O

job	O	O
titlemarketing	B	O
manager	I	O
key	I	O
skillsmarketing	I	B
relate	O	O
degree	O	O
or	O	O
idm	O	O
diploma,	O	O

experience	O	O
within	O	O
the	O	O
role	O	O
and	O	O
a	O	O
strong	O	O
work	B	B
ethic	I	I

manager	O	O
be	O	O
to	O	O
ensure	O	O
the	O	O
operation	O	O
of	O	O
a	O	O
quality	O	O
and	O	O
dynamic	B	B
occupational	O	O
health	O	O
oh	O	O
'	O	O
service	O	O

due	O	O
to	O	O
their	O	O
ambition,	O	O
staff	O	O
and	O	O
by	O	O
achieving	O	O
their	B	B
goals	I	I

to	O	O
join	O	O
a	O	O
small	O	O
team	O	O
with	O	O
a	O	O
lively	B	B
work	O	O
environment	O	O
and	O	O
have	O	O

pmo	O	O
analystmy	O	O
client	O	O
require	O	O
a	O	O
highly	O	O
capable	O	O
and	O	O
dynamic	B	B
project	O	O
support	O	O
analyst	O	O
to	O	O
work	O	O
on	O	O
a	O	O
number	O	O
of	O	O
high	O	O

leader	O	O
manager	O	O
role	O	O
within	O	O
insurance	O	O
excellent	O	O
organisational	O	O
and	O	O
delegation	B	B
skills	I	I
excellent	O	O
interpersonal	O	O
skill	O	O
and	O	O

role	O	O
be	O	O
base	O	O
in	O	O
earl	O	O
court,	O	O
sw	O	O
with	O	O
a	O	O
lively	O	O
team	B	B
in	O	O
a	O	O
thrill	O	O
environment	O	O
who	O	O
require	O	O
a	O	O
strong	O	O
team	O	O

person	O	O
profile	O	O
analytical	B	B
thinking	I	I
and	O	O
problem	O	O
solve	O	O

we	O	O
require	O	O
a	O	O
dynamic	B	B
office	O	O
base	O	O
telesales	O	O
executive	O	O
to	O	O
complement	O	O
and	O	O
support	O	O
the	O	O
external	O	O

organization	O	O
work	O	O
across	O	O
all	O	O
asset	O	O
class,	O	O
provide	O	O
valuation,	O	O
independent	O	O
data	O	O
and	B	B
trade	O	O
process	O	O
and	O	O
it	O	O
client	O	O
base	O	O
include	O	O
some	O	O

operation	O	O
strong	O	O
communication	O	O
and	O	O
organisation	O	O
skill	O	O
personal	B	B
qualities	I	I
of	I	I
integrity	I	I
commitment	O	O
and	O	O
teamwork	O	O

management	O	O
skill	O	O
detail	O	O
orient	O	O
and	O	O
good	O	O
memory	B	B
skills	I	I
ability	O	O
to	O	O
manage	O	O
own	O	O
workload	O	O

to	O	O
take	O	O
a	O	O
lead	O	O
role	O	O
in	O	O
a	O	O
very	O	O
successful	O	O
and	O	O
dynamic	B	B
team	O	O

with	O	O
expertise	O	O
in	O	O
analogue	O	O
and	O	O
digital	O	O
design	O	O
to	O	O
join	O	O
a	O	O
team	B	B
working	I	I
on	O	O
bespeak	O	O
camera	O	O
solution	O	O

require	O	O
adaptable	O	O
and	O	O
flexible	O	O
posse	O	O
good	O	O
communication	B	B
skills	I	I
experience	O	O
sap	O	O
sap	O	O

with	O	O
and	O	O
support	O	O
key	O	O
stakeholder	O	O
provide	O	O
consistent	B	B
guidance	O	O
and	O	O
support	O	O
validate	O	O
and	O	O

look	O	O
for	O	O
a	O	O
project	O	O
manager	O	O
assistant	O	O
project	O	O
manager	O	O
to	O	O
joint	O	O
their	O	O
team	B	B
working	I	I
on	O	O
a	O	O
long	O	O
term	O	O
industrial	O	O
manufacture	O	O
project	O	O
they	O	O
have	O	O
secure	O	O

this	O	O
be	O	O
a	O	O
fast	O	O
pace	O	O
excite	O	O
role	O	O
in	O	O
a	O	O
young	O	O
dynamic	B	B
company	O	O
offer	O	O
excellent	O	O
career	O	O
prospect	O	O
to	O	O
the	O	O
right	O	O
candidate	O	O

and	O	O
ability	O	O
to	O	O
inspire	O	O
student	O	O
an	O	O
excellent	O	O
communicator	B	B
who	O	O
be	O	O
able	O	O
to	O	O

control	O	O
improvement,	O	O
manage	O	O
and	O	O
motivate	O	O
staff	O	O
and	O	O
meeting	O	O
reporting	B	B
deadlines	I	I

target	O	O
be	O	O
meet	O	O
all	O	O
area	O	O
of	O	O
team	B	B
management	I	I
report	O	O
to	O	O
the	O	O
ap	O	O

be	O	O
look	O	O
for	O	O
people	O	O
that	O	O
be	O	O
quality	B	B
minded	I	I
and	O	O
take	O	O
a	O	O
pride	O	O
in	O	O

the	O	O
company	O	O
this	O	O
independent	B	B
broker	O	O
have	O	O
be	O	O
offer	O	O
insurance	O	O
and	O	O
risk	O	O
management	O	O
advice	O	O
for	O	O

analysis	O	O
and	O	O
produce	O	O
report	O	O
preferably	O	O
experience	O	O
of	O	O
coaching	B	B
or	O	O
supervise	O	O
others	O	O
benefit	O	O

in	O	O
develop	O	O
client	O	O
relationship	O	O
with	O	O
a	O	O
willingness	B	B
to	I	I
travel	I	I
in	O	O
the	O	O
role	O	O

successful	O	O
candidate	O	O
will	O	O
have	O	O
excellent	O	O
computer	B	B
skills	I	I
and	O	O
will	O	O
be	O	O
able	O	O

of	O	O
a	O	O
portfolio	O	O
of	O	O
product	O	O
and	O	O
service	O	O
into	O	O
an	O	O
incredibly	O	O
dynamic	B	B
industry	O	O
sector	O	O

large,	O	O
multisite	O	O
company,	O	O
have	O	O
a	O	O
keen	O	O
attention	O	O
to	O	O
detail	B	B
and	I	I
work	I	I
well	O	O
under	O	O

to	O	O
degree	O	O
level	O	O
ideally	O	O
in	O	O
business	O	O
strong	O	O
relationship	B	B
builder	I	I
organise	O	O
and	O	O
analytical	O	O
polish	O	O

your	O	O
line	O	O
manager	O	O
understand	O	O
the	O	O
wider	O	O
business	O	O
through	O	O
develop	O	O
strong	O	O
team	B	B
working	I	I
relationship	O	O
to	O	O
maximise	O	O
opportunity	O	O

a	O	O
respect	O	O
independent	B	B
brokerage	O	O
in	O	O
west	O	O
yorkshire	O	O
be	O	O
look	O	O
to	O	O
add	O	O
an	O	O
experience	O	O

experience	O	O
work	O	O
in	O	O
a	O	O
highly	O	O
dynamic	B	B
and	O	O
high	O	O
growth	O	O
environment	O	O
with	O	O
minimal	O	O
supervision	O	O
responsible	O	O
for	O	O
the	O	O

social	O	O
work	O	O
staff	O	O
so	O	O
a	O	O
to	O	O
promote	O	O
a	O	O
creative	O	O
and	O	O
dynamic	B	B
workforce	O	O
commit	O	O
to	O	O
ever	O	O
improve	O	O
outcome	O	O

performance	O	O
and	O	O
status	O	O
issue	O	O
in	O	O
a	O	O
timely	O	O
manner	B	B
interfacing	O	O
with	O	O
internal	O	O
and	O	O
external	O	O

excellent	O	O
time	O	O
management	O	O
and	O	O
prioritization	B	B
skills	I	I

resource	O	O
communication,	O	O
manage	O	O
self	O	O
and	O	O
relationship	O	O
with	O	O
others,	O	O
team	O	O
working	O	O
and	B	B
cooperation,	I	I
negotiate	O	O
and	O	O
influence,	O	O
personal	O	O
effectiveness	O	O

sale	O	O
executive	O	O
will	O	O
be	O	O
responsible	O	O
for	O	O
develop	O	O
sale	O	O
to	O	O
independent	B	B
retail	O	O
store	O	O

commercial	O	O
and	O	O
office	O	O
service	O	O
consultant	O	O
be	O	O
need	O	O
to	O	O
facilitate	O	O
their	O	O
aggressive	B	B
expansion	O	O
plan	O	O
for	O	O
2011	O	O

on	O	O
experience	O	O
elli	O	O
mack	O	O
recruitment	O	O
be	O	O
work	O	O
with	O	O
an	O	O
independent	B	B
award	O	O
win	O	O
hotel	O	O
group	O	O
in	O	O
it	O	O
'	O	O
s	O	O
dunbartonshire	O	O
sight	O	O

the	O	O
role	O	O
would	O	O
be	O	O
work	O	O
within	O	O
a	O	O
dynamic	B	B
team	O	O
and	O	O
will	O	O
involve	O	O
assist	O	O
in	O	O
perform	O	O
and	O	O
review	O	O
actuarial	O	O

organisational	O	O
skill	O	O
be	O	O
essential	O	O
together	O	O
with	O	O
a	O	O
professional	B	B
and	I	I
confident	I	I
personality	I	I

with	O	O
evidence	O	O
of	O	O
client	O	O
service	O	O
excellence	O	O
and	O	O
innovative	B	B
ways	I	I
of	I	I
thinking	I	I

to	O	O
work	O	O
with	O	O
fortune	O	O
200	O	O
company	O	O
with	O	O
vary	O	O
project	O	O
and	O	O
dynamic	B	B
timeframes	O	O
always	O	O
excite	O	O
new	O	O
work	O	O
on	O	O
horizon	O	O

for	O	O
lead	O	O
multiple	O	O
team	O	O
a	O	O
strategic	O	O
problem	B	B
solver	I	I
travel	O	O
be	O	O
require	O	O
approximately	O	O

tenacity,	O	O
toughmindedness	O	O
and	O	O
ability	O	O
to	O	O
influence	O	O
and	O	O
demonstrate	O	O
strong	O	O
team	O	O
working	B	B
ability	I	I
and	O	O
commitment	O	O

necessary	O	O
and	O	O
to	O	O
a	O	O
high	O	O
level	O	O
of	O	O
accuracy	B	B
and	O	O
professionalism	O	O
next	O	O
day	O	O
route	O	O

within	O	O
technical	O	O
documentation	O	O
a	O	O
discipline	O	O
and	O	O
professional	O	B
work	B	I
ethic	I	I
excellent	O	O
communication	O	O
skill,	O	O
both	O	O

an	O	O
interest	O	O
in	O	O
the	O	O
digital	O	O
industry	O	O
a	O	O
diligent	B	B
and	O	O
industrious	O	O
attitude	O	O
to	O	O

recruitment	O	O
be	O	O
currently	O	O
look	O	O
for	O	O
a	O	O
mature	B	B
and	O	O
responsible	O	O
register	O	O
nurse	O	O

they	O	O
be	O	O
look	O	O
for	O	O
a	O	O
java	O	O
developer	O	O
to	O	O
join	O	O
their	O	O
dynamic	B	B
and	O	O
technically	O	O
skilled	O	O
development	O	O
team	O	O

an	O	O
analytical	B	B
mind	I	I
and	O	O
problem	O	O
solve	O	O
skill	O	O
be	O	O

drink	O	O
serve	O	O
with	O	O
friendly	O	O
professionalism	O	B
and	O	O
unfailing	O	O
courtesy	B	O

the	O	O
business	O	O
analyst	O	O
and	O	O
tester	O	O
to	O	O
create	O	O
detailed	B	B
scenario	O	O
and	O	O
test	O	O
script	O	O

communication	O	O
skill	O	O
and	O	O
problem	O	O
solve	O	O
ability	O	O
multitask	B	B
oriented	I	I
able	O	O
to	O	O
inspect	O	O
your	O	O
own	O	O

primary	O	O
school	O	O
age	O	O
child	O	O
a	O	O
hard	O	O
work	O	O
diligent	B	B
attitude	O	O
and	O	O
the	O	O
willingness	O	O
to	O	O

regard	O	O
pr	O	O
agency	O	O
be	O	O
look	O	O
for	O	O
a	O	O
talented	B	B
a	O	O
pr	O	O
account	O	O
manager	O	O

enjoy	O	O
a	O	O
great	O	O
combination	O	O
of	O	O
train	O	O
and	O	O
autonomy	B	B
help	O	O
you	O	O
to	O	O
achieve	O	O
your	O	O

want	O	O
to	O	O
join	O	O
the	O	O
uk	O	O
s	O	O
largest	O	O
and	O	O
fastest	O	O
grow	O	O
independent	B	B
coffee	O	O
retailer	O	O
in	O	O
the	O	O
uk	O	O
and	O	O
plan	O	O
for	O	O
many	O	O
more	O	O

the	O	O
uk	O	O
'	O	O
s	O	O
largest	B	B
independent	O	O
multichannel	O	O
home	O	O
shop	O	O
retailer	O	O
be	O	O
seek	O	O
part	O	O
time	O	O
customer	O	O

to	O	O
the	O	O
nh	O	O
and	O	O
they	O	O
be	O	O
look	O	O
to	O	O
recruit	O	O
a	O	O
dynamic	B	B
community	O	O
multidisciplinary	O	O
team	O	O
for	O	O
their	O	O
essex	O	O
client	O	O

to	O	O
work	O	O
with	O	O
the	O	O
stand	O	O
up	O	O
for	B	O
yourself	I	O
self	I	B
advocacy	I	I
group	O	O
to	O	O
help	O	O
them	O	O

motivate,	O	O
goal	O	O
oriented	B	B
persistent	I	I
and	O	O
a	O	O
skilled	O	O
negotiator	O	O

team	O	O
and	O	O
independently	O	O
couple	O	O
with	O	O
an	O	O
interest	B	B
to	I	I
learn	I	I
and	O	O
a	O	O
passion	O	O
for	O	O

agency	O	O
environment	O	O
a	O	O
passion	O	O
for	O	O
creativity	B	O
from	I	O
conceptual	I	B
thinking	I	I
to	O	O
final	O	O
output	O	O

culinary	O	O
skill	O	O
to	O	O
a	O	O
high	O	O
level	O	O
confident,	O	O
professional	O	O
and	B	B
welcoming	I	I
personality	I	I
self	I	I
motivate	O	O
and	O	O
drive	O	O

operation	O	O
can	O	O
start	O	O
at	O	O
00am	O	O
be	O	O
enthusiastic	B	B
and	I	I
willing	I	I
to	I	I
learn	I	I
be	O	O
able	O	O
to	O	O
communicate	O	O
to	O	O

time	O	O
to	O	O
join	O	O
our	O	O
innovative	O	O
company,	O	O
operate	O	O
in	O	O
a	O	O
dynamic	O	O
market	B	B

ward	O	O
managera	O	O
independent	B	B
hospital	O	O
have	O	O
a	O	O
rnld	O	O
ward	O	O
manager	O	O
vacancy	O	O
at	O	O

thurs	O	O
8	O	O
30am	O	O
5	O	O
00pm	O	O
fri	O	O
8	O	O
30am	O	O
4	O	O
00pm	O	O
flexibility	B	B
require	O	O
pontefract	O	O
duty	O	O
include	O	O
pick	O	O

of	O	O
likeminded	O	O
people,	O	O
high	O	O
achiever	O	O
who	O	O
be	O	O
sociable	O	O
and	O	O
dynamic	O	O
be	B	B
you	O	O
qualify	O	O
you	O	O
need	O	O
to	O	O
be	O	O
a	O	O
graduate	O	O

junior	O	O
market	O	O
assistant	O	O
a	O	O
grow	O	O
independent	B	B
company	O	O
have	O	O
a	O	O
fantastic	O	O
opportunity	O	O
for	O	O
an	O	O
ambitious	O	O
and	O	O
detailorientated	O	O

rule	O	O
and	O	O
regulation	O	O
regard	O	O
specific	O	O
country	O	O
specification	O	O
ability	B	B
to	I	I
interpret	I	I
design	O	O
specification	O	O
excellent	O	O
communication	O	O

lively	B	O
outgoing	I	I
personality	I	I
professional	O	O
work	O	O
ethic	O	O
and	O	O

excellent	O	O
organisational,	O	O
interpersonal	O	O
and	O	O
timemanagement	O	O
skills	B	B

the	O	O
dynamic	B	B
nature	O	O
of	O	O
the	O	O
business	O	O
require	O	O
a	O	O
handson	O	O
leader	O	O
who	O	O
doesn	O	O

this	O	O
role	O	O
require	O	O
a	O	O
reliable,	O	O
personable	O	O
selfmotivated,	B	B
enthusiastic,	O	O
and	O	O
articulate	O	O
individual	O	O

to	O	O
apply	O	O
your	O	O
natural	O	O
people	O	B
and	O	I
personality	B	B
skills	I	I
skyline	O	O
market	O	O
be	O	O
the	O	O
top	O	O

skill	O	O
along	O	O
with	O	O
a	O	O
clear	O	O
and	O	O
thorough	B	B
knowledge	O	O
of	O	O
the	O	O
cqc	O	O
standard	O	O

lot	O	O
of	O	O
communication	O	O
and	O	O
support	O	O
from	O	O
the	O	O
dedicated	B	B
and	O	O
commit	O	O
esl	O	O
office	O	O
team	O	O

facetoface	O	O
client	O	O
visit	O	O
and	O	O
be	O	O
highly	O	O
solution	B	B
oriented	I	I
generate	O	O
win	O	O
and	O	O
close	O	O
deal	O	O

career	O	O
opportunity	O	O
and	O	O
a	O	O
vibrant	O	O
and	O	O
sociable	B	B
culture,	O	O
so	O	O
you	O	O
'	O	O
ll	O	O
learn	O	O

candidate	O	O
will	O	O
have	O	O
strong	O	O
design	O	O
and	O	O
marketing	B	B
skills	I	I
with	O	O
relevant	O	O
commercial	O	O
experience	O	O
in	O	O

be	O	O
recruit	O	O
on	O	O
behalf	O	O
of	O	O
a	O	O
lead	O	O
independent	B	B
nurse	O	O
home	O	O
which	O	O
be	O	O
locate	O	O
between	O	O
coventry	O	O
and	O	O
rugby	O	O

demeanour	O	O
and	O	O
consistently	O	O
apply	O	O
the	O	O
highest	O	O
ethical	B	B
standards	I	I
when	O	O
deal	O	O
with	O	O
employee,	O	O
colleague,	O	O

this	O	O
grow	O	O
independent	B	B
company	O	O
have	O	O
do	O	O
significantly	O	O
well	O	O
in	O	O
the	O	O
last	O	O
couple	O	O
of	O	O

demonstrable	O	O
plan	O	O
and	O	O
delivery	O	O
skill	O	O
strong	O	O
facilitation	B	B
skills	I	I
with	O	O
excellent	O	O
verbal	O	O
and	O	O
write	O	O

the	O	O
ability	B	B
to	I	I
sell	I	I
and	O	O
influence	O	O
others	O	O
through	O	O

of	O	O
microsoft	O	O
application	O	O
customerfocussed,	O	O
professional	O	O
and	O	B
courteous	O	I
work	B	I
manner	O	O
commitment	O	O
to	O	O

a	O	O
dynamic	B	B
and	O	O
drive	O	O
assistant	O	O
manager	O	O
be	O	O
require	O	O
for	O	O
a	O	O
successful	O	O
sport	O	O

for	O	O
an	O	O
ambitious	O	O
web	O	O
developer	O	O
to	O	O
join	O	O
my	O	O
client	O	O
'	O	O
s	B	B
dynamic	O	O
team	O	O
and	O	O
take	O	O
a	O	O
central	O	O
role	O	O
in	O	O
develop	O	O
a	O	O

good	O	O
at	O	O
juggle	O	O
task	O	O
and	O	O
prioritize	O	O
quick	B	B
learner	I	I
computer	O	O
literacy	O	O
and	O	O
good	O	O

resolve	O	O
issue	O	O
of	O	O
conflict	O	O
in	O	O
a	O	O
tactful	B	B
and	I	I
professional	I	I
manner	I	I

excel	O	O
in	O	O
both	O	O
an	O	O
independent	B	B
a	O	O
well	O	O
a	O	O
a	O	O
team	O	O
orient	O	O
environment	O	O

this	O	O
opportunity	O	O
will	O	O
provide	O	O
you	O	O
with	O	O
the	O	O
ability	B	B
to	I	I
learn	I	I
within	O	O
a	O	O
highly	O	O
skilled	O	O
team	O	O

,	O	O
i	O	O
be	O	O
look	O	O
to	O	O
speak	O	O
to	O	O
you	O	O
for	O	O
this	O	O
dynamic	B	B
position,	O	O
a	O	O
asp	O	O

work	O	O
in	O	O
a	O	O
successfully	O	O
in	O	O
a	O	O
fast	O	O
pace,	O	O
highly	O	O
dynamic	O	O
and	B	B
constantly	O	O
demand	O	O
environment	O	O

good	O	O
interpersonal	O	O
and	O	O
team	B	B
working	I	I
skill	O	O
ability	O	O
to	O	O
work	O	O
independently	O	O
good	O	O
experience	O	O
with	O	O
continuous	O	O

look	O	O
to	O	O
grow	O	O
your	O	O
exist	O	O
skill	O	O
in	O	O
strategic	B	B
thinking	I	I
in	O	O
an	O	O
environment	O	O
where	O	O

technique	O	O
competent	O	O
computer	O	O
and	O	O
web	O	O
user	O	O
ability	B	B
to	I	I
listen	I	I
closely	O	O
to	O	O
customer	O	O
requirement	O	O

mandarin	O	O
cantonese	O	O
good	O	O
plan,	O	O
organisation	O	O
and	O	O
prioritise	O	O
skill	O	O
goal	O	O
oriented	B	B
and	I	I
achievement	O	O
focus	O	O
excellent	O	O
pc	O	O

portfolio	O	O
at	O	O
different	O	O
stag	O	O
observe	O	O
assessment	O	O
and	O	O
constructive	B	B
feedback	I	I
be	O	O
give	O	O
to	O	O
learner	O	O
by	O	O
assessor	O	O
give	O	O
constructive	I	B
feedback	I	I
to	O	O
assessorsarrange	O	O
external	O	O
verifier	O	O
visit	O	O

a	O	O
a	O	O
proactive,	O	O
adaptable,	O	O
motivate	O	O
and	O	O
enthusiastic	O	O
individual	O	O
eager	B	B
to	I	O
learn	I	B
new	I	I
skill	I	I

who	O	O
have	O	O
a	O	O
good	O	O
sense	O	O
of	O	O
humor	B	B
and	O	O
strong	O	O
work	O	O
ethic	O	O

agency	O	O
with	O	O
a	O	O
great	O	O
office	O	O
and	O	O
lively	B	B
team	O	O

highly	O	O
organise	O	O
time	B	B
management	I	I
skills	I	I
in	O	O
order	O	O
to	O	O
prioritise	O	O

,	O	O
who	O	O
be	O	O
keen	O	O
to	O	O
progress	O	O
their	O	O
career	O	O
within	O	O
a	O	O
lively	B	B
and	O	O
challenge	O	O
environment	O	O

project	B	O
and	I	O
process	I	O
management	I	I
skills	I	I
able	O	O
to	O	O
track	O	O
the	O	O

communication	O	O
skill	O	O
problem	O	O
solve,	O	O
decision	O	O
make	O	O
and	O	O
judgment	O	O
skills	B	B
ability	I	I
to	O	O
work	O	O
a	O	O

our	O	O
client	O	O
be	O	O
a	O	O
major	O	O
provider	O	O
of	O	O
independent	B	B
healthcare	O	O
base	O	O
in	O	O
north	O	O
london	O	O
we	O	O
be	O	O
seek	O	O
a	O	O

methodical	B	B
and	O	O
thorough	O	O
approach	O	O
to	O	O

more	O	O
than	O	O
that,	O	O
we	O	O
truly	O	O
celebrate	O	O
creative	O	O
thinking	B	B
and	I	I
be	O	O
genuinely	O	O
look	O	O

white	O	O
recruitment	O	O
be	O	O
currently	O	O
look	O	O
for	O	O
a	O	O
mature	B	O
and	O	O
assertive	O	B
register	O	O
nurse	O	O

if	O	O
you	O	O
want	O	O
to	O	O
be	O	O
a	O	O
part	O	O
of	O	O
a	O	O
dynamic	B	B
and	O	O
forward	O	O
think	O	O
team,	O	O
work	O	O
for	O	O
a	O	O
fast	O	O
grow	O	O

permanent	O	O
role	O	O
be	O	O
well	O	O
pay,	O	O
without	O	O
any	O	O
commission	O	O
or	O	O
aggressive	O	O
sale	B	B
target	O	O
to	O	O
achieve	O	O

we	O	O
be	O	O
seek	O	O
to	O	O
appoint	O	O
an	O	O
innovative	O	O
and	O	O
dynamic	B	B
teacher	O	O
of	O	O
science	O	O
who	O	O
be	O	O
passionate	O	O
about	O	O
make	O	O
a	O	O
difference	O	O

follow	O	O
instruction	O	O
from	O	O
senior	O	O
chef	O	O
extremely	O	O
punctual	B	B
look	O	O
for	O	O
progression	O	O

support	O	O
qualification	O	O
personal	O	O
quality	O	O
ability	O	O
to	O	O
demonstrate	O	O
a	O	O
commitment	O	O
to	O	O
team	B	B
working	I	I
ability	O	O
to	O	O
monitor	O	O
and	O	O
motivate	O	O
individual	O	O
within	O	O
a	O	O
team	O	O

for	O	O
interfacing	O	O
with	O	O
client	O	O
team	O	O
and	O	O
manage	O	O
client	B	B
expectations	I	I
technical	I	I
skills	I	I
and	O	O
experience	O	O
java	O	O
understand	O	O
and	O	O

a	O	O
an	O	O
establish,	O	O
dynamic	O	O
direct	B	B
sell	O	O
company,	O	O
we	O	O
provide	O	O
the	O	O
framework	O	O
and	O	O
tool	O	O

,	O	O
who	O	O
be	O	O
look	O	O
to	O	O
work	O	O
in	O	O
an	O	O
excite,	O	O
dynamic	O	O
trade	B	B
and	O	O
commodity	O	O
environment	O	O

a	O	O
a	O	O
dynamic,	O	O
independent	O	O
provider,	B	B
one	O	O
medicare	O	O
be	O	O
reshape	O	O
the	O	O
delivery	O	O
of	O	O
primary	O	O

have	O	O
strong	O	O
and	O	O
effective	O	O
organisation	O	O
and	O	O
timemanagement	B	B
skills	I	I

project	O	O
to	O	O
large	O	O
scale	O	O
commercial	O	O
due	O	O
diligence	B	B

this	O	O
be	O	O
a	O	O
dynamic	B	B
role	O	O
be	O	O
you	O	O
will	O	O
be	O	O
expect	O	O
to	O	O
perform	O	O
in	O	O
all	O	O

personal	O	O
competency	O	O
willingness	O	O
to	O	O
perform	O	O
and	O	O
result	B	B
orientation	I	I

demonstrate	O	O
portfolio	O	O
of	O	O
successful	O	O
design	O	O
project	O	O
and	O	O
deliver	O	O
to	O	O
aggressive	B	B
product	O	O
development	O	O
timescales	O	O

management	O	O
role	O	O
you	O	O
will	O	O
become	O	O
part	O	O
of	O	O
an	O	O
energetic	O	O
and	O	O
dynamic	B	B
team,	O	O
determine	O	O
to	O	O
further	O	O
develop	O	O
and	O	O
grow	O	O
the	O	O
division	O	O

be	O	O
commit	O	O
to	O	O
excellence	O	O
and	O	O
ready	O	O
to	O	O
work	O	O
in	O	O
a	O	O
dynamic	B	B
part	O	O
of	O	O
scotland	O	O
salary	O	O
for	O	O
this	O	O
post	O	O
will	O	O
be	O	O
in	O	O

offer	O	O
the	O	O
opportunity	O	O
to	O	O
work	O	O
for	O	O
this	O	O
ethical	B	B
and	O	O
culturally	O	O
strong	O	O
business	O	O

environment	O	O
strong	O	O
client	O	O
relationship	O	O
skill	O	O
and	O	O
customer	B	B
orientation	I	I
problemsolver	O	O
solution	O	O
orient	O	O
recognise	O	O
in	O	O
the	O	O

service	O	O
to	O	O
vulnerable	O	O
tenant	O	O
and	O	O
to	O	O
enable	O	O
them	O	O
to	O	O
remain	O	O
independent	B	B
within	O	O
their	O	O
tenancy	O	O
in	O	O
order	O	O
that	O	O
they	O	O
can	O	O
continue	O	O
to	O	O

opportunity	O	O
for	O	O
a	O	O
door	O	O
to	O	O
door	O	O
fundraiser	O	O
to	O	O
join	O	O
our	O	O
team	B	B
working	I	I
in	O	O
edinburgh	O	O
pay	O	O
up	O	O
to	O	O
per	O	O
hour	O	O
depend	O	O

able	B	B
to	I	I
persuade	I	I
and	O	O
influence	O	O
others	O	O

plus	O	O
demonstrable	O	O
experience	O	O
in	O	O
domain	O	O
analysis	O	O
and	O	O
conceptual	B	B
thinking	I	I
demonstrable	O	O
experience	O	O
selfmanaging	O	O
time	O	O

for	O	O
this	O	O
role	O	O
you	O	O
will	O	O
be	O	O
a	O	O
sale	O	O
focus	O	O
and	O	O
dynamic	B	B
sale	O	O
person	O	O
with	O	O
previous	O	O
recruitment	O	O
experience,	O	O
ideally	O	O
within	O	O
drive	O	O

monthly	O	O
objective,	O	O
hold	O	O
regular	O	O
performance	O	O
review	O	O
meet,	O	O
coaching	O	O
mentor	O	O
and	B	B
develop	O	O
talent	O	O

strategy	O	O
excellent	O	O
communication	O	O
skill,	O	O
include	O	O
the	O	O
ability	O	O
to	B	B
present	I	I
and	I	I
negotiate	I	I
confidently	I	I
excellent	O	O
organisation	O	O
skill,	O	O
work	O	O

process	O	O
change	O	O
eye	O	O
for	O	O
detail	O	O
and	O	O
accuracy	O	B
quality	B	B
minded	I	I
organise,	O	O
structure	O	O
think	O	O

to	O	O
strengthen	O	O
their	O	O
board	O	O
with	O	O
the	O	O
appointment	O	O
of	O	O
a	O	O
new	O	O
independent	B	B
nonexecutive	O	O
director	O	O
to	O	O
be	O	O
in	O	O
post	O	O
by	O	O
the	O	O
start	O	O
of	O	O

to	O	O
delivery	O	O
then	O	O
please	O	O
apply	O	O
ashton	O	O
consult	O	O
ltd	O	O
be	O	O
an	O	O
independent	B	B
recruitment	O	O
consultancy	O	O
that	O	O
specialise	O	O
in	O	O
recruitment	O	O
solution	O	O
worldwide	O	O

strong	O	O
pa	O	O
experience	O	O
work	O	O
in	O	O
a	O	O
very	O	O
busy	O	O
and	O	O
dynamic	B	B
environment	O	O
support	O	O
at	O	O
director	O	O
partner	O	O
level	O	O

the	O	O
definition	O	O
of	O	O
a	O	O
cto	O	O
be	O	O
somewhat	O	O
dynamic	B	B
and	O	O
can	O	O
cover	O	O
both	O	O
science	O	O
ie	O	O
researchoriented	O	O
often	O	O
refer	O	O

we	O	O
re	O	O
look	O	O
for	B	O
an	I	O
international	I	O
advocacy	I	B
officer	O	O
who	O	O
can	O	O
collaborate	O	O
with	O	O

exposure	O	O
to	O	O
or	O	O
direct	O	O
responsibility	B	B
for	O	O
operational	O	B
risk	O	O
be	O	O
highly	O	O

for	O	O
fantastic	O	O
communication	O	O
and	O	O
interpersonal	O	O
skill	O	O
an	O	O
enthusiastic	B	B
and	I	I
proactive	I	I
personality	I	I
computer	O	O
literacy	O	O
and	O	O
access	O	O

a	O	O
german	O	O
speak	O	O
design	O	O
and	O	O
market	O	O
manager	O	O
to	O	O
join	O	O
their	O	O
dynamic	B	B
team	O	O

a	O	O
track	O	O
record	O	O
in	O	O
deliver	O	O
quality	O	O
software	O	O
to	O	O
join	O	O
our	O	O
dynamic	B	B
team	O	O
belfast	O	O

be	O	O
in	O	O
line	O	O
with	O	O
the	O	O
agree	O	O
due	O	O
diligence	B	B
approach,	O	O
standard	O	O
be	O	O
maintain	O	O
and	O	O

money,	O	O
perfomers	O	O
lunch,	O	O
trip	O	O
abroad	O	O
company	O	O
highly	O	O
profitable	O	O
independent	O	O
business	O	O
specialise	B	B
purely	O	O
across	O	O
i	O	O

83	O	O
for	O	O
enhance	O	O
rate	O	O
our	O	O
client	O	O
be	O	O
a	O	O
specialist	O	O
independent	B	B
neurological	O	O
rehabilitation	O	O
centre	O	O
locate	O	O
on	O	O
a	O	O
single	O	O
countryside	O	O
campus	O	O
of	O	O

a	O	O
an	O	O
io	O	O
developer	O	O
you	O	O
will	O	O
be	O	O
join	O	O
a	O	O
dynamic	B	B
and	O	O
friendly	O	O
team,	O	O
look	O	O
a	O	O
further	O	O
talented	O	O
and	O	O
forward	O	O

inclusive	O	O
work	O	O
environment	O	O
great	O	O
bonus	O	O
scheme	O	O
and	O	O
other	O	O
benefit	O	O
a	O	O
dynamic	B	B
business	O	O
offer	O	O
career	O	O
progression	O	O
they	O	O
be	O	O
currently	O	O
recruit	O	O
for	O	O

a	O	O
flexible,	O	O
handson,	O	O
cando	O	O
approach	O	O
engage,	O	O
approachable,	O	O
curious	O	O
sense	O	O
of	O	O
humour	O	O
excellent	B	B

the	O	O
candidate	O	O
must	O	O
be	O	O
enthusiastic,	O	O
dynamic	O	O
and	B	B
posse	O	O
excellent	O	O
market	O	O
and	O	O
team	O	O
management	O	O
skill	O	O

third	O	O
line	O	O
network	O	O
support	O	O
engineer	O	O
to	O	O
join	O	O
the	O	O
uk	O	O
lead	O	O
independent	B	B
provider	O	O
of	O	O
manage	O	O
communication	O	O
service	O	O

must	O	O
be	O	O
confident,	O	O
drive	O	O
and	O	O
able	O	O
to	O	O
work	O	O
in	B	B
a	I	I
high	I	I
pressure	I	I
site	I	I
environment,	O	O
previous	O	O
site	O	O
experience	O	O

work	O	O
over	O	O
the	O	O
world	O	O
analytical,	O	O
problemsolving	O	O
and	O	B
critical	O	I
thinking	B	I
skills	I	I
collaboration	I	I
skill	O	O
and	O	O
experience	O	O
in	O	O

additional	O	O
skill	O	O
highly	O	O
effective	O	O
teamwork	B	O
and	I	O
collaboration	I	B
skills	I	I

company	O	O
benefit	O	O
package	O	O
clear	O	O
progression	O	O
path	O	O
company	O	O
a	O	O
well	O	O
establish	O	O
independent	B	B
operation	O	O
with	O	O
a	O	O
respect	O	O
brand	O	O
name	O	O

skillspart	O	O
of	O	O
one	O	O
of	O	O
the	O	O
uk	O	O
s	O	O
largest,	O	O
independent	O	O
healthcare	B	B
group,	O	O
with	O	O
a	O	O
nationwide	O	O
network	O	O
of	O	O
hospital	O	O
and	O	O

candidate	O	O
will	O	O
be	O	O
an	O	O
excellent	O	O
communicator,	O	O
be	O	O
able	O	O
to	B	B
multitask	I	I
and	I	I
have	O	O
very	O	O
high	O	O

the	O	O
successful	O	O
junior	O	O
planner	O	O
assistant	O	O
planner	O	O
will	O	O
be	O	O
an	O	O
enthusiastic,	O	O
dynamic	O	O
and	B	B
positive	O	O
individual	O	O
with	O	O
a	O	O
cando	O	O
attitude	O	O
and	O	O
solid	O	O
communication	O	O

if	O	O
you	O	O
thrive	O	O
in	O	O
a	O	O
fast	O	O
pace,	O	O
open,	O	O
dynamic	O	O
and	O	O
innovative	B	B
environment,	O	O
please	O	O
call	O	O
to	O	O
hold	O	O
a	O	O
highly	O	O

excellent	O	O
communication	O	O
skill	O	O
strong	O	O
problem	B	B
solving	I	I
abilities	I	I

strong	O	O
organisation	O	O
communication	O	O
skill	O	O
excellent	O	O
team	B	B
working	I	I
skill	O	O
passionate	O	O
and	O	O
proactive	O	O
ahdl	O	O
fpga	O	O
design	O	O
experience	O	O
d	O	O

with	O	O
another	O	O
consultancy,	O	O
with	O	O
work	O	O
win	O	O
and	O	O
managerial	O	O
skills	B	B

must	O	O
be	O	O
good	O	O
with	O	O
paperwork	O	O
report,	O	O
good	O	O
client	O	O
facing	B	B
skills	I	I
excellent	I	I
health	O	O
and	O	O
safety	O	O
record	O	O

work	O	O
with	O	O
the	O	O
cashier	O	O
team	O	O
ensure	O	O
the	O	O
prompt	B	B
and	O	O
accurate	O	B
bill	O	O
of	O	O
disbursement	O	O

service	O	O
skill	O	O
determination	O	O
to	O	O
surpass	O	O
performance	O	O
goal	O	O
willingness	B	B
to	I	I
learn	I	I
ability	O	O
to	O	O
work	O	O
individually	O	O
and	O	O

sr	O	O
oha	O	O
team	O	O
leader	B	O
northern	O	O
region	O	O
5	O	O
day	O	O
a	O	O
week	O	O
my	O	O
client	O	O
a	O	O
lead	O	O
healthcare	O	O
provider	O	O
be	O	O
look	O	O
to	O	O
recruit	O	O
an	O	O
occupational	O	B
health	O	O
team	O	I
leader	I	I
who	O	O
be	O	O
able	O	O
to	O	O
supervise	O	O

digital	O	O
medium	O	O
manager	O	O
monitor	O	O
the	O	O
independent	B	B
regulator	O	O
for	O	O
health	O	O
care	O	O
central	O	O
london	O	O
permanent	O	O
monitor	O	O
play	O	O
a	O	O

experience	O	O
and	O	O
train	O	O
on	O	O
konica	O	O
minolta,	O	O
sharp	O	O
or	B	B
ricoh	O	O
brand	O	O
would	O	O
be	O	O

demand	O	O
they	O	O
be	O	O
now	O	O
look	O	O
to	O	O
expand	O	O
their	O	O
establish	O	O
and	O	O
dynamic	B	B
team	O	O
by	O	O
bring	O	O
on	O	O
a	O	O
couple	O	O
of	O	O
additional	O	O
experience	O	O
recruitment	O	O

extensive	O	O
staff	B	B
management	I	I
experience	O	O
be	O	O
also	O	O
essential	O	O

digital	O	O
category	O	O
expert	O	O
and	O	O
business	O	O
strategist	O	O
agency	O	O
business	B	B
leader	I	I
expand	O	O
relationship	O	O
with	O	O
client,	O	O

our	O	O
client,	O	O
a	O	O
dynamic	O	O
market	B	B
agency	O	O
within	O	O
the	O	O
it	O	O
and	O	O
technology	O	O
sector,	O	O
be	O	O

with	O	O
a	O	O
strong	O	O
work	O	B
ethic	O	I
and	O	O
excellent	O	O
multitasking	B	B
skills	I	I

an	O	O
opportunity	O	O
have	O	O
arise	O	O
for	O	O
a	O	O
dynamic	B	B
and	O	O
forward	O	O
think	O	O
individual	O	O
to	O	O
join	O	O
our	O	O
extremely	O	O
successful	O	O
operation	O	O

ensure	O	O
a	O	O
vigorous	B	B
and	O	O
highly	O	O
motivate	O	O
management	O	O
team	O	O

car	O	O
pension	O	O
flexible	O	O
and	O	O
mature	O	O
work	O	O
environment	O	O
company	O	O
highly	O	O
respect	O	O
independent	B	B
recruitment	O	O
company	O	O
operate	O	O
across	O	O
multiple	O	O
office	O	O
location	O	O
specialist	O	O
across	O	O
high	O	O

must	O	O
hold	O	O
and	O	O
nvq	O	O
level	O	O
3	O	O
in	O	O
health	O	O
an	O	O
establish	O	O
independent	B	B
provider	O	O
of	O	O
quality	O	O
home	O	O
care	O	O
and	O	O
support	O	O
service	O	O
support	O	O

potential	O	O
with	O	O
average	O	O
earn	O	O
of	O	O
per	O	O
week	O	O
upbeat	O	O
and	O	O
lively	B	B
work	O	O
environment	O	O
to	O	O
operate	O	O
from	O	O
you	O	O
must	O	O
currently	O	O
live	O	O
in	O	O

posse	O	O
the	O	O
confidence,	O	O
humility	O	O
and	O	O
empathy	O	O
require	B	B
to	O	O
pas	O	O
feedback	O	O
to	O	O

of	O	O
a	O	O
large	O	O
financial	O	O
institution	O	O
specialise	O	O
in	O	O
bank	O	O
service	O	O
to	O	O
independent	B	B
and	O	O
multiple	O	O
retailer	O	O

to	O	O
collaborate	O	O
and	O	O
to	O	O
communicate	O	O
their	O	O
own	O	O
idea	O	O
to	O	O
become	O	O
independent	B	B
and	O	O
resilient	O	O
thinker	O	O
and	O	O
to	O	O
believe	O	O
in	O	O
themselves	O	O
in	O	O
addition	O	O

effective	O	O
and	O	O
competent	O	O
organisational	O	O
skill	O	O
a	O	O
high	O	O
level	B	B
of	I	I
self	I	I
motivation	I	I
and	O	O
flexibility	O	O
with	O	O
the	O	O
drive	O	O

allowance	O	O
unrivalled	O	O
commission	O	O
structure	O	O
think	O	O
recruitment	O	O
be	O	O
a	O	O
progressive	O	O
and	O	O
dynamic	B	B
recruitment	O	O
consultancy	O	O
who	O	O
have	O	O
develop	O	O
an	O	O
excellent	O	O
reputation	O	O
within	O	O
the	O	O

product	O	O
development	O	O
manageroverall	O	O
responsibilityas	O	O
part	O	O
of	O	O
a	O	O
team	B	B
working	I	I
within	O	O
a	O	O
highly	O	O
ambitious	O	O
multi	O	O
sector	O	O
organisation	O	O
with	O	O
high	O	O

our	O	O
client	O	O
be	O	O
a	O	O
grow,	O	O
independent	O	O
foster	B	B
agency	O	O
with	O	O
office	O	O
in	O	O
yorkshire	O	O
and	O	O
humberside	O	O

kitchen	O	O
manager	O	O
who	O	O
would	O	O
you	O	O
prefer	O	O
to	O	O
work	O	O
for	O	O
an	O	O
independent	B	B
business	O	O
with	O	O
an	O	O
excellent	O	O
local	O	O
reputation,	O	O
but	O	O
want	O	O
to	O	O

,	O	O
and	O	O
the	O	O
very	O	O
real	O	O
chance	O	O
to	O	O
progress	O	O
within	O	O
a	O	O
dynamic	B	B
sector	O	O
of	O	O
the	O	O
it	O	O
industry	O	O

your	O	O
attribute	O	O
will	O	O
include	O	O
a	O	O
real	O	O
commitment	B	B
to	I	I
teamwork	I	I
firstclass	O	O
communication	O	O
and	O	O
interpersonal	O	O

worker	O	O
you	O	O
have	O	O
post	O	O
qualification	O	O
experience	O	O
of	O	O
work	O	O
for	O	O
an	O	O
independent	B	B
foster	O	O
agency,	O	O
charity	O	O
or	O	O
local	O	O
authority	O	O
foster	O	O
team	O	O

to	O	O
other	O	O
key	O	O
sit	O	O
therefore	O	O
the	O	O
ability	B	O
and	I	I
flexibility	I	I
to	I	I
travel	I	I
be	O	O
essential	O	O

develop	O	O
a	O	O
team	O	O
'	O	O
strategic	O	O
and	O	O
innovative	B	B
thinking	I	I
both	O	O
for	O	O
client	O	O
and	O	O
the	O	O

this	O	O
nurse	O	O
home	O	O
be	O	O
own	O	O
by	O	O
a	O	O
private	O	O
independent	B	B
care	O	O
provider	O	O
who	O	O
provide	O	O
nurse	O	O
and	O	O
social	O	O
care	O	O
to	O	O
elderly	O	O

the	O	O
successful	O	O
candidate	O	O
for	O	O
this	O	O
role	O	O
will	O	O
join	O	O
the	O	O
sale	O	O
team	B	B
working	I	I
within	O	O
the	O	O
german	O	O
market	O	O

a	O	O
small	O	O
initially	O	O
team	O	O
with	O	O
the	O	O
flexibility	B	B
to	O	O
take	O	O
ownership	O	O
for	O	O

and	O	O
principle	O	O
remain	O	O
the	O	O
foundation	O	O
of	O	O
team	B	B
behaviour	I	I
and	I	I
interaction	I	I
with	O	O
customer	O	O
you	O	O
will	O	O
have	O	O

make,	O	O
problem	O	O
solve,	O	O
report	O	O
research	O	O
result,	O	O
selfmotivated,	O	O
judgment	O	O
result	O	O
drive,	O	O
quality	O	O
focus,	B	B

campaign	O	O
that	O	O
get	O	O
brand	O	O
talk	O	O
about	O	O
lead	O	O
a	O	O
multi	O	O
service	O	O
team	B	B
working	I	I
across	O	O
creative	O	O
brand	O	O
campaign	O	O
that	O	O
span	O	O
social,	O	O
digital	O	O

ensure	O	O
high	O	O
level	O	O
of	O	O
data	O	O
quality	O	O
and	O	O
availability	B	B
for	O	O
all	O	O
the	O	O
company	O	O
s	O	O

and	O	O
visual	O	O
presentation	O	O
skill	O	O
project	O	O
and	O	O
personal	B	B
time	I	I
management	I	I
skills	I	I
previous	O	O
digital	O	O
design	O	O
agency	O	O

interpersonal	O	O
skill	O	O
strong	O	O
communication	O	O
and	O	O
problemsolving	B	B
skills	I	I
a	O	O
pointofsale	O	O
industry	O	O
background	O	O
be	O	O

manage	O	O
an	O	O
establish	O	O
portfolio	O	O
of	O	O
account	O	O
national	O	O
and	O	O
independent	B	B
sector	O	O

work	O	O
in	O	O
different	O	O
way	O	O
enable	O	O
service	O	O
user	O	O
to	O	O
live	O	O
more	O	O
independent	B	B
lifestyle	O	O
main	O	O
duty	O	O
and	O	O
responsibility	O	O
a	O	O
project	O	O
management	O	O

attention	O	O
to	O	O
detail	O	O
strong	O	O
organizational	B	B
multitasking	O	O
skill	O	O
strong	O	O
analytical	O	O
skill	O	O

versatility	B	B
be	O	O
a	O	O
key	O	O
requirement	O	O
communication	O	O

