Full	O	O
Stack	O	O
Software	O	O
Engineer	O	O
-	O	O
Java	O	O
/	O	O
JavaScript	O	O

<	O	O
ORGANIZATION	O	O
>	O	O
<	O	O
ORGANIZATION	O	O

<	O	O
ADDRESS	O	O
>	O	O
<	O	O
ADDRESS	O	O

Date	O	O
posted	O	O
:	O	O

Likes	O	O
:	O	O
0	O	O
Dislikes	O	O
:	O	O
0	O	O

Salary	O	O
:	O	O

Job	O	O
type	O	O
:	O	O

Experience	O	O
level	O	O
:	O	O

Industry	O	O
:	O	O

Company	O	O
size	O	O
:	O	O

Company	O	O
type	O	O
:	O	O

Technologies	O	O

javascript	B	B
reactjs	B	B
java	B	B

Job	O	O
description	O	O

Job	O	O
type	O	O

Full	O	O

Role	O	O

Full	O	O
Stack	O	O
Developer	O	O

Technologies	O	O

javascript	B	B
reactjs	B	B
java	B	B

Job	O	O
description	O	O

As	O	O
a	O	O
member	O	O
of	O	O
our	O	O
<	O	O
ORGANIZATION	O	O
>	O	O
<	O	O
ORGANIZATION	O	O
>	O	O
<	O	O
ORGANIZATION	O	O
>	O	O
we	O	O
look	O	O
first	O	O
and	O	O
foremost	O	O
for	B	B
people	I	I
who	I	I
are	O	I
passionate	B	I
around	I	I
solving	I	I
business	I	I
problems	O	O

You	O	O
'	O	O
ll	O	O
be	O	O
required	B	B
to	I	I
apply	I	I
your	I	I
depth	I	I
of	I	I
knowledge	I	I
and	O	O
expertise	O	O
to	O	O
all	O	O
aspects	O	O
of	B	O
the	I	O
software	I	O
development	O	O
lifecycle	O	O
as	O	O
well	B	B
as	I	I
partner	I	I
continuously	I	I
with	I	I
your	I	I
many	O	O
stakeholders	O	O
on	O	O
a	O	O
daily	O	O
basis	B	O
to	I	O
stay	I	O
focused	I	O
on	I	O
common	O	O

We	O	O
embrace	O	O
a	O	O
culture	O	O
of	O	O
experimentation	O	O
and	O	O
constantly	O	O
strive	O	O
for	O	O
improvement	O	O
and	O	O
learning.	O	O

You	O	O
'	O	O
ll	O	O
work	O	O
in	O	O
a	O	O
collaborative	O	O
trusting	O	O
thought	O	O
-	O	O
provoking	O	O
environment	O	O
-	O	O
one	O	O
that	O	O
encourages	O	O
diversity	O	O
of	O	O
thought	O	O
and	O	O
creative	O	O
solutions	O	O
that	O	O
are	O	O
in	O	O
the	O	O
best	O	O

This	O	O
opportunity	O	O
requires	O	O
a	O	O
highly	O	O
motivated	B	B
candidate	O	O
to	O	O
work	O	O
in	O	O
a	O	O
small	O	O
and	O	O
talented	O	O
software	O	O
development	O	O
team	O	O
in	O	O
order	O	O
to	O	O
deliver	B	O
of	I	O
a	I	O
next	I	O
-	I	O
generation	I	O
analytics	O	O
products	O	O
for	O	O
our	O	O
institutional	O	O
client	O	O

The	O	O
analytics	O	O
solutions	O	O
will	O	O
be	O	O
a	O	O
commercial	O	O
business	O	O
in	O	O
its	O	O
own	O	O
right	O	O
so	O	O
a	O	O
heavy	O	O
emphasis	O	O
on	O	O
building	O	O
technology	O	O
that	O	O
Client	O	O
'	O	O
s	O	O
will	O	O
pay	O	O
for	O	O
and	O	O
that	O	O
creates	O	O

This	O	O
framework	O	O
is	O	O
at	O	O
an	O	O
early	O	O
stage	O	O
of	O	O
development	O	O
which	O	O
offers	O	O
an	O	O
opportunity	O	O
for	O	O
an	O	O
experienced	O	O
developer	O	O
to	O	O
help	O	O
shape	O	O
the	O	I
key	O	I
components	O	I
of	O	I
the	O	I
product	O	O
and	O	O
create	O	B
commercial	O	I
opportunities	O	I
for	O	O
a	O	O
new	O	O
business	O	O
initiative.	O	O

You	O	O
will	O	O
partner	O	O
primarily	O	O
with	O	O
fellow	O	O
technologists	O	O
from	O	O
across	O	O
lines	O	O
of	O	O
business	O	O
Product	O	O
Development	O	O
and	O	O
Quantitative	O	B
Research	O	O
to	O	O
build	O	B
a	O	I
modern	O	I
and	O	I
comprehensive	O	I
API	O	I
allowing	O	O
clients	O	O
to	O	O
easily	O	O
define	O	I
and	O	I
compute	O	I
analytics	O	I
on	O	O
a	O	I
wide	O	O
variety	O	O
of	O	I
financial	O	O
instruments.	O	O

*	O	O
•	O	O
BS	B	B
/	I	I
BA	O	O
degree	O	O
or	O	O

*	O	O
•	O	O
Advanced	O	O
knowledge	O	O
of	O	O
application	B	B
data	I	I
and	I	I
infrastructure	I	I
architecture	I	I
disciplines	I	O

*	O	O
•	O	O
Understanding	O	O
of	O	O
architecture	B	B
and	O	O
design	B	I
across	O	O
all	O	O
systems	O	O

*	O	O
•	O	O
Working	O	O
proficiency	O	O
in	O	O
developmental	B	B
toolsets	I	I

*	O	O
•	O	O
Knowledge	O	O
of	O	O
industry	B	B
-	I	I
wide	I	I
technology	I	I
strategies	I	I
and	I	I

*	O	O
•	O	O
Ability	O	O
to	O	O
work	B	B
in	I	I
large	I	I
collaborative	I	I
teams	I	I
to	O	O
achieve	B	O
organizational	I	O
goals	I	O
and	O	O
passionate	O	O
about	O	O
building	B	B
an	I	I
innovative	I	I
culture	I	I

*	O	O
•	O	O
Proficiency	O	O
in	O	O
one	O	O
or	O	O
more	O	O
modern	O	B
programming	O	I
languages	O	I
-	O	O
Java	B	B
and	O	O
Javascript	B	B
preferable	O	O

*	O	O
•	O	O
Understanding	O	O
of	O	O
software	O	O
skills	O	O
such	O	O
as	O	O
business	B	B
analysis	I	I
development	B	B
maintenance	B	B
and	O	O
software	B	B
improvement	I	I

*	O	O
•	O	O
In	O	O
-	B	B
depth	O	O
HTML5	B	B

*	O	O
•	O	O
Competent	O	O
with	O	O
developing	B	B
multithreaded	I	I
scalable	I	I
concurrent	I	I
applications.	I	I

*	O	O
•	O	O
Node	B	B
JS	I	I
(	I	O
server	I	B
side	I	I
and	I	O
tooling	I	B
)	I	I
*	I	O
•	O	O
React	B	B
or	O	O
similar	O	O
view	O	O
framework	O	O

<	O	O
ORGANIZATION	O	O
>	O	O
<	O	O
ORGANIZATION	O	O
>	O	O
<	O	O
ORGANIZATION	O	O
>	O	O
is	O	O
a	O	O
global	O	O
leader	O	O
in	O	O
financial	O	O
services	O	O
providing	O	O
strategic	O	O
advice	O	O
and	O	O
products	O	O
to	O	O
the	O	O
world	O	O
'	O	O
s	O	O
most	O	O
prominent	O	O

Our	O	O
first	O	O
-	O	O
class	O	O
business	O	O
in	O	O
a	O	O
first	O	O
-	O	O
class	O	O
way	O	O
approach	O	O
to	O	O
serving	O	O
clients	O	O
drives	O	O

We	O	O
strive	O	O
to	O	O
build	O	O
trusted	O	O
long	O	O
-	O	O
term	O	O
partnerships	O	O
to	O	O
help	O	O
our	O	O
clients	O	O
achieve	O	O
their	O	O
business	O	O

We	O	O
recognize	O	O
that	O	O
our	O	O
people	O	O
are	O	O
our	O	O
strength	O	O
and	O	O
the	O	O
diverse	O	O
talents	O	O
they	O	O
bring	O	O
to	O	O
our	O	O
global	O	O
workforce	O	O
are	O	O
directly	O	O
linked	O	O
to	O	O
our	O	O
success.	O	O

We	O	O
are	O	O
an	O	O
equal	O	O
opportunity	O	O
employer	O	O
and	O	O
place	O	O
a	O	O
high	O	O
value	O	O
on	O	O
diversity	O	O
and	O	O
inclusion	O	O
at	O	O
our	O	O
company.	O	O

We	O	O
do	O	O
not	O	O
discriminate	O	O
on	O	O
the	O	O
basis	O	O
of	O	O
any	O	O
protected	O	O
attribute	O	O
including	O	O
race	O	O
religion	O	O
color	O	O
national	O	O
origin	O	O
gender	O	O
sexual	O	O
orientation	O	O
gender	O	O
identity	O	O
gender	O	O
expression	O	O
age	O	O
marital	O	O
or	O	O
veteran	O	O
status	O	O
pregnancy	O	O
or	O	O
disability	O	O
or	O	O
any	O	O
other	O	O
basis	O	O
protected	O	O
under	O	O
applicable	O	O
law.	O	O

In	O	O
accordance	O	O
with	O	O
applicable	O	O
law	O	O
we	O	O
make	O	O
reasonable	O	O
accommodations	O	O
for	O	O
applicants	O	O
'	O	O
and	O	O
employees	O	O
'	O	O
religious	O	O
practices	O	O
and	O	O
beliefs	O	O
as	O	O
well	O	O
as	O	O
any	O	O
mental	O	O
health	O	O
or	O	O
physical	O	O
disability	O	O

Job	O	O
benefits	O	O
:	O	O

Company	O	O
description	O	O

<	O	O

Software	O	O
Engineer	O	O
-	O	O
Java	O	O

<	O	O
ORGANIZATION	O	O
>	O	O
<	O	O
ORGANIZATION	O	O

<	O	O
ADDRESS	O	O
>	O	O
<	O	O
ADDRESS	O	O

Date	O	O
posted	O	O
:	O	O

Likes	O	O
:	O	O
0	O	O
Dislikes	O	O
:	O	O
0	O	O

Salary	O	O
:	O	O

Job	O	O
type	O	O
:	O	O

Experience	O	O
level	O	O
:	O	O

Industry	O	O
:	O	O

Company	O	O
size	O	O
:	O	O

Company	O	O
type	O	O
:	O	O

Technologies	O	O

java	B	B
spring	B	B
java	B	B

Job	O	O
description	O	O

Job	O	O
type	O	O

Full	O	O

Technologies	O	O

java	B	B
spring	B	B
java	B	B

Job	O	O
description	O	O

As	O	O
a	O	O
member	O	O
of	O	O
our	O	O
<	O	O
ORGANIZATION	O	O
>	O	O
<	O	O
ORGANIZATION	O	O
>	O	O
<	O	O
ORGANIZATION	O	O
>	O	O
we	O	O
look	O	O
first	O	O
and	O	O
foremost	O	O
for	B	B
people	I	I
who	I	I
are	O	I
passionate	B	I
around	I	I
solving	I	I
business	I	I
problems	O	O

You	O	O
'	O	O
ll	O	O
be	O	O
required	B	B
to	I	I
apply	I	I
your	I	I
depth	I	I
of	I	I
knowledge	I	I
and	O	O
expertise	O	O
to	O	O
all	O	O
aspects	O	O
of	B	O
the	I	O
software	I	O
development	O	O
lifecycle	O	O
as	O	O
well	B	B
as	I	I
partner	I	I
continuously	I	I
with	I	I
your	I	I
many	O	O
stakeholders	O	O
on	O	O
a	O	O
daily	O	O
basis	B	O
to	I	O
stay	I	O
focused	I	O
on	I	O
common	O	O

We	O	O
embrace	O	O
a	O	O
culture	O	O
of	O	O
experimentation	O	O
and	O	O
constantly	O	O
strive	O	O
for	O	O
improvement	O	O
and	O	O
learning.	O	O

You	O	O
'	O	O
ll	O	O
work	O	O
in	O	O
a	O	O
collaborative	O	O
trusting	O	O
thought	O	O
-	O	O
provoking	O	O
environment	O	O
-	O	O
one	O	O
that	O	O
encourages	O	O
diversity	O	O
of	O	O
thought	O	O
and	O	O
creative	O	O
solutions	O	O
that	O	O
are	O	O
in	O	O
the	O	O
best	O	O

This	O	O
role	O	O
requires	O	O
a	O	O
wide	O	O
variety	O	O
of	O	O
strengths	O	O
and	O	O
capabilities	O	O
including	O	O

*	O	O
BS	B	B
/	I	I
BA	O	O
degree	O	O
or	O	O

*	O	O
Java	B	B
Spring	B	B
Boot	I	I
NoSQL	B	B
Message	B	B
Cloud	B	I
CI	B	I
/	O	O

*	O	O
Advanced	O	O
knowledge	O	O
of	O	O
application	B	B
data	I	B
and	I	O
infrastructure	I	B
architecture	I	I
disciplines	I	O

*	O	O
Understanding	O	O
of	O	O
architecture	B	B
and	O	O
design	B	B
across	O	O
all	O	O
systems	O	O

*	O	O
Working	O	O
proficiency	O	O
in	O	O
developmental	B	B
toolsets	I	I

*	O	O
Knowledge	O	O
of	O	O
industry	B	B
-	I	I
wide	I	I
technology	I	I
trends	I	I
and	I	I

*	O	O
Ability	O	O
to	O	O
work	B	B
in	I	I
large	I	I
collaborative	I	I
teams	I	I
to	O	O
achieve	B	O
organizational	I	O
goals	I	O

*	O	O
Passionate	O	O
about	O	O
building	B	B
an	I	I
innovative	I	I
culture	I	I

*	O	O

Proficiency	O	O
in	O	O
one	O	O
or	O	O
more	O	O
modern	B	B
programming	I	I
languages	I	I

*	O	O
Understanding	O	O
of	O	O
software	O	O
skills	O	O
such	O	O
as	O	O
business	B	B
analysis	I	I
development	B	B
maintenance	B	B
and	O	O
software	B	B
improvement	I	I

<	O	O
ORGANIZATION	O	O
>	O	O
<	O	O
ORGANIZATION	O	O
>	O	O
<	O	O
ORGANIZATION	O	O
>	O	O
is	O	O
a	O	O
global	O	O
leader	O	O
in	O	O
financial	O	O
services	O	O
providing	O	O
strategic	O	O
advice	O	O
and	O	O
products	O	O
to	O	O
the	O	O
world	O	O
'	O	O
s	O	O
most	O	O
prominent	O	O

Our	O	O
first	O	O
-	O	O
class	O	O
business	O	O
in	O	O
a	O	O
first	O	O
-	O	O
class	O	O
way	O	O
approach	O	O
to	O	O
serving	O	O
clients	O	O
drives	O	O

We	O	O
strive	O	O
to	O	O
build	O	O
trusted	O	O
long	O	O
-	O	O
term	O	O
partnerships	O	O
to	O	O
help	O	O
our	O	O
clients	O	O
achieve	O	O
their	O	O
business	O	O

We	O	O
recognize	O	O
that	O	O
our	O	O
people	O	O
are	O	O
our	O	O
strength	O	O
and	O	O
the	O	O
diverse	O	O
talents	O	O
they	O	O
bring	O	O
to	O	O
our	O	O
global	O	O
workforce	O	O
are	O	O
directly	O	O
linked	O	O
to	O	O
our	O	O
success.	O	O

We	O	O
are	O	O
an	O	O
equal	O	O
opportunity	O	O
employer	O	O
and	O	O
place	O	O
a	O	O
high	O	O
value	O	O
on	O	O
diversity	O	O
and	O	O
inclusion	O	O
at	O	O
our	O	O
company.	O	O

We	O	O
do	O	O
not	O	O
discriminate	O	O
on	O	O
the	O	O
basis	O	O
of	O	O
any	O	O
protected	O	O
attribute	O	O
including	O	O
race	O	O
religion	O	O
color	O	O
national	O	O
origin	O	O
gender	O	O
sexual	O	O
orientation	O	O
gender	O	O
identity	O	O
gender	O	O
expression	O	O
age	O	O
marital	O	O
or	O	O
veteran	O	O
status	O	O
pregnancy	O	O
or	O	O
disability	O	O
or	O	O
any	O	O
other	O	O
basis	O	O
protected	O	O
under	O	O
applicable	O	O
law.	O	O

In	O	O
accordance	O	O
with	O	O
applicable	O	O
law	O	O
we	O	O
make	O	O
reasonable	O	O
accommodations	O	O
for	O	O
applicants	O	O
'	O	O
and	O	O
employees	O	O
'	O	O
religious	O	O
practices	O	O
and	O	O
beliefs	O	O
as	O	O
well	O	O
as	O	O
any	O	O
mental	O	O
health	O	O
or	O	O
physical	O	O
disability	O	O

Job	O	O
benefits	O	O
:	O	O

Company	O	O
description	O	O

<	O	O

DevOps	O	O
Ninja	O	O
Engineer	O	O
(.	O	O
NET	O	O
/	O	O
Azure	O	O
)	O	O

<	O	O
ADDRESS	O	O
>	O	O
<	O	O
ADDRESS	O	O

Date	O	O
posted	O	O
:	O	O

Likes	O	O
:	O	O
1	O	O
Dislikes	O	O
:	O	O
0	O	O

Salary	O	O
:	O	O

Job	O	O
type	O	O
:	O	O

Experience	O	O
level	O	O
:	O	O

Industry	O	O
:	B	B
Financial	I	I
Technology	B	B
SaaS	B	B

Company	O	O
size	O	O
:	O	O

Company	O	O
type	O	O
:	O	O

Technologies	O	O

azure.	B	B
net	B	B
asp.	I	I
net	B	B
-	B	B
web	B	B

Job	O	O
description	O	O

Location	O	O
options	O	O

Remote	O	O

Job	O	O
type	O	O

Full	O	O

Experience	O	O
level	O	O

Mid	O	O

Role	O	O

DevOps	O	O

Industry	O	O

Financial	B	B
Technology	I	I
SaaS	B	B
wealthtech	B	B

Company	O	O
size	O	O

51	O	O
–	O	O

Company	O	O
type	O	O

Private	O	O

Technologies	O	O

azure.	B	B
net	B	B
asp.	I	I
net	B	B
-	B	B
web	B	B

Job	O	O
description	O	O

DevOps	O	O
Ninja	O	O
Engineer	O	O
(.	O	O
NET	O	O
/	O	O
Azure	O	O
)	O	O
Join	O	O
our	O	O
brilliant	O	O
DevOps	O	O
engineer	O	O
who	O	O
eats	O	O
breathes	O	O
and	O	B
sleeps	O	I
automation	O	O
(	O	O
when	O	O
he	O	O
isn	O	O
'	O	I
t	O	I
building	O	I
complex	O	O
Lego	O	O
models	O	O
)	O	O
to	O	O
make	O	O
our	O	O
next	O	O

You	O	O
will	O	O
work	O	O
in	O	O
<	O	O
ORGANIZATION	O	O
>	O	O
<	O	O
ORGANIZATION	O	O
>	O	B
<	O	I
ORGANIZATION	O	I
>	O	I
to	O	I
help	O	I
enhance	O	I
and	O	I
maintain	O	I
our	O	O

Open	B	O
for	I	O
continuous	I	B
change	I	I
with	O	O
passion	O	O
for	O	O
automation	B	B
and	O	O
proven	O	O
experience	O	O
with	O	O
Azure	B	B
PaaS	I	B
microservices.	B	B
NET	B	B
PowerShell	I	I
and	B	B
MS	O	O
SQL	B	B
you	I	I
will	O	O
enable	O	O
us	O	O
to	O	O
further	O	O
develop	O	O
our	O	O
enterprise	O	O
wealth	O	O
management	O	O
platform	O	O
by	O	O
allowing	O	O
us	O	O
to	O	O
move	O	O
faster	O	O
without	O	O
breaking	O	O
things.	O	O

Your	O	O
responsibilities	O	O

Enhance	B	B
and	I	I
maintain	I	I
CI	I	I
infrastructure	I	I
pipelines	I	I
and	I	O
Azure	I	B
PaaS	I	I
environments	I	I

Ensure	B	B
on	I	I
-	I	I
going	I	I
health	I	I
and	I	I
stability	I	I
of	I	O
pipelines	I	O
across	I	O

Administrate	B	B
and	I	I
manage	I	I
Azure	I	I
resources	I	I
such	O	O
as	O	O
subscriptions	B	B
resource	B	I
groups	I	I
and	O	O
other	O	O
DevOps	B	B
services	O	O
such	O	O
as	O	O
GitHub	B	B
etc.	O	O

Support	B	B
developers	I	I
troubleshooting	B	I
deployed	I	I
applications	I	I
(	O	O
identify	B	B
app	I	I
issues	I	I
vs	I	I
configuration	I	I
/	I	I
environment	I	O
issues	B	B
)	I	I
Enhance	I	I
quality	I	I
through	O	I
pipelines	B	O
and	I	I
usage	I	I
of	I	I
static	I	I
analysis	O	O
tools	B	B
(	B	B
SonarQube.	I	I
NET	I	B
Analyzers	B	B
Infer	O	O
#	O	O
etc.	O	O
)	O	O
Your	O	O
qualifications	O	O
skills	O	O

Proven	O	O
experience	O	O
in	O	O
creating	B	B
and	I	I
maintaining	I	I
build	I	I
and	I	I
deployment	I	I
pipelines	I	I
for	I	I
web	I	I
applications	I	I
and	I	I
services	I	I
(	O	O
Azure	B	B
AppService	I	B
IIS	B	I
)	I	I
and	O	O
SQL	B	B
DBs	I	I

Ability	O	O
to	O	O
troubleshoot	B	B
Azure	I	I
AppService	I	I
hosted	I	I
websites	I	I
and	I	I
services	I	I
(	O	O
identify	B	B
app	I	I
issues	I	I
vs	I	I
configuration	I	I
/	I	I
environment	O	O
issues	B	B
)	I	I
preferably.	O	O
NET	O	O

Proven	O	O
experience	O	O
in	O	O
automation	B	B
(	O	O
e.	O	O
g.	B	B
:	B	B
PowerShell	I	B
Azure	B	B

-	O	O
and	O	O
yaml	B	O

-	O	O
based	B	I
templates	I	I
etc.	O	O
)	O	O
Familiarity	O	O
with	O	O
the	O	O
following	O	O
Azure	O	B
services	O	O
(	O	O
or	O	O
equivalents	O	O
from	O	O
different	O	O
cloud	O	O
providers	O	O
)	O	O
is	O	O
a	O	O
clear	O	O
advantage	O	O
:	B	B
AppServices	B	B
Redis	B	B
ServiceBus	B	B
Api	I	I
Management	B	B
CosmosDB	B	B

Basic	O	O
knowledge	O	O
of	O	O
Azure	B	B
SQL	I	B
and	O	O
experience	O	O
with	O	O
SQL	B	B
scripts	I	I

Proven	O	O
experience	O	O
with	O	O
Azure	B	B
DevOps	I	I
(	I	O
cloud	I	B
and	I	I
server	I	I
)	I	I
is	O	O
a	O	O
plus	O	O

Knowledge	O	O
and	O	O
experience	O	O
with	O	O
Docker	B	B
Containers	I	I
/	O	O
K8s	B	B
are	O	O
a	O	O
clear	O	O
advantage	O	O

Fluent	O	O
in	O	O
written	O	O
and	O	O
spoken	O	O
English	B	B
any	O	O
additional	O	O
language	O	O
is	O	O
a	O	O
plus	O	O

Job	O	O
benefits	O	O

flexible	O	O
working	O	O
hours	O	O

25	O	O
days	O	O
(	O	O
<	O	O
LOCATION	O	O
>	O	O
20	O	O
days	O	O
(	O	O
<	O	O
LOCATION	O	O

on	O	O

fair	O	O
market	O	O
salaries	O	O

learning	O	O
environment	O	O
-	O	O
test	O	O
&	O	O
learn	O	O
is	O	O
the	O	O
foundation	O	O
for	O	O
innovation	O	O

dynamic	O	O
and	O	O
experienced	O	O
team	O	O
-	O	O
we	O	O
are	O	O
shapers	O	O
and	O	O
makers	O	O

start	O	O
-	O	O

free	O	O
coffee	O	O
and	O	O
mineral	O	O
water	O	O

Company	O	O
description	O	O

Established	O	O
in	O	O
1998	O	O
<	O	O
ORGANIZATION	O	O
>	O	O
partners	O	O
with	O	O
the	O	O
world	O	O
’	O	O
s	O	O
leading	O	O
financial	O	O
institutions	O	O
to	O	O
help	O	O
them	O	O

Our	O	O
market	O	O
-	O	O
leading	O	O
DFS®	O	O
(	O	O
Digital	O	O
Finance	O	O
Suite	O	O
)	O	O
is	O	O
an	O	O
orchestration	O	O
engine	O	O
that	O	O
lets	O	O
financial	O	O
institutions	O	O
quickly	O	O
launch	O	O
new	O	O
propositions	O	O
as	O	O
well	O	O
as	O	O
giving	O	O
them	O	O
the	O	O
intelligence	O	O
to	O	O
maximize	O	O
customer	O	O

With	O	O
a	O	O
global	O	O
presence	O	O
and	O	O
offices	O	O
in	O	O
<	O	O
LOCATION	O	O
>	O	O
<	O	O
LOCATION	O	O
>	O	O
<	O	O
LOCATION	O	O
>	O	O
<	O	O
LOCATION	O	O
>	O	O
and	O	O
<	O	O
LOCATION	O	O
>	O	O
as	O	O
well	O	O
as	O	O
development	O	O
centres	O	O
in	O	O
<	O	O
LOCATION	O	O
>	O	O

Our	O	O
solution	O	O
allows	O	O
investors	O	O
to	O	O
plan	O	O
track	O	O
and	O	O
manage	O	O
their	O	O
investment	O	O
goals	O	O
by	O	O
leveraging	O	O
our	O	O
state	O	O
-	O	O
of	O	O
-	O	O
the	O	O

Principle	O	O
Software	O	O
Engineer	O	O
|	O	O
Java	O	O

<	O	O
ORGANIZATION	O	O
>	O	O
<	O	O
ORGANIZATION	O	O

<	O	O
ADDRESS	O	O
>	O	O
<	O	O
ADDRESS	O	O

Date	O	O
posted	O	O
:	O	O

Likes	O	O
:	O	O
0	O	O
Dislikes	O	O
:	O	O
0	O	O

Salary	O	O
:	O	O

Job	O	O
type	O	O
:	O	O

Experience	O	O
level	O	O
:	O	O

Industry	O	O
:	B	B
Financial	I	I

Company	O	O
size	O	O
:	O	O

Company	O	O
type	O	O
:	O	O

Technologies	O	O

java	B	B
reactjs	B	B
web	B	B

Job	O	O
description	O	O

Job	O	O
type	O	O

Full	O	O

Industry	O	O

Financial	B	B
Services	I	I

Company	O	O
size	O	O

10k	O	O
+	O	O

Company	O	O
type	O	O

Public	O	O

Technologies	O	O

java	B	B
reactjs	B	B
web	B	B

Job	O	O
description	O	O

Banking	O	O
Technology	O	O
Engineering	O	O
&	O	O
Architecture	O	O
-	O	O
Principle	O	O
Software	O	O
Engineer	O	O

As	O	O
a	O	O
member	O	O
of	O	O
our	O	O
<	O	O
ORGANIZATION	O	O
>	O	O
<	O	O
ORGANIZATION	O	O
>	O	O
<	O	O
ORGANIZATION	O	O
>	O	O
<	O	O
ORGANIZATION	O	O
>	O	O
<	O	O
ORGANIZATION	O	O
>	O	O
<	O	O
ORGANIZATION	O	O
>	B	B
we	I	I
look	I	I
first	O	I
and	B	I
foremost	I	I
for	I	I
people	I	I
who	O	O

You	O	O
will	O	O
be	O	O
required	O	O
to	O	O
apply	B	B
your	I	I
depth	I	I
of	I	I
knowledge	I	I
and	I	I
expertise	I	I
to	O	O
all	O	O
aspects	O	O
of	O	O
the	O	O
software	B	B
development	I	I
lifecycle	I	I
as	O	O
well	O	O
as	O	O
partner	B	B
continuously	I	I
with	I	I
your	I	I
many	I	I
stakeholders	I	I
on	O	O
a	O	O
daily	O	O
basis	O	O
to	O	O
stay	B	O
focused	I	O
on	I	O
common	I	O
goals.	I	O

We	O	O
embrace	O	O
a	O	O
culture	O	O
of	O	O
experimentation	O	O
and	O	O
constantly	O	O
strive	O	O
for	O	O
improvement	O	O
and	O	O
learning.	O	O

You	O	O
'	O	O
ll	O	O
work	O	O
in	O	O
a	O	O
collaborative	O	O
trusting	O	O
thought	O	O
-	O	O
provoking	O	O
environment	O	O
-	O	O
one	O	O
that	O	O
encourages	O	O
diversity	O	O
of	O	O
thought	O	O
and	O	O
creative	O	O
solutions	O	O
that	O	O
are	O	O
in	O	O
the	O	O
best	O	O

As	O	O
part	O	O
of	O	O
<	O	O
ORGANIZATION	O	O
>	O	O
you	O	O
will	O	O
join	O	O
the	O	O
<	O	O
ORGANIZATION	O	O
>	O	O
<	O	O
ORGANIZATION	O	O
>	O	O
<	O	O
ORGANIZATION	O	O
>	O	O
which	O	O
is	O	O
responsible	O	O
for	O	O
creating	O	O
common	O	O
value	O	O
added	O	B
services	O	I
to	O	I
be	O	I
used	O	I
across	O	I
Banking	O	I
by	O	I
leveraging	O	O

We	O	O
will	O	O
also	O	O
establish	O	O
common	O	O
demand	O	O
for	O	O
services	O	O
and	O	O
provide	O	O
managed	O	O
services	O	O
for	O	O
applications	O	O
across	O	O
the	O	O
estate.	O	O

This	O	O
role	O	O
requires	O	O
a	O	O
wide	O	O
variety	O	O
of	O	O
strengths	O	O
and	O	O
capabilities	O	O
including	O	O

•	O	O
BS	B	B
/	I	I
BA	O	O
degree	O	O
or	O	O

•	O	O
Strong	O	O
knowledge	O	O
of	O	O
application	B	B
data	I	B
and	I	O
infrastructure	I	B
architecture	I	I
disciplines	O	O

•	O	O
Expert	O	O
understanding	O	O
of	O	O
architecture	B	B
and	O	I
design	B	I
across	O	I
all	O	I
systems	O	I

•	O	O
Successful	O	O
contribution	O	B
to	O	I
software	B	B
systems	I	I

•	O	O
Working	O	O
proficiency	O	O
in	O	O
developmental	B	B
toolsets	I	I

•	O	O
Knowledge	O	O
of	O	O
industry	B	B
wide	I	I
technology	I	I
strategies	I	I
and	I	I
best	I	I
practices	I	I

•	O	O
Ability	O	O
to	O	O
work	B	B
in	I	I
a	I	I
co	I	I
-	I	I
located	O	O
team	B	O
to	I	O
achieve	I	O
organizational	O	O
goals	O	O
and	O	O
passionate	B	B
about	I	I
building	I	I
an	I	I

•	O	O
Understanding	O	O
of	O	O
software	B	O
skills	I	O
such	O	O
as	O	O
business	B	B
analysis	I	I
development	B	B
maintenance	B	B
and	O	O
software	B	B
improvement	I	I

•	O	O
A	O	O
clear	O	O
passion	O	O
to	O	O
deliver	B	B
high	I	I
quality	I	I
products	I	I

•	O	O
Expertise	O	O
proficiency	O	O
level	O	O
in	O	O
one	O	O
or	O	O
more	O	O
modern	O	B
programming	O	I
languages	O	I
i.	O	O
e.	O	O

Java	O	B
/	B	B
J2EE	B	B
Python	B	B

•	O	O
Experience	O	O
of	O	O
Cloud	B	B
Technologies	I	I
including	O	O
AWS	B	B
containers	B	I
and	O	O
Kubernetes	B	B

•	O	O
Demonstrated	O	O
experience	O	O
of	O	O
performing	O	B
DevOps	B	I
for	I	I
platforms	I	I

•	O	O
Experience	O	O
with	O	O
Automated	B	B
testing	I	I

•	O	O
Resource	B	B
management	I	I
preferred	O	O

Banking	O	B
Technology	O	I
Engineering	O	O
&	O	O
Architecture	O	I

<	O	O
ORGANIZATION	O	O

<	O	O
ORGANIZATION	O	O
>	O	O
<	O	O
ORGANIZATION	O	O
>	O	O
<	O	O
ORGANIZATION	O	O
>	O	O
<	O	O
ORGANIZATION	O	O
>	O	O
<	O	O
ORGANIZATION	O	O
>	O	O
is	O	O

The	O	O
world	O	O
'	O	O
s	O	O
most	O	O
important	O	O
corporations	O	O
governments	O	O
and	O	O
institutions	O	O
entrust	O	O
us	O	O
with	O	O
their	O	O
business	O	O
in	O	O
more	O	O
than	O	O
100	O	O

The	O	O
<	O	O
ORGANIZATION	O	O
>	O	O
<	O	O
ORGANIZATION	O	O
>	O	O
<	O	O
ORGANIZATION	O	O
>	O	O
<	O	O
ORGANIZATION	O	O
>	O	O
(	O	O
<	O	O
ORGANIZATION	O	O
>	O	O
)	O	O
provides	O	O
strategic	O	O
advice	O	O
raises	O	O
capital	O	O
manages	O	O

The	O	O
<	O	O
ORGANIZATION	O	O
>	O	O
<	O	O
ORGANIZATION	O	O
>	O	O
<	O	O
ORGANIZATION	O	O
>	O	O
is	O	O
aligned	O	O
to	O	O
the	O	O
Wholesale	O	O
Payments	O	O
and	O	O
the	O	O
Investment	O	O

As	O	O
examples	O	O
of	O	O
our	O	O
size	O	O
complexity	O	O
and	O	O
criticality	O	O
to	O	O
the	O	O
global	O	O
financial	O	O
system	O	O
we	O	O
process	O	O
more	O	O
than	O	O
106	O	O
million	O	O
transactions	O	O
worth	O	O
6	O	O
trillion	O	O
daily	O	O
;	O	O
process	O	O
payments	O	O
in	O	O
more	O	O
than	O	O
120	O	O
currencies	O	O
and	O	O
receive	O	O
payments	O	O
in	O	O
more	O	O
than	O	O
40	O	O
countries	O	O
and	O	O
80	O	O
%	O	O
of	O	O
Fortune	O	O
500	O	O
does	O	O
business	O	O
with	O	O

The	O	O
<	O	O
ORGANIZATION	O	O
>	O	O
<	O	O
ORGANIZATION	O	O
>	O	O
<	O	O
ORGANIZATION	O	O
>	O	O
<	O	O
ORGANIZATION	O	O
>	O	O
is	O	O
a	O	O
small	O	O
central	O	O
team	O	O
that	O	O
operates	O	O
horizontally	O	O
across	O	O
the	O	O
5000	O	O
+	O	O
technologists	O	O

We	O	O
have	O	O
responsibility	O	O
for	O	O
setting	O	O
standards	O	O
policies	O	O
and	O	O
driving	O	O
the	O	O
documentation	O	O
and	O	O
adoption	O	O
of	O	O
pragmatic	O	O
architectural	O	O
patterns	O	O
as	O	O
we	O	O
establish	O	O
consistency	O	O
and	O	O
optimized	O	O
technical	O	O
outcomes	O	O
in	O	O
support	O	O
of	O	O
our	O	O
aggressive	O	O
business	O	O
goals.	O	O

We	O	O
operate	O	O
principally	O	O
across	O	O
six	O	O
main	O	O
domains	O	O
:	O	O
functional	O	O
architecture	O	O
information	O	O
architecture	O	O
technical	O	O
architecture	O	O
infrastructure	O	O
architecture	O	O
security	O	O
architecture	O	O
and	O	O
engineering.	O	O

With	O	O
the	O	O
group	O	O
of	O	O
highly	O	O
technical	O	O
SMEs	O	O
in	O	O
E	O	O
&	O	O
A	O	O
we	O	O
have	O	O
a	O	O
very	O	O
strong	O	O
matrix	O	O
alignment	O	O
across	O	O
each	O	O
of	O	O
the	O	O
domains	O	O
throughout	O	O
the	O	O
<	O	O
ORGANIZATION	O	O
>	O	O
<	O	O
ORGANIZATION	O	O
>	O	O
organization	O	O
to	O	O
inform	O	O
and	O	O
agree	O	O
the	O	O
output	O	O
from	O	O
E	O	O
&	O	O
A	O	O
to	O	O
ensure	O	B
appropriateness	O	I
and	O	I
to	O	O
facilitate	O	I
localized	O	I
help	O	O
in	O	O

<	O	O
ORGANIZATION	O	O
>	O	O
(	O	O
<	O	O
ORGANIZATION	O	O
>	O	O
<	O	O
ORGANIZATION	O	O
>	O	O
<	O	O
ORGANIZATION	O	O
>	O	O
<	O	O
ORGANIZATION	O	O
>	O	O
)	O	O
Our	O	O
<	O	O
ORGANIZATION	O	O
>	O	O
<	O	O
ORGANIZATION	O	O
>	O	O
<	O	O
ORGANIZATION	O	O
>	O	O
<	O	O
ORGANIZATION	O	O
>	O	O
relies	O	O
on	O	O
innovators	O	O
like	O	O
you	O	O
to	O	O

You	O	O
'	O	B
ll	O	I
develop	O	O
solutions	O	O
for	O	O
a	O	O
bank	O	O
entrusted	O	O
with	O	O
holding	O	O
18	O	O
trillion	O	O
of	O	O
assets	O	O
and	O	O
393	O	O
billion	O	O
in	O	O

<	O	O
ORGANIZATION	O	O
>	O	O
provides	O	O
strategic	O	O
advice	O	O
raises	O	O
capital	O	O
manages	O	O
risk	O	O
and	O	O
extends	O	O
liquidity	O	O
in	O	O
markets	O	O
spanning	O	O
over	O	O
100	O	O
countries	O	O
around	O	O
the	O	O

Technology	O	O
at	O	O
<	O	O
ORGANIZATION	O	O

When	O	O
you	O	O
work	O	O
at	O	O
<	O	O
ORGANIZATION	O	O
>	O	O
<	O	O
ORGANIZATION	O	O
>	O	O
<	O	O
ORGANIZATION	O	O
>	O	O
<	O	O
ORGANIZATION	O	O
>	O	O
you	O	O
'	O	O

You	O	O
'	O	O
re	O	O
an	O	O
integral	O	O
part	O	O
of	O	O
one	O	O
of	O	O
the	O	O
world	O	O
'	O	O
s	O	O

In	O	O
20	O	O
technology	O	O
centers	O	O
worldwide	O	O
our	O	O
team	O	O
of	O	O
50,	O	O
000	O	O
technologists	O	O
design	O	O
build	O	O
and	O	O
deploy	O	O
everything	O	O
from	O	O
enterprise	O	O
technology	O	O
initiatives	O	O
to	O	O
big	O	O
data	O	O
and	O	O
mobile	O	O
solutions	O	O
as	O	O
well	O	O
as	O	O
innovations	O	O
in	O	O
electronic	O	O
payments	O	O
cybersecurity	O	O
machine	O	O
learning	O	O
and	O	O
cloud	O	O
development.	O	O

Our	O	O
10B	O	O
+	O	O
annual	O	O
investment	O	O
in	O	O
technology	O	O
enables	O	O
us	O	O
to	O	O
hire	O	O
people	O	O
to	O	O
create	O	O
innovative	O	O
solutions	O	O
that	O	O
will	O	O
are	O	O
transforming	O	O
the	O	O
financial	O	O
services	O	O
industry.	O	O

At	O	O
<	O	O
ORGANIZATION	O	O
>	O	O
<	O	O
ORGANIZATION	O	O

we	O	O
value	O	O
the	O	O
unique	O	O
skills	O	O
of	O	O
every	O	O
employee	O	O
and	O	O
we	O	O
'	O	O
re	O	O
building	O	O
a	O	O
technology	O	O
organization	O	O
that	O	O
thrives	O	O
on	O	O

We	O	O
encourage	O	O
professional	O	O
growth	O	O
and	O	O
career	O	O
development	O	O
and	O	O
offer	O	O
competitive	O	O
benefits	O	O
and	O	O
compensation.	O	O

If	O	O
you	O	O
'	O	O
re	O	O
looking	O	O
to	O	O
build	O	O
your	O	O
career	O	O
as	O	O
part	O	O
of	O	O
a	O	O
global	O	O
technology	O	O
team	O	O
tackling	O	O
big	O	O
challenges	O	O
that	O	O
impact	O	O
the	O	O
lives	O	O
of	O	O
people	O	O
and	O	O
companies	O	O
all	O	O
around	O	O
the	O	O
world	O	O
we	O	O
want	O	O
to	O	O
meet	O	O

<	O	O
ORGANIZATION	O	O

<	O	O
ORGANIZATION	O	O
>	O	O
is	O	O
a	O	O
global	O	O
leader	O	O
in	O	O
financial	O	O
services	O	O
providing	O	O
strategic	O	O
advice	O	O
and	O	O
products	O	O
to	O	O
the	O	O
world	O	O
'	O	O
s	O	O
most	O	O
prominent	O	O
corporations	O	O
governments	O	O
wealthy	O	O
individuals	O	O

Our	O	O
first	O	O
-	O	O
class	O	O
business	O	O
in	O	O
a	O	O
first	O	O
-	O	O
class	O	O
way	O	O
approach	O	O
to	O	O
serving	O	O
clients	O	O
drives	O	O

We	O	O
strive	O	O
to	O	O
build	O	O
trusted	O	O
long	O	O
-	O	O
term	O	O
partnerships	O	O
to	O	O
help	O	O
our	O	O
clients	O	O
achieve	O	O
their	O	O
business	O	O

We	O	O
recognize	O	O
that	O	O
our	O	O
people	O	O
are	O	O
our	O	O
strength	O	O
and	O	O
the	O	O
diverse	O	O
talents	O	O
they	O	O
bring	O	O
to	O	O
our	O	O
global	O	O
workforce	O	O
are	O	O
directly	O	O
linked	O	O
to	O	O
our	O	O
success.	O	O

We	O	O
are	O	O
an	O	O
equal	O	O
opportunity	O	O
employer	O	O
and	O	O
place	O	O
a	O	O
high	O	O
value	O	O
on	O	O
diversity	O	O
and	O	O
inclusion	O	O
at	O	O
our	O	O
company.	O	O

We	O	O
do	O	O
not	O	O
discriminate	O	O
on	O	O
the	O	O
basis	O	O
of	O	O
any	O	O
protected	O	O
attribute	O	O
including	O	O
race	O	O
religion	O	O
color	O	O
national	O	O
origin	O	O
gender	O	O
sexual	O	O
orientation	O	O
gender	O	O
identity	O	O
gender	O	O
expression	O	O
age	O	O
marital	O	O
or	O	O
veteran	O	O
status	O	O
pregnancy	O	O
or	O	O
disability	O	O
or	O	O
any	O	O
other	O	O
basis	O	O
protected	O	O
under	O	O
applicable	O	O
law.	O	O

In	O	O
accordance	O	O
with	O	O
applicable	O	O
law	O	O
we	O	O
make	O	O
reasonable	O	O
accommodations	O	O
for	O	O
applicants	O	O
'	O	O
and	O	O
employees	O	O
'	O	O
religious	O	O
practices	O	O
and	O	O
beliefs	O	O
as	O	O
well	O	O
as	O	O
any	O	O
mental	O	O
health	O	O
or	O	O
physical	O	O
disability	O	O

Job	O	O
benefits	O	O

Healthcare	O	O
and	O	O
Insurance	O	O
Plans	O	O

Wellness	O	O
Programs	O	O

Maternity	O	O
and	O	O
Paternity	O	O
Leave	O	O
Adoption	O	O
Assistance	O	O

Retirement	O	O
Savings	O	O
Programs	O	O

Paid	O	O
Time	O	O
Off	O	O

Tuition	O	O
Assistance	O	O

Access	O	O
to	O	O
Arts	O	O
and	O	O
Entertainment	O	O
Program	O	O

Stock	O	O
Purchase	O	O
Plan	O	O

Charitable	O	O
Contribution	O	O
Matching	O	O

Learning	O	O
&	O	O
Development	O	O
Resources	O	O

Company	O	O
description	O	O

<	O	O

Python	O	O
Software	O	O
Engineer	O	O
Intern	O	O
for	O	O
<	O	O
ORGANIZATION	O	O
>	O	O
<	O	O

<	O	O
ORGANIZATION	O	O

<	O	O
LOCATION	O	O
>	O	O
<	O	O
LOCATION	O	O
>	O	O
<	O	O
LOCATION	O	O

Date	O	O
posted	O	O
:	O	O

Likes	O	O
:	O	O
0	O	O
Dislikes	O	O
:	O	O
0	O	O

Salary	O	O
:	O	O

Job	O	O
type	O	O
:	O	O

Experience	O	O
level	O	O
:	O	O

Industry	O	O
:	B	B
Artificial	I	I
Intelligence	B	B
Computer	I	I
Graphics	B	B
Software	I	I

Company	O	O
size	O	O
:	O	O

Company	O	O
type	O	O
:	O	O

Technologies	O	O

python	B	B

Job	O	O
description	O	O

Job	O	O
type	O	O

Internship	O	O

Experience	O	O
level	O	O

Student	O	O

Industry	O	O

Artificial	B	B
Intelligence	I	I
Computer	B	B
Graphics	I	I
Software	B	B
Development	I	I

Company	O	O
size	O	O

51	O	O
–	O	O

Company	O	O
type	O	O

Private	O	O

Technologies	O	O

python	B	B

Job	O	O
description	O	O

YOUR	O	O
MISSION	O	O

<	O	O
ORGANIZATION	O	O
>	O	O
is	O	O
searching	O	O
for	O	B
a	O	O
talented	O	O
junior	O	O
programmer	O	O
to	O	O
support	O	O
our	O	O
<	O	O
ORGANIZATION	O	O
>	O	O

You	O	O
will	O	O
work	O	O
directly	O	O
with	O	O
a	O	O
team	O	O
of	O	O
veterans	O	O
and	O	O
young	O	O
bright	O	O
technical	O	O
minds	O	O
on	O	O
exciting	O	O
challenges	O	O
as	O	O
we	O	O
build	B	O
highly	I	O
efficient	I	O
accurate	I	O
and	I	O
scalable	I	O
computer	I	O
vision	I	O
and	I	O
machine	I	O
learning	I	O
services	I	O
for	O	O
high	O	O
-	O	O
end	O	O

One	O	O
of	O	O
our	O	O
researchers	O	O
will	O	O
mentor	O	O
you	O	O
all	O	O
along	O	O
your	O	O
internship	O	O
ensuring	O	O
that	O	O
you	O	O
have	O	O
everything	O	O
you	O	O
need	O	O
to	O	O
learn	O	O
and	O	O
grow.	O	O

The	O	O
internship	O	O
might	O	O
lead	O	O
to	O	O
permanent	O	O
employment.	O	O

It	O	O
'	O	O
s	O	O
a	O	O
great	O	O
opportunity	O	O
to	O	O
get	O	O
immediate	O	O
experience	O	B
in	O	I
research	O	I
and	O	O
development	O	O
while	O	O
having	O	O
the	O	O
satisfaction	O	B
to	O	I
work	O	I
in	O	I
a	O	I
tightly	O	I
-	O	I
welded	O	O
and	O	O
talented	O	O
team	O	O
and	O	O
seeing	O	O
the	O	O
immediate	O	O
results	O	O

Come	O	O
join	O	O
the	O	O
excitement	O	O
and	O	O
the	O	O
fun!	O	O

YOUR	O	O
PROFILE	O	O

You	O	O
have	O	O
a	O	O
degree	O	B
Computer	B	I
Science	I	I
or	O	O
equivalent	O	O
experience	O	O

You	O	O
like	O	O
to	O	O
solve	B	B
technical	I	I
challenges	I	I
independently	I	I

You	O	O
are	O	O
proficient	O	O
in	O	O
Python	B	B
and	O	O
English	B	B

You	O	O
are	O	O
a	O	O
good	B	O
communicator	I	B
and	O	O
enjoy	B	O
working	I	B
in	I	I
a	I	I
team	I	I

Ideally	O	O
you	O	O
have	O	O
some	O	O
knowledge	O	O
with	O	O
PostgreSQL	B	B
/	O	O
Django	B	B
/	O	O
PostGIS	B	B
/	O	O
OpenCV	B	B
/	O	O
NumPy	B	B
/	O	O
Shapely	B	B
/	O	O
Pyhon	B	B
Multithreading	I	B
and	I	O
Multiprocessing	I	B
AWS	B	B
/	O	O
Azure	O	O
or	B	B
in	I	I
Computer	O	O
Vision	B	B
/	I	I

Job	O	O
benefits	O	O

Flexible	O	O
working	O	O
hours	O	O

25	O	O
vacation	O	O
days	O	O

Flat	O	O
hierarchy	O	O

Possibility	O	O
to	O	O
learn	O	B
&	O	O
grow	O	O

Team	O	O
&	O	O
company	O	O
events	O	O

Central	O	O
offices	O	O
&	O	O
home	O	O
office	O	O

Free	O	O
yoga	O	O
&	O	O
gym	O	O
discount	O	O

Comprehensive	O	O
healthcare	O	O

Fresh	O	O
fruit	O	O
tea	O	O
&	O	O
coffee	O	O

Attractive	O	O
parental	O	O
schemes	O	O

Company	O	O
description	O	O

At	O	O
<	O	O
ORGANIZATION	O	O
>	O	O
we	O	O
can	O	O
fully	O	O
automatically	O	O
and	O	O
semantically	O	O
reconstruct	O	O
detected	O	O
features	O	O
in	O	O
3D	O	O
using	O	O
a	O	O
patented	O	O
technology	O	O
for	O	O
efficiently	O	O
storing	O	O
and	O	O
streaming	O	O
petabytes	O	O
of	O	O

We	O	O
also	O	O
provide	O	O
powerful	O	O
insights	O	O
into	O	O
the	O	O
world	O	O
by	O	O
extracting	O	O
information	O	O
from	O	O
satellite	O	O
imagery	O	O
fully	O	O
automatically.	O	O

A	O	O
scalable	O	O
artificial	O	O
intelligence	O	O
builds	O	O
the	O	O
core	O	O
of	O	O
our	O	O
platform	O	O
detecting	O	O
features	O	O
with	O	O
incredible	O	O
precision	O	O
and	O	O
speed.	O	O

Our	O	O
machine	O	O
learning	O	O
approach	O	O
was	O	O
developed	O	O
to	O	O
train	O	O
a	O	O
neural	O	O
network	O	O
for	O	O
new	O	O
features	O	O
rapidly	O	O
enabling	O	O
us	O	O
to	O	O
serve	O	O
various	O	O
use	O	O
cases	O	O
in	O	O
many	O	O
different	O	O
industries.	O	O

Our	O	O
team	O	O
of	O	O
50	O	O
+	O	O
data	O	O
scientists	O	O
geospatial	O	O
engineers	O	O
3D	O	O
rendering	O	O
programmers	O	O
and	O	O
developers	O	O
is	O	O
based	O	O
in	O	O
<	O	O

Senior	O	O
Ruby	O	O
on	O	O
Rails	O	O
Developer	O	O
12.	O	O
000	O	O
-	O	O
18.	O	O
000	O	O
PLN	O	O
+	O	O
VAT	O	O
(	O	O

<	O	O
ADDRESS	O	O
>	O	O
<	O	O
ADDRESS	O	O

Date	O	O
posted	O	O
:	O	O

Likes	O	O
:	O	O
0	O	O
Dislikes	O	O
:	O	O
0	O	O

Salary	O	O
:	O	O
144000	O	O
-	O	O
216000	O	O
PLN	O	O

Job	O	O
type	O	O
:	O	O

Experience	O	O
level	O	O
:	O	O

Industry	O	O
:	O	O

Company	O	O
size	O	O
:	O	O

Company	O	O
type	O	O
:	O	O

Technologies	O	O

e	B	O
-	B	O
commerce	B	B
open	B	B
-	B	B

Job	O	O
description	O	O

Compensation	O	O

zł144k	O	O
-	O	O
216k	O	O

Location	O	O
options	O	O

Remote	O	O

Job	O	O
type	O	O

Full	O	O

Technologies	O	O

e	B	O
-	B	O
commerce	B	B
open	B	B
-	B	B

Job	O	O
description	O	O

Join	O	O
our	O	O
team	O	O
-	O	O
work	O	O
with	O	O
the	O	O
best	O	O
and	O	O
most	O	O
ambitious	O	O
Ecommerce	O	O
professionals	O	O
around	O	O
the	O	O
world	O	O
in	O	O
our	O	O
<	O	O
LOCATION	O	O
>	O	O
HQ	O	O
or	O	O
100	O	O

<	O	O
ORGANIZATION	O	O

is	O	O
a	O	O
software	O	O
house	O	O
working	O	O
for	O	O
global	O	O
clients	O	O
(	O	O
mostly	O	O
<	O	O
LOCATION	O	O
>	O	O
<	O	O
LOCATION	O	O
>	O	O
and	O	O
<	O	O

startups	O	O

to	O	O
large	O	O

Fortune	O	O
500	O	O

corporations.	O	O

Because	O	O
of	O	O
years	O	O
of	O	O
our	O	O
combined	O	O
Ecommerce	O	O
experience	O	O
our	O	O
team	O	O
is	O	O
in	O	O
a	O	O
unique	O	O
position	O	O
to	O	O

architect	O	B
design	O	I
deliver	O	I
and	O	I
maintain	O	I

world	O	O
-	O	O
class	O	O
solutions	O	O
boosting	O	O
our	O	O
clients	O	O

We	O	O
are	O	O
also	O	O
the	O	O

<	O	O
ORGANIZATION	O	O

open	O	O
-	O	O
source	O	O
Core	O	O

Join	O	O
us	O	O
and	O	O
contribute	O	O
along	O	O
with	O	O
the	O	O
community	O	O
of	O	O
thousands	O	O
of	O	O
developers.	O	O

We	O	O

need	O	O
you	O	O

to	O	O
gather	B	B
technical	I	I
requirements	I	I
architect	B	B
solutions	I	I
estimate	B	B
timelines	I	I
deliver	B	B
and	I	O
further	I	I
develop	I	I
applications	I	I
communicate	B	B
and	O	I
investigate	B	I
finally...	O	I

celebrate	O	O
reward	B	O
and	O	O
promote.	B	O

We	O	O
believe	O	O
in	O	O

TDD	B	B

,	O	O

agile	B	B
delivery	I	I

and	O	O

teamwork	B	O

-	O	O
automated	B	B
testing	I	I
code	B	B
reviews	I	I
pair	B	B
programming	I	I
professional	O	B
QA	B	B
and	O	I
PM	B	B
support	I	I
for	O	O
our	O	O
development	O	O
teams	O	O
daily	O	O
standups	O	O
staying	B	O
in	I	O
touch	I	O
using	O	O
slack	O	B
or	O	O
Jira.	O	B

This	O	O
way	O	O
we	O	O
feel	O	O
comfortable	O	O
about	O	O
our	O	O
team	O	O
'	O	O
s	O	O
wellbeing	O	O
and	O	O
end	O	O
results	O	O
for	O	O
the	O	O

Benefits	O	O

We	O	O
offer	O	O
you	O	O

Monthly	O	O
compensation	O	O
between	O	O

B2B	O	O
:	O	O

PLN	O	O
netto	O	O
+	O	O
VAT	O	O
23	O	O
%	O	O
(	O	O
to	O	O
your	O	O
bank	O	O
account	O	O

UoP	O	O
:	O	O

PLN	O	O
brutto	O	O

Free	O	O
private	O	O
medial	O	O
insurance	O	O

Free	O	O
sports	O	O
club	O	O
card	O	O

Free	O	O
breakfast	O	O
every	O	O
day	O	O
in	O	O
one	O	O
of	O	O
cafeterias	O	O
nearby	O	O
our	O	O
HQ	O	O

Exciting	O	O
projects	O	O
for	O	O
international	O	O
clients	O	O

Agile	O	B
project	O	I
management	O	I

Feedback	O	O
sessions	O	O
every	O	O
6	O	O
months	O	O

Paid	O	O
Open	O	B
source	O	I
work	O	O

MacBook	O	O
Pro	O	O
or	O	O
Linux	O	B
laptop	O	I
+	O	O
all	O	O
the	O	O
accessories	O	O
you	O	O
need	O	O

Office	O	O
in	O	O
the	O	O
<	O	O
LOCATION	O	O
>	O	O
center	O	O
2	O	O
minutes	O	O
from	O	O
metro	O	O

20	O	O
paid	O	O
vacation	O	O
days	O	O
a	O	O
year	O	O
(	O	O
B2B	O	O
)	O	O
Paid	O	O
sick	O	O
leave	O	O

By	O	O
sending	O	O
us	O	O
personal	O	O
data	O	O
to	O	O
a	O	O
wider	O	O
extent	O	O
than	O	O
required	O	O
by	O	O
law	O	O
(	O	O
labor	O	O
code	O	O
-	O	O
in	O	O
relation	O	O
to	O	O
the	O	O
employment	O	O
contract	O	O
)	O	O
or	O	O
in	O	O
the	O	O
case	O	O
of	O	O
willingness	O	O
to	O	O
cooperate	O	O
under	O	O
a	O	O
B2B	O	O
contract	O	O
you	O	O
voluntarily	O	O
agree	O	O
to	O	O
<	O	O
ORGANIZATION	O	O
>	O	O
<	O	O

o.	O	O
o.	O	O

for	O	O
their	O	O
processing	O	O
for	O	O
the	O	O
recruitment	O	O
goal.	O	O

Read	O	O
the	O	O

Privacy	O	O
Notice	O	O

for	O	O
further	O	O
details.	O	O

1.	O	O

The	O	O
controller	O	O
of	O	O
your	O	O
personal	O	O
data	O	O
is	O	O
<	O	O
ORGANIZATION	O	O
>	O	O
<	O	O

o.	O	O
o.	O	O

seated	O	O
in	O	O
<	O	O
LOCATION	O	O
>	O	O
at	O	O
<	O	O
LOCATION	O	O

Contact	O	O
e	O	O
-	O	O
mail	O	O
with	O	O
the	O	O
controller	O	O
is	O	O
possible	O	O
at	O	O
work	O	O

2.	O	O

Your	O	O
data	O	O
if	O	O
you	O	O
wish	O	O
to	O	O
conclude	O	O
a	O	O
contract	O	O
of	O	O
employment	O	O
will	O	O
be	O	O
processed	O	O
on	O	O
the	O	O
basis	O	O
of	O	O
a	O	O
law	O	O
(	O	O
labor	O	O
code	O	O
).	O	O

If	O	O
you	O	O
send	O	O
us	O	O
more	O	O
data	O	O
than	O	O
required	O	O
by	O	O
labor	O	O
code	O	O
or	O	O
if	O	O
you	O	O
want	O	O
to	O	O
cooperate	O	O
under	O	O
B2B	O	I
contract	O	O
data	O	O
will	O	O
be	O	O
processed	O	O
on	O	O
consent	O	O
expressed	O	O
by	O	O
sending	O	O
a	O	O
recruitment	O	O
application.	O	O

We	O	O
may	O	O
also	O	O
process	O	O
your	O	O
data	O	O
in	O	O
our	O	O
legitimate	O	O
interest	O	O
i.	O	O
e.	O	O

to	O	O
establish	O	B
defend	O	I
or	O	I
enforce	O	I
claims.	O	I

3.	O	O

Your	O	O
data	O	O
will	O	O
be	O	O
processed	O	O
by	O	O
our	O	O
partner	O	O
providing	O	O
the	O	O
platform	O	O
for	O	O
submitting	O	O
recruitment	O	O
applications.	O	O

Out	O	O
partners	O	O
may	O	O
transfer	O	O
your	O	O
personal	O	O
data	O	O
outside	O	O
of	O	O
the	O	O
<	O	O
LOCATION	O	O
>	O	O
<	O	O

4.	O	O

You	O	O
have	O	O
the	O	O
right	O	O
to	O	O
request	O	O
from	O	O
the	O	O
controller	O	O
access	O	O
to	O	O
your	O	O
data	O	O
rectify	O	O
your	O	O
data	O	O
demand	O	O
its	O	O
erasure	O	O
restriction	O	O
of	O	O
processing	O	O
object	O	O
to	O	O
processing	O	O
and	O	O
data	O	O
portability.	O	I

You	O	O
also	O	O
have	O	O
the	O	O
right	O	O
to	O	O
lodge	O	O
a	O	O
complaint	O	O
to	O	O
the	O	O
President	O	O
of	O	O
the	O	O
Personal	O	O
Data	O	O
Protection	O	O
Office.	O	O

5.	O	O

You	O	O
also	O	O
have	O	O
the	O	O
right	O	O
to	O	O
withdraw	O	O
your	O	O
consent	O	O
but	O	O
the	O	O
withdrawal	O	O
of	O	O
consent	O	O
does	O	O
not	O	O
affect	O	O
the	O	O
lawfulness	O	O
of	O	O
the	O	O
processing	O	O
which	O	O
was	O	O
made	O	O
on	O	O
the	O	O
basis	O	O
of	O	O
consent	O	O
before	O	O
its	O	O
withdrawal.	O	O

6.	O	O

We	O	O
process	O	O
your	O	O
personal	O	O
data	O	O
in	O	O
order	O	O
to	O	O
recruit	O	O
for	O	O
the	O	O
position	O	O
indicated	O	O
in	O	O
the	O	O
announcement	O	O
and	O	O
when	O	O
you	O	O
have	O	O
agreed	O	O
to	O	O
participate	O	O
in	O	O
future	O	O
recruitment	O	O
for	O	O
a	O	O
period	O	O
not	O	O
longer	O	O
than	O	O
180	O	O
days	O	O
from	O	O
the	O	O
moment	O	O
of	O	O
collection.	O	O

7.	O	O

Providing	O	B
personal	O	I
data	O	I
to	O	O
participate	O	O
in	O	O
the	O	O
recruitment	O	O
procedure	O	O
is	O	O
voluntary.	O	O

Failure	O	O
to	O	O
provide	O	O
personal	O	O
data	O	O
required	O	O
under	O	O
the	O	O
Labor	O	O
Code	O	O
-	O	O
in	O	O
the	O	O
case	O	O
of	O	O
a	O	O
contract	O	O
of	O	O
employment	O	O
or	O	O
lack	O	O
of	O	O
consent	O	O
to	O	O
the	O	O
processing	O	O
of	O	O
data	O	O
contained	O	O
in	O	O
the	O	O
recruitment	O	O
application	O	O
-	O	O
in	O	O
the	O	O
case	O	O
of	O	O
B2B	O	O
contract	O	O
will	O	O
result	O	O
in	O	O
the	O	O
inability	O	O
to	O	O
participate	O	O
in	O	O
the	O	O
recruitment	O	O
procedure.	O	O

Failure	O	O
to	O	O
send	O	O
additional	O	O
data	O	O
not	O	O
required	O	O
by	O	O
the	O	O
Labor	O	O
Code	O	O
will	O	O
not	O	O
affect	O	O
the	O	O
possibility	O	O
of	O	O
participating	O	O
in	O	O
recruitment	O	O
proceedings.	O	O

8.	O	O

If	O	O
you	O	O
have	O	O
any	O	O
questions	O	O
you	O	O
can	O	O
contact	O	O
us	O	O
at	O	O
e	O	O
-	O	O
mail	O	O

Skills	O	O
&	O	O
Requirements	O	O

Join	O	O
us	O	O
if	O	O
you	O	O

know	O	O
and	O	O
use	O	O
Ruby	B	B
on	I	I
Rails	I	I
in	O	O
commercial	O	O
projects	O	O
for	O	O
at	O	O
least	O	O
2	O	O
years	O	O

practice	O	O
TDD	B	B

deploy	B	B
apps	I	O
to	O	O
Heroku	B	B
and	O	O
/	B	B

are	O	O
fluent	O	O
in	O	O
SQL	B	B

communicate	O	O
fluently	O	O
in	O	O
English	B	B

work	O	O
in	O	O
agile	B	B

have	O	O
been	O	O
working	B	B
with	I	I
3rd	I	I
party	I	I
API	I	I

performed	B	B
code	I	I
reviews	I	I
for	O	O
your	O	O
teammates	O	O

used	O	O
Docker	B	B
containers	O	O

Nice	O	O
to	O	O
haves	O	O

Spree	B	O
Commerce	I	O
-	O	O
our	O	O
E	O	O
-	O	O
Commerce	O	O
framework	O	O
of	O	O
choice	O	O
which	O	O
you	O	O
'	O	O
ll	O	O
have	O	O

Experience	O	O
leading	B	B
a	I	I
team	I	I

Contributions	B	O
to	I	O
open	I	B
source	I	I
projects	I	I

E	B	B
-	O	O

familiarity	O	O
with	O	O
ElasticSearch	B	B

familiarity	O	O
with	O	O
Kubernetes	B	B

Job	O	O
benefits	O	O
:	O	O

Company	O	O
description	O	O

Join	O	O
our	O	O
team	O	O
-	O	O
work	O	O
with	O	O
the	O	O
best	O	O
and	O	O
most	O	O
ambitious	O	O
eCommerce	O	O
professionals	O	O
around	O	O
the	O	O
world.	O	O

<	O	O
ORGANIZATION	O	O
>	O	O
<	O	O
ORGANIZATION	O	O
>	O	O
is	O	O
a	O	O
software	O	O
house	O	O
which	O	O
works	O	O
mostly	O	O
for	O	O
North	O	O
American	O	O
and	O	O
West	O	O
European	O	O
clients	O	O
-	O	O
ranging	O	O
from	O	O
startups	O	O
to	O	O
large	O	O
Fortune	O	O
500	O	O
corporations	O	O

Because	O	O
of	O	O
years	O	O
of	O	O
our	O	O
own	O	O
eCommerce	O	O
startup	O	O
experience	O	O
and	O	O
thousands	O	O
of	O	O
hours	O	O
spent	O	O
developing	O	O
e	O	O
-	O	O
Comm	O	O
solutions	O	O
our	O	O
team	O	O
is	O	O
in	O	O
a	O	O
unique	O	O
position	O	O
to	O	O
architect	O	O
design	O	O
deliver	O	O
and	O	O
maintain	O	O
world	O	O
-	O	O
class	O	O
solutions	O	O
boosting	O	O

It	O	O
'	O	O
s	O	O
an	O	O
opportunity	O	B
for	O	O
passionate	O	B
and	O	O
determined	O	O

Tell	O	O
us	O	O
about	O	O
your	O	O
goals	O	O
and	O	O
let	O	O
'	O	O
s	O	O
share	O	O
our	O	O
joint	O	O

UI	O	O
Software	O	O
Engineer	O	O

<	O	O
ORGANIZATION	O	O
>	O	O
<	O	O
ORGANIZATION	O	O

<	O	O
ADDRESS	O	O
>	O	O
<	O	O
ADDRESS	O	O

Date	O	O
posted	O	O
:	O	O

Likes	O	O
:	O	O
0	O	O
Dislikes	O	O
:	O	O
0	O	O

Salary	O	O
:	O	O

Job	O	O
type	O	O
:	O	O

Experience	O	O
level	O	O
:	O	O

Industry	O	O
:	B	B
Financial	I	I

Company	O	O
size	O	O
:	O	O

Company	O	O
type	O	O
:	O	O

Technologies	O	O

reactjs	B	B
cloud	B	B
python	B	B

Job	O	O
description	O	O

Job	O	O
type	O	O

Full	O	O

Industry	O	O

Financial	B	B
Services	I	I

Company	O	O
size	O	O

10k	O	O
+	O	O

Company	O	O
type	O	O

Public	O	O

Technologies	O	O

reactjs	B	B
cloud	B	B
python	B	B

Job	O	O
description	O	O

We	O	O
are	O	O
looking	O	O
for	O	O
someone	O	O
who	O	O
would	O	O

1	O	O
)	O	O
Work	O	O
as	O	O
a	O	O
team	O	O
member	O	O
of	O	O
the	O	O
<	O	O
LOCATION	O	O
>	O	O
team	O	O
which	O	O
is	O	O
growing	O	O

2	O	O
)	O	O
Deliver	B	B
initiatives	I	I
that	O	O
are	O	O
part	O	O
of	O	O
the	O	O
asset	O	O
manager	O	O
platform	O	O
(	O	O
AMP	O	O
)	O	O
data	O	O
solutions	O	O
initiative	O	O

3	O	O
)	O	O
Get	O	O
an	O	O
opportunity	O	O
to	O	O
work	O	O
on	O	O
modernizing	B	B
and	I	I
transforming	I	I
the	I	I
platform	I	I
into	O	O
a	O	O
cloud	O	O
based	O	O
Data	O	O
Platform	O	O

4	O	O
)	O	O
Work	B	O
on	I	O
a	I	O
mix	I	O
of	I	O
front	I	B
-	I	I
end	I	O
back	I	B
-	I	I
end	O	O

Requirements	O	O

1	O	O
)	O	O
Experience	O	O
with	O	O
running	B	O
with	I	O
a	I	O
full	I	B
stack	I	I
development	I	O
:	O	O
Java	B	B
Python	B	B
React	B	B
JS	I	B
Redux	B	B

2	O	O
)	O	O
Knowledge	O	O
of	O	O
public	B	B
and	I	I
private	I	I
cloud	I	I
offerings	I	I

3	O	O
)	O	O
Data	B	B
warehousing	I	I
/	O	O
ETL	O	O
experience	O	O
would	O	O

4	O	O
)	O	O
Knowledge	O	O
of	O	O
fixed	B	B
income	I	I
instruments	I	I
and	O	O
reference	B	B
data	I	I
would	O	O
be	O	O
useful	O	O

<	O	O
ORGANIZATION	O	O

<	O	O
ORGANIZATION	O	O
>	O	O
is	O	O
a	O	O
global	O	O
leader	O	O
in	O	O
financial	O	O
services	O	O
providing	O	O
strategic	O	O
advice	O	O
and	O	O
products	O	O
to	O	O
the	O	O
world	O	O
'	O	O
s	O	O
most	O	O
prominent	O	O
corporations	O	O
governments	O	O
wealthy	O	O
individuals	O	O

Our	O	O
first	O	O
-	O	O
class	O	O
business	O	O
in	O	O
a	O	O
first	O	O
-	O	O
class	O	O
way	O	O
approach	O	O
to	O	O
serving	O	O
clients	O	O
drives	O	O

We	O	O
strive	O	O
to	O	O
build	O	O
trusted	O	O
long	O	O
-	O	O
term	O	O
partnerships	O	O
to	O	O
help	O	O
our	O	O
clients	O	O
achieve	O	O
their	O	O
business	O	O

We	O	O
recognize	O	O
that	O	O
our	O	O
people	O	O
are	O	O
our	O	O
strength	O	O
and	O	O
the	O	O
diverse	O	O
talents	O	O
they	O	O
bring	O	O
to	O	O
our	O	O
global	O	O
workforce	O	O
are	O	O
directly	O	O
linked	O	O
to	O	O
our	O	O
success.	O	O

We	O	O
are	O	O
an	O	O
equal	O	O
opportunity	O	O
employer	O	O
and	O	O
place	O	O
a	O	O
high	O	O
value	O	O
on	O	O
diversity	O	O
and	O	O
inclusion	O	O
at	O	O
our	O	O
company.	O	O

We	O	O
do	O	O
not	O	O
discriminate	O	O
on	O	O
the	O	O
basis	O	O
of	O	O
any	O	O
protected	O	O
attribute	O	O
including	O	O
race	O	O
religion	O	O
color	O	O
national	O	O
origin	O	O
gender	O	O
sexual	O	O
orientation	O	O
gender	O	O
identity	O	O
gender	O	O
expression	O	O
age	O	O
marital	O	O
or	O	O
veteran	O	O
status	O	O
pregnancy	O	O
or	O	O
disability	O	O
or	O	O
any	O	O
other	O	O
basis	O	O
protected	O	O
under	O	O
applicable	O	O
law.	O	O

In	O	O
accordance	O	O
with	O	O
applicable	O	O
law	O	O
we	O	O
make	O	O
reasonable	O	O
accommodations	O	O
for	O	O
applicants	O	O
'	O	O
and	O	O
employees	O	O
'	O	O
religious	O	O
practices	O	O
and	O	O
beliefs	O	O
as	O	O
well	O	O
as	O	O
any	O	O
mental	O	O
health	O	O
or	O	O
physical	O	O
disability	O	O

Job	O	O
benefits	O	O

Healthcare	O	O
and	O	O
Insurance	O	O
Plans	O	O

Wellness	O	O
Programs	O	O

Maternity	O	O
and	O	O
Paternity	O	O
Leave	O	O
Adoption	O	O
Assistance	O	O

Retirement	O	O
Savings	O	O
Programs	O	O

Paid	O	O
Time	O	O
Off	O	O

Tuition	O	O
Assistance	O	O

Access	O	O
to	O	O
Arts	O	O
and	O	O
Entertainment	O	O
Program	O	O

Stock	O	O
Purchase	O	O
Plan	O	O

Charitable	O	O
Contribution	O	O
Matching	O	O

Learning	O	O
&	O	O
Development	O	O
Resources	O	O

Company	O	O
description	O	O

<	O	O

Backend	O	O
Engineer	O	O
(	O	O
m	O	O
/	O	O
f	O	O
/	O	O
d	O	O

<	O	O
ADDRESS	O	O
>	O	O
<	O	O
ADDRESS	O	O

Date	O	O
posted	O	O
:	O	O

Likes	O	O
:	O	O
0	O	O
Dislikes	O	O
:	O	O
0	O	O

Salary	O	O
:	O	O

Job	O	O
type	O	O
:	O	O

Experience	O	O
level	O	O
:	O	O

Industry	O	O
:	O	O

Company	O	O
size	O	O
:	O	O

Company	O	O
type	O	O
:	O	O

Technologies	O	O

django	B	B
postgresql	B	B
redis	B	B

Job	O	O
description	O	O

Job	O	O
type	O	O

Full	O	O

Experience	O	O
level	O	O

Mid	O	O

Role	O	O

Backend	O	O
Developer	O	O

Technologies	O	O

django	B	B
postgresql	B	B
redis	B	B

Job	O	O
description	O	O

As	O	O
part	O	O
of	O	O
our	O	O
tech	O	O
team	O	O
you	O	O
will	O	O
build	B	B
software	I	I
to	O	O
help	B	O
our	I	O
customers	I	O
combat	O	O
one	O	O
of	O	O
the	O	O
biggest	O	O
problems	O	O
of	O	O
our	O	O
society	O	O
:	O	O
food	O	O
waste.	O	O

With	O	O
this	O	O
goal	O	O
in	O	O
mind	O	O
you	O	O
will	O	O
build	B	B
and	I	I
expand	I	I
our	I	I
predictive	I	I
analytics	I	I
platform	I	O
which	O	O
is	O	O
already	O	O
changing	O	O
the	O	O
way	O	O
large	O	O
food	O	O
service	O	O
providers	O	O
manage	O	O
their	O	O
operations.	O	O

You	O	O
will	O	O
work	B	O
with	I	O
a	I	O
tightly	I	O
knit	I	O
team	I	O
of	O	O
talented	O	O
developers	O	O
in	O	O
the	O	O
fields	O	O
of	O	O
frontend	O	B
development	O	I
machine	O	B
learning	O	I
and	O	O
data	O	B
engineering.	O	I

We	O	O
offer	O	O
you	O	O
a	O	O
visionary	O	O
innovative	O	O
environment	O	O
and	O	O
give	O	O
you	O	O
the	O	O
support	O	O
and	O	O
tools	O	O
you	O	O
need	O	O
to	O	O
succeed.	O	O

In	O	O
our	O	O
fast	O	O
growing	O	O
team	O	O
there	O	O
is	O	O
plenty	O	O
of	O	O
room	O	O
for	O	O
personal	O	O
development.	O	O

Are	O	O
you	O	O
ready	O	O
to	O	O
build	O	O
<	O	O
ORGANIZATION	O	O
>	O	O
<	O	O
ORGANIZATION	O	O
>	O	O
with	O	O
us	O	O
and	O	O
change	O	O
the	O	O

We	O	O
are	O	O
looking	O	O
forward	O	O
to	O	O
getting	O	O
to	O	O
know	O	O
you!	O	O

Tasks	O	O

As	O	O
a	O	O
backend	O	O
engineer	O	O
you	O	O
'	O	O
re	O	O
part	O	O
of	O	O
the	O	O
team	O	O
that	O	O
lays	O	O
the	O	O
foundation	O	O
to	O	O
our	O	O
solution	O	O
:	O	O
We	O	O
interact	O	O
with	O	O
different	O	O
kinds	O	O
of	O	O
data	O	O
sources	O	O
and	O	O
sinks	B	O
such	I	O
as	I	O
enterprise	I	O
resource	I	O
planning	I	O
(	O	O
ERP	B	O
)	I	O
and	I	O
point	I	O
-	O	O
of	O	O

That	O	O
'	O	O
s	O	O
why	O	O
data	O	O
integration	O	O
is	O	O
critical	O	O
to	O	O
our	O	O
mission	O	O
-	O	O
success	O	O
and	O	O
your	O	O
experience	O	O
and	O	O
ideas	O	O
will	O	O
enable	O	O
us	O	I
to	O	I
expand	O	O
our	O	O
customer	O	O
base	O	O
quickly	O	O
while	O	O
continuously	O	O
expanding	O	O

As	O	O
an	O	O
experienced	O	O
member	O	O
of	O	O
our	O	O
tech	O	O
team	O	O
you	O	O
can	O	O
expect	O	O
to	O	O

Create	O	O

Identify	B	B
problems	I	I
run	B	B
experiments	I	I
and	O	O
deploy	B	B
promising	I	I
solutions	I	I
to	I	I
production.	I	I

We	O	O
’	O	O
re	O	O
continually	O	O
adding	O	O
new	O	O
features	O	O
for	O	O
our	O	O
users	O	O
from	O	O
intuitive	O	O
analytics	O	O
features	O	O
to	O	O
optimal	O	O
inventory	O	O

Integrate	O	O

Develop	B	B
interfaces	I	I
to	I	O
ERP	I	I
and	I	I
POS	I	I
software	I	I
providers	I	I
and	O	O
work	B	B
on	I	I
ETL	I	I
pipelines	I	I
to	O	O
integrate	B	B
our	I	I
customers	I	I
data	I	I
bases.	I	I

Collaborate	O	O

Work	B	O
closely	I	O
together	I	O
with	I	O
our	I	O
machine	I	O
learning	I	O
-	I	O
and	I	O
frontend	I	O
developers.	I	O

We	O	O
'	O	O
re	O	O
a	O	O
small	O	O
team	B	O
and	I	O
effective	O	O
communication	B	O
and	O	O
documentation	O	O
is	O	O

Requirements	O	O

You	O	O
have	O	O
passion	O	O
for	O	O
writing	B	B
software	I	I
with	I	O
emphasis	I	O
on	I	O
quality	I	B
testability	I	I
and	I	O
automation.	I	B

You	O	O
have	O	O
several	O	O
years	O	O
of	O	O
experience	O	O
of	O	O
backend	B	B
development	I	I
preferably	O	O
using	O	O
Python.	B	B

You	O	O
have	O	O
experience	O	O
with	O	O
:	B	B
Linux	I	I
administration	B	B
Docker	B	B
Ansible	B	B

Nice	O	O
-	B	B
to	B	B
-	B	B
haves	I	I
:	B	B
Pandas	I	B
Celery	I	I
Django	B	B
Channels	B	B
Django	B	O
REST	I	B
Framework	B	B

You	O	O
master	O	O
English	B	B
on	I	O
level	I	O
C1.	I	O

We	O	O
’	O	O
re	O	O
in	O	O
this	O	O

You	O	O
are	O	O
an	O	O
honest	B	B
trustworthy	B	B
person	O	O
that	O	O
communicates	B	B
openly.	I	I

Benefits	O	O

Room	O	O
for	O	O
creative	O	I
solutions	O	I
and	O	O
personal	O	B
initiative.	O	I

Ownership	O	O
and	O	O
low	O	O
hierarchy	O	O
organization.	O	O

Hardware	O	O
of	O	O
your	O	O
choice.	O	O

You	O	O
are	O	O
joining	O	O
us	O	O
at	O	O
an	O	O
early	O	O
stage	O	O
so	O	O
we	O	O
want	O	O
you	O	O
to	O	O
benefit	O	O
from	O	O
the	O	O
success	O	O
of	O	O
the	O	O
company	O	O
and	O	O
therefore	O	O
offer	O	O
you	O	O
a	O	O
competitive	O	O
compensation	O	O
package	O	O
(	O	O
salary	O	O
benefits	O	O
and	O	O
virtual	O	O
shares	O	O
).	O	O

Use	O	O
your	O	O
annual	O	O
development	O	O
budget	O	O
of	O	O
1,	O	O
000	O	O
euros	O	O
for	O	O
attending	O	O
conferences	O	O
or	O	O
courses	O	O
buying	O	O
books	O	O
getting	O	O
a	O	O
coach	O	O
etc.	O	O

We	O	O
pay	O	O
for	O	O
your	O	O
public	O	O
transportation	O	O
costs.	O	O

We	O	O
are	O	O
looking	O	O
forward	O	O
to	O	O
getting	O	O
to	O	O
know	O	O
you!	O	O

Job	O	O
benefits	O	O
:	O	O

Company	O	O
description	O	O

<	O	O

BI	O	O
Developer	O	O

<	O	O
ORGANIZATION	O	O
>	O	O
<	O	O
ORGANIZATION	O	O

<	O	O
LOCATION	O	O
>	O	O
<	O	O
LOCATION	O	O
>	O	O

Date	O	O
posted	O	O
:	O	O

Likes	O	O
:	O	O
0	O	O
Dislikes	O	O
:	O	O
0	O	O

Salary	O	O
:	O	O

Job	O	O
type	O	O
:	O	O

Experience	O	O
level	O	O
:	O	O
Mid	O	O

Industry	O	O
:	B	B
Cybersecurity	B	B
Data	I	I
&	I	I
Analytics	B	B
Digital	I	I

Company	O	O
size	O	O
:	O	O

Company	O	O
type	O	O
:	O	O

Technologies	O	O

powerbi	B	B
dax	B	B
cloud	B	B
data	B	B
-	B	B

Job	O	O
description	O	O

Job	O	O
type	O	O

Full	O	O

Experience	O	O
level	O	O

Mid	O	O
-	O	O

Industry	O	O

Cybersecurity	B	B
Data	B	B
&	I	I
Analytics	I	I
Digital	B	B
Marketing	I	I

Company	O	O
size	O	O

10k	O	O
+	O	O

Company	O	O
type	O	O

Public	O	O

Technologies	O	O

powerbi	B	B
dax	B	B
cloud	B	B
data	B	B
-	B	B

Job	O	O
description	O	O

BI	O	O
Developer	O	O

<	O	O
LOCATION	O	O
>	O	O
<	O	O
LOCATION	O	O
>	O	O

We	O	O
’	O	O
re	O	O
looking	O	O
for	O	O
a	O	O
BI	O	O
Engineer	O	O
/	O	O
Developer	O	O
to	O	O
join	O	O
our	O	O
Data	O	O
&	O	O
Analytics	O	O
team	O	O
in	O	O

In	O	O
this	O	O
role	O	O
you	O	O
will	O	O
be	O	O
responsible	O	O
for	O	O
building	B	B
front	I	I
-	I	I
end	O	I
layer	O	I
of	O	I
our	O	I
data	O	I
any	O	I
analytics	O	I

This	O	O
is	O	O
your	O	O
chance	O	O
to	O	O
work	O	O
on	O	O
exciting	O	O
global	O	O
projects	O	O
with	O	O
some	O	O
highly	O	O
skilled	O	O
and	O	O
fun	O	O
people.	O	O

Are	O	O
you	O	O
looking	O	O
to	O	O
take	O	O
your	O	O
career	O	O
to	O	O
the	O	O
next	O	O
level?	O	O

Responsibilities	O	O

Design	B	B
and	I	I
build	I	I
front	I	I
-	I	I
end	I	I
/	I	I
BI	O	O
layer	O	O
of	O	B
our	O	O
data	O	I
and	O	O
analytics	O	O
solutions	B	B
-	I	I
Power	I	I
BI	B	B
reports	I	I
DAX	B	B
queries	I	I
Azure	I	I
Analysis	I	I
Services	O	O

Troubleshoot	B	B
issues	I	I
recommend	B	B
optimizations	I	I
tune	B	B
solution	I	I
/	I	I
reports	I	I
for	I	I
better	I	I
performance.	I	I

Participate	O	O
in	O	O
scrum	B	B
meetings	I	I
sprint	B	B
planning	I	B
code	B	B
reviews	I	I
etc.	O	O

QUALIFICATIONS	O	O

We	O	O
are	O	O
looking	O	O
for	O	O

Knowledge	O	O
and	O	O
practical	O	O
experience	O	O
with	O	O

Power	B	B
BI	I	I

and	O	O

DAX	B	O

(	O	O
or	O	O
equivalents	O	O
of	O	O
those	O	O
).	O	O

Understanding	O	O
of	O	O

Data	B	B
Modeling	I	I

.	O	O

Cloud	B	O

understanding	O	O
(	O	O
basic	O	O
is	O	O
enough	O	O
;	O	O
with	O	O
right	O	O
attitude	O	O
we	O	O
will	O	O
get	O	O
you	O	O
there	O	O

CICD	O	O

/	O	O

DevOps	B	O

/	O	O

Agile	B	B

concept	O	O
understanding	O	O
(	O	O
basic	O	O
is	O	O
enough	O	O
).	O	O

English	O	O
proficiency	O	O
and	O	O
at	O	O
least	O	O
a	O	O
Bachelor	B	B
'	I	I
s	O	O

Nice	O	O
to	O	O
have	O	O

Knowledge	O	O
of	O	O

Azure	B	B
Analysis	I	I
Services	I	O

.	O	O

What	O	O
we	O	O
offer	O	O

Responsibilities	O	O
as	O	O
of	O	O
day	O	O
1.	O	O

You	O	O
will	O	O
have	O	O
project	O	O
ownership	O	O
and	O	O
autonomy	O	O
to	O	O
deliver	O	B
change	O	I
and	O	I
results	O	I
from	O	I
the	O	I
beginning.	O	O

Dynamic	O	O
and	O	O
encouraging	O	O
work	O	O
environment.	O	O

At	O	O
<	O	O
ORGANIZATION	O	O
>	O	O
our	O	O
employees	O	O
are	O	O
at	O	O
the	O	O
core	O	O
we	O	O
value	O	O
every	O	O
individual	O	O
and	O	O
encourage	O	O
initiatives	O	O
promoting	O	O
agility	O	O
and	O	O
work	O	O

Continuous	O	O
mentoring	O	O
you	O	O
will	O	O
work	O	B
with	O	I
hardworking	O	I
people	O	I
and	O	O
receive	O	O
ongoing	O	O
coaching	O	O
and	O	O
mentoring	O	O
from	O	O
your	O	O
line	O	O
manager	O	O
and	O	O
other	O	O
colleagues.	O	O

Corporate	O	O
and	O	O
functional	O	O
training	O	O
will	O	O
enable	O	O
you	O	O
to	O	O
succeed	O	O
and	O	O
develop	O	O
from	O	O
day	O	O
one.	O	O

Industry	O	O
Certifications	O	O
(	O	O
ITIL	O	B
DevOps	O	B
MS	O	B
portfolio	O	I
etc	O	O
)	O	O
full	O	O
additional	O	O
benefit	O	O
program	O	O
like	O	O
private	O	O
health	O	O
care	O	O
<	O	O
ORGANIZATION	O	O
>	O	O
Dynamic	O	O
Living	O	O
programs	O	O
like	O	O
sport	O	O
cards	O	O
in	O	O
-	O	O
office	O	O
fitness	O	O
center	O	O
<	O	O
ORGANIZATION	O	O
>	O	O
stock	O	O
options	O	O
saving	O	O
plans	O	O
lunch	O	O
subsidy	O	O
regular	O	O
salary	O	O
increases	O	O
and	O	O
possible	O	O
promotions	O	O
flexible	O	O

Big	O	O
Picture	O	O
understanding	O	O
of	O	O
<	O	O
ORGANIZATION	O	O
>	O	O
<	O	O
ORGANIZATION	O	O
>	O	O
and	O	O
Product	O	O
Supply	O	O
organization	O	O
and	O	O
its	O	O
Services	O	O
in	O	O
global	O	O
multi	O	O
-	O	O
functional	O	O
teams	O	O

Who	O	O
we	O	O
are	O	O

<	O	O
ORGANIZATION	O	O
>	O	O
was	O	O
founded	O	O
over	O	O
180	O	O
years	O	O
ago	O	O
as	O	O
a	O	O
simple	O	O
soap	O	O
and	O	O
candle	O	O

Today	O	O
we	O	O
are	O	O
the	O	O
world	O	O
’	O	O
s	O	O
largest	O	O
consumer	O	O
goods	O	O
company	O	O
and	O	O
home	O	O
to	O	O
iconic	O	O
trusted	O	O
brands	O	O
that	O	O
make	O	O
life	O	O
a	O	O
little	O	O
bit	O	O
easier	O	O
in	O	O
small	O	O
but	O	O
meaningful	O	O

We	O	O
’	O	O
ve	O	O
spanned	O	O
three	O	O
centuries	O	O
thanks	O	O
to	O	O
three	O	O
simple	O	O
ideas	O	O
:	O	O
leadership	O	O
innovation	O	O

The	O	O
insight	O	O
innovation	O	O
and	O	O
passion	O	O
of	O	O
hardworking	O	O
teams	O	O
has	O	O
helped	O	O
us	O	O
grow	O	O
into	O	O
a	O	O
global	O	O
company	O	O
that	O	O
is	O	O
governed	O	O
responsibly	O	O
and	O	O
ethically	O	O
that	O	O
is	O	O
open	O	O
and	O	O
transparent	O	O
and	O	O
that	O	O
supports	O	O
good	O	O
causes	O	O
and	O	O
protects	O	O
the	O	O
environment.	O	O

We	O	O
commit	O	O
to	O	O
provide	O	O
you	O	O
with	O	O
equal	O	O
opportunities	O	O
in	O	O
employment!	O	O

We	O	O
value	O	O
diversity	O	O
and	O	O
we	O	O
do	O	O
not	O	O
discriminate	O	O
on	O	O
the	O	O
basis	O	O
of	O	O
race	O	O
religion	O	O
color	O	O
national	O	O
origin	O	O
gender	O	O
sexual	O	O
orientation	O	O
age	O	O
marital	O	O
status	O	O
veteran	O	O
status	O	O
or	O	O
disability	O	O
status.	O	O

Job	O	O
benefits	O	O

Flexible	O	O
Work	O	O
-	O	O

Paid	O	O
Parental	O	O
Leave	O	O
Options	O	O
&	O	O
Nearby	O	O
Childcare	O	O
Facilities	O	O

Tuition	O	O
Reimbursement	O	O
Program	O	O

On	O	O
-	O	O
site	O	O
fitness	O	O
&	O	O

Competitive	O	O
Salaries	O	O
and	O	O
Profit	O	O
Sharing	O	O
/	O	O
Employee	O	O

Inclusive	O	O
work	O	O
culture	O	O
and	O	O
meaningful	O	O
work	O	O
from	O	O
Day	O	O
1	O	O

Priority	O	O
on	O	O
Flexible	O	O
Career	O	O
Planning	O	O

Company	O	O
description	O	O

<	O	O

System	O	O
Architect	O	O
for	O	O
our	O	O
new	O	O
Digital	O	O
Development	O	O
Center	O	O

<	O	O
ORGANIZATION	O	O
>	O	O
<	O	O

-	O	O
Branch	O	O
<	O	O
LOCATION	O	O
>	O	O
/	O	O
Digital	O	O

<	O	O
LOCATION	O	O
>	O	O
<	O	O
LOCATION	O	O
>	O	O
<	O	O

Date	O	O
posted	O	O
:	O	O

Likes	O	O
:	O	O
0	O	O
Dislikes	O	O
:	O	O
0	O	O

Salary	O	O
:	O	O

Job	O	O
type	O	O
:	O	O

Experience	O	O
level	O	O
:	O	O

Industry	O	O
:	B	B
Agile	I	I
Software	I	I
Development	B	B
Financial	I	I

Company	O	O
size	O	O
:	O	O

Company	O	O
type	O	O
:	O	O

Technologies	O	O

agile	B	B
architecture	B	I

Job	O	O
description	O	O

Job	O	O
type	O	O

Full	O	O

Experience	O	O
level	O	O

Senior	O	O

Industry	O	O

Agile	B	B
Software	I	I
Development	I	I
Financial	B	B
Technology	I	I

Company	O	O
size	O	O

201	O	O
–	O	O

Company	O	O
type	O	O

Private	O	O

Technologies	O	O

agile	B	B
architecture	B	I

Job	O	O
description	O	O

About	O	O

<	O	O
ORGANIZATION	O	O
>	O	O
<	O	O
ORGANIZATION	O	O
>	O	O
Digital	O	O
Development	O	O
Center	O	O
(	O	O
DDC	O	O
)	O	O
is	O	O
our	O	O
newly	O	O
established	O	O
scaled	O	O
agile	O	O
delivery	O	O
to	O	O
business	O	O
center	O	O

The	O	O
<	O	O
ORGANIZATION	O	O
>	O	O
offers	O	O
you	O	O
an	O	O
unique	O	O
opportunity	O	O
to	O	O
join	O	O
the	O	O
exciting	O	O
world	O	O
of	O	O

-	O	O
insurance	O	O
and	O	O
become	O	O
part	O	O
of	O	O
a	O	O
leading	O	O
EU	O	O
Banking	O	O
Group.	O	O

With	O	O
our	O	O
41,	O	O
000	O	O
talented	O	O
employees	O	O
we	O	O
at	O	O
<	O	O
ORGANIZATION	O	O
>	O	O
<	O	O
ORGANIZATION	O	O
>	O	O
aspire	O	O
every	O	O
day	O	O
to	O	O
enable	O	O
and	O	O
protect	O	O
the	O	O

<	O	O
ORGANIZATION	O	O
>	O	O
DDC	O	O
is	O	O
where	O	O
classical	O	O
IT	O	O
meets	O	O
digital	O	O
banking	O	O
–	O	O
an	O	O
international	O	O
meeting	O	O
place	O	O
for	O	O
cross	O	O
-	O	O
country	O	O
collaboration	O	O

In	O	O
<	O	O
LOCATION	O	O
>	O	O
<	O	O
ORGANIZATION	O	O
>	O	O
<	O	O
ORGANIZATION	O	O
>	O	O
is	O	O
one	O	O
of	O	O
largest	O	O
foreign	O	O
investors	O	O
where	O	O
we	O	O
operate	O	O
under	O	O
the	O	O
leading	O	O
brands	O	O
of	O	O
<	O	O
ORGANIZATION	O	O
>	O	O
<	O	O
ORGANIZATION	O	O
>	O	O

The	O	O
Role	O	O

Ready	O	O
to	O	O
achieve	O	O
shared	O	O
understanding	O	O
of	O	O
system	O	B
design?	O	I

Would	O	O
you	O	O
call	O	O
this	O	O
shared	O	O
understanding	O	O
“	O	O

Are	O	O
you	O	O
fond	O	O
of	O	O
making	B	B
the	I	I
right	I	I
decisions	I	I
early	O	O
enough	O	O
in	O	O
the	O	O
project?	O	O

Do	O	O
you	O	O
feel	O	O
passionate	O	O
about	O	O
balancing	O	B
between	O	I
complexity	O	I
and	O	I
simplicity?	O	I

Then	O	O
join	O	O
us!	O	O

The	O	O
System	O	O
Architect	O	O
with	O	O
<	O	O
ORGANIZATION	O	O
>	O	O
is	O	O
responsible	O	O
for	O	B
the	O	O
architecture	O	O
of	O	O
the	O	O
solutions	O	O
in	O	O
the	O	O
Agile	O	O
Release	O	O
Train	O	O
(	O	O
ART	O	O
)	O	B
and	O	I
works	O	I
together	O	I
with	O	I
the	O	O
teams	O	O
in	O	O
order	O	O
to	O	O
build	O	O
the	O	O
correct	O	O

Moto	O	O

'	O	O
"	O	O
I	O	O
focus	O	O
on	O	O
building	O	O
solutions	O	O
or	O	O

'	O	O
"	O	I
Building	O	I
new	O	O
solutions	O	O
with	O	O
new	O	O
technologies	O	O
ignites	O	O

You	O	O
will	O	O
be	O	O

Responsible	O	O
for	O	O
definition	B	B
&	I	I
communication	I	I
of	I	I
“	I	I
fit	I	I
for	I	I
purpose	O	I
”	O	I
technical	O	I
and	O	I
architectural	O	O
vision	O	O
for	O	O
the	O	O
ART	O	I
based	O	O
on	O	I
functional	O	O
and	O	I
non	O	O
-	O	O
functional	O	O
requirements	O	O
and	O	I
also	O	I
in	O	O
support	O	O

Responsible	O	O
for	O	O
describing	B	B
a	I	I
solution	I	I
architecture	I	I
with	O	O
the	O	O
most	O	O
important	O	O
components	O	O
and	O	O
their	O	O
interfaces	O	O

Takes	O	O
care	O	O
of	O	O
aligning	B	B
the	I	I
teams	I	I
around	I	I
the	I	I
technical	I	I
orientation	I	I
and	O	O
connects	B	B
with	I	I
the	I	I
teams	I	I
in	O	O
order	O	O
to	O	O
evaluate	B	B
the	I	I
different	I	I
technical	I	I
alternatives	I	I
and	O	O
work	O	B
out	O	I
the	O	I
solution	O	I

Participates	O	O
actively	O	O
in	O	O
following	O	O
ART	O	O
events	O	O
:	O	B
PI	O	B
planning	O	B
demo	O	B
’	O	I
s	O	B
sync	O	O
meetings	O	I

Participates	O	O
actively	O	O
in	O	I
continuous	B	I
exploration	I	I
and	I	I
innovation	I	I

Extra	O	O
in	O	O
<	O	O

The	O	O
System	O	O
Architect	O	O
is	O	O
accountable	O	O
for	O	O
the	O	O
solution	O	B
architecture	O	I
for	O	O
the	O	O
ART	O	O

The	O	O
System	O	O
Architect	O	O
is	O	O
accountable	O	O
for	O	O
the	O	O
ART	O	O
Epics	O	O

The	O	O
System	O	O
Architect	O	O
can	O	O
work	B	O
in	I	O
Delivery	I	B
to	I	I
business	I	I
(	I	I
D2B	I	I
)	I	I
or	I	O
Service	I	O
to	I	O
deliver	I	O
(	I	I
S2D	I	I
)	I	I
context	I	O

In	O	O
D2B	O	O
context	O	O
the	O	O
System	O	O
Architect	O	O
is	O	O
accountable	O	O
for	O	O
creating	B	B
business	I	I
enabler	I	I
ART	I	I
epics	I	I
guided	O	O
by	O	O
the	O	O
domain	O	O
architect	O	O
and	O	O
based	O	O
on	O	O
requirements	O	O
of	O	O
the	O	O
product	O	O
manager.	O	O

The	O	O
Talent	O	O

Education	O	O
/	O	O

At	O	O
least	O	O
5	O	O
years	O	O
in	O	O
a	O	O
role	O	O
focused	O	O
on	O	O
software	B	B
/	I	I
system	I	I
design	I	I
and	O	O
architecture	O	O
in	O	O
a	O	O

Architectural	O	O
skills	O	O
incl.	O	O
:	B	B
Design	B	I
Modelling	B	B
Documentation	B	B
;	I	I

Experience	O	O
in	O	O
one	O	O
or	O	O
more	O	O
major	O	O
programming	B	O
languages	I	O

Experience	O	O
in	O	O
analyzing	B	B
strategic	I	I
objectives	I	I
and	O	O
defining	B	B
specific	I	I
goals.	I	I

Translating	O	O
these	O	O
goals	O	O
into	O	O
architecture	O	I
&	O	I
design	O	I

IT	B	B
or	I	O
Engineering	I	B
Bachelor	I	B
/	I	I
Master	I	I
degree	I	I
is	O	O
a	O	O
highly	O	O
recommended	O	O

Scaled	B	B
Agile	I	I
(	I	I
SAFe	I	I
)	I	I
expertise	O	O
is	O	O
big	O	O
plus	O	O

Personal	O	O
traits	O	O

Problem	O	B
analysis	O	I
&	O	O
judgement	O	I
:	O	O
Good	B	B
analytical	I	I
and	I	I
problem	I	I

Networking	B	O
Communication	B	B
and	O	O
Persuasion	B	B
:	B	O
Ability	I	O
to	I	B
persuade	I	I
others	B	B
build	I	I
and	I	I
maintain	I	I
positive	I	I
and	I	I
trustworthy	I	I
relationships	O	I
on	O	I
all	O	O
organizational	O	O
levels	O	O
in	O	O
the	O	O
context	O	O
of	O	O
high	O	O
-	O	O
pressure	O	O
and	O	O
rapidly	O	O

Teamwork	O	O
:	O	O
Able	O	O
to	B	B
share	I	I
knowledge	B	B
engage	I	I
in	I	I
discussions	I	I
and	I	I
group	I	I
decision	O	O

Presentation	B	B
skills	I	I

Assertive	B	B
and	O	O
pro	B	B

Personal	B	O
efficiency	I	O

If	O	O
you	O	O
find	O	O
this	O	O
job	O	O
opportunity	O	O
interesting	O	O
and	O	O
you	O	O
meet	O	O
the	O	O
requirements	O	O
for	O	O
the	O	O
position	O	O
send	O	O
a	O	O
CV	O	O
in	O	O
English.	O	O

Only	O	O
shortlisted	O	O
candidates	O	O
will	O	O
be	O	O
invited	O	O
to	O	O
an	O	O
interview.	O	O

Confidentiality	O	O
is	O	O
guaranteed	O	O
and	O	O
the	O	O
provided	O	O
data	O	O
is	O	O
subject	O	O
to	O	O
special	O	O
protection	O	O
in	O	O
the	O	O
meaning	O	O
of	O	O
the	O	O
GDPR	O	O
and	O	O
Personal	O	O
Data	O	O
Protection	O	O
Act.	O	O

Job	O	O
benefits	O	O

Space	O	O
for	O	O
professional	O	O
and	O	O
personal	O	O
development	O	O

Work	O	O
-	O	O
life	O	O
balance	O	O
and	O	O
25	O	O
days	O	O
of	O	O

Flexible	O	O
working	O	O
with	O	O
remote	O	O
option	O	O

Additional	O	O
health	O	O
insurance	O	O
and	O	O
pension	O	O
plan	O	O

Exclusive	O	O
discounts	O	O
for	O	O
bank	O	O
and	O	O
insurance	O	O
products	O	O
and	O	O
services	O	O

Performance	O	O
and	O	O
exceptional	O	O
rewarding	O	O
bonuses	O	O

Trainings	O	O
workshops	O	O
and	O	O
learning	O	O
courses	O	O
paid	O	O
by	O	O
the	O	O
company	O	O

Bright	O	O
and	O	O
modern	O	O
office	O	O
space	O	O
with	O	O
relax	O	O
zones	O	O
and	O	O
game	O	O
room	O	O

Fun	O	O
company	O	O
events	O	O
parties	O	O
and	O	O
team	O	O
buildings	O	O

Corporate	O	O
Social	O	O
Responsibility	O	O
events	O	O
and	O	O
initiatives	O	O

Company	O	O
description	O	O

A	O	O
few	O	O
words	O	O
about	O	O
usAt	O	O
<	O	O
ORGANIZATION	O	O
>	O	O
<	O	O
ORGANIZATION	O	O
>	O	O
<	O	O
ORGANIZATION	O	O
>	O	O
<	O	O
ORGANIZATION	O	O
>	O	O
we	O	O
work	O	O
on	O	O
a	O	O
variety	O	O
of	O	O
IT	O	O
projects	O	O
supporting	O	O
the	O	O
digital	O	O
transformation	O	O
of	O	O
the	O	O
bank	O	O
-	O	O
insurance	O	O
entities	O	O
within	O	O
<	O	O
ORGANIZATION	O	O
>	O	O
<	O	O
ORGANIZATION	O	O
>	O	O
one	O	O
of	O	O
Europe	O	O
'	O	O
s	O	O
leading	O	O
financial	O	O
institutions.	O	O
What	O	O
we	O	O
doEvery	O	O
day	O	O
our	O	O
team	O	O
combines	O	O
the	O	O
power	O	O
of	O	O
agile	O	O
methodologies	O	O
and	O	O
frameworks	O	O
such	O	O

We	O	O
design	O	O
build	O	O
and	O	O
maintain	O	O
systems	O	O
that	O	O
are	O	O
at	O	O
the	O	O
core	O	O
of	O	O
banking	O	O
products	O	O
and	O	O
digital	O	O
banking	O	O
solutions	O	O
used	O	O
by	O	O
more	O	O
than	O	O
3	O	O
million	O	O
people	O	O
all	O	O
over	O	O
Europe.	O	O
Join	O	O
the	O	O
teamOur	O	O
team	O	O
is	O	O
made	O	O
up	O	O
of	O	O
collaborative	O	O
and	O	O
solution	O	O
-	O	O
driven	O	O
visionaries	O	O
with	O	O
passion	O	O
for	O	O
tackling	O	O
challenges	O	O

If	O	O
you	O	O
are	O	O
one	O	O
yourself	O	O
explore	O	O
our	O	O
open	O	O
roles	O	O
and	O	O
don	O	O
'	O	O
t	O	O
hesitate	O	O
to	O	O
apply	O	O
if	O	O
you	O	O
find	O	O
one	O	O
that	O	O
matches	O	O
your	O	O
skills	O	O

Senior	O	O
Back	O	O
End	O	O
Engineer	O	O

<	O	O

<	O	O
LOCATION	O	O
>	O	O
<	O	O
LOCATION	O	O
>	O	O
<	O	O
LOCATION	O	O

Date	O	O
posted	O	O
:	O	O

Likes	O	O
:	O	O
0	O	O
Dislikes	O	O
:	O	O
0	O	O

Salary	O	O
:	O	O
65000	O	O
-	O	O
80000	O	O
GBP	O	O

Job	O	O
type	O	O
:	O	O

Experience	O	O
level	O	O
:	O	O

Industry	O	O
:	B	B
Financial	I	I

Company	O	O
size	O	O
:	O	O

Company	O	O
type	O	O
:	O	O

Technologies	O	O

c	B	B
#	B	B
f	B	B

Job	O	O
description	O	O

Compensation	O	O

£65k	O	O
-	O	O
80k	O	O

Job	O	O
type	O	O

Full	O	O

Experience	O	O
level	O	O

Senior	O	O

Role	O	O

Backend	O	O
Developer	O	O

Industry	O	O

Financial	B	B
Technology	I	I

Company	O	O
size	O	O

51	O	O
–	O	O

Company	O	O
type	O	O

Private	O	O

Technologies	O	O

c	B	B
#	B	B
f	B	B

Job	O	O
description	O	O

<	O	O
ORGANIZATION	O	O
>	O	O
is	O	O
a	O	O
fast	O	O
-	O	O
growing	O	O
fintech	O	O
company	O	O
on	O	O
a	O	O
mission	O	O
to	O	O
improve	O	O
the	O	O
financial	O	O
wellbeing	O	O
of	O	O
5	O	O
million	O	O
people	O	O
in	O	O
the	O	O

We	O	O
’	O	O
re	O	O
looking	O	O
for	O	O
a	O	O
Senior	O	O
Back	O	O
-	O	O
End	O	O
Engineer	O	O
to	O	O
join	O	O
us	O	O
and	O	O
help	O	O

<	O	O
ORGANIZATION	O	O
>	O	O
platform	O	O
helps	O	O
customers	O	O
understand	O	O
their	O	O
financial	O	O
data	O	O
and	O	O
make	O	O
better	O	O
financial	O	O

We	O	O
collate	O	O
and	O	O
crunch	O	O
different	O	O
streams	O	O
of	O	O
data	O	O
for	O	O
each	O	O
customer	O	O
(	O	O
e.	O	O
g.	O	O

credit	O	O
history	O	O
scores	O	O
eligibility	O	O
results	O	O
from	O	O
lenders	O	O
)	O	O
to	O	O
give	O	O
them	O	O
a	O	O
meaningful	O	O
credit	O	O
profile	O	O
and	O	O
match	O	O
them	O	O
to	O	O
financial	O	O
&	O	O
home	O	O
products	O	O
that	O	O
work	O	O
for	O	O
them.	O	O

We	O	O
’	O	O
ve	O	O
won	O	O
several	O	O
awards	O	O
for	O	O
our	O	O
product	O	O
innovation	O	O
in	O	O
the	O	O
last	O	O
few	O	O
years	O	O
and	O	O
more	O	O
importantly	O	O
we	O	O
have	O	O
consistently	O	O
been	O	O
highest	O	O
rated	O	O
in	O	O
our	O	O
category	O	O
on	O	O

At	O	O
<	O	O
ORGANIZATION	O	O
>	O	O
we	O	O
believe	O	O
in	O	O
‘	O	O
maximum	O	O
autonomy	O	O
with	O	O
maximum	O	O
alignment	O	O
’	O	O
and	O	O
in	O	O
a	O	O

Though	O	O
we	O	O
have	O	O
a	O	O
much	O	O
-	O	O
loved	O	O
office	O	O
near	O	O
<	O	O
LOCATION	O	O
>	O	O
<	O	O
LOCATION	O	O
>	O	O
we	O	O
are	O	O
currently	O	O
100	O	O
%	O	O
remote	O	O
and	O	O
pride	O	O
ourselves	O	O
in	O	O
the	O	O
supportive	O	O
and	O	O
collaborative	O	O
environment	O	O
we	O	O

We	O	O
have	O	O
a	O	O
culture	O	O
that	O	O
values	O	O
work	O	O
-	O	O
life	O	O
balance	O	O
employee	O	O
wellbeing	O	O
and	O	O
interpersonal	O	O
connections	O	O
and	O	O
we	O	O
’	O	O
re	O	O
looking	O	O
forward	O	O
to	O	O
reopening	O	O
our	O	O
<	O	O
LOCATION	O	O
>	O	O
<	O	O
LOCATION	O	O
>	O	O
office	O	O
as	O	O
soon	O	O
as	O	O
we	O	O

What	O	O
’	O	O
s	O	O

As	O	O
a	O	O
Senior	O	O
Back	O	O
-	O	O
End	O	O
Engineer	O	O
at	O	O
<	O	O
ORGANIZATION	O	O
>	O	O
you	O	O
’	O	O
ll	O	O
get	O	O
to	O	O
work	O	O
on	O	O
real	O	O
products	O	O
being	O	O
used	O	O
by	O	O
real	O	O
customers	O	O
(	O	O

You	O	O
'	O	O
ll	O	O
be	O	O
given	O	O
problems	O	O
you	O	O
can	O	O
get	O	O
stuck	O	O

You	O	O
'	O	O
ll	B	B
use	I	I
modern	I	I
workflows	I	I
and	O	O

Our	O	O
staff	O	O
surveys	O	O
show	O	O
that	O	O
we	O	O
'	O	O
re	O	O
committed	O	O
to	O	O
giving	O	O
all	O	O
employees	O	O
autonomy	O	O
so	O	O
you	O	O
can	O	O
expect	O	O
the	O	O
freedom	O	O
to	O	O
prioritise	O	O
your	O	O

You	O	O
'	O	O
ll	O	O
be	O	O
encouraged	B	B
to	I	I
maintain	O	O
quality	O	O
and	O	O
be	O	I
pushed	O	I
past	O	I
your	O	O
own	O	O

You	O	O
'	O	O
ll	O	O
be	O	O
exposed	O	O
to	O	O
a	O	O
wide	O	O
range	O	O
of	O	O
tech	O	O
and	O	O
won	O	O
'	O	O
t	O	O
be	O	O
restricted	O	O
to	O	O
a	O	O

You	O	O
'	O	O
ll	O	B
be	O	I
working	O	I
alongside	O	I
frontend	O	O
developers	O	B
using	O	O
React	O	O
and	O	O
the	O	B
latest	O	O
JavaScript	O	O

You	O	O
'	O	O
ll	O	O
also	O	O
get	O	O
the	O	O
opportunity	B	O
to	I	O
work	I	B
with	I	I
AWS	O	O
infrastructure	O	O
and	O	O
get	O	O
to	O	O
grips	B	B
with	I	I
producing	I	I
cloud	I	I
native	O	O

Our	O	O
principles	O	O

We	O	O
hold	O	O
some	O	O
key	O	O
principles	O	O
that	O	O
guide	O	O
us	O	O
on	O	O
our	O	O
path	O	O
to	O	O
excellence.	O	O

We	O	O
believe	O	O
in	O	O
continuous	B	O
integration	I	O
and	O	O
automated	B	O
testing.	I	O

We	O	O
believe	O	O
in	O	O
domain	B	O
modelling	I	O
and	O	O
ubiquitous	B	O
language.	I	O

We	O	O
believe	O	O
in	O	O
logging	B	O
monitoring	O	O
and	O	O
that	O	O
if	O	O
you	O	O
build	O	O
it	O	O
you	O	O
run	O	O
it.	O	O

We	O	O
believe	O	O
in	O	O
serverless	B	O
containerisation	I	O
and	O	O
dev	B	O
/	I	O
prod	I	O
environment	O	O

We	O	O
believe	O	O
in	O	O
experimentation	B	O
continuous	O	O
improvement	O	O
and	O	O
learning	O	O
from	O	O
failure.	O	O

We	O	O
believe	O	O
in	O	O
#	O	O
noestimates	O	O
whiteboarding	O	O
and	O	O
great	O	O
coffee.	O	O

What	O	O
’	O	O
s	O	O

We	O	O
program	O	O
in	O	O
a	O	O
variety	O	O
of	O	O
languages	O	O
in	O	O
the	O	O
backend.	O	O

At	O	O
the	O	O
moment	O	O
it	O	O
’	B	B
s	B	B
C	O	O
#	B	B
F	O	O
#	O	O
and	O	O
TypeScript	O	O
depending	O	O
on	O	O
the	O	O
needs	O	O
of	O	O
the	O	O
project	O	O
but	O	O
you	O	O
don	O	O
’	O	O
t	O	O
need	O	O
to	O	O
know	O	O
or	O	O
use	O	O
all	O	O
of	O	O
those	O	O

We	O	O
’	O	O
re	O	O
doing	O	O
a	O	O
lot	O	O

using	O	O
the	O	O
serverless	B	B
framework	I	I

and	O	O

equally	O	O
are	O	O
effusive	O	O
about	O	O
functional	B	B
programming.	I	I

Generally	O	O
speaking	O	O
our	O	O
front	O	O
-	O	O
end	O	O
apps	O	O
are	O	O
written	O	O
in	O	O
variations	O	O
of	O	O

Our	O	O
workflow	O	O
is	O	O
entirely	O	O
command	O	O
line	O	O
driven.	O	O

Our	O	O
favourite	O	O
editor	O	O
is	O	O
Visual	O	O
Studio	O	O
Code	O	O
but	O	O
you	O	O
'	O	O
re	O	O
welcome	O	O
to	O	O
bring	O	O

We	O	O
like	O	O
to	O	O
experiment	O	O
with	O	O
test	O	O
frameworks	O	O
and	O	O
our	O	O
current	O	O
suite	O	O
includes	O	O
Cypress	B	O
Jest	B	O
Nunit	B	O
SpecFlow	B	O
Expecto	B	O
FsCheck	B	O
&	O	O
Canopy.	B	O

Our	O	O
build	O	O
pipeline	O	O
is	O	O
scripted	O	O
with	O	O
bash	O	O
and	O	O
executed	O	O
using	O	O
CircleCI.	O	O

We	O	O
take	O	O
advantage	O	O
of	O	O
cloud	O	O
services	O	O
provided	O	O
by	O	O
AWS	O	B
including	O	O
but	O	O
not	O	O
limited	O	O
to	O	O
functions	B	B
as	I	O
a	I	O
service	I	O
hosting	B	O
messaging	B	B
relational	B	B
and	I	I
non	I	I
-	I	I
relational	O	O

We	O	O
rely	O	O
on	O	O
Loggly	B	O
to	O	O
trace	O	O
application	O	O
behaviour	O	O
and	O	O
often	O	O
to	O	O
log	O	O
business	O	O
metrics.	O	O

Whilst	O	O
it	O	O
might	O	O
sound	O	O
like	O	O
we	O	O
have	O	O
all	O	O
bases	O	O
covered	O	O
we	O	O
'	O	O
ve	O	O
got	O	O
plenty	O	O
to	O	O
improve	O	O
upon	O	O
which	O	O
is	O	O
why	O	O
we	O	O
need	O	O

What	O	O
’	O	O
s	O	O

We	O	O
operate	O	O
in	O	O
small	O	O
cross	O	O
-	O	O
functional	O	O
teams	O	O
usually	O	O
comprising	O	O
engineers	O	O
designers	O	O
UX	O	O
people	O	O
and	O	O
a	O	O
product	O	O

We	O	O
loosely	O	O
follow	O	O
Agile	O	O
processes	O	O
with	O	O
boards	O	O
stand	O	O
-	O	O
ups	O	O
and	O	O
stories	O	O
etc.	O	O
however	O	O
we	O	O
tend	O	O
to	O	O
release	O	O
continually	O	O
as	O	O
opposed	O	O
to	O	O
in	O	O

We	O	O
follow	O	O
good	O	O
XP	O	O
practices	O	O
like	O	O
TDD	O	B
BDD	O	B
integration	O	B
testing	O	O
continuous	O	O
integration	O	I
and	O	O
so	O	O
on.	O	O

About	O	O
you	O	O

In	O	O
-	O	O
depth	O	O
knowledge	O	O
and	O	O
experience	B	B
of	B	B
C	O	O
#	B	B
F	O	O

You	O	O
’	O	O
re	B	B
a	I	I
problem	O	O
solver	B	B
who	I	O
'	I	I
s	I	I
curious	O	O

You	O	O
'	O	O
re	O	O
aligned	O	O
with	O	O
our	O	O
principles	O	O
and	O	O
interested	O	O
in	O	O
learning	O	O
more	B	B
about	I	I
functional	O	O

You	O	O
'	O	O
re	O	O
aware	O	O
of	B	B
the	I	I
12	I	O
-	O	O
Factor	O	O
App	O	O
approach	B	O
and	I	O

-	O	O
native	O	O
systems.	O	O

You	O	O
'	O	O
re	O	O
someone	B	B
who	I	I
takes	O	O
ownership	O	O
and	O	O
who	O	O
tries	B	B
to	I	I
learn	I	I
as	I	I
much	I	O
as	O	O

You	O	O
'	O	O
re	O	O
both	B	O
a	I	B
good	O	O
listener	B	O
and	I	O
able	I	B
to	I	I
explain	O	I
concepts	O	I
to	O	O

You	O	O
'	B	O
re	I	O
committed	I	B
to	I	I
improving	O	O

You	O	O
'	O	O
re	O	O
able	B	B
to	I	B
demonstrate	I	I
interest	I	I
in	I	O
technologies	I	O
that	I	O
are	I	O
beyond	I	O
the	I	O
scope	I	O
of	I	O
your	I	O
daily	O	O

You	O	O
'	B	O
re	O	O
lazy	B	O
you	I	O
don	I	B
'	I	I
t	I	I
like	O	O
boring	O	O
repetitive	O	O
tasks	O	O
and	B	B
you	I	I
like	I	I
to	I	I
outsource	I	I
your	I	I
labour	O	O

You	O	O
won	O	O
'	O	O
t	O	O
be	O	O
expected	O	O
to	O	O
have	O	O
deep	O	O
knowledge	O	O
of	O	O
our	O	O
stack	O	O
but	O	O
you	O	O
will	O	O
be	O	O
expected	O	O
to	O	O
help	O	O
us	O	O
make	O	O
forward	O	O
strides	B	O
by	I	O
applying	I	O
yourself	I	O
to	O	O

Above	O	O
all	O	O
you	O	O
’	O	O
re	B	B
a	O	O
pragmatist	O	O
who	O	O
’	O	B
s	O	I
willing	O	O
to	O	I
challenge	O	I
us	O	O
as	O	O

What	O	O
you	O	O
’	O	O

On	O	O
-	O	O
target	O	O
bonus	O	O
scheme	O	O
based	O	O
on	O	O
company	O	O
performance	O	O
:	O	O
we	O	O
all	O	O
work	O	O
together	O	O
to	O	O

25	O	O
days	O	O
of	O	O
annual	O	O
leave	O	O
(	O	O
plus	O	O
8	O	O
bank	O	O
holidays	O	O
and	O	O
the	O	O
option	O	O
to	O	O
purchase	O	O
an	O	O
extra	O	O
week	O	O
)	O	O
2	O	O
CEO	O	O
-	O	O
discretionary	O	O
days	O	O
off	O	O
at	O	O
Christmas	O	O
(	O	O
paid	O	O
)	O	O
2	O	O
days	O	O
off	O	O
per	O	O
year	O	O
(	O	O
paid	O	O
)	O	O
for	O	O

Access	O	O
to	O	O
healthy	O	O
training	O	O
budgets	O	O

2	O	O
annual	O	O
company	O	O
socials	O	O
plus	O	O
a	O	O
regular	O	O
social	O	O
calendar	O	O
throughout	O	O
the	O	O
year	O	O

Mental	O	O
health	O	O
and	O	O
wellbeing	O	O
perks	O	O
like	O	O
talking	O	O
therapies	O	O
with	O	O
Self	O	O
Space	O	O
monthly	O	O
mindfulness	O	O
and	O	O
fortnightly	O	O
yoga	O	O

Flexible	O	O
working	O	O
hours	O	O
with	O	O
regular	O	O
working	O	O
from	O	O
home	O	O
once	O	O
we	O	O
go	O	O
back	O	O
to	O	O
the	O	O
office	O	O

Vitality	O	O
Health	O	O
Insurance	O	O
and	O	O
reward	O	O
scheme	O	O
(	O	O
inc.	O	O

50	O	O
%	O	O
off	O	O
Virgin	O	O
Active	O	O
gyms	O	O
)	O	O
Perkbox	O	O
membership	O	O
wellbeing	O	O
budgets	O	O
and	O	O
Cycle	O	O
to	O	O

A	O	O
well	O	O
-	O	O
stocked	O	O
fridge	O	O
plus	O	O
free	O	O
fruit	O	O
biscuits	O	O
bagels	O	O
tea	O	O
coffee	O	O
squash	O	O

Beers	O	O
wine	O	O
music	O	O
and	O	O
table	O	O
tennis	O	O
on	O	O
Friday	O	O
afternoons	O	O

Football	O	O
badminton	O	O
and	O	O
video	O	O
games	O	O
at	O	O
lunchtimes	O	O

Highlights	O	O
on	O	O
<	O	O
ORGANIZATION	O	O

We	O	O
’	O	O
re	O	O
on	O	O
the	O	O
path	O	O
to	O	O
National	O	O
brand	O	O
recognition	O	O
having	O	O
been	O	O
chosen	O	O
by	O	O
over	O	O
3.	O	O
5	O	O
million	O	O

Winners	O	O
of	O	O
Best	O	O
Company	O	O
To	O	O
Work	O	O
For	O	O
at	O	O
2018	O	O
’	O	O
s	O	O
Credit	O	O
Awards	O	O
and	O	O
finalists	O	O

Winners	O	O
of	O	O
Best	O	O
Free	O	O
Credit	O	O
Report	O	O
Provider	O	O
at	O	O
the	O	O
2018	O	O
2019	O	O
and	O	O
2020	O	O
Moneynet	O	O
Personal	O	O
Finance	O	O
Awards	O	O

Holders	O	O
of	O	O
a	O	O
3	O	O
-	O	O
Star	O	O
Best	O	O
Companies	O	O
accreditation	O	O
for	O	O
‘	O	O
extraordinary	O	O
’	O	O

52nd	O	O
on	O	O
the	O	O
Sunday	O	O
Times	O	O
100	O	O
Best	O	O
Companies	O	O
2019	O	O
-	O	O

we	O	O
are	O	O
serious	O	O
about	O	O
becoming	O	O
the	O	O
best	O	O
place	O	O
to	O	O
work	O	O
and	O	O
this	O	O
is	O	O
a	O	O
great	O	O
beginning!	O	O

Redefining	O	O
how	O	O
lenders	O	O
help	O	O
meet	O	O
their	O	O
customers	O	O
’	O	O

Champions	O	O
of	O	O
diversity	O	O
—	O	O
of	O	O
both	O	O
people	O	O
and	O	O
ideas	O	O

Signatories	O	O
of	O	O
the	O	O
HM	O	O
Treasury	O	O
Women	O	O
in	O	O
Finance	O	O
Charter	O	O

Job	O	O
benefits	O	O

on	O	O
-	O	O

25	O	O
days	O	O
annual	O	O
leave	O	O
+	O	O
8	O	O
bank	O	O
holidays	O	O

2	O	O
CEO	O	O
holiday	O	O
days	O	O
at	O	O
Christmas	O	O

2	O	O
paid	O	O
days	O	O
per	O	O
year	O	O
for	O	O
volunteering	O	O

healthy	O	O
training	O	O
budgets	O	O
(	O	O
around	O	O
£800	O	O
per	O	O
person	O	O
)	O	O
a	O	O
regular	O	O
social	O	O
calendar	O	O
including	O	O
a	O	O
summer	O	O
day	O	O
out	O	O

flexible	O	O
working	O	O
hours	O	O
and	O	O
working	O	O
from	O	O
home	O	O

A	O	O
well	O	O
-	O	O
stocked	O	O
fridge	O	O
plus	O	O
free	O	O
fruit	O	O
biscuits	O	O
bagels	O	O

Beers	O	O
wine	O	O
music	O	O
and	O	O
table	O	O
tennis	O	O
on	O	O
Friday	O	O
afternoon	O	O

Vitality	O	O
health	O	O
insurance	O	O
and	O	O
rewards	O	O
scheme	O	O

Company	O	O
description	O	O

<	O	O
ORGANIZATION	O	O
>	O	O
puts	O	O
customers	O	O
in	O	O
control	O	O
of	O	O
their	O	O
data	O	O
and	O	O
empowers	O	O
them	O	O
to	O	O
make	O	O
better	O	O
financial	O	O

Using	O	O
consumer	O	O
and	O	O
market	O	O
data	O	O
we	O	O
can	O	O
better	O	O
match	O	O
customers	O	O
to	O	O
the	O	O
financial	O	O
products	O	O
that	O	O
work	O	O
for	O	O
them.	O	O

We	O	O
’	O	O
ve	O	O
built	O	O
an	O	O
industry	O	O
-	O	O
leading	O	O
suite	O	O
of	O	O
tools	O	O
to	O	O
explain	O	O
to	O	O
customers	O	O
why	O	O
they	O	O
got	O	O
their	O	O
credit	O	O
score	O	O
what	O	O
it	O	O
means	O	O
and	O	O
how	O	O

That	O	O
’	O	O
s	O	O
why	O	O
we	O	O
’	O	O
re	O	O
the	O	O
highest	O	O
rated	O	O
free	O	O
credit	O	O
report	O	O

We	O	O
'	O	O
re	O	O
always	O	O
on	O	O
the	O	O
look	O	O
out	O	O
for	O	O
talented	O	O
engineers	O	O
to	O	O
help	O	O
build	O	O
maintain	O	O
and	O	O
take	O	O
ownership	O	O
of	O	O
our	O	O
live	O	O
credit	O	O
score	O	O

We	O	O
operate	O	O
in	O	O
small	O	O
cross	O	O
-	O	O
functional	O	O
teams	O	O
which	O	O
are	O	O
usually	O	O
comprised	O	O
of	O	O
developers	O	O
designers	O	O
and	O	O
a	O	O
product	O	O

We	O	O
loosely	O	O
follow	O	O
Agile	O	O
processes	O	O
with	O	O
boards	O	O
stand	O	O
-	O	O
ups	O	O
and	O	O
stories	O	O
etc.	O	O
however	O	O
we	O	O
tend	O	O
to	O	O
release	O	O
continually	O	O
as	O	O
opposed	O	O
to	O	O
in	O	O

We	O	O
follow	O	O
good	O	O
XP	O	O
practices	O	O
like	O	O
TDD	O	B
BDD	O	B
integration	O	B
testing	O	O
continuous	O	O
integration	O	I
and	O	O
so	O	O
on.	O	O

At	O	O
<	O	O
ORGANIZATION	O	O
>	O	O
we	O	O
believe	O	O
in	O	O
sharing	O	O
the	O	O
credit	O	O
and	O	O
in	O	O
a	O	O
positive	O	O
bottom	O	O

We	O	O
encourage	O	O
fresh	O	O
ideas	O	O
continuous	O	O
testing	O	O
and	O	O
innovation.	O	O

We	O	O
trust	O	O
our	O	O
employees	O	O
to	O	O
work	O	O
autonomously	O	O
and	O	O
take	O	O
responsibility	O	O
in	O	O
a	O	O
supportive	O	O
collaborative	O	O
environment.	O	O

That	O	O
’	O	O
s	O	O
how	O	O
we	O	O
maintain	O	O
a	O	O
staff	O	O
engagement	O	O
level	O	O
that	O	O
puts	O	O
us	O	O
in	O	O
the	O	O
top	O	O
10	O	O
%	O	O

QA	O	O
Tester	O	O

<	O	O
ORGANIZATION	O	O
>	O	O
<	O	O
ORGANIZATION	O	O
>	O	O
<	O	O
ORGANIZATION	O	O
>	O	O
(	O	O
<	O	O

Date	O	O
posted	O	O
:	O	O

Likes	O	O
:	O	O
0	O	O
Dislikes	O	O
:	O	O
0	O	O

Salary	O	O
:	O	O

Job	O	O
type	O	O
:	O	O

Experience	O	O
level	O	O
:	O	O

Industry	O	O
:	O	O

Company	O	O
size	O	O
:	O	O

Company	O	O
type	O	O
:	O	O

Technologies	O	O

qa	B	O
testing	B	B
cypress	B	B
mocha.	B	B
js	B	B

Job	O	O
description	O	O

Location	O	O
options	O	O

Visa	O	O
sponsor	O	O

Job	O	O
type	O	O

Full	O	O

Experience	O	O
level	O	O

Mid	O	O

Role	O	O

QA	O	O
/	O	O

Technologies	O	O

qa	B	O
testing	B	B
cypress	B	B
mocha.	B	B
js	B	B

Job	O	O
description	O	O

Position	O	O
overview	O	O

Your	O	O
task	O	O
at	O	O
<	O	O
ORGANIZATION	O	O
>	O	O
will	O	O
be	B	B
to	I	I
introduce	I	I
and	I	I
implement	I	I
the	I	I
newest	I	I
standards	I	I
and	I	I
testing	O	O
solutions	O	O
/	O	O
automation	O	O
to	O	O

<	O	O
ORGANIZATION	O	O
>	O	O
has	O	O
a	O	O
deep	O	O
blockchain	O	O
tech	O	O
stack	O	O
and	O	O
complex	O	O
product	O	O
delivered	O	O
to	O	O
demanding	O	O
users	O	O
so	O	O
both	O	O
automatic	O	O
and	O	O
manual	O	O
/	O	O
exploratory	O	O
testing	O	O

As	O	O
a	O	O
QA	O	O
tester	O	O
you	O	O
will	O	O
be	O	O
involved	O	O
in	O	O
product	B	B
creation	I	I
at	O	O
every	O	O
step	O	O
to	O	O
make	O	O
it	O	O
testable.	O	O

you	O	O
will	O	O
build	B	B
and	I	I
provide	I	I
access	I	I
to	I	I
test	I	I
environments	I	I
and	I	I
new	I	I
features	I	I
for	O	O
our	O	O
employees	O	O
our	O	O
investors	O	O
and	O	O
users	O	O
serving	O	B
as	O	I
a	O	I
go	O	I
-	O	I
to	O	I
source	O	I
of	O	O
information	O	O
on	O	O
what	O	O
is	O	O
being	O	O

You	O	O

You	O	O
will	O	O
be	O	O
responsible	B	O
for	I	O
a	I	O
successful	I	O
product	I	O
launch	I	I
together	O	O
with	O	O
engineers	O	O
and	O	O
developers.	O	O

You	O	O
will	O	O
bring	B	B
expert	I	I
knowledge	I	I
to	O	O
future	O	O
QA	O	O
team	O	O
members.	O	O

You	O	O
will	O	O
define	B	B
testing	I	I
standards	I	I
and	I	I
strategies.	I	I

You	O	O
will	O	O
create	B	B
detailed	I	I
comprehensive	I	I
and	I	I
well	I	I
-	I	I
structured	I	I
test	I	I
plans	I	I
and	I	I
test	O	O

You	O	O
will	O	O
design	B	B
develop	I	I
and	I	I
execute	I	I
automatic	I	I
tests.	I	I

You	O	O
will	O	O
conduct	B	B
exploratory	I	I
/	I	I
manual	O	O

You	O	O
will	O	O
identify	B	B
record	I	I
document	I	I
thoroughly	I	I
and	I	O
track	I	B
bugs.	I	I

You	O	O
will	O	O
work	B	B
closely	I	I
with	I	I
the	I	I
product	I	I
team	I	O
to	O	O
make	B	B
new	I	I
features	I	I
testable	I	I
improve	B	B
tickets	I	I
and	O	O
update	B	B
product	I	I
information.	I	I

You	O	O
will	O	O
facilitate	B	B
test	I	I
environments	I	I
access	I	I
to	O	O
all	O	O
company	O	O
employees	O	O
and	O	O
external	O	O
focus	O	O
groups.	O	O

What	O	O
we	O	O
ask	O	O
for	O	O

Experience	O	O
in	O	O
quality	B	B
assurance	I	I
preferably	O	O
in	O	O
the	O	O
same	O	O
industry.	O	O

Strong	O	O
knowledge	O	O
of	O	O
software	B	B
QA	I	I
methodologies	I	I
tools	I	I
and	I	I
processes.	I	I

Hands	O	O
-	O	O
on	O	O
experience	B	B
with	I	I
automated	I	I
testing	O	O

(	O	O
Cypress	B	B
for	O	O
frontend	O	O
is	O	O
a	O	O
must	O	O
have	O	O
pytest	B	O
for	O	O
backend	O	O
and	O	O
truffle	B	O
for	O	O
Solidity	B	O
is	O	O
a	O	O
good	O	O
addition	O	O
).	O	O

Coding	O	B
/	O	O
scripting	O	O
and	B	B
basic	O	O
DevOps	O	O
skills	B	B
to	I	I
build	I	I
test	O	O
environments	O	O
(	O	O
we	B	B
use	B	O
CircleCI	O	O

Eagerness	O	O
to	O	O
work	B	B
in	I	I
an	I	I
agile	I	I
&	I	I
energetic	I	I
startup	I	I
environment.	I	I

Fluent	O	O
English.	B	B

What	O	O
we	O	O
offer	O	O

Competitive	O	O
compensation.	O	O

We	O	O
are	O	O
looking	O	O
for	O	O
professionals	O	O
with	O	O
relevant	O	O
experience.	O	O

Share	O	O
Success.	O	O

Through	O	O
our	O	O

Employee	O	O
Stock	O	O
Option	O	O
Plan	O	O

all	O	O
<	O	O
ORGANIZATION	O	O
>	O	O
become	O	O
shareholders	O	O
of	O	O
the	O	O

Relocation	O	O
Support.	O	O

We	O	O
sponsor	O	O
visas	O	O
and	O	O
offer	O	O
relocation	O	O
support.	O	O

We	O	O
will	O	O
help	O	O
you	O	O
get	O	O
to	O	O
<	O	O
LOCATION	O	O
>	O	O
and	O	O
get	O	O

Flexible	O	O
Working	O	O
Week.	O	O

Our	O	O
office	O	O
is	O	O
the	O	O
“	O	O
members	O	O

coworking	O	O
space	O	O

and	O	O
it	O	O
’	O	O
s	O	O
up	O	O
to	O	O
you	O	O
to	O	O
decide	O	O
when	O	O
you	O	O
want	O	O
to	O	O
work	O	O
from	O	O
home	O	O
and	O	O
when	O	O
you	O	O
come	O	O
to	O	O
the	O	O

Grow	O	O
with	O	O
<	O	O
ORGANIZATION	O	O

We	O	O
learn	O	O
together	O	O
in	O	O
our	O	O
team	O	O
workshops	O	O
team	O	O
buildings	O	O
conferences	O	O
educational	O	O
events	O	O
and	O	O

offsites	O	O

in	O	O
beautiful	O	O
locations.	O	O

Work	O	B
in	O	I
an	O	I
interdisciplinary	O	I
team	O	I

where	O	O
learning	O	O
from	O	O
one	O	O
another	O	O
and	O	O
developing	O	O
solutions	O	O
cross	O	O
-	O	O
functionally	O	O
is	O	O
a	O	O
key	O	O
part	O	O
of	O	O
our	O	O

Career	O	O
Coaching.	O	O

Develop	O	O
your	O	O
career	O	O
path	O	O
with	O	O
a	O	O
professional	O	O
career	O	O
coach	O	O
by	O	O
your	O	O
side.	O	O

Healthy	O	O
Food.	O	O

Team	O	O
breakfast	O	O
once	O	O
a	O	O
week	O	O
healthy	O	O
snacks	O	O
and	O	O
beverages	O	O
all	O	O
week	O	O
long.	O	O

Holiday	O	O
Season.	O	O

No	O	O
matter	O	O
what	O	O
your	O	O
plans	O	O
for	O	O
the	O	O
winter	O	O
holiday	O	O
season	O	O
our	O	O
shop	O	O
is	O	O
closed	O	O
between	O	O
December	O	O
and	O	O
January.	O	O

Get	O	O
in	O	O
touch!	O	O

Feel	O	O
free	O	O
to	O	O
send	O	O
us	O	O
questions	O	O
and	O	O
applications	O	O
at	O	O

jobs	O	O
<	O	O

Job	O	O
benefits	O	O
:	O	O

Company	O	O
description	O	O

<	O	O
ORGANIZATION	O	O
>	O	O
makes	O	O
investing	O	O
easy	O	O
transparent	O	O
and	O	O

Our	O	O
blockchain	O	O
-	O	O
enabled	O	O
platform	O	O
connects	O	O
innovative	O	O
companies	O	O
seeking	O	O
capital	O	O
with	O	O
thousands	O	O
of	O	O
progressive	O	O
investors	O	O
from	O	O
120	O	O
+	O	O
countries	O	O
across	O	O

We	O	O
believe	O	O
in	O	O
a	O	O
“	O	O
human	O	O
first	O	O
”	O	O
approach	O	O
and	O	O
are	O	O
on	O	O
a	O	O
mission	O	O
to	O	O
open	O	O
the	O	O
world	O	O
of	O	O
finance	O	O
to	O	O
everyone	O	O
create	O	O
a	O	O
flawless	O	O
user	O	O
experience	O	O
and	O	O
maintain	O	O
the	O	O
highest	O	O
security	O	O

Read	O	O
more	O	O
about	O	O
the	O	O
team	O	O
behind	O	O
<	O	O
ORGANIZATION	O	O
>	O	O
→	O	O
or	O	O
check	O	O
our	O	O
technology	O	O
stack	O	O

Quality	O	O
Engineer	O	O

<	O	O
ORGANIZATION	O	O

<	O	O
LOCATION	O	O
>	O	O
<	O	O
LOCATION	O	O

Date	O	O
posted	O	O
:	O	O

Likes	O	O
:	O	O
0	O	O
Dislikes	O	O
:	O	O
0	O	O

Salary	O	O
:	O	O

Job	O	O
type	O	O
:	O	O

Experience	O	O
level	O	O
:	O	O
Junior	O	O
Mid	O	O

Industry	O	O
:	B	B
Collaboration	I	I
Tools	B	B
Computer	I	I
Software	B	B

Company	O	O
size	O	O
:	O	O

Company	O	O
type	O	O
:	O	O

Technologies	O	O

testing	B	B
qa	B	B
automation	B	B
software	B	B
-	B	I

Job	O	O
description	O	O

Job	O	O
type	O	O

Full	O	O

Experience	O	O
level	O	O

Junior	O	O
Mid	O	O
-	O	O

Role	O	O

QA	O	O
/	O	O

Industry	O	O

Collaboration	B	B
Tools	I	I
Computer	B	B
Software	I	I
Open	B	B

Company	O	O
size	O	O

201	O	O
–	O	O

Company	O	O
type	O	O

VC	O	O
Funded	O	O

Technologies	O	O

testing	B	B
qa	B	B
automation	B	B
software	B	B
-	B	I

Job	O	O
description	O	O

Quality	O	O
Engineer	O	O

(	O	O
<	O	O
LOCATION	O	O
>	O	O
/	O	O

As	O	O
a	O	O
member	O	O
of	O	O
our	O	O
QA	O	O
team	O	O
you	O	O
will	O	O
have	O	O
the	O	O
unique	O	O
and	O	O
rewarded	O	O
opportunity	O	O
to	O	O
become	O	O
part	O	O
of	O	I
new	O	I
and	O	I
large	O	I
-	O	I
scale	O	O
projects	O	O
and	O	O
to	O	O
design	O	O
them	O	O
for	O	O
the	O	O
benefit	O	O
of	O	O
our	O	O

Our	O	O
QA	O	O
team	O	O
is	O	O
working	O	O
from	O	O
our	O	O
offices	O	O
in	O	O
<	O	O
LOCATION	O	O
>	O	O
or	O	O
<	O	O
LOCATION	O	O
>	O	O
but	O	O
you	O	O
can	O	O
also	O	O

The	O	O
job	O	O
in	O	O
bullet	O	O
points	O	O

Ensuring	B	B
high	I	I
quality	I	I
for	I	I
customer	I	I
-	I	I
specific	I	I

Analysis	B	B
and	I	I
risk	I	B
assessment	I	I
of	O	I
customer	O	I
requirements	O	I

Creation	B	B
maintenance	I	I
execution	I	I
and	I	I
documentation	I	I
of	I	I
(	I	I
automated	I	I
)	I	I
tests	I	I

Collaboration	B	B
in	I	I
project	I	I
teams	I	I
and	O	O
communication	B	B
with	I	I
technical	I	O
customer	I	I
departments	I	O

Active	B	O
support	I	O
of	I	O
our	I	O
development	I	O
and	I	O
operations	I	O
teams	I	O

Creation	B	B
analysis	I	I
and	I	I
processing	I	I
of	I	I
error	I	I
reports	I	I

Your	O	O
background	O	O

Study	O	O
of	O	O
computer	B	B
science	I	I
or	O	O
comparable	O	O
professional	O	O
training	O	O
and	O	O
experience	O	O

Experience	O	O
with	O	O
agile	B	B
approaches	I	O
to	I	O
software	I	B
testing	I	I
and	I	I
development	I	I

Knowledge	O	O
of	O	O
tools	B	B
procedures	I	I
and	I	I
programming	I	I
languages	I	I
for	I	I
test	I	B
automation	I	I
is	O	O
required.	O	O

The	O	O
same	O	O
applies	O	O
to	O	O
your	O	O
willingness	O	O
to	O	O
familiarize	B	B
yourself	I	I
with	I	I
new	I	I
technologies	I	I
and	O	O
to	O	O
contribute	B	O
innovations	I	O

Experienced	O	O
handling	B	O
and	I	O
understanding	I	O
of	I	O
web	I	B
-	I	I
based	I	B

A	O	O
good	B	O
eye	I	B
for	I	I
details	I	I
user	I	B
expectations	I	I
and	I	O
potential	I	O
sources	I	O
of	I	O
error	I	O

Structured	B	B
and	I	O
result	I	B
-	I	O
oriented	I	O
way	I	O
of	O	O
working	O	O
as	O	O
well	B	O
as	I	O
willingness	I	B
to	B	B
learn	I	I
joy	I	I
of	O	O
communication	B	B
and	I	I

Team	B	B
skills	I	I
social	B	B
competence	I	I
and	O	O
a	O	O
solid	O	O
knowledge	O	O
of	O	O
German	B	B
and	O	O
English	B	B
both	O	O
spoken	O	O
and	O	O
written	O	O
are	O	O
a	O	O
must	O	O

Our	O	O
offer	O	O
to	O	O
you	O	O

Working	O	B
on	O	I
a	O	I
modern	O	I
cloud	O	I
software	O	I
in	O	O
an	O	O
international	O	O
team	O	O

Wide	O	O
scope	O	O
to	O	O
develop	O	O
your	O	O
own	O	I
ideas	O	I
and	O	I
projects	O	O

Flexible	O	O
working	O	O
hours	O	O
and	O	O
the	O	O
ability	O	O
to	O	O
work	O	O
from	O	O
home	O	O

The	O	O
most	O	O
current	O	O
and	O	O
jazzy	O	O
equipment	O	O

A	O	O
culture	O	O
of	O	O
open	O	O
and	O	O
frequent	O	O
feedback	O	O

Hackathons	O	O
Workshops	O	O
and	O	O
Team	O	O
events	O	O

Continuous	O	O
personal	O	O
development	O	O
&	O	O
training	O	O

Language	O	O
courses	O	O
(	O	O
e.	O	O
g.	O	O

German	O	O
English	O	O
)	O	O
Company	O	O
sports	O	O
-	O	O
entry	O	O
to	O	O
various	O	O
gyms	O	O
and	O	O
swimming	O	O
pools	O	O

A	O	O
company	O	O
pension	O	O
scheme	O	O

Flat	O	O
hierarchies	O	O
combined	O	O
with	O	O
an	O	O
Open	O	O
Door	O	O
policy	O	O

Who	O	O
we	O	O
are	O	O

We	O	O
are	O	O
a	O	O
hidden	O	O
champion.	O	O

When	O	O
it	O	O
comes	O	O
to	O	O
open	O	B
source	O	I
communication	O	O
office	O	B
productivity	O	O
and	O	O
DNS	O	B
-	O	O
based	O	O
security	O	O
software	O	O
and	O	O
services	O	O
we	O	O
are	O	O
one	O	O
of	O	O
the	O	O
leading	O	O
players	O	O
out	O	O

Our	O	O
250	O	O
+	O	O
employees	O	O
around	O	O
the	O	O
globe	O	O
are	O	O
the	O	O
reason	O	O
why	O	O
our	O	O
key	O	O
products	O	O
–	O	O
the	O	O
OX	O	O
App	O	O
Suite	O	O
Dovecot	O	O
and	O	O
PowerDNS	O	O
–	O	O
are	O	O
used	O	O
by	O	O
more	O	O
than	O	O
200	O	O
million	O	O
people	O	O
for	O	O
their	O	O
private	O	O
and	O	O
business	O	O
communications	O	O
via	O	O
partners	O	O
such	O	O
as	O	O
<	O	O
ORGANIZATION	O	O
>	O	O
<	O	O
ORGANIZATION	O	O
>	O	O
<	O	O
ORGANIZATION	O	O

For	O	O
further	O	O
questions	O	O
please	O	O
contact	O	O
<	O	O
NAME	O	O
>	O	O

recruiting	O	O
<	O	O

.	O	O

Job	O	O
benefits	O	O

Homeoffice	O	O

Flat	O	O
hierarchies	O	O

Flexible	O	O
working	O	O
times	O	O

Top	O	O
notch	O	O
equipment	O	O

Work	O	O

Culture	O	O

Company	O	O
Pension	O	O

Company	O	O
Health	O	O
Management	O	O

Company	O	O
description	O	O

<	O	O

Software	O	O
Engineer	O	O
-	O	O
Service	O	O
Desk	O	O
UI	O	O

<	O	O
ORGANIZATION	O	O
>	O	O
<	O	O
ORGANIZATION	O	O

<	O	O
ADDRESS	O	O
>	O	O
<	O	O
ADDRESS	O	O

Date	O	O
posted	O	O
:	O	O

Likes	O	O
:	O	O
0	O	O
Dislikes	O	O
:	O	O
0	O	O

Salary	O	O
:	O	O

Job	O	O
type	O	O
:	O	O

Experience	O	O
level	O	O
:	O	O

Industry	O	O
:	B	B
Financial	I	I

Company	O	O
size	O	O
:	O	O

Company	O	O
type	O	O
:	O	O

Technologies	O	O

Job	O	O
description	O	O

Job	O	O
type	O	O

Full	O	O

Industry	O	O

Financial	B	B
Services	I	I

Company	O	O
size	O	O

10k	O	O
+	O	O

Company	O	O
type	O	O

Public	O	O

Job	O	O
description	O	O

As	O	O
an	O	O
experienced	O	O
member	O	O
of	O	O
our	O	O
Software	O	O
Engineering	O	O
Group	O	O
we	O	O
look	O	O
first	O	O
and	O	O
foremost	O	O
for	O	O
people	O	O
who	O	O
are	O	O
passionate	O	O
around	O	O
solving	B	B
business	I	I
problems	I	I
through	O	I
innovation	B	I
and	I	I
engineering	I	I
practices.	I	I

You	O	O
'	O	O
ll	O	O
be	O	O
required	B	B
to	I	I
apply	I	I
your	I	I
depth	I	I
of	I	I
knowledge	I	I
and	O	O
expertise	O	O
to	O	O
all	O	O
aspects	O	O
of	O	O
the	O	O
software	O	O
development	O	O
lifecycle	O	O
as	O	O
well	B	B
as	I	I
partner	I	I
continuously	I	I
with	I	I
your	I	I
many	O	O
stakeholders	O	O
on	O	O
a	O	O
daily	O	O
basis	B	O
to	I	O
stay	I	O
focused	I	O
on	I	O
common	O	O

We	O	O
embrace	O	O
a	O	O
culture	O	O
of	O	O
experimentation	O	O
and	O	O
constantly	O	O
strive	O	O
for	O	O
improvement	O	O
and	O	O
learning.	O	O

You	O	O
'	O	O
ll	O	O
work	O	O
in	O	O
a	O	O
collaborative	O	O
trusting	O	O
thought	O	O
-	O	O
provoking	O	O
environment	O	O
-	O	O
one	O	O
that	O	O
encourages	O	O
diversity	O	O
of	O	O
thought	O	O
and	O	O
creative	O	O
solutions	O	O
that	O	O
are	O	O
in	O	O
the	O	O
best	O	O

This	O	O
role	O	O
requires	O	O
a	O	O
wide	O	O
variety	O	O
of	O	O
strengths	O	O
and	O	O
capabilities	O	O
including	O	O

*	O	O
BS	B	B
/	I	I
BA	O	O
degree	O	O
or	O	O

*	O	O
Expertise	O	O
in	O	O
application	B	B
data	B	I
and	O	I
infrastructure	B	I
architecture	I	I
disciplines	I	O

*	O	O
Advanced	O	O
knowledge	O	O
of	O	O
architecture	B	B
and	I	I
design	I	I
across	O	I
all	O	I
systems	O	I

*	O	O
Proficiency	O	O
in	O	O
multiple	O	O
modern	O	B
programming	B	I
languages	I	I

*	O	O
Knowledge	O	O
of	O	O
industry	B	B
-	I	I
wide	I	I
technology	I	I
trends	I	I
and	I	I

*	O	O
Keen	O	O
understanding	O	O
of	O	O
financial	B	B
control	I	I
and	O	O
budget	B	B
management	I	I

*	O	O
Ability	O	O
to	O	O
work	B	B
in	I	I
large	I	I
collaborative	I	I
teams	I	I
to	O	O
achieve	B	O
organizational	I	O
goals	I	O

*	O	O

Passionate	O	O
about	O	O
building	B	B
an	I	I
innovative	I	I
culture	I	I

<	O	O
ORGANIZATION	O	O

<	O	O
ORGANIZATION	O	O
>	O	O
is	O	O
a	O	O
global	O	O
leader	O	O
in	O	O
financial	O	O
services	O	O
providing	O	O
strategic	O	O
advice	O	O
and	O	O
products	O	O
to	O	O
the	O	O
world	O	O
'	O	O
s	O	O
most	O	O
prominent	O	O
corporations	O	O
governments	O	O
wealthy	O	O
individuals	O	O

Our	O	O
first	O	O
-	O	O
class	O	O
business	O	O
in	O	O
a	O	O
first	O	O
-	O	O
class	O	O
way	O	O
approach	O	O
to	O	O
serving	O	O
clients	O	O
drives	O	O

We	O	O
strive	O	O
to	O	O
build	O	O
trusted	O	O
long	O	O
-	O	O
term	O	O
partnerships	O	O
to	O	O
help	O	O
our	O	O
clients	O	O
achieve	O	O
their	O	O
business	O	O

We	O	O
recognize	O	O
that	O	O
our	O	O
people	O	O
are	O	O
our	O	O
strength	O	O
and	O	O
the	O	O
diverse	O	O
talents	O	O
they	O	O
bring	O	O
to	O	O
our	O	O
global	O	O
workforce	O	O
are	O	O
directly	O	O
linked	O	O
to	O	O
our	O	O
success.	O	O

We	O	O
are	O	O
an	O	O
equal	O	O
opportunity	O	O
employer	O	O
and	O	O
place	O	O
a	O	O
high	O	O
value	O	O
on	O	O
diversity	O	O
and	O	O
inclusion	O	O
at	O	O
our	O	O
company.	O	O

We	O	O
do	O	O
not	O	O
discriminate	O	O
on	O	O
the	O	O
basis	O	O
of	O	O
any	O	O
protected	O	O
attribute	O	O
including	O	O
race	O	O
religion	O	O
color	O	O
national	O	O
origin	O	O
gender	O	O
sexual	O	O
orientation	O	O
gender	O	O
identity	O	O
gender	O	O
expression	O	O
age	O	O
marital	O	O
or	O	O
veteran	O	O
status	O	O
pregnancy	O	O
or	O	O
disability	O	O
or	O	O
any	O	O
other	O	O
basis	O	O
protected	O	O
under	O	O
applicable	O	O
law.	O	O

In	O	O
accordance	O	O
with	O	O
applicable	O	O
law	O	O
we	O	O
make	O	O
reasonable	O	O
accommodations	O	O
for	O	O
applicants	O	O
'	O	O
and	O	O
employees	O	O
'	O	O
religious	O	O
practices	O	O
and	O	O
beliefs	O	O
as	O	O
well	O	O
as	O	O
any	O	O
mental	O	O
health	O	O
or	O	O
physical	O	O
disability	O	O

Job	O	O
benefits	O	O

Healthcare	O	O
and	O	O
Insurance	O	O
Plans	O	O

Wellness	O	O
Programs	O	O

Maternity	O	O
and	O	O
Paternity	O	O
Leave	O	O
Adoption	O	O
Assistance	O	O

Retirement	O	O
Savings	O	O
Programs	O	O

Paid	O	O
Time	O	O
Off	O	O

Tuition	O	O
Assistance	O	O

Access	O	O
to	O	O
Arts	O	O
and	O	O
Entertainment	O	O
Program	O	O

Stock	O	O
Purchase	O	O
Plan	O	O

Charitable	O	O
Contribution	O	O
Matching	O	O

Learning	O	O
&	O	O
Development	O	O
Resources	O	O

Company	O	O
description	O	O

<	O	O

Software	O	O
Engineer	O	O
-	O	O
Performance	O	O
Technology	O	O

<	O	O
ORGANIZATION	O	O
>	O	O
<	O	O
ORGANIZATION	O	O

<	O	O
ADDRESS	O	O
>	O	O
<	O	O
ADDRESS	O	O

Date	O	O
posted	O	O
:	O	O

Likes	O	O
:	O	O
0	O	O
Dislikes	O	O
:	O	O
0	O	O

Salary	O	O
:	O	O

Job	O	O
type	O	O
:	O	O

Experience	O	O
level	O	O
:	O	O

Industry	O	O
:	O	O

Company	O	O
size	O	O
:	O	O

Company	O	O
type	O	O
:	O	O

Technologies	O	O

r	B	B
java	B	B
nosql	B	B

Job	O	O
description	O	O

Job	O	O
type	O	O

Full	O	O

Role	O	O

Data	O	O
Scientist	O	O

Technologies	O	O

r	B	B
java	B	B
nosql	B	B

Job	O	O
description	O	O

Performance	O	O
Software	O	O
Engineer	O	O

As	O	O
an	O	O
experienced	O	O
member	O	O
of	O	O
our	O	O
Software	O	O
Engineering	O	O
Group	O	O
we	O	O
look	O	O
first	O	O
and	O	O
foremost	O	O
for	O	O
people	O	O
who	O	O
are	O	O
passionate	O	O
around	O	O
solving	B	B
business	I	I
problems	I	I
through	O	I
innovation	B	I
&	I	I
engineering	I	I
practices.	I	I

You	O	O
will	O	O
be	O	O
required	O	O
to	O	O
apply	B	B
your	I	I
depth	I	I
of	I	I
knowledge	I	I
and	I	I
expertise	I	I
to	O	O
all	O	O
aspects	O	O
of	O	O
the	O	O
software	O	B
development	O	I
lifecycle	O	I
as	O	O
well	O	O
as	O	O
partner	B	B
continuously	I	I
with	I	I
your	I	I
many	I	I
stakeholders	I	I
on	O	O
a	O	O
daily	O	O
basis	O	O
to	O	O
stay	O	O
focused	B	O
on	I	O
common	I	O
goals.	I	O

We	O	O
embrace	O	O
a	O	O
culture	O	O
of	O	O
experimentation	O	O
and	O	O
constantly	O	O
strive	O	O
for	O	O
improvement	O	O
and	O	O
learning.	O	O

You	O	O
'	O	O
ll	O	O
work	O	O
in	O	O
a	O	O
collaborative	O	O
trusting	O	O
thought	O	O
-	O	O
provoking	O	O
environment	O	O
-	O	O
one	O	O
that	O	O
encourages	O	O
diversity	O	O
of	O	O
thought	O	O
and	O	O
creative	O	O
solutions	O	O
that	O	O
are	O	O
in	O	O
the	O	O

The	O	O
Wealth	O	O
Management	O	O
Technology	O	O
group	O	O
is	O	O
seeking	O	O
an	O	O
energetic	B	B
intelligent	B	B
self	B	B
-	O	O
starter	O	O
in	O	O
a	O	O
developer	O	O
/	O	O
technology	O	O
lead	O	O
role	O	O
to	O	O
join	O	O
the	O	O
Portfolio	O	O
Performance	O	O
Measurement	O	O
and	O	O
Client	O	O
reporting	O	O
technology	O	O

This	O	O
candidate	O	O
will	O	O
be	O	O
a	O	O
software	O	O
engineer	O	O
for	O	O
the	O	O
implementation	O	B
and	O	O
support	O	O
of	O	O
a	O	O
new	O	O
global	O	O
strategic	O	O
performance	O	O
platform.	O	O

•	O	O
Working	O	O
on	O	O
cutting	O	O
edge	O	O
technologies	O	O
including	O	O
JAVA	B	B
frameworks	O	I
REST	B	B
/	I	I
Web	B	B
services	B	B
R	B	B
Pentaho	O	O
Oracle	B	B
and	O	O
noSQL	O	O
in	B	B
an	O	O

•	O	O
A	O	O
scalable	O	O
global	O	O
application	O	O
deployment	O	I
solution	O	O

•	O	O
Sophisticated	O	B
application	B	B
process	I	I
management	I	I
and	O	I
monitoring	B	I
platforms	I	I

•	O	O
Streamlining	B	B
integration	I	I
across	O	I
issue	B	B
tracking	I	I
version	O	B
control	O	I
deployment	B	B
and	O	O
change	B	B
management	I	I
technologies	O	I

•	O	O
Full	O	B
development	O	I
lifecycle	O	I
from	O	O
designing	O	B
to	O	O
production	O	B
bug	O	B
fixing	O	I
enhancements	O	B
and	O	O
refactoring	O	B

•	O	O
Communicate	B	B
advanced	I	I
technical	I	I
design	I	I
and	I	I
solutions	I	I
to	O	I
a	O	I
technical	O	O
and	O	I
non	O	O
-	O	I

•	O	O
Work	B	B
collaboratively	I	I
in	I	I
teams	I	I
and	O	O
develop	B	B
meaningful	I	I
relationships	I	I
to	O	O
achieve	B	O
common	I	O
goals	I	O

This	O	O
role	O	O
requires	O	O
a	O	O
wide	O	O
variety	O	O
of	O	O
strengths	O	O
and	O	O
capabilities	O	O
including	O	O

*	O	O
Expertise	O	O
in	O	O
application	B	B
data	I	I
and	I	I
infrastructure	I	I
architecture	I	I
&	I	I
design	I	I
disciplines	I	O

*	O	O
Ability	O	O
to	O	O
analyse	B	B
requirements	I	I
and	O	O
interact	B	B
directly	I	I
with	I	I
business	I	I
users	I	I

*	O	O
Awareness	O	O
of	O	O
cloud	B	B
micro	I	I
-	I	I
service	I	I
and	I	I
container	I	I

*	O	O
Testing	B	B
CI	B	B
&	O	I
Behaviour	B	I
Driven	I	I
Development	I	I
Skills	I	O

*	O	O
Ability	O	O
to	O	O
work	B	B
in	I	I
large	I	I
collaborative	I	I
teams	I	I
to	O	O
achieve	B	O
organizational	I	O
goals	I	O
and	O	O
passionate	O	O
about	O	O
building	B	B
an	I	I
innovative	I	I
culture	I	I

*	O	O

Proficiency	O	O
in	O	O
multiple	O	O
modern	O	B
programming	O	I
languages	O	O
Java	B	B
R	B	B

*	O	O
Experience	O	O
of	O	O
Databases	B	B
and	O	I
ETL	B	I
tools	I	I

*	O	O
Knowledge	O	O
of	O	O
R	B	B
or	O	O
Python	B	B
with	O	O
machine	B	B
learning	I	I
&	O	O
Data	B	B
Tables	I	I
is	O	O
a	O	O
big	O	O
plus	O	O

*	O	O
Knowledge	O	O
of	O	O
messaging	O	B
brokers	O	I
such	O	O
as	O	O
Qpid	B	B

*	O	O
Knowledge	O	O
of	O	O
Big	B	B
Data	O	I
/	O	O
NoSql	O	O
solutions	O	O

*	O	O
Knowledge	O	O
of	O	O
financial	B	B
performance	I	I
calculations	I	I
including	O	O
calculating	B	B
benchmark	I	I
blends	I	I

Our	O	O

Asset	O	O
and	O	O
Wealth	O	O
Management	O	O
division	O	O
is	O	O
driven	O	O
by	O	O
innovators	O	O
like	O	O
you	O	O
who	O	O
are	O	O
driven	O	O
to	O	O
create	O	O
technology	O	O
solutions	O	O
that	O	O
make	O	O
us	O	O
work	O	O
more	O	O
efficiently	O	O
and	O	O
help	O	O
our	O	O
businesses	O	O
grow.	O	O

It	O	O
'	O	O
s	O	O
our	O	O
mission	O	O
to	O	O
efficiently	O	O
take	O	O
care	O	O
of	O	O
our	O	O
clients	O	O
'	O	O
wealth	O	O
helping	O	O
them	O	O
get	O	O
and	O	O
remain	O	O

Across	O	O
27	O	O
cities	O	O
our	O	O
team	O	O
of	O	O
4,	O	O
600	O	O
agile	O	O
technologists	O	O
thrive	O	O
in	O	O
a	O	O
cloud	O	O
-	O	O
native	O	O
environment	O	O
that	O	O
values	O	O
continuous	O	O
learning	O	O
using	O	O
a	O	O
data	O	O
-	O	O
centric	O	O
approach	O	O
in	O	O

When	O	O
you	O	O
work	O	O
at	O	O
<	O	O
ORGANIZATION	O	O
>	O	O
<	O	O
ORGANIZATION	O	O

you	O	O
'	O	O
re	O	O
not	O	O
just	O	O
working	O	O
at	O	O
a	O	O
global	O	O
financial	O	O

You	O	O
'	O	O
re	O	O
an	O	O
integral	O	O
part	O	O
of	O	O
one	O	O
of	O	O
the	O	O
world	O	O
'	O	O
s	O	O

In	O	O
14	O	O
technology	O	O
hubs	O	O
worldwide	O	O
our	O	O
team	O	O
of	O	O
40,	O	O
000	O	O
+	O	O
technologists	O	O
design	O	O
build	O	O
and	O	O
deploy	O	O
everything	O	O
from	O	O
enterprise	O	O
technology	O	O
initiatives	O	O
to	O	O
big	O	O
data	O	O
and	O	O
mobile	O	O
solutions	O	O
as	O	O
well	O	O
as	O	O
innovations	O	O
in	O	O
electronic	O	O
payments	O	O
cybersecurity	O	O
machine	O	O
learning	O	O
and	O	O
cloud	O	O

Our	O	O
9.	O	O
58B	O	O
+	O	O
annual	O	O
investment	O	O
in	O	O
technology	O	O
enables	O	O
us	O	O
to	O	O
hire	O	O
people	O	O
to	O	O
create	O	O
innovative	O	O
solutions	O	O
that	O	O
will	O	O
not	O	O
only	O	O
transform	O	O
the	O	O
financial	O	O
services	O	O
industry	O	O
but	O	O
also	O	O
change	O	O
the	O	O

At	O	O
<	O	O
ORGANIZATION	O	O
>	O	O
<	O	O
ORGANIZATION	O	O
>	O	O

we	O	O
value	O	O
the	O	O
unique	O	O
skills	O	O
of	O	O
every	O	O
employee	O	O
and	O	O
we	O	O
'	O	O
re	O	O
building	O	O
a	O	O
technology	O	O
organization	O	O
that	O	O
thrives	O	O
on	O	O

We	O	O
encourage	O	O
professional	O	O
growth	O	O
and	O	O
career	O	O
development	O	O
and	O	O
offer	O	O
competitive	O	O
benefits	O	O
and	O	O
compensation.	O	O

If	O	O
you	O	O
'	O	O
re	O	O
looking	O	O
to	O	O
build	O	O
your	O	O
career	O	O
as	O	O
part	O	O
of	O	O
a	O	O
global	O	O
technology	O	O
team	O	O
tackling	O	O
big	O	O
challenges	O	O
that	O	O
impact	O	O
the	O	O
lives	O	O
of	O	O
people	O	O
and	O	O
companies	O	O
all	O	O
around	O	O
the	O	O
world	O	O
we	O	O
want	O	O
to	O	O
meet	O	O

<	O	O
ORGANIZATION	O	O

<	O	O
ORGANIZATION	O	O
>	O	O
is	O	O
a	O	O
global	O	O
leader	O	O
in	O	O
financial	O	O
services	O	O
providing	O	O
strategic	O	O
advice	O	O
and	O	O
products	O	O
to	O	O
the	O	O
world	O	O
'	O	O
s	O	O
most	O	O
prominent	O	O
corporations	O	O
governments	O	O
wealthy	O	O
individuals	O	O

Our	O	O
first	O	O
-	O	O
class	O	O
business	O	O
in	O	O
a	O	O
first	O	O
-	O	O
class	O	O
way	O	O
approach	O	O
to	O	O
serving	O	O
clients	O	O
drives	O	O

We	O	O
strive	O	O
to	O	O
build	O	O
trusted	O	O
long	O	O
-	O	O
term	O	O
partnerships	O	O
to	O	O
help	O	O
our	O	O
clients	O	O
achieve	O	O
their	O	O
business	O	O

We	O	O
recognize	O	O
that	O	O
our	O	O
people	O	O
are	O	O
our	O	O
strength	O	O
and	O	O
the	O	O
diverse	O	O
talents	O	O
they	O	O
bring	O	O
to	O	O
our	O	O
global	O	O
workforce	O	O
are	O	O
directly	O	O
linked	O	O
to	O	O
our	O	O
success.	O	O

We	O	O
are	O	O
an	O	O
equal	O	O
opportunity	O	O
employer	O	O
and	O	O
place	O	O
a	O	O
high	O	O
value	O	O
on	O	O
diversity	O	O
and	O	O
inclusion	O	O
at	O	O
our	O	O
company.	O	O

We	O	O
do	O	O
not	O	O
discriminate	O	O
on	O	O
the	O	O
basis	O	O
of	O	O
any	O	O
protected	O	O
attribute	O	O
including	O	O
race	O	O
religion	O	O
color	O	O
national	O	O
origin	O	O
gender	O	O
sexual	O	O
orientation	O	O
gender	O	O
identity	O	O
gender	O	O
expression	O	O
age	O	O
marital	O	O
or	O	O
veteran	O	O
status	O	O
pregnancy	O	O
or	O	O
disability	O	O
or	O	O
any	O	O
other	O	O
basis	O	O
protected	O	O
under	O	O
applicable	O	O
law.	O	O

In	O	O
accordance	O	O
with	O	O
applicable	O	O
law	O	O
we	O	O
make	O	O
reasonable	O	O
accommodations	O	O
for	O	O
applicants	O	O
'	O	O
and	O	O
employees	O	O
'	O	O
religious	O	O
practices	O	O
and	O	O
beliefs	O	O
as	O	O
well	O	O
as	O	O
any	O	O
mental	O	O
health	O	O
or	O	O
physical	O	O
disability	O	O

Job	O	O
benefits	O	O
:	O	O

Company	O	O
description	O	O

<	O	O

Unity	O	O
Gameplay	O	O
Programmer	O	O

<	O	O
ORGANIZATION	O	O

<	O	O
LOCATION	O	O
>	O	O
<	O	O
LOCATION	O	O
>	O	O

Date	O	O
posted	O	O
:	O	O

Likes	O	O
:	O	O
0	O	O
Dislikes	O	O
:	O	O
0	O	O

Salary	O	O
:	O	O
420000	O	O
-	O	O
540000	O	O
DKK	O	O

Job	O	O
type	O	O
:	O	O

Experience	O	O
level	O	O
:	O	O

Industry	O	O
:	B	B
Entertainment	B	B
Gaming	B	B
Mobile	I	I

Company	O	O
size	O	O
:	O	O

Company	O	O
type	O	O
:	O	O

Technologies	O	O

unity3d	B	B
c	B	B
#	B	I

Job	O	O
description	O	O

Compensation	O	O

DKK	O	O
420k	O	O
-	O	O
540k	O	O

Location	O	O
options	O	O

Visa	O	O
sponsor	O	O
Paid	O	O
relocation	O	O

Job	O	O
type	O	O

Full	O	O

Experience	O	O
level	O	O

Mid	O	O

Role	O	O

Designer	O	O
Graphics	O	O
/	O	O

Industry	O	O

Entertainment	B	B
Gaming	B	B
Mobile	B	B
Game	I	B

Company	O	O
size	O	O

51	O	O
–	O	O

Company	O	O
type	O	O

Private	O	O

Technologies	O	O

unity3d	B	B
c	B	B
#	B	I

Job	O	O
description	O	O

Are	O	O
you	O	O
a	O	O
passionate	O	B
game	O	O
developer	O	O
with	O	O
a	O	O
flair	B	O
for	I	O
gameplay	I	B
and	O	O
a	O	O
good	O	O
aesthetic	B	B
know	I	O

Then	O	O
keep	O	O
reading	O	O
as	O	O
this	O	O
position	O	O
could	O	O
be	O	O
the	O	O
perfect	O	O
fit	O	O
for	O	O
you!	O	O

We	O	O
are	O	O
looking	O	O
for	O	O
a	O	O
Unity	O	O
Gameplay	O	O
Programmer	O	O
to	O	O
join	O	O
our	O	O
team	O	O
of	O	O
gameplay	O	O
-	O	O
focused	O	B
and	O	O
technically	O	O

As	O	O
a	O	O
part	O	O
of	O	O
the	O	O
Games	O	O
Team	O	O
you	O	O
will	O	O
have	O	O
the	O	O
opportunity	O	O
to	O	O
work	B	B
closely	I	I
with	I	I
other	I	I
programmers	I	I
designers	I	I
and	I	I
artists	I	I
to	O	O
develop	O	B
new	O	I
features	O	I
for	O	O
two	O	O
of	O	O
our	O	O
biggest	O	O
and	O	O
most	O	O
popular	O	O
games	O	O
Lily	O	O
'	O	O
s	O	O

You	O	O
will	O	O
be	O	O
responsible	O	O
for	O	O
a	O	O
wide	O	O
range	O	O
of	O	O
tasks	O	O
related	O	O
to	O	O
implementing	B	B
and	I	I
maintaining	I	I
various	I	I
platforms	I	I
and	I	I
systems.	I	I

Our	O	O
games	O	O
are	O	O
developed	O	O
using	O	O
Unity	B	B
so	O	O
we	O	O
expect	O	O
all	O	O
our	O	O
programmers	O	O
to	O	O
have	O	O
solid	O	O
knowledge	O	O
of	O	O
mobile	B	B
game	I	I
development	I	I
in	O	O
Unity3D	B	B
and	O	O
C	B	B
#.	O	O

In	O	O
your	O	O
day	O	O
-	O	O
to	O	O
-	O	O
day	O	O
work	O	O
you	B	B
will	O	O
be	B	B
using	I	I
Unity	I	I
to	I	I
implement	O	O
new	O	O
game	O	B
features	O	I
such	O	O
as	O	B
end	O	I
-	O	O
of	O	B
-	O	O
content	O	O
features	O	O
the	O	O
family	O	O
system	B	O
and	I	I
tournaments	I	I
and	I	O
will	I	O
be	I	O
responsible	I	O
for	O	O
making	O	O
the	O	O
designs	O	O
look	O	O

We	O	O
are	O	O
proud	O	O
of	O	O
being	O	O
a	O	O
lean	O	O
organization	O	O
and	O	O
we	O	O
always	O	O
give	O	O
out	O	O
a	O	O
lot	O	O
of	O	O
responsibility	O	O
to	O	O
our	O	O
employees.	O	O

It	O	O
is	O	O
therefore	O	O
important	O	O
to	O	O
us	O	O
that	O	O
you	O	O
are	O	O
not	O	O
only	O	O
very	O	O
self	B	B
-	O	O
driven	B	B
and	O	O
open	O	O
-	O	O
minded	O	O
but	O	O
that	B	O
you	I	O
are	I	O
also	I	O
not	I	B
afraid	O	O
to	O	O
be	O	O
critical	O	B
(	O	O
in	O	O
a	O	O
constructive	O	O
way	O	O
of	O	O
course	B	B
)	I	I
and	I	I
to	I	I
collaborate	O	O
with	B	O
your	I	I
colleagues	O	O

This	O	O
full	O	O
-	O	O
time	O	O
position	O	O
is	O	O
available	O	O
immediately	O	O
and	O	O
on	O	O
-	O	O
site	O	O
in	O	O

As	O	O
a	O	O
Unity	O	O
Gameplay	O	O
Programmer	O	O
you	O	O
will	O	O
be	O	O

Implementing	B	B
new	I	I
gameplay	I	I
features	I	I
and	I	I
user	I	I
interfaces	I	I
based	O	I
on	O	I
game	O	I
designs	O	I

Contributing	B	B
to	I	I
and	I	I
maintaining	I	I
existing	I	I
game	I	I
features	I	I

Participating	B	O
in	I	O
the	I	O
development	I	I
of	I	I
new	I	I
features	I	I
and	I	O
optimizing	I	B
existing	I	O
ones	I	O

Participating	B	O
in	I	O
the	I	O
development	I	I
of	I	I
performant	I	I
and	I	I
rigid	I	I
systems	I	I

Running	B	B
tests	I	I
on	I	I
new	I	I
code	I	I

Requirements	O	O

At	O	O
least	O	O
3	O	O
years	O	O
of	O	O
experience	O	O
in	O	O
working	O	O
with	O	O
mobile	B	B
games	I	I
in	O	O
Unity3D	B	B
(	I	O
iOS	I	B
and	I	O
/	I	B
or	I	I
Android	O	O
)	O	O
Strong	O	O
knowledge	B	B

Experience	O	O
in	O	O
UX	B	B
especially	O	O
making	B	B
user	I	I
experiences	I	I
at	I	I
an	I	I
interactive	I	I
degree	I	I

Excellent	O	O
3D	B	B
game	I	I
programming	I	I
knowledge	O	O
including	O	O
math	B	B
and	O	I
dynamic	B	I
skills	I	I

Good	O	O
aesthetic	B	B
know	I	O

Solid	O	O
system	B	B
and	I	I
architectural	I	I
thinking	I	I

Major	O	O
pluses	O	O

Previous	O	O
experience	O	O
with	O	O
developing	B	B
mobile	I	I
games	I	I
with	I	O
a	I	O
large	I	O
amount	I	O
of	I	O
content	I	B
delivery	I	I
and	O	O
a	O	O
good	O	O
sense	B	O
of	I	O
F2P	I	B
game	I	I
design	I	I

Experience	O	O
with	O	O
TDD	B	B
(	I	O
test	I	B
driven	I	I
development	I	I
)	I	I
Knowledge	O	O
of	O	O
other	O	O
analytics	O	B
tools	O	I
and	O	O
programming	O	O
languages	O	O
especially	O	O
Objective	B	B
C	I	I
and	O	O
Java	B	B

We	O	O
would	O	O
love	O	O
you	O	O
to	O	O
become	O	O
a	O	O
part	O	O
of	O	O
our	O	O
story	O	O
so	O	O
apply	O	O
now!	O	O

We	O	O
welcome	O	O
candidates	O	O
of	O	O
all	O	O
backgrounds	O	O
from	O	O
all	O	O
over	O	O
the	O	O
world	O	O
(	O	O
but	O	O
please	O	O
make	O	O
sure	O	O
your	O	O
application	O	O
is	O	O
in	O	O
English	O	O
).	O	O

Job	O	O
benefits	O	O

A	O	O
brand	O	O
new	O	O
office	O	O
space	O	O
in	O	O
the	O	O
heart	O	O
of	O	O
<	O	O

Pension	O	O
and	O	O
health	O	O
insurance	O	O
opportunities	O	O

A	O	O
chance	O	O
to	O	O
work	O	O
with	O	O
the	O	O
latest	O	O
tools	O	O
and	O	O
technology	O	O

Opportunities	O	O
for	O	O
individual	O	O
growth	O	O
with	O	O
a	O	O
personalized	O	O
develop.	O	O

plan	O	O

Daily	O	O
healthy	O	O
organic	O	O
lunch	O	O
prepared	O	O
in	O	O
-	O	O
house	O	O
by	O	O
our	O	O

Free	O	O
breakfast	O	O
coffee	O	O
and	O	O
juices	O	O
available	O	O
at	O	O
the	O	O
office	O	O

Social	O	O
activities	O	O
including	O	O
game	O	O
nights	O	O
Friday	O	O
bar	O	O
and	O	O
more	O	O

Free	O	O
Danish	O	O
lessons	O	O
with	O	O
our	O	O
in	O	O
-	O	O
house	O	O

An	O	O
opportunity	O	O
to	O	O
be	O	O
a	O	O
part	O	O
of	O	O
a	O	O
multicultural	O	O
work	O	O
environment	O	O

Relocation	O	O
package	O	O
for	O	O
those	O	O
coming	O	O
from	O	O
outside	O	O
of	O	O
<	O	O

Company	O	O
description	O	O

We	O	O
are	O	O
one	O	O
of	O	O
the	O	O
biggest	O	O
gaming	O	O
companies	O	O
in	O	O
<	O	O
LOCATION	O	O
>	O	O
located	O	O
in	O	O
the	O	O
heart	O	O
of	O	O

Since	O	O
our	O	O
origins	O	O
in	O	O
2009	O	O
our	O	O
mission	O	O
and	O	O
dedication	O	O
has	O	O
been	O	O
to	O	O
make	O	O
top	O	O
-	O	O
quality	O	O
mobile	O	O
games	O	O
with	O	O
a	O	O
global	O	O

We	O	O
are	O	O
best	O	O
known	O	O
for	O	O
our	O	O
story	O	O
-	O	O
driven	O	O
puzzle	O	O
game	O	O
Lily	O	O
’	O	O
s	O	O
Garden	O	O
the	O	O
success	O	O
of	O	O
which	O	O
has	O	O
resulted	O	O
in	O	O
the	O	O
launch	O	O
of	O	O
our	O	O
most	O	O
recent	O	O
game	O	O

Both	O	O
games	O	O
have	O	O
now	O	O
been	O	O
downloaded	O	O
and	O	O
played	O	O
more	O	O
than	O	O
(	O	O
number	O	O
of	O	O
downloads	O	O
together	O	O
)	O	O
million	O	O
times.	O	O

In	O	O
the	O	O
next	O	O
3	O	O
-	O	O
5	O	O
years	O	O
we	O	O
will	O	O
launch	O	O
more	O	O
games	O	O
and	O	O
continue	O	O
to	O	O
grow	O	O
as	O	O
a	O	O

This	O	O
is	O	O
an	O	O
exciting	O	O
time	O	O
to	O	O
join	O	O
us	O	O
as	O	O
you	O	O
will	O	O
have	O	O
the	O	O
opportunity	O	O
to	O	O
shape	O	O
influence	O	O
and	O	O
innovate	O	O
how	O	O
we	O	O
do	O	O
things	O	O
here	O	O
at	O	O
<	O	O

Software	O	O
Engineer	O	O
-	O	O
Database	O	O
-	O	O
Java	O	O
Core	O	O

<	O	O

<	O	O
LOCATION	O	O
>	O	O
<	O	O
LOCATION	O	O
>	O	O
<	O	O

Date	O	O
posted	O	O
:	O	O

Likes	O	O
:	O	O
0	O	O
Dislikes	O	O
:	O	O
0	O	O

Salary	O	O
:	O	O

Job	O	O
type	O	O
:	O	O

Experience	O	O
level	O	O
:	O	O
Junior	O	O
Mid	O	O

Industry	O	O
:	B	B
Computer	I	I
Software	B	B
Databases	B	B
Information	I	I

Company	O	O
size	O	O
:	O	O

Company	O	O
type	O	O
:	O	O

Technologies	O	O

java	B	B
algorithm	B	B
database	B	B
multithreading	B	B
concurrency	B	B

Job	O	O
description	O	O

Job	O	O
type	O	O

Full	O	O

Experience	O	O
level	O	O

Junior	O	O
Mid	O	O
-	O	O

Industry	O	O

Computer	B	B
Software	I	I
Databases	B	B
Information	B	B
Technology	I	I

Company	O	O
size	O	O

201	O	O
–	O	O

Company	O	O
type	O	O

Private	O	O

Technologies	O	O

java	B	B
algorithm	B	B
database	B	B
multithreading	B	B
concurrency	B	B

Job	O	O
description	O	O

We	O	O
are	O	O
looking	O	O
for	O	O
a	O	O
strong	O	O
experienced	O	O
backend	O	O
engineer	O	O
that	O	O
is	O	O
able	O	O
to	O	O
solve	B	B
technical	I	I
challenges	I	I
deliver	B	B
high	I	I
quality	I	I
code	I	I
to	O	O
join	O	O
our	O	O
talented	O	O
innovative	O	O
team.	O	O

You	O	O
will	O	O
be	O	O
part	O	O
of	O	O
a	O	O
brilliant	O	O
energetic	O	O
and	O	O
fun	O	O
team	O	O
of	O	O
engineers	O	O
that	O	O
building	O	O
continuously	O	O
improve	O	O
and	O	O
evolve	O	O
core	O	O
of	O	O
the	O	O
graph	O	O
database!	O	O

You	O	O
will	O	O
be	O	O
part	O	O
of	O	O
the	O	O
international	O	O
team	O	O
that	O	O
is	O	O
based	O	O
in	O	O
our	O	O
engineering	O	O
HQ	O	O
in	O	O
<	O	O
LOCATION	O	O
>	O	O

As	O	O
part	O	O
of	O	O
the	O	O
team	O	O
you	O	O
will	O	O

build	B	B
and	I	I
ship	I	I
new	I	I
features	I	I
for	O	O
the	O	O
core	O	O
of	O	O
the	O	O
leading	O	O
graph	O	O
database	O	O

write	B	B
high	I	I
quality	I	I
testable	I	I
and	I	I
efficient	I	I
code	I	I

promote	B	B
new	I	I
ideas	I	I
take	B	B
active	I	I
part	I	I
in	I	I
features	I	I
discussions	I	I
and	I	I
roadmap	I	I
prioritisation	I	I

integrate	B	B
cutting	I	I
edge	I	I
research	I	I
and	I	I
technologies	I	I
into	O	I
the	O	I
database	O	I
core	O	I

work	B	B
closely	I	I
with	I	I
our	I	I
customers	I	I
and	I	I
other	I	I
teams	I	I

hack	O	O
on	O	O
preferred	O	O
stuff	O	O
during	O	O
regular	O	O
hack	O	O
days	O	O
and	O	O
events	O	O

What	O	O
You	O	O
'	O	O

You	O	O
have	O	O
5	O	O
+	O	O
years	O	O
of	O	O
experience	B	B
developing	I	I
production	I	I
level	I	I

You	O	O
have	O	O
experience	O	O
designing	B	B
multi	I	I
-	I	I
threaded	I	I
systems	I	I

You	O	O
have	O	O
a	O	O
deep	O	O
understanding	O	O
of	O	O
system	B	B
design	I	I
data	B	B
structures	I	I
and	O	I
algorithms	B	I

You	O	O
are	O	O
fluent	O	O
in	O	O
Java	B	B
and	O	O
have	O	O
knowledge	O	O
of	O	O
other	O	O
programming	O	B
languages	O	I

You	O	O
have	O	O
strong	O	O
troubleshooting	B	B
skills	O	I

You	O	O
have	O	O
knowledge	O	O
about	O	O
performance	B	B
profiling	I	I
and	O	I
optimisation	B	I

You	O	O
are	O	O
interested	O	O
in	O	O
learning	O	O
new	O	O
things	O	O

You	O	O
have	O	O
experience	O	O
working	O	B
with	O	I
different	O	I
development	B	I
methodologies	I	I

You	O	O
care	B	O
about	I	O
code	I	I
quality	I	I
and	O	O
can	O	O
'	O	O
t	O	O
imagine	O	O
your	O	O
life	O	O

You	O	O
have	O	O
superior	O	O
communication	B	B
skills	I	I
and	O	O
a	O	O
sense	B	B
of	I	I
humor!	I	O

We	O	O
don	O	O
’	O	O
t	O	O
expect	O	O
you	O	O
to	O	O
have	O	O
experience	O	O
across	O	O
all	O	O
these	O	O

We	O	O
have	O	O
a	O	O
mix	O	O
of	O	O
different	O	O
skills	O	O
in	O	O
our	O	O
team.	O	O

Many	O	O
of	O	O
our	O	O
teams	O	O
are	O	O
spread	O	O
over	O	O
two	O	O
or	O	O
more	O	O
locations	O	O
so	O	O
you	O	O
should	O	O
be	O	O
comfortable	O	O
working	O	B
as	O	I
part	O	I
of	O	I
a	O	I
distributed	O	I
team.	O	I

Our	O	O
vision	O	O

At	O	O
<	O	O
ORGANIZATION	O	O
>	O	O
we	O	O
have	O	O
always	O	O
strived	O	O
to	O	O
help	O	O
the	O	O
world	O	O
make	O	O
sense	O	O
of	O	O

As	O	O
business	O	O
society	O	O
and	O	O
knowledge	O	O
become	O	O
increasingly	O	O
connected	O	O
our	O	O
technology	O	O
promotes	O	O
innovation	O	O
by	O	O
helping	O	O
organizations	O	O
to	O	O
find	O	O
and	O	O
understand	O	O
data	O	O
relationships	O	O
between	O	O
people	O	O
processes	O	O
locations	O	O
and	O	O
systems.	O	O

We	O	O
created	O	O
drive	O	O
and	O	O
are	O	O
at	O	O
the	O	O
forefront	O	O
of	O	O
innovation	O	O
in	O	O
the	O	O
Graph	O	O
Database	O	O
category	O	O
;	O	O
and	O	O
we	O	O
’	O	O
re	O	O
disrupting	O	O
how	O	O
organizations	O	O
leverage	O	O
their	O	O
data	O	O
to	O	O
innovate	O	O
and	O	O

We	O	O
are	O	O
here	O	O
to	O	O
stay	O	O

<	O	O
ORGANIZATION	O	O
>	O	O
is	O	O
well	O	O
-	O	O
funded	O	O
with	O	O
a	O	O
recent	O	O
series	O	O
E	O	O
round	O	O
of	O	O
80M	O	O
led	O	O
by	O	O
<	O	O
ORGANIZATION	O	O
>	O	O
<	O	O
ORGANIZATION	O	O

<	O	O
ORGANIZATION	O	O
>	O	O
the	O	O
earliest	O	O
investor	O	O
in	O	O
<	O	O
ORGANIZATION	O	O
>	O	O
is	O	O
a	O	O

We	O	O
have	O	O
over	O	O
300	O	O
customers	O	O
including	O	O
<	O	O
ORGANIZATION	O	O
>	O	O
<	O	O
ORGANIZATION	O	O
>	O	O
<	O	O
ORGANIZATION	O	O
>	O	O
<	O	O
ORGANIZATION	O	O
>	O	O
<	O	O
ORGANIZATION	O	O
>	O	O
and	O	O
<	O	O
ORGANIZATION	O	O

Job	O	O
benefits	O	O

smart	O	O
funny	O	O
humble	O	O
colleagues	O	O

Generous	O	O
Paid	O	O
Holiday	O	O
Leave	O	O

Pension	O	O
Scheme	O	O

Work	O	O
/	O	O
Life	O	O
Balance	O	O

Annual	O	O
Engineering	O	O
Off	O	O

Company	O	O
description	O	O

At	O	O
<	O	O
ORGANIZATION	O	O
>	O	O
relationships	O	O
are	O	O
first	O	O
-	O	O
class	O	O
entities	O	O
:	O	O
within	O	O
our	O	O
company	O	O
within	O	O
our	O	O
products	O	O
with	O	O
our	O	O
partners	O	O
with	O	O
our	O	O
customers	O	O
and	O	O
within	O	O

Relationships	O	O
always	O	O
come	O	O
first.	O	O

We	O	O
hire	O	O
smart	O	O
creative	O	B
and	O	O
humble	O	B
people	O	O
who	O	O
possess	O	O
a	O	O
lot	O	O
of	O	O
heart	O	O
and	O	O
drive	O	O
–	O	O
and	O	O
who	O	O
value	O	O
and	O	O
build	O	O
relationships	O	O
in	O	O
everything	O	O
they	O	O
do.	O	O

As	O	O
much	O	O
as	O	O
we	O	O
expect	O	O
our	O	O
product	O	O
to	O	O
be	O	O
natively	O	O
graph	O	O
we	O	O
expect	O	O
our	O	O
people	O	O
to	O	O
be	O	O
likewise.	O	O

They	O	O
can	O	O
'	O	O
t	O	O
help	O	O
but	O	B
be	O	O

And	O	O
in	O	O
the	O	O
same	O	O
way	O	O
the	O	O
graph	O	O
paradigm	O	O
is	O	O
changing	O	O
and	O	O
enriching	O	O
the	O	O
world	O	O
of	O	O
data	O	O
we	O	O
'	O	O
re	O	O
looking	O	O
for	O	O
people	O	O
who	O	O
bring	O	O
that	O	O
same	O	O
order	O	O
-	O	O
of	O	O
-	O	O
magnitude	O	O

Senior	O	O
Software	O	O
Engineer	O	O
-.	O	O
NET	O	O
(	O	O
online	O	O
comparison	O	O
portal	O	O
)	O	O
<	O	O
ORGANIZATION	O	O
>	O	O

<	O	O
LOCATION	O	O
>	O	O
<	O	O
LOCATION	O	O
>	O	O

Date	O	O
posted	O	O
:	O	O

Likes	O	O
:	O	O
0	O	O
Dislikes	O	O
:	O	O
0	O	O

Salary	O	O
:	O	O

Job	O	O
type	O	O
:	O	O

Experience	O	O
level	O	O
:	O	O

Industry	O	O
:	B	O
eCommerce	B	B
Price	I	B
Comparison	B	B
Online	I	I

Company	O	O
size	O	O
:	O	O

Company	O	O
type	O	O
:	O	O

Technologies	O	O

.	B	B
net	I	I
agile	B	B
rest	B	B
microservices	B	B

Job	O	O
description	O	O

Location	O	O
options	O	O

Paid	O	O
relocation	O	O

Job	O	O
type	O	O

Full	O	O

Experience	O	O
level	O	O

Senior	O	O

Role	O	O

Backend	O	O
Developer	O	O

Industry	O	O

eCommerce	B	O
Price	B	O
Comparison	I	O
Online	B	O
Portal	I	O

Company	O	O
size	O	O

501	O	O
–	O	O

Company	O	O
type	O	O

Private	O	O

Technologies	O	O

.	B	B
net	I	I
agile	B	B
rest	B	B
microservices	B	B

Job	O	O
description	O	O

Your	O	O
Mission	O	O

Development	B	B
test	I	I
and	I	I
deployment	I	I
of	I	I
new	I	I
components	I	I

Transition	B	B
and	O	O
re	B	O
-	O	O
engineering	O	O
of	O	O
our	O	O
existing	O	O

Design	B	B
and	O	I
extension	B	I
of	O	I
our	O	I
Micro	O	I
-	O	I
Services	O	I
based	O	I
web	O	O
architecture	O	O
with	O	O
high	O	O
-	O	O

You	O	O
work	O	B
hand	O	O
in	O	I
hand	O	O
with	O	O
UX	O	O
QA	O	O
and	O	O
Product	O	O
Owner	O	O
in	O	O
an	O	O
agile	O	B
working	O	O
environment	O	O
incl.	O	O

continuous	B	B
integration	I	I
and	O	O
continuous	B	B
deployment	I	I

all	O	O
your	O	O
decisions	O	O
and	O	O
actions	O	O
have	O	O
the	O	O
maximum	O	O
customer	O	O
benefit	O	O
and	O	O
the	O	O
company	O	O
goals	O	O
in	O	O
mind	O	O

Your	O	O
Profile	O	O

several	O	O
years	O	O
of	O	O
professional	O	O
practical	O	O
experience	O	O
as	O	O
a	O	O
back	O	O
-	O	O
end	O	O

.	B	O
NET	I	O
is	O	O
your	O	O
daily	O	O
companion	O	O

practice	O	O
know	O	O
-	O	O
how	B	B
in	I	I

development	B	B
and	I	I
implementation	I	I
of	I	I
REST	I	I
API	I	I

background	O	O
in	O	O
web	B	B
and	I	I
/	I	I
or	O	I

Agile	B	B
Method	I	I
Practice	I	I

Fluent	O	O
in	O	O
spoken	O	O
and	O	O
written	O	O
English	B	B
knowledge	O	O
of	O	O
the	O	O
German	B	B
language	O	I
is	O	O
a	O	O
plus	O	O

Benefits	O	O

Fun	O	O
work	O	O
environment	O	O

Brand	O	O
new	O	O
office	O	O
which	O	O
includes	O	O
small	O	O
gym	O	O

Gaming	O	O
room	O	O
with	O	O
arcade	O	O
machine	O	O

Fresh	O	O
fruits	O	O
and	O	O
coffee	O	O

Conferences	O	O
and	O	O
Trainings	O	O

Job	O	O
benefits	O	O

open	O	O
modern	O	O
and	O	O
friendly	O	O
working	O	O
environment	O	O

uncomplicated	O	O
relationship	O	O
:	O	O
informal	O	O
terms	O	O
of	O	O
address	O	O
&	O	O
no	O	O

1	O	O
-	O	O
on	O	O
-	O	O
1s	O	O
and	O	O
feedback	O	O
-	O	O

personal	O	O
&	O	O
professional	O	O
development	O	O
(	O	O
trainings	O	O
coding	O	O
dojos	O	O
etc.	O	O
)	O	O

Motivated	O	O
and	O	O
dynamic	O	O
colleagues	O	O
who	O	O
are	O	O
excited	O	O
to	O	O
forge	O	O
new	O	O
paths	O	O

office	O	O
in	O	O
HD	O	O
:	O	O
job	O	O
ticket	O	O
by	O	O
RNV	O	O
&	O	O
tram	O	O
station	O	O
next	O	O
to	O	O
our	O	O

flexible	O	O
working	O	O
hours	O	O
&	O	O
freedom	O	O
to	O	O
shape	O	O
your	O	O
working	O	O
environment	O	O

Team	O	O
activities	O	O
(	O	O
soccer	O	O
team	O	O
table	O	O
football	O	O
charity	O	O
run	O	O
etc.	O	O
)	O	O
We	O	O
take	O	O
care	O	O
of	O	O
your	O	O
health	O	O
:	O	O
mobile	O	O
massage	O	O
check	O	O
-	O	O

Subvention	O	O
of	O	O
your	O	O
catering	O	O
(	O	O
sandwiches	O	O
salads	O	O
warm	O	O
meals	O	O
)	O	O
Company	O	O
description	O	O

BECOME	O	O
PART	O	O
OF	O	O
THE	O	O
<	O	O
ORGANIZATION	O	O

<	O	O
ORGANIZATION	O	O
>	O	O
is	O	O
part	O	O
of	O	O
the	O	O
<	O	O
ORGANIZATION	O	O
>	O	O
<	O	O
ORGANIZATION	O	O
>	O	O
and	O	O
is	O	O
one	O	O
of	O	O
the	O	O
leading	O	O
independent	O	O

Since	O	O
1998	O	O
it	O	O
is	O	O
our	O	O
mission	O	O
to	O	O
help	O	O
consumers	O	O
get	O	O
the	O	O
best	O	O
deals	O	O
for	O	O
electricity	O	O
gas	O	O
DSL	O	O
mobile	O	O
phones	O	O
finances	O	O
insurances	O	O
real	O	O
estate	O	O
cars	O	O
motorbikes	O	O
and	O	O
travel.	O	O

More	O	O
than	O	O
8	O	O
million	O	O
happy	O	O
customers	O	O
have	O	O
compared	O	O
prices	O	O
and	O	O
then	O	O
changed	O	O
their	O	O
provider	O	O
-	O	O
thereby	O	O
saving	O	O
more	O	O
than	O	O
EUR	O	O
1.	O	O
6	O	O
billion.	O	O

We	O	O
are	O	O
a	O	O
fast	O	O
-	O	O
growing	O	O
and	O	O
profitable	O	O
company	O	O
and	O	O
continuously	O	O
strive	O	O
to	O	O
improve	O	O
our	O	O

Whether	O	O
at	O	O
any	O	O
of	O	O
our	O	O
ten	O	O
locations	O	O
in	O	O
<	O	O
LOCATION	O	O
>	O	O
or	O	O
in	O	O
<	O	O
LOCATION	O	O
>	O	O
we	O	O
are	O	O
one	O	O
team	O	O
aiming	O	O
to	O	O
give	O	O
our	O	O
customers	O	O
a	O	O
better	O	O

A	O	O
flat	O	O
hierarchy	O	O
and	O	O
innovative	O	O
and	O	O
dynamic	O	O
processes	O	O
help	O	O
us	O	O
in	O	O
achieving	O	O
this	O	O
aim	O	O
-	O	O
while	O	O
still	O	O
having	O	O
fun	O	O
being	O	O
part	O	O
of	O	O
the	O	O
team.	O	O

Senior	O	O
Software	O	O
Developer	O	O
Java	O	O
(	O	O
all	O	O
genders	O	O
)	O	O
<	O	O
ORGANIZATION	O	O
>	O	O

<	O	O
ADDRESS	O	O
>	O	O
<	O	O
ADDRESS	O	O

Date	O	O
posted	O	O
:	O	O

Likes	O	O
:	O	O
0	O	O
Dislikes	O	O
:	O	O
0	O	O

Salary	O	O
:	O	O

Job	O	O
type	O	O
:	O	O

Experience	O	O
level	O	O
:	O	O
Mid	O	O

Industry	O	O
:	B	B
Data	I	I
Science	B	B
IT	I	I
Security	B	B
Software	I	I
Development	I	I
/	I	I

Company	O	O
size	O	O
:	O	O

Company	O	O
type	O	O
:	O	O

Technologies	O	O

java	B	B
rest	B	B
cloud	B	B
spring	B	B
design	B	I

Job	O	O
description	O	O

Job	O	O
type	O	O

Full	O	O

Experience	O	O
level	O	O

Mid	O	O
-	O	O

Role	O	O

Backend	O	O
Developer	O	O

Industry	O	O

Data	B	B
Science	I	I
IT	B	B
Security	I	I
Software	B	B
Development	I	I
/	I	I
Engineering	I	I

Company	O	O
size	O	O

1k	O	O
–	O	O

Company	O	O
type	O	O

Private	O	O

Technologies	O	O

java	B	B
rest	B	B
cloud	B	B
spring	B	B
design	B	I

Job	O	O
description	O	O

What	O	O
your	O	O
job	O	O
will	O	O
involve?	O	O

As	O	O
a	O	O
developer	O	O
your	O	O
infectious	O	B
enthusiasm	B	B
and	O	O
professional	B	B
attitude	I	I
make	O	O
you	O	O
a	O	O
role	O	O
model	O	O
for	O	O
your	O	O
project	O	O
team.	O	O

Your	O	O
team	O	O
achieves	O	O
its	O	O
goals	O	O
without	O	O
sacrificing	O	B
quality	O	I
and	O	O
makes	O	O
difficult	O	O
impactful	O	O
decisions	O	O
together	O	O
–	O	O
and	O	O
throughout	O	O
you	O	O
make	O	O
sure	O	O
that	O	O
everyone	O	O
has	O	O
an	O	O
equal	O	O
voice.	O	O

Our	O	O
projects	O	O
are	O	O
agile	O	O
interdisciplinary	O	O
and	O	O
diverse.	O	O

You	O	O
work	B	B
together	I	I
closely	I	I
with	I	I
product	I	I
owners	I	I
and	I	I
colleagues	I	I
from	O	O
other	O	O
specialisations	O	O
(	O	O
e.	O	O
g.	O	O

business	O	B
analysis	O	I
embedded	O	B
development	O	I
UX	O	B
)	O	O
as	O	O
well	O	O
as	O	O
with	O	O
our	O	O
customers	O	O
from	O	O
a	O	O
variety	O	O
of	O	O
industries.	O	O

You	O	O
develop	B	O
an	I	I
in	I	I
-	I	I
depth	I	I
understanding	I	I
of	I	I
the	I	I
domains	I	I
and	I	O
the	O	I
requirements	O	I
of	O	I
individual	O	O
projects	O	O
and	O	O
you	B	O
are	I	O
happy	I	B
to	I	I
share	I	I
your	I	I
valuable	O	I
insights	O	I
with	O	O
customers	B	O
and	I	O
offer	I	O
them	I	O
professional	O	O

You	O	O
have	O	O
the	O	O
opportunity	O	O
to	O	O
share	B	B
your	I	I
knowledge	I	I
locally	O	O
with	O	O
your	O	O
team	O	O
as	O	O
well	O	O
as	O	O
internationally	O	O
with	O	O
the	O	O
entire	O	O
<	O	O
ORGANIZATION	O	O
>	O	O
<	O	O
ORGANIZATION	O	O
>	O	O
at	O	O
internal	O	O
gatherings	O	O
dojos	O	O

Continuous	O	O
learning	O	O
will	O	O
be	O	O
an	O	O
important	O	O
part	O	O
of	O	O
your	O	O

work	O	O
:	O	O
you	O	O
will	O	O
have	O	O
the	O	O
chance	O	O
to	O	B
identify	O	I
your	O	I
own	O	I
development	O	I
potential	O	O
and	B	B
advise	I	I
individual	I	I
colleagues	O	I
on	O	I
their	O	I
own	O	I
professional	O	O
development.	O	O

What	O	O
you	O	O
offer	O	O

You	O	O
have	O	O
spent	O	O
many	O	O
years	O	O
devoting	O	B
yourself	O	O
to	O	O
software	B	B
development	I	I
and	O	O
have	O	O
experience	O	O
working	O	B
in	O	I
an	O	I
agile	B	I
project	I	I
team.	I	I

Software	O	O
development	O	I
with	O	O
one	O	O
of	O	O
the	O	O
latest	O	O
Java	B	B
stack	I	I
frameworks	I	O
is	O	O
your	O	O
passion.	O	O

At	O	O
the	O	O
same	O	O
time	O	O
you	O	O
have	O	O
a	O	O
high	O	O
level	O	I
of	O	I
awareness	O	I
when	O	O
it	O	O
comes	O	O
to	O	O
quality	B	B
and	O	O
you	O	O
possess	O	O
the	O	O
necessary	O	O
skills	O	O
such	O	O
as	O	O
testing	B	B
at	I	I
various	I	I
levels	I	I
in	I	O
an	I	O
agile	I	B
environment	I	I
and	O	O
test	B	B
automation.	I	I

Clear	B	O
easy	I	B
-	I	I
to	O	O
-	O	O
maintain	O	O
code	O	O
are	O	O

You	O	O
have	O	O
a	O	O
strong	O	O
interest	O	O
in	O	O
the	O	O
latest	B	O
technologies	I	O
and	O	O
ideally	O	O
you	O	O
already	O	O
have	O	O
experience	O	O
with	O	O
back	B	B
end	I	I
development	I	I
databases	B	B
cloud	B	B
computing	I	I
RESTful	B	B
API	I	I
and	O	O
big	B	B
data	I	I
in	O	O
particular.	O	O

You	O	O
know	O	O
DevOps	B	B
inside	O	O
out	O	O
and	O	O
you	O	O
know	O	O
how	O	O
to	O	O
build	B	B
implement	I	I
and	I	I
operate	I	I
a	I	I
system.	I	I

You	O	O
are	O	O
also	O	O
familiar	O	O
with	O	O
architecture	B	B
concepts	I	I
and	O	I
design	B	I
patterns.	I	I

Your	O	O
profile	O	O
is	O	O
rounded	O	O
off	O	O
with	O	O
proficiency	O	O
in	O	O
German	B	B
and	O	O
a	O	O
very	O	O
good	O	O
command	O	O
of	O	O
English.	B	B

What	O	O
we	O	O
offer	O	O

Recognised	O	O
as	O	O
one	O	O
of	O	O
the	O	O
best	O	O
employers	O	O
in	O	O
<	O	O
LOCATION	O	O
>	O	O
<	O	O
ORGANIZATION	O	O
>	O	O
will	O	O
support	O	O
your	O	O
success	O	O
with	O	O
its	O	O

We	O	O
offer	O	O
ongoing	O	O
high	O	O
-	O	O
quality	O	O
training	O	O
to	O	O
further	O	O
your	O	O

We	O	O
take	O	O
an	O	O
interdisciplinary	O	O
approach	O	O
regularly	O	O
exchanging	O	O
information	O	O
and	O	O
learning	O	O
from	O	O
each	O	O
other	O	O
in	O	O
an	O	O
environment	O	O
that	O	O
values	O	O
open	O	O
communication	O	O
honest	O	O
self	O	O
-	O	O
appraisal	O	O
and	O	O

We	O	O
also	O	O
offer	O	O
an	O	O
attractive	O	O
benefits	O	O
package	O	O
modern	O	O
workplaces	O	O
and	O	O
a	O	O
shared	O	O
passion	O	O
for	O	O
giving	O	O
our	O	O
best	O	O
every	O	O
day!	O	O

You	O	O
can	O	O
also	O	O
look	O	O
forward	O	O
to	O	O

Work	O	O
-	O	O

we	O	O
can	O	O
offer	O	O
you	O	O
flexitime	O	O
opportunities	O	O
to	O	O
work	O	O
from	O	O
home	O	O
and	O	O
a	O	O
40	O	O
-	O	O
hour	O	O

If	O	O
you	O	O
happen	O	O
to	O	O
work	O	O
more	O	O
you	O	O
can	O	O
have	O	O
the	O	O
extra	O	O
hours	O	O
paid	O	O
out	O	O
as	O	O
overtime	O	O
or	O	O
take	O	O
them	O	O
off	O	O
as	O	O
holiday	O	O
during	O	O
less	O	O
busy	O	O
periods.	O	O

Family	O	O
-	O	O

if	O	O
necessary	O	O
you	O	O
can	O	O
arrange	O	O
to	O	O
reduce	O	O
your	O	O
hours	O	O
to	O	O
80	O	O
percent	O	O
take	O	O
unpaid	O	O
leave	O	O
or	O	O
work	O	O
from	O	O
home.	O	O

In	O	O
addition	O	O
we	O	O
offer	O	O
care	O	O
solutions	O	O
in	O	O
family	O	O
emergencies.	O	O

We	O	O
also	O	O
contribute	O	O
towards	O	O
the	O	O
cost	O	O
of	O	O
childcare	O	O
and	O	O
will	O	O
give	O	O
you	O	O
10	O	O
days	O	O
’	O	O
unpaid	O	O
leave	O	O
if	O	O
your	O	O
child	O	O
falls	O	O
ill.	O	O

Freedom	O	O
&	O	O
autonomy	O	O

a	O	O
trusting	O	O
management	O	O
style	O	O
and	O	O
self	O	O
-	O	O
organised	O	O
teams	O	O
give	O	O
you	O	O
the	O	O
freedom	O	O
to	O	O
make	O	O
decisions	O	O
autonomously	O	O
as	O	O
well	O	O
as	O	O
the	O	O
flexibility	O	O
to	O	O
choose	O	O
your	O	O
own	O	O
working	O	O
methods	O	O
and	O	O
the	O	O
chance	O	B
to	O	I
put	O	I
forward	O	I
and	O	I
implement	O	I
your	O	I
own	O	O

And	O	O
if	O	O
that	O	O
’	O	O
s	O	O

through	O	O
our	O	O
corporate	O	O
subscription	O	O
you	O	O
’	O	O
ll	O	O
also	O	O
enjoy	O	O
subsidised	O	O
public	O	O
transport	O	O
in	O	O
<	O	O
LOCATION	O	O
>	O	O
with	O	O

In	O	O
addition	O	O
you	O	O
can	O	O
look	O	O
forward	O	O
to	O	O
regular	O	O
team	O	O
events	O	O
such	O	O
as	O	O
games	O	O
nights	O	O
plus	O	O
fresh	O	O
fruit	O	O
in	O	O
the	O	O
office	O	O
and	O	O
much	O	O
more.	O	O

Read	O	O
our	O	O
project	O	O

success	O	O
stories	O	O

and	O	O
get	O	O
inspired	O	O
by	O	O
the	O	O
<	O	O
ORGANIZATION	O	O
>	O	O

Job	O	O
benefits	O	O

Training	O	O
and	O	O
Development	O	O
:	O	O
We	O	O
invest	O	O
over	O	O
10	O	O
%	O	O
of	O	O
our	O	O
turnover	O	O

Work	O	O
-	O	O
Life	O	O
Balance	O	O
:	O	O
Family	O	O
-	O	O
friendly	O	O
work	O	O

International	O	O
Company	O	O
:	O	O
15	O	O
locations	O	O
offer	O	O
an	O	O
international	O	O

Profit	O	O
shares	O	O
:	O	O
We	O	O
share	O	O
our	O	O
success	O	O
with	O	O
all	O	O
our	O	O

Flexible	O	O
workhours	O	O
and	O	O
holidays	O	O

Over	O	O
100	O	O
topic	O	O
teams	O	O
:	O	O
share	O	O
your	O	O
knowledge	O	O
and	O	O
learn	O	O
from	O	O
our	O	O

Diverse	O	O
Tech	O	O
-	O	O
Stack	O	O
:	O	O
Work	O	O
with	O	O

Annual	O	O
team	O	O
camp	O	O
christmas	O	O
party	O	O
ski	O	O
weekend	O	O
sailing	O	O
trip	O	O
and	O	O
more	O	O

Company	O	O
description	O	O

<	O	O
ORGANIZATION	O	O
>	O	O
–	O	O
Empowering	O	O

We	O	O
believe	O	O
that	O	O
innovation	O	O
and	O	O
technology	O	O
are	O	O
a	O	O
positive	O	O
force	O	O
of	O	O
change	O	O
for	O	O
business	O	O
and	O	O
society.	O	O

We	O	O
support	O	O
our	O	O
clients	O	O
to	O	O
envision	O	O
and	O	O
create	O	O
a	O	O
sustainable	O	O
future.	O	O

<	O	O
ORGANIZATION	O	O
>	O	O
is	O	O
a	O	O
global	O	O
innovation	O	O
service	O	O

We	O	O
envisage	O	O
ideas	O	O
and	O	O
create	O	O
new	O	O
business	O	O
models	O	O
for	O	O
our	O	O
clients	O	O
by	O	O
developing	O	O
services	O	O
and	O	O
products	O	O
based	O	O
on	O	O
new	O	O
technologies	O	O
–	O	O
from	O	O
the	O	O
initial	O	O
vision	O	O
through	O	O
development	O	O
to	O	O
deployment	O	O
production	O	O
and	O	O
operation.	O	O

<	O	O
ORGANIZATION	O	O
>	O	O
draws	O	O
on	O	O
the	O	O
experience	O	O
of	O	O
more	O	O
than	O	O
10,	O	O
000	O	O
software	O	O
and	O	O
product	O	O
development	O	O
projects	O	O
and	O	O
supports	O	O
customers	O	O
in	O	O
a	O	O
wide	O	O

Web	O	O
Frontend	O	O
Developer	O	O
with	O	O
an	O	O
eye	O	O
for	O	O
professional	O	B
user	O	I
experience	O	I
(	O	O
m	O	O
/	O	O
f	O	O

<	O	O
ADDRESS	O	O
>	O	O
<	O	O
ADDRESS	O	O

Date	O	O
posted	O	O
:	O	O

Likes	O	O
:	O	O
0	O	O
Dislikes	O	O
:	O	O
0	O	O

Salary	O	O
:	O	O

Job	O	O
type	O	O
:	O	O

Experience	O	O
level	O	O
:	O	O
Junior	O	O
Mid	O	O

Industry	O	O
:	B	O
Digital	I	I
Agency	B	B
Software	I	I
Development	I	I
/	I	B
Engineering	B	B
User	I	I

Company	O	O
size	O	O
:	O	O

Company	O	O
type	O	O
:	O	O

Technologies	O	O

javascript	B	B
angular	B	B
reactjs	B	B
vue.	B	B
js	B	B

Job	O	O
description	O	O

Location	O	O
options	O	O

Paid	O	O
relocation	O	O

Job	O	O
type	O	O

Full	O	O

Experience	O	O
level	O	O

Junior	O	O
Mid	O	O
-	O	O

Role	O	O

Frontend	O	O
Developer	O	O

Industry	O	O

Digital	B	O
Agency	I	O
Software	B	B
Development	I	I
/	I	O
Engineering	I	B
User	B	B
Experience	I	I

Company	O	O
size	O	O

51	O	O
–	O	O

Company	O	O
type	O	O

Private	O	O

Technologies	O	O

javascript	B	B
angular	B	B
reactjs	B	B
vue.	B	B
js	B	B

Job	O	O
description	O	O

Your	O	O
Tasks	O	O

Our	O	O
frontend	O	O
developers	O	O
work	O	O
with	O	O
UX	O	O
designers	O	O
to	O	O
develop	B	O
attractive	I	O
state	I	O
-	I	O
of	I	O
-	O	O
the	O	O
-	O	O
art	O	O
user	O	O
interfaces	O	O

Typical	O	O
tasks	O	O
involve	O	O

Application	B	O
architecture	I	O

API	B	B
design	I	I

Implementation	B	B
of	I	I
functionality	I	I

Code	B	B
reviews	I	I

Technical	B	O
advice	I	O
for	I	O
our	I	O
customers	I	O

Guidance	B	B
and	I	O
support	I	B
for	I	O
your	I	O
teammates	I	O

Thanks	O	O
to	O	O
individual	O	O
training	O	O
opportunities	O	O
<	O	O
ORGANIZATION	O	O
>	O	O
keeps	O	O
you	O	O
at	O	O
the	O	O
cutting	O	O
edge	O	O
of	O	O

At	O	O
the	O	O
same	O	O
time	O	O
you	O	O
can	O	O
give	O	O
free	O	O
rein	O	O
to	O	O
your	O	O
ideas	O	O
by	O	O
actively	O	O
participating	O	O
in	O	I
innovation	O	I
projects	O	I
and	O	O
realize	B	B
exciting	I	O
projects	I	I
in	O	O
a	O	O
team.	O	O

Your	O	O
Skills	O	O

Degree	B	B
in	I	I
computer	I	I
science	I	I
(	O	O
or	O	O
related	O	O
field	O	O
)	O	O
(	O	O
Significant	O	O
)	O	O
experience	O	O
with	O	O
modern	O	B
Javascript	B	B
/	O	O
Typescript	O	O
development	B	B
especially	B	B
Angular	O	O
React	B	B

Experience	O	O
/	O	O
interest	O	O
in	B	B
the	I	I
architecture	I	I
of	I	I
complex	I	I
single	I	I

Accessibility	B	B
usability	B	I
and	O	O
the	O	O
current	B	O
web	I	B
standards	I	I
are	O	O
important	O	O
to	O	O
you	O	O

Strong	O	O
awareness	O	O
of	O	O
code	B	B
quality	I	I
and	O	O
clean	B	B
code	I	I

Interest	O	O
in	O	O
the	O	O
constant	O	B
exchange	O	I
of	O	I
ideas	O	I
and	O	I
knowledge	O	I
with	O	O
colleagues	O	O
in	O	O
order	O	O
to	O	O
keep	O	O
up	O	O
with	O	O
the	O	O
latest	O	O
development	O	I
methods	O	I
and	O	I
technologies	O	I

High	O	O
awareness	O	B
of	O	I
quality	B	I
and	I	I
responsibility	I	I

An	O	O
eye	B	B
for	I	I
aesthetics	I	I
design	I	I
and	O	I
faithful	B	I
implementation	I	I

You	O	O
are	O	O
fluent	O	O
in	O	O
German	B	B
and	O	O
English	B	B

Job	O	O
benefits	O	O

Family	O	O
-	O	O
friendly	O	O
flexible	O	O

Elaborated	O	O
career	O	O
path	O	O
based	O	O
on	O	O
experience	O	O
and	O	O
performance	O	O

Various	O	O
internal	O	O
and	O	O
external	O	O
training	O	O
measures	O	O
and	O	O
conference	O	O
visits	O	O

Ergonomic	O	O
workplace	O	O
with	O	O
pro	O	O
equipment	O	O
and	O	O
high	O	O
quality	O	O
accessories	O	O

Premium	O	O
membership	O	O
in	O	O
a	O	O
fitness	O	O
club	O	O

Travel	O	O
time	O	O
is	O	O
working	O	O
time	O	O
/	O	O
Overtime	O	O
pay	O	O
or	O	O
time	O	O

Child	O	O
care	O	O
grant	O	O

Sabbatical	O	O
possibility	O	O

Regular	O	O
company	O	O
and	O	O
team	O	O
events	O	O
e.	O	O
g.	O	O

our	O	O
annual	O	O
skiing	O	O
trip	O	O

Free	O	O
beverages	O	O
and	O	O
fresh	O	O
and	O	O
healthy	O	O
fruits	O	O

Company	O	O
description	O	O

We	O	O
are	O	O
the	O	O
market	O	O
leading	O	O
digital	O	O
agency	O	O
with	O	O
focus	O	O
on	O	O
user	O	O
experience	O	O
in	O	O
<	O	O
LOCATION	O	O
>	O	O
<	O	O
LOCATION	O	O
>	O	O
<	O	O
LOCATION	O	O
>	O	O
with	O	O
branch	O	O

We	O	O
offer	O	O
you	O	O
exciting	O	O
projects	O	O
a	O	O
trustful	O	O
employment	O	O
fantastic	O	O
career	O	O
opportunities	O	O
and	O	O
lots	O	O
of	O	O
fun	O	O
in	O	O
a	O	O
team	O	O
with	O	O
exceptional	O	O
spirit.	O	O

Senior	O	O
Full	O	O
Stack	O	O
Developer	O	O

<	O	O

<	O	O
LOCATION	O	O
>	O	O
<	O	O
LOCATION	O	O
>	O	O
<	O	O
LOCATION	O	O

Date	O	O
posted	O	O
:	O	O

Likes	O	O
:	O	O
0	O	O
Dislikes	O	O
:	O	O
0	O	O

Salary	O	O
:	O	O

Job	O	O
type	O	O
:	O	O

Experience	O	O
level	O	O
:	O	O

Industry	O	O
:	B	B
Financial	I	I
Services	B	B
Financial	I	I
Technology	B	B
Regulatory	I	I

Company	O	O
size	O	O
:	O	O

Company	O	O
type	O	O
:	O	O

Technologies	O	O

c	B	B
#	B	B
typescript.	B	B
net	I	I
-	B	I
core	B	B

Job	O	O
description	O	O

Job	O	O
type	O	O

Full	O	O

Experience	O	O
level	O	O

Senior	O	O

Role	O	O

Full	O	O
Stack	O	O
Developer	O	O

Industry	O	O

Financial	B	B
Services	I	I
Financial	B	B
Technology	I	I
Regulatory	B	B
Reporting	I	I

Company	O	O
size	O	O

51	O	O
–	O	O

Company	O	O
type	O	O

Private	O	O

Technologies	O	O

c	B	B
#	B	B
typescript.	B	B
net	I	I
-	B	I
core	B	B

Job	O	O
description	O	O

The	O	O
Role	O	O

<	O	O
ORGANIZATION	O	O
>	O	O
needs	O	O
to	O	O
do	O	O
more	O	O
than	O	O
simply	O	O
keep	O	O
pace	O	O
;	O	O
we	O	O
want	O	O
to	O	O
lead	O	O

Our	O	O
<	O	O
LOCATION	O	O
>	O	O
Product	O	O
Development	O	O
team	O	O
’	O	O
s	O	O
primary	O	O
focus	O	O
is	O	O
to	O	O

They	O	O
work	O	O
to	O	O
improve	O	O
innovate	O	O
and	O	O
develop	O	O
<	O	O
ORGANIZATION	O	O
>	O	O
–	O	O
our	O	O
core	O	O
financial	O	O
management	O	O

Working	O	O
as	O	O
part	O	O
of	O	O
a	O	O
diverse	O	O
close	O	O
-	O	O
knit	O	O
team	O	O
our	B	O
Developers	I	O
deliver	I	O
software	O	O
solutions	O	O
either	B	B
through	I	I
creation	I	I
of	B	B
programs	I	I
configuration	I	I
/	O	O
customisation	O	O
of	O	O
platforms	O	O
or	O	O
a	O	O

This	O	O
along	O	O
with	O	O
the	O	O
capture	B	B
&	I	I
analysis	I	I
of	I	I
requirements	I	I
is	O	O
all	O	O
part	O	O
of	O	O
the	O	O
role.	O	O

Our	O	O
developers	O	O
focus	O	O
on	O	O
technical	O	O
solutions	O	O
to	O	O
the	O	O
challenges	O	O
facing	O	O
our	O	O
customers	O	O
now	O	O
and	O	O
in	O	O
the	O	O
future.	O	O

Your	O	O
responsibilities	O	O

Requirements	B	O
capture	I	B
/	I	I
analysis	I	I

Design	B	B
(	I	I
and	I	I
documenting	I	I
)	I	I
of	I	I
own	I	I
solutions	I	I
or	O	I
sub	O	I
-	O	I
sets	O	I

Writing	B	B
software	I	I
and	O	O
/	B	I
or	I	I
configuring	I	I

Troubleshooting	B	B
and	O	O
debugging	B	B
code	I	I

Testing	B	B
and	O	I
analysis	B	I
of	I	I
test	I	I
results	I	I

Documentation	B	B
–	O	O
both	O	O
technical	O	O
and	O	O
non	O	O

Technical	O	O
Skills	O	O
Required	O	O

Understands	O	O
and	O	O
can	O	O
use	O	O
all	O	O
components	O	O
of	O	O
Microsoft	B	B
/	O	I
Web	B	I
development	I	I
environment	O	I
including	O	O

C	B	B
#.	B	B
NET	I	I
Core.	I	I
NET	B	B
Framework	I	I

SQL	B	B
(	O	O
SQL	B	B
Server	I	I
especially	O	O
)	O	O
TypeScript	O	B
&	O	O
JavaScript	B	B

ASP.	B	B
NET	B	B

One	O	O
or	O	O
more	O	O
JavaScript	B	B
libraries	O	O
such	O	O
as	O	O
JQuery	B	B
Angular	B	B
React	B	B
or	O	O
Vue	B	B

HTML5	B	B
CSS	B	B
(	I	I
LESS	I	B
)	B	B

Experience	O	O
in	O	O
troubleshooting	B	B
IT	I	I
infrastructure	I	I
related	I	I
issues	I	I
advantageous.	O	O

Additional	O	O
Skills	O	O

At	O	O
least	O	O
5	O	O
years	O	O
in	O	O
a	O	O
Microsoft	B	B
-	I	I
based	I	I
development	O	O

Relevant	O	O
Microsoft	B	B
certifications.	I	I

Degree	O	B
level	O	I
education	O	I
preferred	O	O

Team	B	B
player	I	I
with	O	O
a	O	O
methodical	B	B
and	I	I
reliable	I	I
approach	I	I
to	O	O
problem	B	B
solving	I	I

Experience	O	O
in	O	O
a	O	O
Financial	B	B
Services	I	I
environment	O	O
(	O	O
useful	O	O
)	O	O
Excellent	O	O
communication	B	B
skills	I	I
–	O	O
both	O	O
verbal	O	O
and	O	O
written	O	O

Why	O	O
<	O	O

As	O	O
well	O	O
as	O	O
joining	O	O
an	O	O
upbeat	O	O
vibrant	O	O
diverse	O	O
and	O	O
welcoming	O	O
team	O	O
of	O	O
course	O	O
we	O	O
offer	O	O
the	O	O
usual	O	O
package	O	O
you	O	O
would	O	O
expect	O	O
today	O	O
;	O	O
a	O	O
competitive	O	O
salary	O	O
private	O	O
healthcare	O	O
income	O	O
protection	O	O
and	O	O
life	O	O
cover.	O	O

And	O	O
of	O	O
course	O	O
we	O	O
should	O	O
mention	O	O
the	O	O
amazing	O	O
brand	O	O
new	O	O
office	O	O
latest	O	O
kit	O	O
access	O	O
to	O	O
Pluralsight	O	O
and	O	O
other	O	O
training	O	O
resources	O	O
a	O	O
health	O	O
and	O	O
wellbeing	O	O
programme	O	O
and	O	O
the	O	O
regular	O	O
social	O	O
activities	O	O
throughout	O	O
the	O	O
year	O	O
such	O	O
as	O	O
the	O	O
annual	O	O
Away	O	O
Day	O	O
epic	O	O
Christmas	O	O
party	O	O
and	O	O
many	O	O
many	O	O
others.	O	O

But	O	O
we	O	O
want	O	O
to	O	O
go	O	O
further	O	O
-	O	O
We	O	O
know	O	O
that	O	O
there	O	O
is	O	O
more	O	O
to	O	O
life	O	O
than	O	O
work	O	O
and	O	O
offer	O	O
a	O	O
friendly	O	O
supportive	O	O
and	O	O
flexible	O	O
environment	O	O
where	O	O
team	O	O
and	O	O
community	O	O
is	O	O
key.	O	O

We	O	O
want	O	O
to	O	O
support	O	O
everyone	O	O
in	O	O
achieving	O	O
their	O	O
career	O	O
aspirations	O	O
and	O	O
goals	O	O
and	O	O
understand	O	O
our	O	O
success	O	O
is	O	O
fundamentally	O	O
determined	O	O
by	O	O
the	O	O
success	O	O
of	O	O
our	O	O
team.	O	O

If	O	O
this	O	O
sounds	O	O
like	O	O
a	O	O
team	O	O
you	O	O
want	O	O
to	O	O
be	O	O
part	O	O
of	O	O
then	O	O
apply	O	O
today.	O	O

Email	O	O
your	O	O
CV	O	O
and	O	O
covering	O	O
letter	O	O
to	O	O

recruitment	O	O
<	O	O

.	O	O

Job	O	O
benefits	O	O

Excellent	O	O
Salary	O	O
and	O	O
pension	O	O

Brand	O	O
new	O	O
office	O	O
and	O	O
equipment	O	O

Generous	O	O
private	O	O
healthcare	O	O

Income	O	O
protection	O	O
and	O	O
life	O	O
cover	O	O

Great	O	O
social	O	O
activities	O	O
such	O	O
as	O	O
the	O	O
annual	O	O
Away	O	O
Day	O	O
&	O	O
Christmas	O	O
party	O	O

Health	O	O
and	O	O
wellbeing	O	O
program	O	O

Friendly	O	O
upbeat	O	O
office	O	O
vibe	O	O

Free	O	O
snacks	O	O
fruit	O	O
and	O	O
soft	O	O
drinks	O	O

Beer	O	O
on	O	O
Fridays	O	O

Tree	O	O
grove	O	O
and	O	O
Benjamin	O	O
the	O	O
Beaver	O	O

Company	O	O
description	O	O

<	O	O

Senior	O	O
Java	O	O
Software	O	O
Engineer	O	O
(	O	O
VP	O	O
)	O	O
<	O	O
ORGANIZATION	O	O
>	O	O
<	O	O
ORGANIZATION	O	O

<	O	O
ADDRESS	O	O
>	O	O
<	O	O
ADDRESS	O	O

Date	O	O
posted	O	O
:	O	O

Likes	O	O
:	O	O
0	O	O
Dislikes	O	O
:	O	O
0	O	O

Salary	O	O
:	O	O

Job	O	O
type	O	O
:	O	O

Experience	O	O
level	O	O
:	O	O

Industry	O	O
:	O	O

Company	O	O
size	O	O
:	O	O

Company	O	O
type	O	O
:	O	O

Technologies	O	O

java	B	B
testing	B	B
web	B	B

Job	O	O
description	O	O

Job	O	O
type	O	O

Full	O	O

Role	O	O

QA	O	O
/	O	O

Technologies	O	O

java	B	B
testing	B	B
web	B	B

Job	O	O
description	O	O

Senior	O	O
Java	O	O
Software	O	O
Engineer	O	O
(	O	O
VP	O	O
)	O	O
As	O	O
a	O	O
member	O	O
of	O	O
our	O	O
<	O	O
ORGANIZATION	O	O
>	O	O
<	O	O
ORGANIZATION	O	O
>	O	O
<	O	O
ORGANIZATION	O	O
>	O	O
we	O	O
look	O	O
first	O	O
and	O	O
foremost	O	O
for	B	B
people	I	I
who	I	I
are	O	I
passionate	B	I
around	I	I
solving	I	I
business	I	I
problems	O	O

You	O	O
will	O	O
be	O	O
required	O	O
to	O	O
apply	B	B
your	I	I
depth	I	I
of	I	I
knowledge	I	I
and	I	I
expertise	I	I
to	O	O
all	O	O
aspects	O	O
of	O	O
the	O	O
software	B	B
development	I	I
lifecycle	I	I
as	O	O
well	O	O
as	O	O
partner	B	B
continuously	I	I
with	I	I
your	I	I
many	I	I
stakeholders	I	I
on	O	O
a	O	O
daily	O	O
basis	O	O
to	O	O
stay	B	O
focused	I	O
on	I	O
common	I	O
goals.	I	O

We	O	O
embrace	O	O
a	O	O
culture	O	O
of	O	O
experimentation	O	O
and	O	O
constantly	O	O
strive	O	O
for	O	O
improvement	O	O
and	O	O
learning.	O	O

You	O	O
'	O	O
ll	O	O
work	O	O
in	O	O
a	O	O
collaborative	O	O
trusting	O	O
thought	O	O
-	O	O
provoking	O	O
environment	O	O
-	O	O
one	O	O
that	O	O
encourages	O	O
diversity	O	O
of	O	O
thought	O	O
and	O	O
creative	O	O
solutions	O	O
that	O	O
are	O	O
in	O	O
the	O	O
best	O	O

You	O	O
will	O	O
join	O	O
a	O	O
growing	O	O
agile	O	O
feature	O	O
team	O	O
that	O	O
is	O	O
responsible	O	O
for	O	O
Reference	O	O
Data	O	O
Engineering	O	O
which	O	O
is	O	O
a	O	O
diverse	O	O
development	O	O
role	O	O
with	O	O
a	O	O
primary	O	O
focus	O	O
on	O	O
creating	B	O
API	I	I
services	I	I
which	O	O
manage	O	O
reference	O	I
data	O	I
used	O	O
to	O	O
control	O	O
how	O	O
we	O	O
process	O	O
post	O	O
trade	O	O
and	O	O
settlement	O	O
activities.	O	O

You	O	O
will	O	O
work	B	B
closely	I	I
with	I	I
colleagues	I	I
and	I	O
the	I	O
business	I	I
to	O	O
understand	O	B
both	O	I
functional	B	I
and	I	I
non	I	I
-	I	I
functional	O	O
requirements	O	O
and	O	O
then	B	B
help	I	I
drive	I	I
the	I	I
design	I	I
and	I	I
implementation	I	I
of	I	I
well	I	I
tested	I	I
easily	I	I
supportable	I	I
scalable	I	I
and	I	I
robust	O	O

This	O	O
role	O	O
requires	O	O
a	O	O
wide	O	O
variety	O	O
of	O	O
strengths	O	O
and	O	O
capabilities	O	O
including	O	O

*	O	O
BS	B	B
/	I	I
BA	O	O
degree	O	O
or	O	O

*	O	O
Knowledge	O	O
of	O	O
deployment	B	B
approaches	I	I
considerations	B	O
and	O	O
challenges	O	O
of	O	O
managing	B	B
deployments	I	I
across	O	O
various	O	O
environments	O	I

*	O	O
Knowledge	O	O
of	O	O
industry	B	B
wide	I	I
technology	I	I
strategies	I	I
and	O	I
best	B	I
practices	I	I

*	O	O
Ability	O	O
to	O	O
work	B	B
in	I	I
large	I	I
collaborative	I	I
teams	I	I
to	O	O
achieve	B	O
organizational	I	O
goals	I	O
and	O	O
passionate	O	O
about	O	O
building	B	B
an	I	I
innovative	I	I
culture	I	I

*	O	O
Strong	O	O
skillset	O	O
with	O	O
Java	B	B
(	I	O
version	I	B
8	I	I
or	I	O
higher	I	O
)	I	O
and	O	O
ideally	O	O
Spring	B	B
Boot	I	I

*	O	O

Hands	O	O
on	O	O
experience	O	O
with	O	O
modern	O	B
testing	O	I
frameworks	O	I
(	O	O
Performance	B	B
Testing	I	I
Unit	B	B
Testing	I	I
Integration	B	B
Testing	I	I
Behavioural	B	B
Testing	I	I
Frameworks	I	I
Mocking	B	B
frameworks	I	I
Continuous	B	B
Integration	I	I
)	I	I
*	O	O
Understanding	O	O
of	O	O
designing	B	B
applications	I	I
to	O	I
work	O	I
in	O	I
a	O	I
modern	O	I
SRE	O	I
way	O	I
with	O	O
scalability	O	B
in	O	I
mind	O	O

*	O	O
Experience	O	O
working	O	B
on	O	I
high	B	I
throughput	I	I
mission	I	I
critical	I	I
high	I	I
performance	I	I
STP	I	I
platforms	I	I

*	O	O
Experience	O	O
in	O	O
designing	B	B
and	I	I
building	I	I
reusable	I	I
services	I	I

*	O	O
Ability	O	O
to	O	O
support	B	B
the	I	I
developers	I	I
in	I	O
your	I	I
team	I	O
leading	B	B
supporting	B	B
and	O	I
coaching	B	I
others	O	I

*	O	O
Proven	O	O
track	O	O
record	O	O
in	O	O
application	B	B
delivery	I	I
and	O	O
stakeholder	B	B
management	I	I

*	O	O
Beneficial	O	O
if	O	O
you	O	O
have	O	O
experience	O	O
with	O	O
Oracle	B	B
or	O	O
equivalent	O	O
relational	O	B
database	O	I

<	O	O
ORGANIZATION	O	O

<	O	O
ORGANIZATION	O	O
>	O	O
is	O	O
a	O	O
global	O	O
leader	O	O
in	O	O
financial	O	O
services	O	O
providing	O	O
strategic	O	O
advice	O	O
and	O	O
products	O	O
to	O	O
the	O	O
world	O	O
'	O	O
s	O	O
most	O	O
prominent	O	O
corporations	O	O
governments	O	O
wealthy	O	O
individuals	O	O

Our	O	O
first	O	O
-	O	O
class	O	O
business	O	O
in	O	O
a	O	O
first	O	O
-	O	O
class	O	O
way	O	O
approach	O	O
to	O	O
serving	O	O
clients	O	O
drives	O	O

We	O	O
strive	O	O
to	O	O
build	O	O
trusted	O	O
long	O	O
-	O	O
term	O	O
partnerships	O	O
to	O	O
help	O	O
our	O	O
clients	O	O
achieve	O	O
their	O	O
business	O	O

We	O	O
recognize	O	O
that	O	O
our	O	O
people	O	O
are	O	O
our	O	O
strength	O	O
and	O	O
the	O	O
diverse	O	O
talents	O	O
they	O	O
bring	O	O
to	O	O
our	O	O
global	O	O
workforce	O	O
are	O	O
directly	O	O
linked	O	O
to	O	O
our	O	O
success.	O	O

We	O	O
are	O	O
an	O	O
equal	O	O
opportunity	O	O
employer	O	O
and	O	O
place	O	O
a	O	O
high	O	O
value	O	O
on	O	O
diversity	O	O
and	O	O
inclusion	O	O
at	O	O
our	O	O
company.	O	O

We	O	O
do	O	O
not	O	O
discriminate	O	O
on	O	O
the	O	O
basis	O	O
of	O	O
any	O	O
protected	O	O
attribute	O	O
including	O	O
race	O	O
religion	O	O
color	O	O
national	O	O
origin	O	O
gender	O	O
sexual	O	O
orientation	O	O
gender	O	O
identity	O	O
gender	O	O
expression	O	O
age	O	O
marital	O	O
or	O	O
veteran	O	O
status	O	O
pregnancy	O	O
or	O	O
disability	O	O
or	O	O
any	O	O
other	O	O
basis	O	O
protected	O	O
under	O	O
applicable	O	O
law.	O	O

In	O	O
accordance	O	O
with	O	O
applicable	O	O
law	O	O
we	O	O
make	O	O
reasonable	O	O
accommodations	O	O
for	O	O
applicants	O	O
'	O	O
and	O	O
employees	O	O
'	O	O
religious	O	O
practices	O	O
and	O	O
beliefs	O	O
as	O	O
well	O	O
as	O	O
any	O	O
mental	O	O
health	O	O
or	O	O
physical	O	O
disability	O	O

Job	O	O
benefits	O	O
:	O	O

Company	O	O
description	O	O

<	O	O

Dynamics	O	O
365	O	O
Developer	O	O

<	O	O
ORGANIZATION	O	O

<	O	O
ADDRESS	O	O
>	O	O
<	O	O
ADDRESS	O	O

Date	O	O
posted	O	O
:	O	O

Likes	O	O
:	O	O
0	O	O
Dislikes	O	O
:	O	O
0	O	O

Salary	O	O
:	O	O

Job	O	O
type	O	O
:	O	O

Experience	O	O
level	O	O
:	O	O
Mid	O	O
-	O	O

Industry	O	O
:	B	B
Cloud	I	I
Services	B	B
Information	I	I
Technology	B	B
Technology	I	B

Company	O	O
size	O	O
:	O	O

Company	O	O
type	O	O
:	O	O

Technologies	O	O

.	B	B
net	I	I
microsoft	B	B
-	B	B

Job	O	O
description	O	O

Job	O	O
type	O	O

Full	O	O

Experience	O	O
level	O	O

Mid	O	O
-	O	O
Level	O	O

Industry	O	O

Cloud	B	B
Services	I	I
Information	B	B
Technology	I	I
Technology	B	B
Consulting	I	B

Company	O	O
size	O	O

1k	O	O
–	O	O

Company	O	O
type	O	O

Private	O	O

Technologies	O	O

.	B	B
net	I	I
microsoft	B	B
-	B	B

Job	O	O
description	O	O

Dynamics	O	O
365	O	O
Developer	O	O

<	O	O
LOCATION	O	O

Employees	O	O
can	O	O
work	O	O
remotely	O	O
with	O	O
occasional	O	O
travel	O	O
to	O	O
client	O	O
sites	O	O

Full	O	O

Company	O	O
Description	O	O

<	O	O
ORGANIZATION	O	O
>	O	O
<	O	O
ORGANIZATION	O	O
>	O	O
is	O	O
celebrating	O	O
25	O	O
years	O	O
in	O	O
the	O	O
IT	O	O
industry	O	O
this	O	O
year	O	O
and	O	O
we	O	O
continue	O	O
to	O	O
be	O	O
trusted	O	O
by	O	O
global	O	O
brands	O	O
to	O	O
deliver	O	O
IT	O	O
solutions	O	O
that	O	O

<	O	O
ORGANIZATION	O	O
>	O	O
<	O	O
ORGANIZATION	O	O
>	O	O
is	O	O
not	O	O
just	O	O
a	O	O
Microsoft	O	O
Gold	O	O
Partner	O	O
an	O	O
AWS	O	O
Premier	O	O
Consulting	O	O
Partner	O	O
and	O	O
an	O	O
Oracle	O	O
Platform	O	O
Partner	O	O
;	O	O
we	O	O
are	O	O
also	O	O
an	O	O
award	O	O
-	O	O
winning	O	O
employer	O	O
and	O	O
our	O	O
employees	O	O
are	O	O

We	O	O
invest	O	O
in	O	O
a	O	O
strong	O	O
culture	O	O
of	O	O
wellness	O	O
through	O	O
programs	O	O
that	O	O
help	O	O
our	O	O
employees	O	O
create	O	O
their	O	O
journey	O	O
toward	O	O
optimal	O	O
wellbeing.	O	O

This	O	O
framework	O	O
is	O	O
based	O	O
on	O	O
the	O	O
‘	O	O
Strength	O	O
in	O	O
Balance	O	O
‘	O	O
theme	O	O
and	O	O
this	O	O
seen	O	O
again	O	O
in	O	O
our	O	O
Diversity	O	O
Inclusion	O	O
and	O	O
Belonging	O	O
Team	O	O

Bring	O	O
Your	O	O
Difference	O	O
“.	O	O

Job	O	O
Description	O	O

We	O	O
'	O	O
re	O	O
looking	O	O
for	O	O
a	O	O
Dynamics	O	O
365	O	O
Consultant	O	O
to	O	O
join	O	O
our	O	O
business	O	O
on	O	O
a	O	O
permanent	O	O

You	O	O
'	O	O
ll	O	O
have	O	O
a	O	O
key	O	O
role	O	O
in	O	O
a	O	O
digital	O	O
transformation	O	O
project	O	O
for	O	O
one	O	O
of	O	O
our	O	O
major	O	O
public	O	O
sector	B	B
customers	O	I
developing	O	I
an	O	I
integral	O	O
application	O	O
to	O	O
interface	O	O
across	O	O
several	O	O
other	O	O
governmental	O	O

You	O	O
will	O	O

Provide	O	B
development	B	I
to	O	O
the	O	O
on	O	I
-	O	I
premise	O	I
Dynamics	O	O
CRM	O	O
solution	O	O
being	O	O
constructed	O	O
over	O	O
the	O	O
next	O	O
12	O	O
months	O	O
as	O	O
part	O	O
of	O	O
a	O	O
dedicated	O	O
Dynamics	O	O
365	O	O
development	O	O
Scrum	O	O
Team	O	O
ranging	B	B
from	O	O
customisation	B	B
and	O	O
configuration	O	O
through	B	B
to	I	I
development	I	I
of	O	I
plug	O	I
-	O	I
ins	O	I
and	O	O
custom	B	B
workflow	O	O

Work	B	B
with	I	I
business	I	I
product	I	I
owners	I	I
and	I	I
business	I	I
analysts	I	I
to	O	O
elicit	B	B
requirements	I	I
&	O	O
assist	B	O
in	I	O
developing	I	B
design	I	I
specifications	I	I
to	O	O
maximise	B	B
the	I	I
benefit	I	I
of	O	I
Dynamics	O	O
365.	O	I

Collaborate	B	B
with	I	I
other	I	I
stakeholders	I	I
/	I	I
end	I	I
users	O	O
in	O	O
the	B	B
software	I	I
development	I	I
lifecycle	O	O
–	O	O
PMs	O	O
Business	O	O
Analysts	O	B
testing	O	O
etc.	O	O

Qualifications	O	O

Experience	O	O
in	O	O
design	B	B
development	B	I
and	O	O
delivery	B	O
experience	O	O
across	O	O
the	O	O
Dynamics	B	B
365	I	I
landscape	O	I
(	O	O
historically	O	O
Dynamics	B	B
CRM	I	I
)	I	I
Strong	O	O
understanding	O	O
of	O	O
the	O	O
Dynamics	B	B
365	I	I
platform	O	I
core	O	O
modules	O	O
and	O	O
technologies	O	O

.	B	B
NET	I	I
development	O	O
experience	O	O
within	O	O
an	O	O
MS	B	B
Dynamics	I	I
365	I	I
environment	O	O

Demonstrated	O	O
technical	B	B
aptitude	I	I
for	O	O
providing	B	B
extraordinary	I	I
customer	I	I
service	I	I
influence	I	B
impact	I	I
while	O	O
problem	B	B
-	O	O
solving	B	B
and	I	I
building	I	I
customer	I	I
and	I	I

Appreciation	O	O
and	O	O
familiarity	O	O
of	O	O
the	O	O
wider	O	O
Microsoft	B	O
stack	I	O
how	O	O
they	O	O
integrate	O	O
with	O	O
Dynamics	B	O
365	I	O
and	O	O
understand	O	O
how	O	O
they	O	O
can	O	O
bring	O	O
business	O	O
value	O	O
to	O	O
our	O	O
customers	O	O

Experience	O	O
with	O	O
development	O	B
frameworks	O	I
(	O	O
SCRUM	B	B
/	I	I
Agile	B	B
)	I	I
SC	I	I

In	O	O
addition.	O	O
NET	B	B
WebAPI	I	I
and	I	B
SharePoint	O	O
experience	B	B
would	O	O
be	O	O
desirable	O	O

Additional	O	O
information	O	O

<	O	O
ORGANIZATION	O	O
>	O	O
<	O	O
ORGANIZATION	O	O

Job	O	O
benefits	O	O

Quarterly	O	O
Profit	O	O
Share	O	O

Group	O	O
Personal	O	O
Pension	O	O
Plan	O	O
-	O	O
matched	O	O
up	O	O
to	O	O
5	O	O
%	O	O
of	O	O
your	O	O
base	O	O

Private	O	O
Healthcare	O	O
Plan	O	O

Paid	O	O
Certifications	O	O
and	O	O
Study	O	O
Leave	O	O

Cutting	O	O
Edge	O	O
Tech	O	O
Stack	O	O
&	O	O
Partnerships	O	O
with	O	O
Global	O	O
Technology	O	O
Leaders	O	O

In	O	O
-	O	O
House	O	O
Career	O	O

Flexible	O	O
Working	O	O
Arrangements	O	O

My	O	O
Wellbeing	O	O
Model	O	O
-	O	O
financial	O	O
physical	O	O
mental	O	O
and	O	O
social	O	O
support	O	O

Maternity	O	O
Paternity	O	O
and	O	O
Shared	O	O
Parental	O	O
Leave	O	O

Company	O	O
description	O	O

<	O	O

Backend	O	O
Developer	O	O

<	O	O
ORGANIZATION	O	O
>	O	O
<	O	O

<	O	O
ADDRESS	O	O
>	O	O
<	O	O
LOCATION	O	O

Date	O	O
posted	O	O
:	O	O

Likes	O	O
:	O	O
0	O	O
Dislikes	O	O
:	O	O
0	O	O

Salary	O	O
:	O	O

Job	O	O
type	O	O
:	O	O

Experience	O	O
level	O	O
:	O	O
Mid	O	O

Industry	O	O
:	B	B
Vehicle	I	I

Company	O	O
size	O	O
:	O	O

Company	O	O
type	O	O
:	O	O

Technologies	O	O

azure.	B	B
net	B	B
c	I	I
#	B	B
azure	B	B
-	B	B

Job	O	O
description	O	O

Job	O	O
type	O	O

Full	O	O

Experience	O	O
level	O	O

Mid	O	O
-	O	O

Role	O	O

Backend	O	O
Developer	O	O

Industry	O	O

Vehicle	B	B
Tracking	I	I

Company	O	O
size	O	O

11	O	O
–	O	O

Company	O	O
type	O	O

Private	O	O

Technologies	O	O

azure.	B	B
net	B	B
c	I	I
#	B	B
azure	B	B
-	B	B

Job	O	O
description	O	O

You	O	O
will	O	O
be	O	O
joining	O	O
a	O	O
motivated	O	O
software	O	O
agile	O	O
driven	O	O
team	O	O
responsible	O	O
for	O	O
the	O	O
entire	O	O
backend	O	O
infrastructure.	O	O

You	O	O
will	O	O
be	O	O
experienced	O	O
with	O	O
all	O	O
stages	O	O
of	O	O
the	O	O
development	B	B
cycle	I	I
including	O	O
analyzing	B	B
deciding	B	B
the	I	I
best	I	I
approach	I	I
write	B	B
code	I	I
using	O	O
the	O	O
proper	O	O
design	B	B
patterns	I	I
and	O	I
unit	B	B
tests.	I	I

To	O	O
perform	O	O
this	O	O
job	O	O
successfully	O	O
you	O	O
must	O	O
be	O	O
able	O	O
to	O	O
execute	O	O
the	O	O
following	O	O
tasks	O	O

Design	B	B
write	B	I
code	I	I
and	O	I
modify.	B	I
NET	I	I
services	I	I
and	I	I
APIs	I	I
according	I	I
to	O	O

product	O	O
specifications	O	I

Ensure	O	B
to	O	I
maintain	B	I
strong	I	I
Backend	I	I
code	I	I
quality	I	I
with	O	I
good	O	I
practices.	O	I

Skills	O	O

Knowledge	O	O
on	O	O
C	B	B
#.	B	B
NET	I	I
Framework	I	I
and.	O	O
NET	B	B
Core	I	I
T	I	I
-	B	B
SQL	I	O
(	I	B
MS	I	I
SQL	I	I
Server	B	B
)	I	I
Object	B	B
-	I	I
Oriented	O	O

Nice	O	O
to	O	O
have	O	O

Azure	B	B
Storage	I	I
Azure	B	B
EventHub	I	B
Azure	B	B
Functions	I	I
Azure	B	B
Data	I	B
Lake	I	I
Azure	B	B
CosmosDB	I	B
Security	B	I
Principles.	I	I

Other	O	O
valued	O	O
skills	O	O

The	O	O
Backend	O	O
Developer	O	O
must	O	O
have	O	O
a	O	O
Computer	B	B
Science	I	I
Engineering	B	B
or	O	O
a	O	O
related	O	O
field	O	O
and	O	O
2	O	O
+	O	O
years	O	O
of	O	O
experience.	O	O

Teamwork	O	B
good	O	O
attention	B	B
to	I	I
detail	I	I
resourceful	B	B
a	O	O
knack	O	O
for	O	O
problem	B	B
solving	I	I
and	O	O
good	O	O
communication	B	B
skills.	I	I

Verbal	O	O
and	O	O
written	O	O
English	B	B
comprehension	O	O
is	O	O
also	O	O
required.	O	O

Job	O	O
benefits	O	O

GYM	O	O

Meal	O	O
Allowance	O	O

Equipments	O	O

Daycare	O	O
allowance	O	O

Healthcare	O	O
insurance	O	O

Home	O	O
-	O	O
office	O	O
(	O	O
remote	O	O
work	O	O
)	O	O

The	O	O
TeamYou	O	O
will	O	O
be	O	O
working	O	O
at	O	O
our	O	O
office	O	O
in	O	O
<	O	O
LOCATION	O	O
>	O	O
<	O	O
LOCATION	O	O
>	O	O
where	O	O
we	O	O
have	O	O
a	O	O
team	O	O
of	O	O
40	O	O
#	O	O
amazing	O	O
#	O	O
people	O	B
working	O	I
in	O	B
areas	O	O
such	O	B
as	O	O
Software	O	O
Development	O	O
Account	O	O
Management	O	O
Logistics	O	O

We	O	O
believe	O	O
in	O	O
being	O	O
focused	O	O
and	O	O
that	O	O
success	O	O
comes	O	O
if	O	O
we	O	O
provide	O	O
the	O	O
solution	O	O
users	O	O
want.	O	O

We	O	O
firmly	O	O
believe	O	O
in	O	O
teamwork	O	O
and	O	O
in	O	O
learning	O	O
from	O	O
our	O	O
mistakes.	O	O

We	O	O
work	O	O
ethically	O	O
and	O	O
fairly	O	O
and	O	O
that	O	O
is	O	O
why	O	O
people	O	O
tend	O	O
to	O	O
stay	O	O
with	O	O
us.	O	O

And	O	O
we	O	O
offer	O	O
you	O	O
the	O	O
opportunity	O	O
to	O	O
join	O	O
a	O	O
fast	O	O
-	O	O
growing	O	O
and	O	O
successful	O	O
company	O	O
that	O	O
really	O	O
cares	O	O
about	O	O
their	O	O

Great	O	O
opportunity	O	O
for	O	O
professional	O	O
growth.	O	O

Join	O	O
a	O	O
dynamic	O	O
cohesive	O	O
team	O	O
with	O	O
a	O	O
high	O	O
spirit	O	O
of	O	O
teamwork	O	O

Have	O	O
a	O	O
rewarding	O	O
job	O	O
with	O	O
a	O	O
real	O	O
impact	O	O
on	O	O
the	O	O
company	O	O
’	O	O

Gain	O	O
experience	O	O
in	O	O
a	O	O
successful	O	O
company	O	O
with	O	O
distribution	O	O
all	O	O
over	O	O
the	O	O
world	O	O

Work	O	B
closely	O	I
with	O	I
a	O	I
team	O	I
of	O	O
intelligent	O	O
and	O	O
friendly	O	O
people	O	O

Attractive	O	O
compensation	O	O

QA	O	O
Engineer	O	O
(	O	O
f	O	O
/	O	O
m	O	O
/	O	O

<	O	O
ADDRESS	O	O
>	O	O
<	O	O
ADDRESS	O	O

Date	O	O
posted	O	O
:	O	O

Likes	O	O
:	O	O
0	O	O
Dislikes	O	O
:	O	O
0	O	O

Salary	O	O
:	O	O

Job	O	O
type	O	O
:	O	O

Experience	O	O
level	O	O
:	O	O

Industry	O	O
:	O	O

Company	O	O
size	O	O
:	O	O

Company	O	O
type	O	O
:	O	O

Technologies	O	O

qa	B	B
automation	B	B
testing	B	B

Job	O	O
description	O	O

Job	O	O
type	O	O

Full	O	O

Experience	O	O
level	O	O

Mid	O	O

Role	O	O

QA	O	O
/	O	O

Technologies	O	O

qa	B	B
automation	B	B
testing	B	B

Job	O	O
description	O	O

You	O	O
’	O	O
ll	O	O
be	O	O
working	O	B
to	O	I
build	O	I
out	O	O
QA	O	O
in	O	O
our	O	O
event	O	O

You	O	O
’	O	O
ll	O	O
have	O	O
an	O	O
opportunity	O	O
to	O	O
work	O	I
in	O	O
an	O	O
highly	O	I
flexible	O	I
and	O	I
adaptable	O	O
architecture	O	O
allowing	O	O
you	O	O
to	O	O
focus	B	B
on	I	I
delivering	I	I
real	O	I
quality	O	I
in	O	I
both	O	I
process	O	I
and	O	O

Responsibilities	O	O

Planning	B	B
test	I	I
activities	I	I
for	I	O
each	I	O
build	I	I
cycle	I	I
as	O	O
well	O	O
as	O	O
for	O	O
testing	B	B
client	I	I
configurations	I	I

Executing	O	B
those	O	O
activities	O	O

Reporting	B	B
the	I	O
results	I	I

Incorporating	B	B
that	I	I
testing	I	I
into	I	I
automation	I	I

Reporting	B	B
and	I	I
documenting	I	I
issues	I	I
found	I	I

Following	B	B
up	I	I
on	I	I
issues	I	I
raised	I	I

Your	O	O
Profile	O	O

To	O	O
be	O	O
successful	O	O

You	O	O
need	O	O
to	O	O
be	O	O
a	O	O
strong	O	O
communicator	B	B

You	O	O
can	O	O
connect	B	B
together	I	I
complex	I	I
issues	I	I

You	O	O
truly	O	O
appreciate	B	O
quality	I	O

Must	O	O

Minimum	O	O
of	O	O
3	O	O
years	O	O
of	O	O
testing	B	O
experience	O	O

Minimum	O	O
of	O	O
3	O	O
years	O	O
automation	B	B
experience	O	O

Worked	O	B
in	O	I
a	O	I
complex	B	I
system	I	I
(	O	O
nothing	O	O
simple	O	O
)	O	O
You	O	O
will	O	O
have	O	O
stronger	O	O
chances	O	O
if	O	O
you	O	O

You	O	O
can	O	O
code	B	O

Why	O	O
us?	O	O

Join	O	O
one	O	O
of	O	O
Europe	O	O
’	O	O
s	O	O

Work	O	O
in	O	O
the	O	O
architecture	O	O
everyone	O	O
talks	O	O
about	O	O
but	O	O
doesn	O	O
’	O	O

Work	O	O
in	O	O
the	O	O
heart	O	O
of	O	O
<	O	O
LOCATION	O	O
>	O	O
in	O	O
a	O	O
very	O	O

A	O	O
flat	O	O
hierarchy	O	O
where	O	O
you	O	O
will	O	O
have	O	O
direct	O	O
access	O	O
to	O	O
the	O	O
founders	O	O

A	O	O
high	O	O
degree	O	O
of	O	O
learning	O	O
and	O	O
ownership	O	O
in	O	O
a	O	O
dynamic	O	O
environment	O	O

We	O	O
live	O	O
diversity.	O	O

In	O	O
our	O	O
teams	O	O
we	O	O
bring	O	O
together	O	O
people	O	O
with	O	O
different	O	O
backgrounds	O	O
perspectives	O	O
and	O	O
skills	O	O

.	O	O

We	O	O
welcome	O	O
all	O	O
applications	O	O
–	O	O
regardless	O	O
of	O	O
gender	O	O
nationality	O	O
ethnic	O	O
and	O	O
social	O	O
origin	O	O
religion	O	O
/	O	O
belief	O	O
disability	O	O
age	O	O
sexual	O	O
orientation	O	O
and	O	O

Job	O	O
benefits	O	O
:	O	O

Company	O	O
description	O	O

Learn	O	O
more	O	O
about	O	O
our	O	O
solutions	O	O
here.	O	O

Get	O	O
to	O	O
know	O	O
the	O	O
team	O	O
here!	O	O

Automation	O	O
Test	O	O
Analyst	O	O

<	O	O
ORGANIZATION	O	O
>	O	O
<	O	O
ORGANIZATION	O	O

<	O	O
ADDRESS	O	O
>	O	O
<	O	O
ADDRESS	O	O

Date	O	O
posted	O	O
:	O	O

Likes	O	O
:	O	O
0	O	O
Dislikes	O	O
:	O	O
0	O	O

Salary	O	O
:	O	O

Job	O	O
type	O	O
:	O	O

Experience	O	O
level	O	O
:	O	O

Industry	O	O
:	B	B
Financial	I	I

Company	O	O
size	O	O
:	O	O

Company	O	O
type	O	O
:	O	O

Technologies	O	O

qa	B	O
python	B	B
automation	B	B

Job	O	O
description	O	O

Job	O	O
type	O	O

Full	O	O

Role	O	O

QA	O	O
/	O	O

Industry	O	O

Financial	B	B
Services	I	I

Company	O	O
size	O	O

10k	O	O
+	O	O

Company	O	O
type	O	O

Public	O	O

Technologies	O	O

qa	B	O
python	B	B
automation	B	B

Job	O	O
description	O	O

Candidates	O	O
will	O	O
be	O	O
expected	O	O
to	O	O
perform	O	B
both	O	I
Automation	B	I
and	O	I
Functional	B	I
Testing	I	I
for	O	O
our	O	O
Middle	O	O
office	O	O
platform	O	O
for	O	O
Futures	O	O
Options	O	O
and	O	O
OTC.	O	O

This	O	O
will	O	O
entail	O	O
regression	B	B
/	O	O
reconciliation	B	B
and	I	I
new	I	I
feature	O	I
testing	O	I
of	O	I
the	O	O
platform	O	O
during	B	B
both	I	I
Continuous	O	O
Delivery	O	B
and	O	I
Monthly	O	O
Release	O	O

The	O	O
role	O	O
requires	O	O
End	B	B
to	I	I
end	I	I
automated	I	I
testing	I	I
with	O	O
particular	O	O
focus	O	O
on	O	O
data	B	B
integrity	I	I
performance	B	I
and	O	O
presentation	B	B
quality.	I	I

The	O	O
role	O	O
will	O	O
require	O	O
proficiency	O	O
in	O	O
all	O	O
aspects	O	O
of	O	O
software	B	B
development	I	I
including	O	O

•	O	O
Ability	O	O
to	O	O
automate	B	B
end	I	I
to	I	I
end	I	I
test	I	I
requirements	I	I
using	O	O
Java	B	B

•	O	O
Schedule	B	B
and	I	I
Execute	I	I
regression	I	I
cycles	I	I
daily	O	I

•	O	O
Execution	B	B
of	I	I
Non	I	I
-	I	I
Functional	I	I
regression	O	O
testing	B	B
to	I	I
ensure	I	I
the	I	I
resiliency	I	I
and	I	I
performance	I	I
of	I	I

•	O	O
Understand	O	B
operational	B	I
processes	I	I
in	O	O
order	O	O
to	O	O
provide	B	B
solutions	I	I
which	O	O
improve	B	B
operational	I	I
efficiency	I	I

•	O	O
Experience	O	O
of	O	O
working	O	O
in	O	O
an	O	O
Agile	B	B
environment	O	I
participating	B	O
in	I	O
sprint	I	B
planning	I	I
backlog	I	B
refinement	I	I
and	O	O
retrospectives.	B	B

•	O	O
Ability	O	O
to	O	O
understand	O	B
and	O	I
use	O	I
efficient	O	I
Defect	B	I
management	I	I
regular	O	O
view	O	O
of	B	O
test	I	O
coverage	I	O
to	O	O
identify	B	B
gaps	I	I
and	O	O
provide	B	B
improvements	I	I

Personal	O	O
Specification	O	O

•	O	O
5	O	O
+	O	O
years	O	O
of	O	O
relevant	B	B
IT	I	I
/	O	O
quality	O	O

•	O	O
Bachelor	B	B
'	I	I
s	O	I
degree	B	I
in	I	I
Computer	O	O
Science	O	O
or	O	O
related	O	O
field	O	O
of	O	O
study	O	O
or	O	O
equivalent	O	O
relevant	O	O
experience	O	O
;	O	O
demonstrated	O	O
experience	B	B
within	I	I
the	O	O
quality	B	B
assurance	I	O
/	O	O
testing	O	O
arena	O	O
;	B	B
demonstrated	I	I
skills	I	I
in	O	I
quality	O	I
assurance	O	O

•	O	O
Lifecycle	B	B
principles	I	I
and	O	O
quality	B	B
assurance	I	I
processes	I	I
and	O	I
methodologies.	O	I

•	O	O
Hands	O	O

-	O	O
on	O	O
experience	O	O
with	O	O
automated	B	B
testing	I	I
using	O	O
Java.	B	B

Python	O	B

•	O	O
Knowledge	O	O
in	O	O
testing	B	B
of	I	I
Mainframe	I	I
and	O	I
batch	O	I
related	O	I
applications	O	I
is	O	O
preferred.	O	O

•	O	O
Very	O	O
good	O	O
understanding	O	O
of	O	O
test	B	B
automation	I	I
frameworks.	I	I

•	O	O
Must	O	O
have	O	O
excellent	O	O
verbal	O	B
and	O	I
written	O	I
skills	O	I
being	O	O
able	O	O
to	O	O
communicate	B	B
effectively	O	I
on	O	I
both	O	I
a	O	I
technical	O	I
and	O	I
business	O	I
level	O	I

•	O	O
Ability	O	O
to	O	O
work	B	B
under	I	I
pressure	I	I
to	O	O
resolve	B	B
issues	I	I
affecting	I	I
the	I	I
production	I	I
services.	I	I

•	O	O
Must	O	O
have	O	O
excellent	O	O
work	O	B
ethic	O	I
and	O	O
be	O	O
detail	B	B
oriented	I	I
and	O	O
be	O	O
able	O	O
to	O	O
work	B	B
independently.	I	I

Technical	O	O
Skills	O	O

•	O	O
Core	B	B
Java.	I	I

•	O	O
Basic	O	O
UNIX	B	B
scripting.	I	I

•	O	O
SQL	B	B
knowledge.	O	O

•	O	O
Continuous	B	B
Integration	I	I
(	I	I
CI	I	I
)	I	I
exposure	O	O
to	O	O
GIT	B	B
Jenkins,	B	B

•	O	O
Mainframe	B	B
/	I	I
IBM	O	O
iSeries	O	O
exposure	O	O
is	O	O
advantageous	O	O
as	O	O
we	O	O
will	O	O
deal	B	B
with	I	B
iSeries	I	I
Menu	I	I
/	O	I

•	O	O
Ability	O	O
to	O	O
read	B	B
/	I	I
publish	I	I
on	O	I

<	O	O
ORGANIZATION	O	O

<	O	O
ORGANIZATION	O	O
>	O	O
is	O	O
a	O	O
global	O	O
leader	O	O
in	O	O
financial	O	O
services	O	O
providing	O	O
strategic	O	O
advice	O	O
and	O	O
products	O	O
to	O	O
the	O	O
world	O	O
'	O	O
s	O	O
most	O	O
prominent	O	O
corporations	O	O
governments	O	O
wealthy	O	O
individuals	O	O

Our	O	O
first	O	O
-	O	O
class	O	O
business	O	O
in	O	O
a	O	O
first	O	O
-	O	O
class	O	O
way	O	O
approach	O	O
to	O	O
serving	O	O
clients	O	O
drives	O	O

We	O	O
strive	O	O
to	O	O
build	O	O
trusted	O	O
long	O	O
-	O	O
term	O	O
partnerships	O	O
to	O	O
help	O	O
our	O	O
clients	O	O
achieve	O	O
their	O	O
business	O	O

We	O	O
recognize	O	O
that	O	O
our	O	O
people	O	O
are	O	O
our	O	O
strength	O	O
and	O	O
the	O	O
diverse	O	O
talents	O	O
they	O	O
bring	O	O
to	O	O
our	O	O
global	O	O
workforce	O	O
are	O	O
directly	O	O
linked	O	O
to	O	O
our	O	O
success.	O	O

We	O	O
are	O	O
an	O	O
equal	O	O
opportunity	O	O
employer	O	O
and	O	O
place	O	O
a	O	O
high	O	O
value	O	O
on	O	O
diversity	O	O
and	O	O
inclusion	O	O
at	O	O
our	O	O
company.	O	O

We	O	O
do	O	O
not	O	O
discriminate	O	O
on	O	O
the	O	O
basis	O	O
of	O	O
any	O	O
protected	O	O
attribute	O	O
including	O	O
race	O	O
religion	O	O
color	O	O
national	O	O
origin	O	O
gender	O	O
sexual	O	O
orientation	O	O
gender	O	O
identity	O	O
gender	O	O
expression	O	O
age	O	O
marital	O	O
or	O	O
veteran	O	O
status	O	O
pregnancy	O	O
or	O	O
disability	O	O
or	O	O
any	O	O
other	O	O
basis	O	O
protected	O	O
under	O	O
applicable	O	O
law.	O	O

In	O	O
accordance	O	O
with	O	O
applicable	O	O
law	O	O
we	O	O
make	O	O
reasonable	O	O
accommodations	O	O
for	O	O
applicants	O	O
'	O	O
and	O	O
employees	O	O
'	O	O
religious	O	O
practices	O	O
and	O	O
beliefs	O	O
as	O	O
well	O	O
as	O	O
any	O	O
mental	O	O
health	O	O
or	O	O
physical	O	O
disability	O	O

Job	O	O
benefits	O	O

Healthcare	O	O
and	O	O
Insurance	O	O
Plans	O	O

Wellness	O	O
Programs	O	O

Maternity	O	O
and	O	O
Paternity	O	O
Leave	O	O
Adoption	O	O
Assistance	O	O

Retirement	O	O
Savings	O	O
Programs	O	O

Paid	O	O
Time	O	O
Off	O	O

Tuition	O	O
Assistance	O	O

Access	O	O
to	O	O
Arts	O	O
and	O	O
Entertainment	O	O
Program	O	O

Stock	O	O
Purchase	O	O
Plan	O	O

Charitable	O	O
Contribution	O	O
Matching	O	O

Learning	O	O
&	O	O
Development	O	O
Resources	O	O

Company	O	O
description	O	O

<	O	O

Cloud	O	O
DevOps	O	O
Engineer	O	O

<	O	O
ORGANIZATION	O	O
>	O	O
<	O	O
ORGANIZATION	O	O

<	O	O
ADDRESS	O	O
>	O	O
<	O	O
ADDRESS	O	O

Date	O	O
posted	O	O
:	O	O

Likes	O	O
:	O	O
0	O	O
Dislikes	O	O
:	O	O
0	O	O

Salary	O	O
:	O	O

Job	O	O
type	O	O
:	O	O

Experience	O	O
level	O	O
:	O	O

Industry	O	O
:	B	B
Financial	I	I

Company	O	O
size	O	O
:	O	O

Company	O	O
type	O	O
:	O	O

Technologies	O	O

cloud	B	B
java	B	B
amazon	B	B

Job	O	O
description	O	O

Job	O	O
type	O	O

Full	O	O

Role	O	O

DevOps	O	O

Industry	O	O

Financial	B	B
Services	I	I

Company	O	O
size	O	O

10k	O	O
+	O	O

Company	O	O
type	O	O

Public	O	O

Technologies	O	O

cloud	B	B
java	B	B
amazon	B	B

Job	O	O
description	O	O

As	O	O
a	O	O
member	O	O
of	O	O
our	O	O
<	O	O
ORGANIZATION	O	O
>	O	O
<	O	O
ORGANIZATION	O	O
>	O	O
<	O	O
ORGANIZATION	O	O
>	O	O
we	O	O
look	O	O
first	O	O
and	O	O
foremost	O	O
for	B	B
people	I	I
who	I	I
are	O	I
passionate	B	I
about	I	I
solving	I	I
business	I	I
problems	O	O

You	O	O
'	O	O
ll	O	O
be	O	O
required	B	B
to	I	I
apply	I	I
your	I	I
depth	I	I
of	I	I
knowledge	I	I
and	O	O
expertise	O	O
to	O	O
all	O	O
aspects	O	O
of	B	O
the	I	O
software	I	O
development	O	O
lifecycle	O	O
as	O	O
well	B	B
as	I	I
partner	I	I
continuously	I	I
with	I	I
your	I	I
many	O	O
stakeholders	O	O
on	O	O
a	O	O
daily	O	O
basis	B	O
to	I	O
stay	I	O
focused	I	O
on	I	O
common	O	O

We	O	O
embrace	O	O
a	O	O
culture	O	O
of	O	O
experimentation	O	O
and	O	O
constantly	O	O
strive	O	O
for	O	O
improvement	O	O
and	O	O
learning.	O	O

You	O	O
'	O	O
ll	O	O
work	O	O
in	O	O
a	O	O
collaborative	O	O
trusting	O	O
thought	O	O
-	O	O
provoking	O	O
environment	O	O
-	O	O
one	O	O
that	O	O
encourages	O	O
diversity	O	O
of	O	O
thought	O	O
and	O	O
creative	O	O
solutions	O	O
that	O	O
are	O	O
in	O	O
the	O	O
best	O	O

This	O	O
role	O	O
requires	O	O
a	O	O
variety	O	O
of	O	O
strengths	O	O
and	O	O
capabilities	O	O
including	O	O

*	O	O
BS	B	B
/	I	I
BA	O	O
degree	O	O
or	O	O

*	O	O
Hands	O	O
-	O	O
on	O	O
experience	B	B
in	I	I
Core	B	B
Java	I	I
Spring	O	O
Boot	B	B

*	O	O
Experience	O	O
with	O	O
cloud	O	B
technologies	O	I
such	O	O
as	O	O
AWS	B	B
and	O	O
Kubernetes	B	B

*	O	O
Experience	O	O
with	O	O
Docker	B	B
or	O	O
similar	O	O
container	O	O
technologies	O	O

*	O	O

Experience	O	O
with	O	O
cloud	O	B
deployment	O	I
tools	O	I
like	O	O
Spinnaker	B	B
is	O	O
beneficial	O	O

*	O	O
Knowledge	O	O
of	O	O
best	O	B
practices	O	I
in	O	I
DevOps	B	I
and	O	I
CI	B	I
/	I	I

*	O	O

Advanced	O	O
knowledge	O	O
of	O	O
application	B	B
data	I	I
and	I	I
infrastructure	I	I
architecture	I	I
disciplines	I	O

*	O	O
Knowledge	O	O
of	O	O
industry	B	B
-	I	I
wide	I	I
technology	I	I
trends	I	I
and	I	I

*	O	O
Ability	O	O
to	O	O
work	B	B
in	I	I
large	I	I
collaborative	I	I
teams	I	I
to	O	O
achieve	B	O
organizational	I	O
goals	I	O

*	O	O
Passionate	O	O
about	O	O
building	B	B
an	I	I
innovative	I	I
culture	I	I

*	O	O
Proficiency	O	O
in	O	O
one	O	O
or	O	O
more	O	O
modern	O	B
programming	O	I
languages	O	I

*	O	O
Understanding	O	O
of	O	O
software	O	O
skills	O	O
such	O	O
as	O	O
business	B	B
analysis	I	I
development	B	B
maintenance	B	B
and	O	O
software	B	B
improvement	I	I

<	O	O
ORGANIZATION	O	O

<	O	O
ORGANIZATION	O	O
>	O	O
is	O	O
a	O	O
global	O	O
leader	O	O
in	O	O
financial	O	O
services	O	O
providing	O	O
strategic	O	O
advice	O	O
and	O	O
products	O	O
to	O	O
the	O	O
world	O	O
'	O	O
s	O	O
most	O	O
prominent	O	O
corporations	O	O
governments	O	O
wealthy	O	O
individuals	O	O

Our	O	O
first	O	O
-	O	O
class	O	O
business	O	O
in	O	O
a	O	O
first	O	O
-	O	O
class	O	O
way	O	O
approach	O	O
to	O	O
serving	O	O
clients	O	O
drives	O	O

We	O	O
strive	O	O
to	O	O
build	O	O
trusted	O	O
long	O	O
-	O	O
term	O	O
partnerships	O	O
to	O	O
help	O	O
our	O	O
clients	O	O
achieve	O	O
their	O	O
business	O	O

We	O	O
recognize	O	O
that	O	O
our	O	O
people	O	O
are	O	O
our	O	O
strength	O	O
and	O	O
the	O	O
diverse	O	O
talents	O	O
they	O	O
bring	O	O
to	O	O
our	O	O
global	O	O
workforce	O	O
are	O	O
directly	O	O
linked	O	O
to	O	O
our	O	O
success.	O	O

We	O	O
are	O	O
an	O	O
equal	O	O
opportunity	O	O
employer	O	O
and	O	O
place	O	O
a	O	O
high	O	O
value	O	O
on	O	O
diversity	O	O
and	O	O
inclusion	O	O
at	O	O
our	O	O
company.	O	O

We	O	O
do	O	O
not	O	O
discriminate	O	O
on	O	O
the	O	O
basis	O	O
of	O	O
any	O	O
protected	O	O
attribute	O	O
including	O	O
race	O	O
religion	O	O
color	O	O
national	O	O
origin	O	O
gender	O	O
sexual	O	O
orientation	O	O
gender	O	O
identity	O	O
gender	O	O
expression	O	O
age	O	O
marital	O	O
or	O	O
veteran	O	O
status	O	O
pregnancy	O	O
or	O	O
disability	O	O
or	O	O
any	O	O
other	O	O
basis	O	O
protected	O	O
under	O	O
applicable	O	O
law.	O	O

In	O	O
accordance	O	O
with	O	O
applicable	O	O
law	O	O
we	O	O
make	O	O
reasonable	O	O
accommodations	O	O
for	O	O
applicants	O	O
'	O	O
and	O	O
employees	O	O
'	O	O
religious	O	O
practices	O	O
and	O	O
beliefs	O	O
as	O	O
well	O	O
as	O	O
any	O	O
mental	O	O
health	O	O
or	O	O
physical	O	O
disability	O	O

Job	O	O
benefits	O	O

Healthcare	O	O
and	O	O
Insurance	O	O
Plans	O	O

Wellness	O	O
Programs	O	O

Maternity	O	O
and	O	O
Paternity	O	O
Leave	O	O
Adoption	O	O
Assistance	O	O

Retirement	O	O
Savings	O	O
Programs	O	O

Paid	O	O
Time	O	O
Off	O	O

Tuition	O	O
Assistance	O	O

Access	O	O
to	O	O
Arts	O	O
and	O	O
Entertainment	O	O
Program	O	O

Stock	O	O
Purchase	O	O
Plan	O	O

Charitable	O	O
Contribution	O	O
Matching	O	O

Learning	O	O
&	O	O
Development	O	O
Resources	O	O

Company	O	O
description	O	O

<	O	O

Node.	O	O
js	O	O
Backend	O	O
Engineer	O	O
(	O	O
m	O	O
/	O	O

<	O	O
ADDRESS	O	O
>	O	O
<	O	O
ADDRESS	O	O

Date	O	O
posted	O	O
:	O	O

Likes	O	O
:	O	O
0	O	O
Dislikes	O	O
:	O	O
0	O	O

Salary	O	O
:	O	O

Job	O	O
type	O	O
:	O	O

Experience	O	O
level	O	O
:	O	O
Mid	O	O

Industry	O	O
:	B	B
Artificial	I	I
Intelligence	B	B
Machine	I	I
Learning	B	I

Company	O	O
size	O	O
:	O	O

Company	O	O
type	O	O
:	O	O

Technologies	O	O

node.	B	B
js	B	B
javascript	B	B

Job	O	O
description	O	O

Location	O	O
options	O	O

Paid	O	O
relocation	O	O

Job	O	O
type	O	O

Full	O	O

Experience	O	O
level	O	O

Mid	O	O
-	O	O

Role	O	O

Backend	O	O
Developer	O	O

Industry	O	O

Artificial	B	B
Intelligence	I	I
Machine	B	B
Learning	I	I
Translation	B	B

Company	O	O
size	O	O

51	O	O
–	O	O

Company	O	O
type	O	O

Private	O	O

Technologies	O	O

node.	B	B
js	B	B
javascript	B	B

Job	O	O
description	O	O

YOUR	O	O
MISSION	O	O

As	O	O
a	O	O
Backend	O	O
Engineer	O	O
you	O	O
will	O	O
be	O	O
working	O	O
with	O	O
a	O	O
dynamic	O	O
international	O	O
tech	O	O
team	O	O
based	O	O
in	O	O
<	O	O
LOCATION	O	O
>	O	O
that	O	O
has	O	O
been	O	O
operational	O	O
for	O	O
the	O	O
last	O	O
2	O	O

Your	O	O
mission	O	O
is	O	O
to	O	O
design	B	B
and	I	I
develop	I	I
a	I	I
micro	I	I
-	I	I
service	O	O
architecture	O	O
that	O	O
integrates	O	O
at	O	O
its	O	O
core	O	O
the	O	O
best	O	O
engineering	O	O
practises	O	O
and	O	O
the	O	O
latest	O	O
generation	O	O
of	O	O
machine	O	O
translation	O	O

YOUR	O	O
RESPONSIBILITIES	O	O

Gather	B	B
understand	I	I
and	I	I
prioritize	I	I
requirements	I	I
research	B	B
potential	I	I
solutions	I	I
rapidly	B	O
build	I	B
prototypes	I	I
and	O	O
distill	B	B
and	I	I
communicate	I	I
what	I	I
was	I	I
learned	I	I
expected	I	I
risks	I	I
necessary	I	I
resources	I	I
and	O	I
potential	O	I
security	B	I
concerns.	I	I

Provide	B	B
high	I	I
-	I	I
level	I	I
technical	B	I
design	I	I
strategy	I	I
roadmap	O	I
development	B	I
and	I	I
technical	O	O
architecture	O	O
related	O	O
to	O	O
our	O	O
existing	O	O
and	O	O
new	O	O
services	O	O
and	O	O
related	O	O
infrastructure	O	O
used	O	O
by	O	O
our	O	O
front	O	O

Assure	B	B
that	I	I
our	I	I
architectures	I	I
are	I	I
consistent	I	I
with	O	O
industry	B	O
best	I	I
practices	I	I
including	O	O
scalability	B	B
availability	B	B
maintainability	B	B
and	O	I
flexibility.	B	O

Communicate	B	B
strategies	I	I
and	I	I
processes	I	I
around	O	O
our	O	O
services	O	O
to	O	O
cross	O	O
-	O	O
functional	O	O

Hack	O	O
or	O	O
learn	O	O
whatever	O	O
you	O	O
want	O	O
during	O	O
bi	O	O
-	O	O
weekly	O	O
learning	O	O

Helping	O	O
us	O	O
to	O	O
select	B	O
the	I	O
best	I	O
talent	I	O
to	I	O
join	I	O
us	O	O
in	O	O
our	O	O
Product	O	O
Team	O	O
(	O	O
code	O	O
reviews	O	O
and	O	O
participation	O	O
in	O	O
interviews	O	O
).	O	O

Onboard	B	B
new	I	I
colleagues.	I	O

YOUR	O	O
PROFILE	O	O

You	O	O
are	O	O
an	O	O
experienced	O	O
software	O	O
engineer	O	O
with	O	O
3	O	O
+	O	O
years	O	O
of	O	O
experience.	O	O

You	O	O
have	O	O
professional	O	O
working	O	O
experience	O	O
as	O	O
a	O	O
software	O	O
engineer	O	O
using	O	O
Javascript	B	B
/	O	O
TypeScript	B	B
/	O	O
Node.	B	B
js	O	O
/	B	B
NestJS	O	O
and	O	O
in	B	B
writing	I	I
highly	I	I
tested	I	I
software	O	O
(	B	B
unit	I	I
testing	B	B
integration	I	I
testing	O	O

You	O	O
have	O	O
experience	O	O
defining	B	B
and	I	I
modelling	I	I
a	I	I
consumable	I	I
API.	I	I

You	O	O
work	B	B
autonomously	I	I
are	O	O
energized	B	B
by	I	I
missions	I	I
and	I	I
goals	I	I
more	O	O
than	O	O
a	O	O
specific	O	O
list	O	O
of	O	O
tasks.	O	O

Experienced	O	O
in	O	O
designing	B	B
analyzing	B	I
optimising	B	I
code	I	I
and	O	O
troubleshooting	B	B
large	I	I
-	I	I
scale	I	I
distributed	O	O

WHY	O	O
US?	O	O

A	O	O
fast	O	O
-	O	O
growing	O	O
startup	O	O
which	O	O
is	O	O
financially	O	O
secured	O	O
by	O	O
EU	O	O
research	O	O
grants	O	O
and	O	O
well	O	O
-	O	O
known	O	O
investors	O	O
and	O	O
already	O	O
serves	O	O
more	O	O
than	O	O

The	O	O
opportunity	O	O
to	O	O
contribute	O	O
to	O	O
cutting	O	O
edge	O	O
developments	O	O
in	O	O
the	O	O
field	O	O
of	O	O
machine	O	B
learning.	O	I

Regular	O	O
feedback	O	O
and	O	O
check	O	O
-	O	O
ins	O	O
on	O	O
your	O	O

Flexible	O	O
work	O	O
environment.	O	O

A	O	O
modern	O	O
office	O	O
in	O	O
the	O	O
heart	O	O
of	O	O
<	O	O
LOCATION	O	O
>	O	O
with	O	O
lots	O	O
of	O	O
bars	O	O
and	O	O
restaurants	O	O

Outstanding	O	O
team	O	O
atmosphere	O	O
through	O	O
regular	O	O
team	O	O
events	O	O
hackathons	O	O
and	O	O
lunches.	O	O

Development	O	O
opportunities	O	O
through	O	O
conferences	O	O
and	O	O
own	O	O
learning	O	O
time	O	O
slots.	O	O

Subsidized	O	O
gym	O	O
membership	O	O
(	O	O
Urban	O	O
Sports	O	O
Club	O	O
)	O	O
free	O	O
breakfast	O	O
coffee	O	O
drinks	O	O
fruits	O	O
and	O	O
dinner	O	O
(	O	O
after	O	O
8	O	O
pm	O	O

We	O	O
give	O	O
you	O	O
one	O	O
additional	O	O
day	O	O
of	O	O
vacation	O	O
both	O	O
24.	O	O
12	O	O
and	O	O
31.	O	O

are	O	O
half	O	O
day	O	O
off	O	O

Job	O	O
benefits	O	O

Regular	O	O
feedback	O	O
and	O	O
check	O	O
-	O	O
ins	O	O
on	O	O

Flexible	O	O
work	O	O
environment	O	O

Office	O	O
in	O	O
the	O	O
heart	O	O
of	O	O
<	O	O
LOCATION	O	O
>	O	O
with	O	O
lots	O	O
of	O	O
bars	O	O
and	O	O

Team	O	O
events	O	O
hackathons	O	O
and	O	O
lunches	O	O

Subsidized	O	O
gym	O	O
membership	O	O

Free	O	O
breakfast	O	O
coffee	O	O
drinks	O	O
fruits	O	O
and	O	O
dinner	O	O
(	O	O
after	O	O
8	O	O
pm	O	O
)	O	O
Additional	O	O
day	O	O
of	O	O
vacation	O	O
both	O	O
24.	O	O
12	O	O
and	O	O
31.	O	O

are	O	O
half	O	O
day	O	O
off	O	O

Company	O	O
description	O	O

<	O	O
ORGANIZATION	O	O
>	O	O
makes	O	O
AI	O	O
work	O	O
for	O	O

As	O	O
a	O	O
language	O	O
tech	O	O
company	O	O
we	O	O
supercharge	O	O
human	O	O
translators	O	O
with	O	O
AI	O	O
technology.	O	O

We	O	O
custom	O	O
-	O	O
train	O	O
neural	O	O
machine	O	O
translation	O	O
systems	O	O
for	O	O
our	O	O
clients	O	O
using	O	O
their	O	O
own	O	O

Our	O	O
language	O	O
models	O	O
learn	O	O
all	O	O
about	O	O
the	O	O
enterprise	O	O
’	O	O
s	O	O
individual	O	O
way	O	O
to	O	O
communicate	O	O
and	O	O
produce	O	O
high	O	O
-	O	O

The	O	O
feedback	O	O
of	O	O
human	O	O
translators	O	O
constantly	O	O
improves	O	O
our	O	O
language	O	O
models	O	O
and	O	O
allows	O	O
us	O	O
to	O	O
provide	O	O
professional	O	O
translations	O	O
3	O	O
times	O	O
faster	O	O
and	O	O
50	O	O
%	O	O
cheaper	O	O
than	O	O
average.	O	O

We	O	O
support	O	O
global	O	O
enterprises	O	O
like	O	O
the	O	O
car	O	O
rental	O	O
company	O	O
Sixt	O	O
Swiss	O	O
telecommunication	O	O
provider	O	O
Sunrise	O	O
Communications	O	O
or	O	O
French	O	O
tire	O	O
manufacturer	O	O
<	O	O
ORGANIZATION	O	O

Join	O	O
our	O	O
fast	O	O
-	O	O
growing	O	O
international	O	O
team	O	O
and	O	O
let	O	O
’	O	O
s	O	O
shape	O	O
the	O	O

SENIOR	O	O
PYHTON	O	O
DEVELOPER	O	O

<	O	O

<	O	O
LOCATION	O	O
>	O	O
<	O	O
LOCATION	O	O
>	O	O

Date	O	O
posted	O	O
:	O	O

Likes	O	O
:	O	O
0	O	O
Dislikes	O	O
:	O	O
0	O	O

Salary	O	O
:	O	O

Job	O	O
type	O	O
:	O	O

Experience	O	O
level	O	O
:	O	O

Industry	O	O
:	O	O

Company	O	O
size	O	O
:	O	O

Company	O	O
type	O	O
:	O	O

Technologies	O	O

python	B	B
django	B	B
docker	B	B
orm	B	O
sqlalchemy	B	B

Job	O	O
description	O	O

Job	O	O
type	O	O

Full	O	O

Experience	O	O
level	O	O

Senior	O	O

Technologies	O	O

python	B	B
django	B	B
docker	B	B
orm	B	O
sqlalchemy	B	B

Job	O	O
description	O	O

Start	O	O
:	O	O
As	O	O
soon	O	O
as	O	O

Location	O	O
:	O	O
<	O	O
LOCATION	O	O

THE	O	O
<	O	O
ORGANIZATION	O	O
>	O	O
TECHNOLOGY	O	O
TEAM	O	O
&	O	O

Nice	O	O
to	O	O
meet	O	O
you!	O	O

A	O	O
quick	O	O
introduction	O	O
on	O	O
who	O	O
we	O	O
are	O	O
:	O	O
<	O	O
ORGANIZATION	O	O
>	O	O
is	O	O
a	O	O
fast	O	O
-	O	O
growing	O	O
start	O	O
-	O	O
up	O	O
in	O	O
<	O	O
LOCATION	O	O
>	O	O
<	O	O
LOCATION	O	O
>	O	O
who	O	O

The	O	O
product?	O	O

An	O	O
intelligent	O	O
fridge	O	O
that	O	O
is	O	O
placed	O	O
in	O	O
over	O	O
500	O	O
companies	O	O
where	O	O
employees	O	O
can	O	O
purchase	O	O
food	O	O
from	O	O
the	O	O
best	O	O
local	O	O
chefs	O	O
via	O	O
an	O	O
app	O	O
or	O	O
badge.	O	O

An	O	O
awesome	O	O
customer	O	O
journey	O	O
and	O	O
the	O	O
freshness	O	O
of	O	O
the	O	O
food	O	O
differentiate	O	O
it	O	O
from	O	O
a	O	O
traditional	O	O
vending	O	O
machine	O	O
(	O	O
see	O	O
picture	O	O
on	O	O
<	O	O
CONTACT	O	O

Today	O	O
we	O	O
are	O	O
100	O	O
employees	O	O
with	O	O
a	O	O
strong	O	O
vision	O	O
on	O	O
how	O	O
to	O	O
grow	O	O
and	O	O
make	O	O
life	O	O
better	O	O
at	O	O
the	O	O
office	O	O
particularly	O	O
with	O	O
strong	O	O
technology	O	O
involved.	O	O

<	O	O
ORGANIZATION	O	O
>	O	O
13	O	O
engineers	O	O
develop	O	O
the	O	O
next	O	O
-	O	O
generation	O	O
technologies	O	O
that	O	O
change	O	O
how	O	O
thousands	O	O
of	O	O
users	O	O
consume	O	O

Our	O	O
product	O	O
needs	O	O
to	O	O
handle	O	O
information	O	O
at	O	O
massive	O	O
scale	O	O
and	O	O
make	O	O
sure	O	O
over	O	O
50	O	O
’	O	O
000	O	O
people	O	O
get	O	O
their	O	O
meal	O	O
of	O	O
choice	O	O
at	O	O
any	O	O
time	O	O
of	O	O
the	O	O

Your	O	O
impact	O	O
will	O	O
have	O	O
no	O	O
limit	O	O
:	O	O
together	O	O
with	O	O
our	O	O
CTO	O	O
and	O	O
our	O	O
founder	O	O
<	O	O
NAME	O	O
>	O	O
and	O	O
the	O	O
management	O	O
team	O	O
you	O	O
will	O	O
build	O	O
the	O	O
ground	O	O
for	O	O
our	O	O
growth	O	O
in	O	O
the	O	O
coming	O	O
years	O	O
and	O	O
make	O	O
sure	O	O
our	O	O
customers	O	O
have	O	O
an	O	O
awesome	O	O
experience	O	O

OUR	O	O
TECH	O	O
STACK	O	O

Our	O	O
main	O	O
backends	O	O
are	O	O
written	O	O
in	O	O
C	O	O
#	O	O
/.	O	O
NET	O	O
and	O	O
Python	O	O
3	O	O
using	O	O
the	O	O
Django	O	O
library	O	O
(	O	O
for	O	O
web	O	O
app	O	O
and	O	O
ORM	O	O
).	O	O

We	O	O
have	O	O
a	O	O
diverse	O	O
microservices	O	O
landscape	O	O
which	O	O
are	O	O
written	O	O
in	O	O
Python	O	O
3	O	O
and	O	O
are	O	O
using	O	O
flask	O	O
+	O	O
SQLalchemy	O	O
as	O	O
well	O	O
as	O	O
Django.	O	O

Our	O	O
fridges	O	O
are	O	O
running	O	O
on	O	O
a	O	O
custom	O	O
Android	O	O
board	O	O
running	O	O
an	O	O
Android	O	O
application	O	O
to	O	O
serve	O	O
the	O	O
POS	O	O
user	O	O
interface.	O	O

It	O	O
interfaces	O	O
with	O	O
various	O	O
peripherals	O	O
via	O	O
USB	O	O
and	O	O
GPIO	O	B
(	O	O
temperature	O	O
sensor	O	O
NFC	O	O
reader	O	O
door	O	O
lock	O	O
).	O	O

We	O	O
run	O	O
on	O	O
Azure	O	B
/	O	O
Docker	O	O
/	O	O
Kubernetes	O	O
and	O	O
configure	O	O
and	O	O
auto	O	O
-	O	O
deploy	O	O
our	O	O

Data	O	O
is	O	O
stored	O	O
in	O	O
Postgres	O	O
and	O	O
SQL	O	B
Server	O	I
and	O	O
we	O	O
use	O	O
various	O	O
queuing	O	O
/	O	O
messaging	O	O
tools	O	O
(	O	O
Pusher	O	O
RabbitMQ	O	O

For	O	O
analytics	O	O
and	O	O
BI	O	O
we	O	O
rely	O	O
on	O	O
Tableau	O	O
and	O	O
use	O	O

<	O	O
CONTACT	O	O
>	O	O
’	O	O
s	O	O
ELK	O	O
stack	O	O
to	O	O
analyze	O	O
our	O	O
application	O	O
logs	O	O

THE	O	O
CHALLENGE	O	O
/	O	O
YOUR	O	O
ROLE	O	O

Lead	B	B
the	I	I
design	I	I
&	I	I
implementation	I	I
of	O	O
our	O	O
core	O	O
back	B	O
-	I	O
end	O	O
services	O	O
which	O	O
allow	O	O
us	O	O
to	O	O
manage	O	O
the	O	O
inventory	O	O
of	O	O
all	O	O
our	O	O
fridges	O	O
in	O	O
real	O	B
time	O	I
orchestrate	O	I
the	O	I
fresh	O	I
supply	O	O
chain	O	O
and	O	O
sell	O	O
products	O	O
to	O	O
our	O	O
end	O	O

Every	O	O
of	O	O
the	O	O
500	O	O
fridges	O	O
is	O	O
stocked	O	O
daily	O	O
with	O	O
approximately	O	O
50	O	O
different	O	O
products	O	O
with	O	O
different	O	O
shelf	O	O
life.	O	O

Drive	B	B
the	I	I
implementation	I	I
of	I	I
new	I	I
forecasting	I	I
algorithms	I	I
and	I	I
tooling	I	I
which	O	O
improve	O	B
decision	O	O
making	O	O
for	O	O
the	O	O
Revenue	O	O
Management	O	O
team.	O	O

In	O	O
other	O	O
words	O	O
you	O	O
are	O	O
building	O	B
the	O	I
tooling	O	I
to	O	O
make	O	O
sure	O	O
our	O	O
customers	O	O
have	O	O
the	O	O
‘	O	O
perfect	O	O
’	O	O
amount	O	O
of	O	O
food	O	O
with	O	O
a	O	O
low	O	O
amount	O	O
of	O	O
food	O	O

High	O	O
availability	O	O
:	O	O
our	O	O
systems	O	O
run	O	O
all	O	O
day	O	O
-	O	O
you	O	O
take	B	I
responsibility	I	I
for	I	I
live	I	I
productions	I	I
systems	O	O
with	O	O
24x7	O	O
uptime.	O	O

Perform	B	B
developer	I	I
tests	I	I
on	O	I
your	O	I
own	O	I
code	O	I
and	O	O
peer	B	B
code	I	I
reviews	I	I
as	O	O
well	O	O
as	O	O
prepare	B	B
strong	I	I
documentation	I	I
of	O	I
your	O	I
work.	O	I

Develop	B	B
tools	I	I
for	O	O
our	O	O
internal	O	O
teams	O	O
(	O	O
sales	O	O
support	O	O
operations	O	O
finance	O	O
)	O	O
to	O	O
help	O	O
run	O	O
the	O	I
business	O	O
more	O	O
efficiently.	O	O

Continuously	O	B
improve	B	I
and	I	I
maintain	I	I
components	I	I
&	I	I
systems	I	I
to	O	O
ensure	O	B
its	O	O
functionality	O	I
scalability	O	I
uptime	O	I
and	O	I
security.	O	I

YOUR	O	O
TECHNOLOGY	O	O
SKILLS	O	O

Python	B	O
is	O	O
your	O	O
language	O	O
-	O	O
you	O	O
are	O	O
an	O	O
experienced	O	O
software	O	O
developer	O	O
with	O	O
broad	O	O
back	B	B
-	I	I
end	O	O

Strong	O	O
familiarity	O	O
with	O	O
database	B	B
structures	I	I
webapp	B	B
design	I	I
in	O	O
Python	B	B
and	O	O
ORMs	B	B
(	O	O
Django	B	B
ORM	B	B
SQLAlchemy	B	B
)	I	I
and	O	O
can	O	O
adapt	O	O
them	O	O
as	O	O
required	O	O

Significant	O	O
experience	O	O
designing	B	B
&	I	I
implementing	I	I
distributed	I	I
system	I	I
architectures	I	I
and	I	I
APIs	I	I

You	O	O
can	O	O
work	O	O
with	O	O
docker	B	B
to	O	O
deploy	B	B
your	I	I
applications	I	I

Probably	O	O
a	O	O
university	O	B
degree	O	I
in	O	I
Computer	B	I
Engineering	I	I
or	O	O
equivalent.	O	O

WHAT	O	O
ELSE	O	O
WE	O	O
WISH	O	O
FOR	O	O

Manage	B	B
individual	I	I
priorities	I	I
deadlines	I	I
and	I	I
deliverables	I	I

Contribute	B	B
to	I	I
engineering	I	I
efforts	I	I
from	O	O
planning	O	B
and	O	O
organization	O	B
to	O	O
execution	O	B
and	O	O
delivery	O	B
to	O	O
solve	B	B
complex	I	I
engineering	I	I
problems	I	I

A	O	O
serious	O	O
get	B	B
-	I	O

Improvement	O	O
is	O	O
part	O	O
of	O	O
your	O	O
routine.	O	O

You	O	O
identify	B	B
shortcomings	I	I
quickly	I	I
and	O	O
own	O	O
the	O	O
process	O	O
to	O	O
making	O	O
them	O	O
better	O	O

Affinity	O	O
for	O	O
statistical	B	B
modeling	I	I
and	O	I
optimization	B	I
problems	I	I

Openness	O	O
to	O	O
work	B	B
with	I	I
many	I	I
different	I	I
stakeholders	I	I
in	O	I
the	O	I
organization	O	O

You	O	O
are	O	O
fluent	O	O
in	O	O
written	O	O
and	O	O
spoken	O	O
English	B	B

You	O	O
never	O	O
smell	O	O
like	O	O
cigarettes	O	O
and	O	O
don	O	O
’	O	O
t	O	O
smoke	O	O
during	O	O
the	O	O
day	O	O
:	O	O
<	O	O
ORGANIZATION	O	O

<	B	O
LOCATION	I	O
>	I	O
or	I	O
<	I	O
LOCATION	O	O
>	O	O
work	O	O

WHAT	O	O
WE	O	O
OFFER	O	O

Lots	O	O
of	O	O
good	O	O
(	O	O
like	O	O
really	O	O
good	O	O
;	O	O
)	O	O
)	O	O

:	O	O
Just	O	O
steps	O	O
away	O	O
from	O	O
your	O	O
desk	O	O
–	O	O
we	O	O
make	O	O
all	O	O
food	O	O
dreams	O	O
come	O	O
true...	O	O

Barista	O	O

:	O	O
Our	O	O
office	O	O
barista	O	O
makes	O	O
fresh	O	O
coffee	O	O
&	O	O
tea	O	O
for	O	O
the	O	O
whole	O	O
team	O	O
every	O	O
day	O	O
:	O	O
be	O	O
it	O	O
Cappuccino	O	O
Americano	O	O
Espresso	O	O
Chai	O	O
or	O	O
Matcha	O	O
–	O	O
whatever	O	O
you	O	O
prefer	O	O
the	O	O

Holidays	O	O

Enjoy	O	O
5	O	O
weeks	O	O
of	O	O
holidays	O	O
every	O	O
year	O	O

Birthday	O	O
retreat	O	O

Take	O	O
a	O	O
half	O	O
day	O	O
off	O	O
work	O	O
to	O	O
enjoy	O	O
your	O	O
birthday	O	O

Transport	O	O

:	O	O

We	O	O
encourage	O	O
employees	O	O
to	O	O
use	O	O
public	O	O
transport	O	O
by	O	O
financing	O	O
the	O	O
half	O	O
-	O	O

Family	O	O

<	O	O
ORGANIZATION	O	O
>	O	O
is	O	O
a	O	O
family	O	O
business	O	O
with	O	O
strong	O	O

We	O	O
support	O	O
parenting	O	O
by	O	O
giving	O	O
1	O	O

week	O	O
of	O	O
holidays	O	O
for	O	O
new	O	O
dads	O	O
16	O	O
weeks	O	O
for	O	O
new	O	O
mums	O	O
and	O	O
paying	O	O
for	O	O
up	O	O
to	O	O
two	O	O
days	O	O
per	O	O
week	O	O
of	O	O
child	O	O
care	O	O

People	O	O

A	O	O
great	O	O
international	O	O
&	O	O
diverse	O	O
team	O	O
(	O	O
20	O	O
different	O	O
nationalities!	O	O
).	O	O

We	O	O
are	O	O
selective	O	O
–	O	O
and	O	O
only	O	O
hire	O	O
the	O	O
best	O	O
chess	O	O
players	O	O
cooks	O	O
or	O	O
video	O	O
gamers	O	O
;	O	O
)	O	O
Location	O	O

We	O	O
are	O	O
located	O	O
in	O	O
the	O	O
heart	O	O
of	O	O
<	O	O
LOCATION	O	O
>	O	O
-	O	O
on	O	O
the	O	O
top	O	O
floor	O	O
in	O	O
a	O	O
bright	O	O
open	O	O
office	O	O
with	O	O
significant	O	O
focus	O	O

Entertainment	O	O

We	O	O
'	O	O
host	O	O
'	O	O
various	O	O
events	O	O
including	O	O
team	O	O
aperitifs	O	O
sleigh	O	O
rides	O	O
breakfast	O	O
events	O	O
and	O	O
the	O	O
well	O	O
-	O	O
known	O	O

Awesome	O	O
customers	O	O

:	O	O
We	O	O
have	O	O
great	O	O
open	O	O
customers	O	O
that	O	O
love	O	O
to	O	O
provide	O	O
feedback	O	O
and	O	O
engage	O	O
with	O	O
us.	O	O

Transfer	O	O
help	O	O

:	O	O
Should	O	O
you	O	O
move	O	O
from	O	O
a	O	O
different	O	O
country	O	O
to	O	O
support	O	O
us	O	O
we	O	O
are	O	O
happy	O	O
to	O	O
support	O	O
you.	O	O

HOW	O	O
YOU	O	O
APPLY	O	O

Interested?	O	O

Please	O	O
apply	O	O
directly	O	O
via	O	O

<	O	O

.	O	O

We	O	O
will	O	O
be	O	O
in	O	O
touch	O	O
in	O	O
the	O	O
next	O	O
24h	O	O
to	O	O
organize	O	O
a	O	O
quick	O	O
chat	O	O
with	O	O
one	O	O
of	O	O
our	O	O
senior	O	O
developers.	O	O

WHO	O	O
WE	O	O
ARE	O	O
THE	O	O
<	O	O
ORGANIZATION	O	O

<	O	O
ORGANIZATION	O	O
>	O	O
revolutionizes	O	O
how	O	O
people	O	O
eat	O	O
at	O	O
work	O	O
with	O	O
smart	O	O

Our	O	O
intelligent	O	O
fridge	O	O
makes	O	O
it	O	O
possible	O	O
-	O	O
good	O	O
food	O	O
all	O	O
day	O	O
long	O	O
for	O	O
employees	O	O
at	O	O
work	O	O
created	O	O
by	O	O
the	O	O
best	O	O
local	O	O
chefs.	O	O

Over	O	O
90	O	O
'	O	O
000	O	O
employees	O	O
at	O	O
more	O	O
than	O	O
500	O	O
companies	O	O
in	O	O
<	O	O
LOCATION	O	O
>	O	O
already	O	O
benefit	O	O
from	O	O
a	O	O
<	O	O

<	O	O
ORGANIZATION	O	O
>	O	O
is	O	O
a	O	O
family	O	O
-	O	O
owned	O	O
company	O	O
and	O	O
supports	O	O
small	O	O
local	O	O

Sustainability	O	O
is	O	O
a	O	O
core	O	O
company	O	O
value.	O	O

The	O	O
company	O	O
has	O	O
won	O	O
several	O	O
prestigious	O	O
awards	O	O
among	O	O
others	O	O
the	O	O
<	O	O
LOCATION	O	O
>	O	O
Economic	O	O
Forum	O	O
Award	O	O
in	O	O

The	O	O
company	O	O
was	O	O
founded	O	O
in	O	O
2013	O	O
and	O	O
counts	O	O
over	O	O
100	O	O
employees	O	O
today.	O	O

Friendship	O	O
respect	O	O
'	O	O
eating	O	O
good	O	O
food	O	O
together	O	O
'	O	O
are	O	O
key	O	O
elements	O	O
of	O	O
our	O	O
company	O	O

You	O	O
can	O	O
find	O	O
more	O	O
insights	O	O
on	O	O
the	O	O
company	O	O
and	O	O
the	O	O
team	O	O
on	O	O

LinkedIn	O	O

,	O	O

Facebook	O	O

,	O	O

Instagram	O	O

and	O	O
of	O	O
course	O	O
our	O	O

website	O	O

.	O	O

Job	O	O
benefits	O	O
:	O	O

Company	O	O
description	O	O

WHO	O	O
WE	O	O
ARE	O	O
THE	O	O
<	O	O
ORGANIZATION	O	O

<	O	O
ORGANIZATION	O	O
>	O	O
revolutionizes	O	O
how	O	O
people	O	O
eat	O	O
at	O	O
work	O	O
with	O	O
smart	O	O

Our	O	O
intelligent	O	O
fridge	O	O
makes	O	O
it	O	O
possible	O	O
-	O	O
good	O	O
food	O	O
all	O	O
day	O	O
long	O	O
for	O	O
employees	O	O
at	O	O
work	O	O
created	O	O
by	O	O
the	O	O
best	O	O
local	O	O
chefs.	O	O

Over	O	O
50	O	O
'	O	O
000	O	O
employees	O	O
at	O	O
more	O	O
than	O	O
500	O	O
companies	O	O
in	O	O
<	O	O
LOCATION	O	O
>	O	O
already	O	O
benefit	O	O
from	O	O
a	O	O
<	O	O

<	O	O
ORGANIZATION	O	O
>	O	O
is	O	O
a	O	O
family	O	O
-	O	O
owned	O	O
company	O	O
and	O	O
supports	O	O
small	O	O
local	O	O

Sustainability	O	O
is	O	O
a	O	O
core	O	O
company	O	O
value.	O	O

The	O	O
company	O	O
has	O	O
won	O	O
several	O	O
prestigious	O	O
awards	O	O
among	O	O
others	O	O
the	O	O
<	O	O
LOCATION	O	O
>	O	O
Economic	O	O
Forum	O	O
Award	O	O
in	O	O

The	O	O
company	O	O
was	O	O
founded	O	O
in	O	O
2013	O	O
and	O	O
counts	O	O
over	O	O
90	O	O
employees	O	O
today.	O	O

Friendship	O	O
respect	O	O
'	O	O
eating	O	O
good	O	O
food	O	O
together	O	O
'	O	O
are	O	O
key	O	O
elements	O	O
of	O	O
our	O	O
company	O	O

You	O	O
can	O	O
find	O	O
more	O	O
insights	O	O
on	O	O
the	O	O
company	O	O
and	O	O
the	O	O
team	O	O
on	O	O
LinkedIn	O	O
Facebook	O	O
Instagram	O	O
and	O	O
of	O	O
course	O	O
our	O	O
website.	O	O

Senior	O	O
Distributed	O	O
Systems	O	O
Engineer	O	O
(	O	O
Java	O	O
)	O	O
<	O	O
ORGANIZATION	O	O
>	O	O

<	O	O
ADDRESS	O	O
>	O	O
<	O	O
ADDRESS	O	O

Date	O	O
posted	O	O
:	O	O

Likes	O	O
:	O	O
0	O	O
Dislikes	O	O
:	O	O
0	O	O

Salary	O	O
:	O	O

Job	O	O
type	O	O
:	O	O

Experience	O	O
level	O	O
:	O	O

Industry	O	O
:	B	B
Information	I	I
Technology	B	B
Online	I	B

Company	O	O
size	O	O
:	O	O

Company	O	O
type	O	O
:	O	O

Technologies	O	O

java	B	B
web	B	B
-	B	B
services	B	B
python	B	B

Job	O	O
description	O	O

Compensation	O	O

Equity	O	O

Job	O	O
type	O	O

Full	O	O

Experience	O	O
level	O	O

Senior	O	O

Industry	O	O

Information	B	B
Technology	I	I
Online	B	B
Travel	I	B

Company	O	O
size	O	O

1k	O	O
–	O	O

Company	O	O
type	O	O

Private	O	O

Technologies	O	O

java	B	B
web	B	B
-	B	B
services	B	B
python	B	B

Job	O	O
description	O	O

Java	B	O
Python	B	B
Docker	B	B
and	O	O
AWS	B	B
–	O	O
you	O	O
’	O	O
ll	O	O
be	O	O
up	O	O
to	O	O
speed	O	O
with	O	O
at	O	O
least	O	O
two	O	O
of	O	O
them	O	O
and	O	O
keen	O	O
to	O	O
build	O	O
your	O	O
knowledge	O	O
on	O	O
them	O	O

Our	O	O
Distributed	O	O
workflow	O	O
includes	O	O
Hadoop	B	O
/	B	O
Spark	B	O
SQL	O	O
Airflow	B	O
and	O	O

So	O	O
as	O	O
a	O	O
skilled	O	O
senior	O	O
software	O	O
engineer	O	O
your	O	O
sound	O	O
tech	O	O
experience	O	O
of	O	O
Agile	B	B
/	O	I
Lean	O	O
methodologies	O	O
will	O	O
be	O	O
vital	O	O
for	O	O
continuous	O	O

You	O	O
always	O	O
base	B	O
your	I	I
decisions	I	I
on	I	O
solid	I	O
data	I	I
and	I	I
metrics.	I	I

But	O	O
while	O	O
this	O	O
technical	O	O
talent	O	O
is	O	O
essential	O	O
you	O	O
’	O	O
ll	O	O
also	O	O
need	O	B
the	O	O
drive	B	B
to	I	I
produce	I	I
outstanding	O	O

So	O	O
you	O	O
’	B	B
ll	I	I
break	I	I
challenges	I	I
into	I	I
bite	B	B
-	I	I
size	I	I
tasks	O	O
mentor	O	O
team	B	B
mates	I	I
and	O	O

We	O	O
need	O	O
your	O	O
expertise	O	O
to	O	O
help	O	O
us	O	O
do	O	O
something	O	O
great	O	O
for	O	O
our	O	O
travellers	O	O
:	O	O
make	O	O
booking	O	O
stays	O	O
and	O	O
journeys	O	O
more	O	O
sustainable	O	O
and	O	O
straightforward.	O	O

It	O	O
involves	O	O
technical	O	O
challenges	O	O
and	O	O
the	O	O
latest	O	O
technology	O	O
from	O	O
machine	B	B
learning	I	I
and	O	O
cloud	B	B
services	I	I
to	O	O
world	O	O
-	B	O
class	O	O

Working	O	O
in	O	O
our	O	O
global	O	O
team	O	O
you	O	O
’	O	O
ll	O	O
be	O	O
in	O	O
charge	B	B
of	I	I
developing	I	I
a	I	I
whole	I	I
range	I	I
of	I	O
key	I	O
product	O	O

That	O	O
means	O	O
defining	B	B
and	I	I
implementing	I	I
services	I	I
that	O	O
make	O	O
up	O	O
a	O	O
vital	O	O
sub	O	O
-	O	O
system	O	O
in	O	O
your	O	O

As	O	O
you	O	O
work	O	O
you	O	O
’	B	B
ll	I	I
collaborate	I	I
with	I	I
product	O	O
engineers	O	O
and	O	O
influence	O	O
their	O	O

Though	O	O
you	O	O
’	O	O
ll	B	B
be	I	I
accountable	I	I
for	I	I
your	I	I
own	O	O
projects	B	O
and	I	O
trusted	I	O
to	O	O
deliver	O	O
you	B	O
’	I	I
ll	I	O
also	I	I
form	I	I
part	I	O
of	O	O
a	B	O
broader	I	O
team	I	O
that	O	O
takes	B	O
collective	I	O
responsibility	I	O
for	O	O

Job	O	O
benefits	O	O

Performance	O	O
Bonus	O	O

Stock	O	O
Options	O	O

Pension	O	O
Plan	O	O

Health	O	O
Insurance	O	O

Life	O	O
Insurance	O	O

Sabbaticals	O	O

Management	O	O
Training	O	O

Internship	O	O
Programme	O	O

Charity	O	O
Day	O	O

Employee	O	O
Assistance	O	O
Programme	O	O

Company	O	O
description	O	O

<	O	O
ORGANIZATION	O	O
>	O	O
unwavering	O	O
commitment	O	O
to	O	O
our	O	O
travellers	O	O
and	O	O
partners	O	O
remains	O	O
as	O	O
strong	O	O
as	O	O

We	O	O
’	O	O
re	O	O
confident	O	O
that	O	O
our	O	O
travellers	O	O
’	O	O
appetite	O	O
to	O	O
explore	O	O
the	O	O
world	O	O
will	O	O
return	O	O
and	O	O
we	O	O
will	O	O
need	O	O
your	O	O
expertise	O	O
to	O	O
help	O	O
us	O	O
make	O	O
travel	O	O
more	O	O
sustainable	O	O
and	O	O
straightforward	O	O
along	O	O
with	O	O
all	O	O
the	O	O
new	O	O
considerations	O	O
of	O	O
an	O	O

Already	O	O
a	O	O
global	O	O
leader	O	O
in	O	O
travel	O	O
we	O	O
want	O	O
to	O	O
elevate	O	O
the	O	O
way	O	O
we	O	O
work	O	O
to	O	O
a	O	O
whole	O	O
other	O	O
level.	O	O

In	O	O
return	O	O
you	O	O
’	O	O
ll	O	O
get	O	O
important	O	O
things	O	O
like	O	O
medical	O	O
insurance	O	O
health	O	O
screenings	O	O
headspace	O	O
subscriptions	O	O
and	O	O
the	O	O
option	O	O
to	O	O
buy	O	O

And	O	O
you	O	O
’	O	O
ll	O	O
have	O	O
the	O	O
opportunity	O	O
to	O	O
work	O	O
from	O	O
your	O	O
home	O	O
country	O	O
for	O	O
3	O	O
weeks	O	O
a	O	O
year	O	O
and	O	O
30	O	O
days	O	O
in	O	O
our	O	O
other	O	O
global	O	O

Everything	O	O
in	O	O
other	O	O
words	O	O
to	O	O
help	O	O
you	O	O
relax	O	O
and	O	O
give	O	O
your	O	O
best	O	O

(	O	O
Senior	O	O
)	O	O
Android	O	O
Engineer	O	O
<	O	O
ORGANIZATION	O	O
>	O	O
-	O	O
The	O	O
Mobile	O	O
Wallet	O	O
/	O	O
50	O	O
Mio	O	O
users	O	O
(	O	O
full	O	O

<	O	O
LOCATION	O	O
>	O	O
<	O	O
LOCATION	O	O
>	O	O

Date	O	O
posted	O	O
:	O	O

Likes	O	O
:	O	O
0	O	O
Dislikes	O	O
:	O	O
0	O	O

Salary	O	O
:	O	O
45000	O	O
-	O	O
65000	O	O
EUR	O	O

Job	O	O
type	O	O
:	O	O

Experience	O	O
level	O	O
:	O	O
Mid	O	O

Industry	O	O
:	B	B
Mobile	I	I

Company	O	O
size	O	O
:	O	O

Company	O	O
type	O	O
:	O	O

Technologies	O	O

android	B	B
mobile	B	B
kotlin	B	B

Job	O	O
description	O	O

Join	O	O
us	O	O
as	O	O
our	O	O
…	O	O

(	O	O
SENIOR	O	O
)	O	O
ANDROID	O	O
DEVELOPER	O	O
(	O	O
full	O	O
-	O	O
time	O	O

As	O	O
our	O	O
Android	O	O
developer	O	O
you	O	O
shape	O	O
the	O	O
unique	O	O
experience	O	O
in	O	O
our	O	O
app	O	O
for	O	O
millions	O	O
of	O	O
users	O	O
around	O	O
the	O	O
globe.	O	O

You	O	O
architect	B	B
build	B	I
and	O	I
maintain	B	I
our	O	I
native	O	I
Android	O	I
app.	O	I

You	O	O
love	O	O
to	O	O
tackle	B	B
challenges	I	I
and	O	O
find	B	B
creative	I	I
ways	I	I
to	I	O
implement	I	I
new	I	I
features	I	I
that	O	O
fit	O	O
in	O	O
smoothly	O	O
–	O	O
using	O	O
the	O	O
best	O	O
available	O	O
technologies	O	O
like	O	O
Kotlin	B	B
RxJava	B	B
or	O	O
Couroutines.	B	B

You	O	O
’	O	O
ll	O	B
be	O	I
working	O	I
in	O	I
a	O	I
cross	O	O
-	O	O
functional	O	O
team	O	O
contributing	O	O
to	O	O
the	O	O
overall	O	O

Share	B	B
your	I	I
knowledge	I	I
and	O	O
keep	B	B
up	I	I
the	I	I
high	I	I
level	I	I
of	I	I
quality	I	I
in	O	I
our	O	O
team	O	O
through	O	O
reviews	B	B
pairing	B	B
and	O	O
mentoring.	B	B

Leave	O	O
your	O	O
footprint	O	O
and	O	O
focus	B	O
on	I	O
a	I	O
top	I	O
-	I	O
notch	I	O
user	O	O
experience	O	O
in	O	O
our	O	O
app	O	O
to	O	O
further	O	O
grow	O	O
together	O	O

What	O	O
you	O	O
'	O	O
ll	O	O
be	O	O

Further	O	O
develop	O	O
<	O	O
ORGANIZATION	O	O
>	O	O
<	O	O
ORGANIZATION	O	O
>	O	O
our	O	O
mobile	O	O

Make	B	O
the	I	O
app	I	O
context	I	O
aware	I	O
with	O	O
the	O	O
help	O	O
of	O	O
the	O	O
Google	B	O
Awareness	I	O
API	I	O

Improve	B	B
of	I	I
our	I	I
sync	I	I
framework	I	I
which	O	O
enables	O	O
our	O	O
users	O	O
to	O	O
perform	O	O
most	O	O
actions	O	O
even	O	O
while	O	O
offline	O	O

Build	B	B
features	I	I
tightly	O	O
integrated	O	O
with	O	O
location	B	O
based	I	O
services	I	O

Transfer	O	O
your	O	O
excellent	O	O
intuition	O	O
for	O	O
design	B	B
UI	B	I
and	O	I
UX	B	I
to	O	O
our	O	O
app	O	O

Skills	O	O
mindset	O	O
and	O	O
and	O	O
experiences	O	O
exciting	O	O
to	O	O
us	O	O

Passionate	O	O
about	O	O
mobile	B	B
technologies	I	I
and	O	O
mobile	B	B
wallets	I	I
feeling	O	O
related	O	O
to	O	O
our	O	O
vision	O	O

In	O	O
-	O	O
depth	O	O
knowledge	O	O
of	B	B
the	I	I
Android	O	O
SDK	O	O
and	B	B
rock	O	O
-	O	O
solid	B	B

Love	O	O
for	O	O
solving	B	B
technical	I	I
challenges	I	I
with	O	O
other	O	O
talented	O	O
teammates	O	O

Experience	O	O
with	O	O
iOS	B	B
app	I	I
or	O	I
backend	B	I
development	I	I
is	O	O
a	O	O
plus	O	O

Degree	B	B
in	O	I
Computer	B	I
Science	I	I
similar	O	O
technical	O	O
field	O	O
of	O	O
study	O	O
or	O	O
equivalent	O	O
practical	O	O
experience	O	O

Personal	O	O
projects	O	O
or	O	O
contribution	O	O
to	O	O
open	O	B
source	O	I
projects	O	O
in	O	O
the	O	O
Android	B	B
ecosystem	O	I

Interest	O	O
in	O	O
or	O	O
experience	O	O
with	O	O
payment	B	B
loyalty	B	I
and	O	O
shopping	B	B

This	O	O
and	O	O
more	O	O
is	O	O
awaiting	O	O
you	O	O

An	O	O
energetic	O	O
and	O	O
motivated	O	O
team	O	O
in	O	O
a	O	O
product	O	O
-	O	O

High	O	O
user	O	O
:	O	O
developer	O	O
ratio	O	O
;	O	O
your	O	O
responsibility	O	O
to	O	O
make	O	O
a	O	O
huge	O	O
impact	O	O
on	O	O
the	O	O
every	O	O
day	O	O
shopping	O	O
experience	O	O
of	O	O
5	O	O

An	O	O
inspiring	O	O
working	O	O
atmosphere	O	O
in	O	O
a	O	O
beautiful	O	O
open	O	O
office	O	O
space	O	O
with	O	O
a	O	O
spectacular	O	O
view	O	O
of	O	O
the	O	O
waterfront	O	O
(	O	O
we	O	O
support	O	O
your	O	O
relocation	O	O
in	O	O
case	O	O
you	O	O
don	O	O
'	O	O
t	O	O
live	O	O
here	O	O
yet	O	O
)	O	O
Excellent	O	O
equipment	O	O
of	O	O
your	O	O
choice	O	O
and	O	O
access	O	O
to	O	O
the	O	O
best	O	O

Professional	O	O
development	O	O
;	O	O
skill	O	O
sharing	O	O
tech	O	O
talks	O	O
meetups	O	O

Regular	O	O
team	O	O
lunches	O	O
fresh	O	O
office	O	O
snacks	O	O
&	O	O
drinks	O	O

Enjoy	O	O
a	O	O
healthy	O	O
lifestyle	O	O
with	O	O
our	O	O
subsidized	O	O
gym	O	O
membership	O	O

To	O	O
apply	O	O
for	O	O
this	O	O
position	O	O
please	O	O
upload	O	O
your	O	O
info	O	O
and	O	O
files	O	O
here.	O	O

Alternatively	O	O
you	O	O
can	O	O
also	O	O
send	O	O
us	O	O
an	O	O
e	O	O
-	O	O
mail	O	O
with	O	O
all	O	O
info	O	O
and	O	O
files	O	O
(	O	O
CV	O	O
cover	O	O
letter	O	O
references	O	O
project	O	O
list	O	O
etc.	O	O
)	O	O
via	O	O
<	O	O

Contact	O	O
person	O	O
:	O	O
<	O	O

Looking	O	O
forward	O	O
to	O	O
your	O	O
application!	O	O

Job	O	O
benefits	O	O

Feel	O	O
-	O	O

Equipment	O	O
of	O	O
your	O	O
choice	O	O

Flexible	O	O
working	O	O
hours	O	O

Easy	O	O
access	O	O
to	O	O
public	O	O
transport	O	O

Events	O	O
drinks	O	O
and	O	O
fresh	O	O
fruits	O	O
for	O	O
our	O	O
team	O	O

Parents	O	O
are	O	O
welcome	O	O

Great	O	O
lunch	O	O
spots	O	O
stunning	O	O
view	O	O
relaxing	O	O
ambient	O	O
along	O	O
the	O	O
canal	O	O

Individual	O	O
benefits	O	O

Relocation	O	O
allowance	O	O

Latest	O	O
phone	O	O
for	O	O
work	O	O
and	O	O
private	O	O
use	O	O

Company	O	O
description	O	O

We	O	O
are	O	O
Europe	O	O
'	O	O
s	O	O
market	O	O
leader	O	O
for	O	O
mobile	O	O
wallets	O	O
and	O	O
are	O	O
looking	O	O
for	O	O
outstanding	O	O
talent	O	O
to	O	O
join	O	O
us	O	O
on	O	O
our	O	O
quest	O	O
to	O	O
become	O	O
the	O	O
world	O	O
'	O	O
s	O	O

Backed	O	O
by	O	O
some	O	O
of	O	O
the	O	O
top	O	O
investors	O	O
in	O	O
<	O	O
LOCATION	O	O
>	O	O
and	O	O
the	O	O
<	O	O
LOCATION	O	O
>	O	O
our	O	O
user	O	O
base	O	O
has	O	O
quickly	O	O
grown	O	O
to	O	O
more	O	O
than	O	O
50	O	O
million	O	O
loyal	O	O
users	O	O
across	O	O
the	O	O
globe	O	O
who	O	O
digitize	O	O
all	O	O
rewards	O	O
cards	O	O

With	O	O
passion	O	O
and	O	O
by	O	O
using	O	O
cutting	O	O
-	O	O
edge	O	O
technologies	O	O
our	O	O
team	O	O
is	O	O
redefining	O	O
the	O	O
future	O	O
of	O	O

<	O	O
ORGANIZATION	O	O
>	O	O
has	O	O
been	O	O
listed	O	O
as	O	O
one	O	O
of	O	O
the	O	O
best	O	O
apps	O	O
of	O	O
the	O	O
year	O	O
by	O	O
Apple	O	O
and	O	O
is	O	O
one	O	O
of	O	O
the	O	O
few	O	O
Android	O	O
Excellence	O	O
apps	O	O
selected	O	O
by	O	O
the	O	O
Google	O	O

If	O	O
you	O	O
are	O	O
looking	O	O
to	O	O
work	O	O
at	O	O
a	O	O
friendly	O	O
and	O	O
fast	O	O
-	O	O
growing	O	O
startup	O	O
in	O	O
one	O	O
of	O	O
the	O	O
most	O	O
exciting	O	O
industries	O	O
this	O	O
is	O	O

Software	O	O
Architect	O	O
Backend	O	O
(	O	O
d	O	O
/	O	O
f	O	O

<	O	O
LOCATION	O	O
>	O	O
<	O	O
LOCATION	O	O
>	O	O

Date	O	O
posted	O	O
:	O	O

Likes	O	O
:	O	O
1	O	O
Dislikes	O	O
:	O	O
0	O	O

Salary	O	O
:	O	O

Job	O	O
type	O	O
:	O	O

Experience	O	O
level	O	O
:	O	O

Industry	O	O
:	B	O
eCommerce	B	B
Internet	I	I

Company	O	O
size	O	O
:	O	O

Company	O	O
type	O	O
:	O	O

Technologies	O	O

java	B	B
spring	B	B
node.	B	B
js	B	B

Job	O	O
description	O	O

Our	O	O
sites	O	O
help	O	O
people	O	O
find	O	O
whatever	O	O
they	O	O
’	O	O
re	O	O
looking	O	O
for	O	O
in	O	O
their	O	O
local	O	O
communities	O	O
–	O	O
whether	O	O
it	O	O
’	O	O
s	O	O
a	O	O
job	O	O
an	O	O
apartment	O	O
a	O	O
sofa	O	O
a	O	O
car	O	O
a	O	O
concert	O	O
ticket	O	O
financial	O	O
services	O	O

Every	O	O
connection	O	O
made	O	O
or	O	O
item	O	O
found	O	O
makes	O	O
a	O	O
difference	O	O
by	O	O
creating	O	O
a	O	O
world	O	O
where	O	O
people	O	O
share	O	O
more	O	O
and	O	O
waste	O	O
less.	O	O

People	O	O
who	O	O
want	O	O
to	O	O
connect	O	O
and	O	O
trade	O	O
visit	O	O
our	O	O
sites	O	O
because	O	O
they	O	O
’	O	O
re	O	O
fun	O	O
easy	O	O
to	O	O
use	O	O
and	O	O
built	O	O
on	O	O

With	O	O
1.	O	O
5	O	O
million	O	O
vehicles	O	O
<	O	O
ORGANIZATION	O	O
>	O	O
is	O	O
the	O	O
largest	O	O
online	O	O
vehicle	O	O
marketplace	O	O

This	O	O
is	O	O
an	O	O
excellent	O	O
opportunity	O	O
to	O	O
work	O	O
for	O	O
one	O	O
of	O	O
the	O	O
most	O	O
exciting	O	O
product	O	O
development	O	O
organizations	O	O
in	O	O
<	O	O
ORGANIZATION	O	O
>	O	O

We	O	O
support	O	O
the	O	O
entire	O	O
<	O	O
ORGANIZATION	O	O
>	O	O
platform	O	O
including	O	O
our	O	O
international	O	O
marketplaces	O	O
mobile	O	O
devices	O	O
and	O	O
build	O	O
critical	O	O
technology	O	O
to	O	O
create	O	O
the	O	O
best	O	O
experience	O	O
in	O	O
the	O	O
vehicle	O	O

Take	O	O
the	O	O
outstanding	O	O
opportunity	O	O
and	O	O
join	O	O
our	O	O
platform	O	O
team	O	O
as	O	O
a	O	O
Software	O	O
Architect	O	O
Backend	O	O
(	O	O

You	O	O
will	O	O
meet	O	O
a	O	O
highly	O	O
experienced	O	O
team	O	O
with	O	O
strong	O	O
engineering	O	O
background	O	O
and	O	O
hands	O	O
-	O	O
on	O	O

You	O	O
will	O	O
meet	O	O
a	O	O
highly	O	O
experienced	O	O
team	O	O
with	O	O
strong	O	O
engineering	O	O
background	O	O
and	O	O
hands	O	O
-	O	O

Your	O	O
Tasks	O	O
and	O	O
Responsibilities	O	O

Contribute	O	B
to	O	I
the	O	I
team	O	I
'	O	I
s	O	I
work	B	I
with	I	I
high	I	I
-	I	I
quality	I	I

Ensure	B	B
code	I	I
quality	I	I
and	I	I
maintainability	I	I
by	O	O
evolving	B	B
architecture	I	I
and	I	I
tech	I	I
stack	I	I
code	B	I
reviews	I	I
refactoring	B	B
standards	B	I
and	O	O
improving	B	B
build	I	I
and	I	I
test	I	I
systems	I	I

Coach	B	B
guide	I	I
and	I	I
mentor	I	I
teams	I	I
on	O	I
architecture	B	I
and	O	I
technology	B	I
choices	O	I

Collaborate	B	O
with	O	O
the	O	O
other	O	O
architects	O	O
and	O	O
senior	O	O
devs	O	O
on	O	O
identifying	B	B
managing	I	I
and	I	I
minimizing	I	I
technical	I	I
debt	I	I
in	O	I
the	O	I
platform	O	I

Consult	O	B
Product	O	O
Managers	O	O
UX	O	O
and	O	O
Business	O	O
Managers	O	O
on	O	O
the	O	O
impact	O	O
of	O	I
product	O	I
ideas	O	I
and	O	I
possible	O	O
implementations	O	O

Share	B	B
architecture	I	I
knowledge	I	I
findings	I	I
and	I	I
standard	I	I
methodologies	I	I
with	O	O
the	O	O
teams	O	O
and	O	O
other	O	O
architects	O	O
within	O	O
<	O	O

Your	O	O
profile	O	O

Several	O	O
years	O	O
of	O	O
experience	O	O
as	O	O
a	O	O
senior	O	O
/	O	O
lead	O	O
java	O	O
engineer	O	O
and	O	O
or	O	O

Deep	O	O
knowledge	O	O
of	O	O
Java	B	B
Spring	B	B
Framework	I	I
web	B	B
technologies	I	I
and	O	O
(	B	O
non	I	O
-	I	O
)	I	B
relational	I	I
databases	O	O
(	O	O
bonus	B	B
:	B	B
node.	I	O
js	O	O
react	O	O
)	O	O
Advanced	B	B
understanding	I	I
of	I	I
design	I	I
implementation	I	I
and	I	I
operation	I	I
of	I	I
distributed	I	I

Strategic	B	B
thinker	I	I
with	O	O
excellent	O	O
analytical	B	B
and	O	I
critical	B	I
thinking	I	I
skills.	O	I

Able	O	O
to	O	O
frame	B	B
problems	I	I
drive	B	B
teams	I	I
to	O	O
collect	B	B
data	I	I
guide	B	I
the	I	I
analysis	I	I
and	O	O
to	O	O
present	B	B
the	I	I
data	I	I
to	O	O
influence	B	B
leadership	I	I

Passion	O	O
for	O	O
agile	B	B
software	I	I
development	I	I
product	B	B
discovery	I	I
and	O	O
continuous	B	B
deployment	I	I

High	O	O
aspiration	B	I
for	I	I
quality	I	I
balanced	O	O
with	O	O
a	O	O
good	O	O
sense	B	O
of	I	I
pragmatism	I	B

You	O	O
understand	O	O
quality	B	B
assurance	I	I
as	O	O
a	O	O
task	O	O
of	O	O
the	O	O
entire	O	O
team	O	O
to	O	O
build	O	B
the	O	I
best	O	I
experience	O	I
to	O	O
the	O	O
users	O	O

Independently	O	B
and	O	O
quick	B	O
adoption	I	I
of	I	I
new	I	I
technologies	I	I
and	O	I
concepts	O	I

Willingness	O	O
to	O	O
speak	B	B
at	I	I
conferences	I	I
and	O	O
engage	B	B
in	I	I
the	I	I
community	I	I
are	O	O
a	O	O
strong	O	O
plus	O	O

Effective	O	O
oral	O	O
and	O	O
written	O	O
English	B	B
communication	B	B
skills	O	I

Covid	O	O

People	O	O
are	O	O
the	O	O
heart	O	O
of	O	O
the	O	O
<	O	O
ORGANIZATION	O	O
>	O	O
<	O	O
ORGANIZATION	O	O
>	O	O
business	O	O
and	O	O
their	O	O
health	O	O
and	O	O
well	O	O
-	O	O

We	O	O
continue	O	O
to	O	O
monitor	O	O
local	O	O
government	O	O
guidance	O	O
and	O	O
partner	O	O
closely	O	O
with	O	O
medical	O	O
advisors	O	O
to	O	O
determine	O	O
the	O	O
safest	O	O
and	O	O
best	O	O
next	O	O
steps	O	O
for	O	O
everyone.	O	O

As	O	O
a	O	O
result	O	O
most	O	O
teams	O	O
are	O	O
working	O	O
remotely	O	O
with	O	O
a	O	O
few	O	O
teams	O	O
able	O	O
to	O	O
collaborate	O	O
in	O	O
person	O	O
with	O	O
enhanced	O	O
safety	O	O
procedures.	O	O

We	O	O
will	O	O
discuss	O	O
the	O	O
particular	O	O
case	O	O
for	O	O
your	O	O
region	O	O
during	O	O
the	O	O
interview	O	O
process.	O	O

As	O	O
a	O	O
general	O	O
rule	O	O
interviews	O	O
will	O	O
be	O	O
completed	O	O
remotely	O	O
over	O	O
video	O	O
calls.	O	O

Job	O	O
benefits	O	O

Competitive	O	O
salary	O	O
unique	O	O
<	O	O
ORGANIZATION	O	O
>	O	O
culture	O	O
and	O	O
flexible	O	O

PTO	O	O
holidays	O	O
sabbatical	O	O
program	O	O
and	O	O
international	O	O
travel	O	O
insurance	O	O

Make	O	O
an	O	O
impact	O	O
through	O	O
volunteer	O	O
opportunities	O	O
and	O	O
donation	O	O
matching	O	O

Relocation	O	O
visa	O	O
and	O	O
residency	O	O
assistance	O	O

Employee	O	O
Stock	O	O
Purchase	O	O
Plan	O	O
(	O	O
ESPP	O	O
)	O	O
with	O	O
15	O	O
%	O	O
discount	O	O
on	O	O
<	O	O

Standing	O	O
desks	O	O
and	O	O
other	O	O
ergonomics	O	O
available	O	O
at	O	O
your	O	O
request	O	O

Develop	O	B
capabilities	O	I
gain	O	B
new	O	I
skills	O	I
and	O	O
participate	O	O
in	O	O
Hackweek	O	O

Employee	O	O
Assistance	O	O
Program	O	O
and	O	O
cancer	O	O
support	O	O
with	O	O
Robin	O	O
Care	O	O

20	O	O
weeks	O	O
birth	O	O
-	O	O
parent	O	O
leave	O	O
12	O	O
weeks	O	O
non	O	O

On	O	O
-	O	O
site	O	O
fitness	O	O
options	O	O
and	O	O
on	O	O
-	O	O

Company	O	O
description	O	O

<	O	O

Description	O	O
Position	O	O
<	O	O
ORGANIZATION	O	O
>	O	O
is	O	O
looking	B	B
for	B	B
smart	O	O
enthusiastic	O	O
full	O	O
-	O	O
stack	O	O
software	O	O
engineers	O	B
with	O	O
focus	O	O
on	O	O
UI	O	O
to	O	O
take	O	O
our	O	O
industry	O	O
-	O	O
leading	O	O

Were	O	O
building	O	O
the	O	O
compelling	O	O
user	O	O
experiences	O	O
that	O	O
keep	O	O
our	O	O
product	O	O
a	O	O
step	O	O
ahead	O	O
of	O	O
the	O	O
competition.	O	O

If	O	O
youre	O	O
an	O	O
experienced	O	O
engineer	O	O
who	O	O
wants	O	O
to	O	O
work	O	O
on	O	O
a	O	O
team	O	O
of	O	O
talented	O	O
motivated	O	O
and	O	O
focused	O	O
individuals	O	O
then	O	O
wed	O	O
love	O	O
to	O	O
hear	O	O
from	O	O
you.	O	O

It	O	O
is	O	O
a	O	O
great	O	O
once	O	O
a	O	O
lifetime	O	O
opportunity.	O	O

Catch	O	O
it	O	O
now!	O	O

Requirements	O	O
3	O	O
+	O	O
years	O	O
professional	B	B
web	I	I
development	O	O

Strong	O	O
knowledge	O	O
of	O	O
HTML	B	B
and	O	O
CSS	B	B
(	O	O
LESS	B	B
SCSS	B	B
PostCSS	B	B
)	I	I
Solid	O	O
understanding	O	O
of	O	O
Angular	B	B
React	B	B
or	O	O
similar	O	O
JS	B	O
frameworks	O	O

Experience	O	O
with	O	O
Java	B	B
C	B	B
#	O	O
or	O	O
other	O	B
backend	O	O

Awareness	O	O
of	O	O
client	B	B
-	I	I
side	O	I
compatibility	B	I
and	O	I

Ability	O	O
to	O	O
debug	B	B
issues	I	I
in	I	I
a	I	I
full	I	I
stack	I	I
environment	I	I

SQL	B	B
experience	O	O
is	O	O
a	O	O
plus	O	O
but	O	O
not	O	O
required	O	O

Portfolio	O	B
of	O	I
complex	O	I
sites	O	I
you	O	O
'	O	O
ve	O	O

Team	B	B
player	I	I
who	O	O
likes	O	O
to	O	O
engage	B	B
with	I	I
colleagues	I	I
at	O	I
a	O	I
professional	O	O
and	O	I
personal	O	I
level	O	I
Great	O	O
technical	O	B
communication	B	I
skills	I	I

Must	O	O
be	O	O
eligible	O	O
to	O	O
work	O	O
in	O	O
<	O	O
LOCATION	O	O

Benefits	O	O
and	O	O
perks	O	O

6	O	O
weeks	O	O
paid	O	O
vacation	O	O

Day	O	O
off	O	O
on	O	O
your	O	O
birthday	O	O

Pension	O	O
plan	O	O
contributions	O	O

Health	O	O
insurance	O	O

No	O	O
stupid	O	O
meetings	O	O

Lunch	O	O
catering	O	O
five	O	O
days	O	O
per	O	O
week	O	O

Monthly	O	O
massages	O	O

An	O	O
awesome	O	O
office	O	O
in	O	O
the	O	O
city	O	O
centre	O	O
of	O	O
<	O	O

Multiple	O	O
social	O	O
events	O	O
e.	O	O
g.	O	O

wine	O	O
and	O	O
beer	O	O
tasting	O	O
football	O	O
yoga	O	O
Friday	O	O
bars	O	O
foosball	O	O

A	O	O
great	O	O
team	O	O
of	O	O
social	O	O
and	O	O
passionate	O	O
professionals	O	O

About	O	O
<	O	O

<	O	O
ORGANIZATION	O	O
>	O	O
is	O	O
a	O	O
free	O	O
independent	O	O
and	O	O
inspirational	O	O
global	O	O
travel	O	O
search	O	O
site	O	O
comparing	O	O
billions	O	O
of	O	O
cheap	O	O
flights	O	O
hotels	O	O
and	O	O
car	O	O
hire	O	O

We	O	O
think	O	O
everybody	O	O
should	O	O
be	O	O
able	O	O
to	O	O
travel	O	O
the	O	O
world	O	O
because	O	O
travelling	O	O
makes	O	O
us	O	O
more	O	O
open	O	O
-	O	O
minded	O	O
and	O	O

We	O	O
offer	O	O
a	O	O
global	O	O
brand	O	O
that	O	O
is	O	O
more	O	O
than	O	O
merely	O	O
a	O	O
functionality	O	O
:	O	O
it	O	O
is	O	O
a	O	O
bold	O	O
and	O	O
colourful	O	O
travel	O	O
universe	O	O
that	O	O
inspires	O	O
people	O	O
to	O	O
travel	O	O
the	O	O
world	O	O
and	O	O
to	O	O
be	O	O
curious	O	O
about	O	O
other	O	O
people	O	O
places	O	O
cultures	O	O
and	O	O
ways	O	O
of	O	O
living.	O	O

We	O	O
were	O	O
founded	O	O
in	O	O
2006	O	O
and	O	O
today	O	O
were	O	O
over	O	O
250	O	O
people	O	O
from	O	O
over	O	O
40	O	O
countries	O	O
in	O	O
our	O	O
head	O	O
office	O	O
in	O	O
<	O	O
LOCATION	O	O
>	O	O

<	O	O
ORGANIZATION	O	O
>	O	O
is	O	O
managed	O	O
by	O	O
<	O	O
ORGANIZATION	O	O
>	O	O
an	O	O
independent	O	O
subsidiary	O	O
of	O	O

Were	O	O
all	O	O
passionate	O	O
about	O	O
our	O	O
work	O	O
and	O	O
we	O	O
all	O	O
take	O	O
great	O	O
pride	O	O
in	O	O
opening	O	O
the	O	O
world	O	O
together	O	O
with	O	O
our	O	O
fellow	O	O
traveller.	O	O

<	O	O
ORGANIZATION	O	O
>	O	O
<	O	O
ORGANIZATION	O	O
>	O	O
announces	O	O
a	O	O
vacancy	O	O
in	O	O
the	O	O
Bacterial	O	O
Signal	O	O
Transduction	O	O
group	O	O
headed	O	O
by	O	O

We	O	O
are	O	O
a	O	O
bacteriology	O	O
laboratory	O	O
working	O	O
with	O	O
a	O	O
broad	O	O
range	O	O
of	O	O
topics.	O	O

One	O	O
major	O	O
focus	O	O
of	O	O
our	O	O
research	O	O
is	O	O
protein	O	O
phosphorylation	O	O
a	O	O
reversible	O	O
post	O	O
-	O	O
translational	O	O
modification	O	O
which	O	O
forms	O	O
the	O	O
basis	O	O
of	O	O
many	O	O
signaling	O	O
and	O	O
regulatory	O	O
mechanisms	O	O
in	O	O
the	O	O
bacterial	O	O

We	O	O
study	O	O
bacterial	O	O
cell	O	O
factories	O	O
employing	O	O
phosphorylation	O	O
systems	O	O
to	O	O
improve	O	O
their	O	O
yield	O	O
and	O	O
bacterial	O	O
pathogens	O	O
to	O	O
exploit	O	O
phosphorylation	O	O
systems	O	O
as	O	O
targets	O	O
for	O	O
development	O	O
of	O	O
new	O	O
antibacterial	O	O
drugs.	O	O

This	O	O
particular	O	O
position	O	O
is	O	O
related	O	O
to	O	O
a	O	O
basic	O	O
science	O	O
project	O	O
on	O	O
protein	O	O
phosphorylation	O	O
in	O	O
the	O	O
bacterium	O	O
Bacillus	O	O
subtilis.	O	O

The	O	O
project	O	O
will	O	O
be	O	O
related	O	O
to	O	O
the	O	O
question	O	O
how	O	O
relatively	O	O
few	O	O
kinases	O	O
in	O	O
bacteria	O	O
can	O	O
control	O	O
the	O	O
phosphorylation	O	O
state	O	O
of	O	O
a	O	O
large	O	O
number	O	O
of	O	O
substrate	O	O
proteins.	O	O

The	O	O
experimental	O	O
approach	O	O
will	O	O
entail	O	O
mass	O	B
spectrometry	O	I
-	O	B
based	O	B
quantitative	O	O
phosphoproteomics	O	O
which	O	O
will	O	O
lead	O	O
into	O	I
functional	O	O
characterization	O	O
both	O	B
in	O	O
vitro	O	O
and	O	O
in	O	O
vivo	O	O
of	O	I
select	O	O

Responsibilities	O	O
and	O	O
tasks	O	O

The	O	O
successful	O	O
candidate	O	O
will	O	O
be	O	O
expected	O	O
to	O	O
independently	B	B
conduct	I	I
the	I	I
experimental	I	I
work	I	I
in	O	O
this	O	O
project.	O	O

This	O	O
entails	O	O
design	B	B
execution	I	I
and	I	I
analysis	I	I
of	I	I
phosphoproteomics	I	I
experiments.	I	I

Functional	O	B
characterisation	O	I
of	O	O
individual	O	I
phosphorylation	O	I
events	O	O
will	O	O
be	O	O
conducted	O	O
in	O	O
vitro	O	O
using	O	O
proteins	O	O
produced	O	O
in	O	O
and	O	O
purified	O	O
from	O	O
E.	O	O

coli.	O	O

Verification	O	O
in	O	O
vivo	O	O
will	O	O
be	O	O
done	O	O
using	O	O
e.	O	O
g.	O	O

phospho	O	B
-	O	I
mimetic	O	I
and	O	I
-	O	O
ablative	O	O
mutants	O	O
in	O	O
relevant	O	O

Qualifications	O	O
Candidates	O	O
should	O	O
have	O	O
a	O	O
PhD	B	B
degree	I	I
or	O	O
equivalent.	O	O

For	O	O
this	O	O
project	O	O
we	O	O
seek	O	O
a	O	O
researcher	O	O
with	O	O
experience	O	O
in	O	O
mass	B	B
spectrometry	I	I
-	I	B
based	I	I
quantitative	O	O
proteomics	O	O
(	B	B
preferentially	I	O
phosphoproteomics	O	O
)	O	O
as	O	O
well	B	B
as	I	I
molecular	O	O
biology	B	B
(	I	I
vector	B	B
construction	I	I
protein	I	O
synthesis	I	B
in	O	O

coli	O	O
).	O	O

Prior	O	O
experience	O	O
with	O	O
research	O	O
areas	O	O
involving	O	O
post	B	B
-	I	I
translational	O	O
modifications	O	O
would	O	O
be	O	O
considered	O	O
an	O	O

Experience	O	O
with	O	O
B.	B	B

subtilis	O	O
would	O	O
be	O	O
advantageous	O	O
but	O	O
not	O	O
a	O	O
requirement.	O	O

Fluency	O	O
in	O	O
English	B	B
excellent	O	O
communication	B	B
and	I	I
collaborations	I	I
skills	I	I
as	O	O
well	O	O
as	O	O
independence	B	O
in	O	O
paper	B	B
and	I	I
project	I	I
writing	I	I
are	O	O
necessary	O	O
prerequisites.	O	O

We	O	O
offer	O	O
<	O	O
ORGANIZATION	O	O
>	O	O
is	O	O
a	O	O
leading	O	O
technical	O	O
university	O	O
globally	O	O
recognized	O	O
for	O	O
the	O	O
excellence	O	O
of	O	O
its	O	O
research	O	O
education	O	O
innovation	O	O
and	O	O
scientific	O	O

We	O	O
offer	O	O
a	O	O
rewarding	O	O
and	O	O
challenging	O	O
job	O	O
in	O	O
an	O	O
international	O	O
environment.	O	O

We	O	O
strive	O	O
for	O	O
academic	O	O
excellence	O	O
in	O	O
an	O	O
environment	O	O
characterized	O	O
by	O	O
collegial	O	O
respect	O	O
and	O	O
academic	O	O
freedom	O	O
tempered	O	O
by	O	O
responsibility.	O	O

Salary	O	O
and	O	O
terms	O	O
of	O	O
employment	O	O

The	O	O
appointment	O	O
will	O	O
be	O	O
based	O	O
on	O	O
the	O	O
collective	O	O
agreement	O	O
with	O	O
the	O	O
<	O	O
ORGANIZATION	O	O
>	O	O
<	O	O
ORGANIZATION	O	O
>	O	O

The	O	O
allowance	O	O
will	O	O
be	O	O
agreed	O	O
upon	O	O
with	O	O
the	O	O
relevant	O	O
union.	O	O

The	O	O
period	O	O
of	O	O
employment	O	O
is	O	O
for	O	O
2	O	O
years.	O	O

You	O	O
can	O	O
read	O	O
more	O	O
about	O	O
career	O	O
paths	O	O
at	O	O
<	O	O
ORGANIZATION	O	O
>	O	O

Further	O	O
information	O	O

Further	O	O
information	O	O
may	O	O
be	O	O
obtained	O	O
from	O	O
<	O	O
NAME	O	O
>	O	O
<	O	O

You	O	O
can	O	O
read	O	O
more	O	O
about	O	O
<	O	O
ORGANIZATION	O	O
>	O	O
<	O	O
ORGANIZATION	O	O
>	O	O
<	O	O
ORGANIZATION	O	O
>	O	O

Application	O	O
procedure	O	O

Please	O	O
submit	O	O
your	O	O
online	O	O
application	O	O
no	O	O
later	O	O
than	O	O
7	O	O
January	O	O
2019	O	O
(	O	O
local	O	O
time	O	O
).	O	O

Applications	O	O
must	O	O
contain	O	O
all	O	O
materials	O	O
to	O	O
be	O	O
given	O	O
consideration.	O	O

To	O	O
apply	O	O
please	O	O
open	O	O
the	O	O
link	O	O
Apply	O	O

online	O	O
fill	O	O
in	O	O
the	O	O
online	O	O
application	O	O
form	O	O
and	O	O
attach	O	O
all	O	O
your	O	O
materials	O	O
in	O	O
English.	O	O

The	O	O
file	O	O
must	O	O
include	O	O
:	O	O
Application	O	O
(	O	O
cover	O	O
letter	O	O
)	O	O
CV	O	O
Diploma	O	O
(	O	O
MSc	O	O
/	O	O
PhD	O	O
)	O	O
List	O	O
of	O	O
publications	O	O
Applications	O	O
and	O	O
enclosures	O	O
received	O	O
after	O	O
the	O	O
deadline	O	O
will	O	O
not	O	O

All	O	O
interested	O	O
candidates	O	O
irrespective	O	O
of	O	O
age	O	O
gender	O	O
disability	O	O
race	O	O
religion	O	O
or	O	O
ethnic	O	O
background	O	O
are	O	O
encouraged	O	O
to	O	O
apply.	O	O

<	O	O
ORGANIZATION	O	O
>	O	O
<	O	O
ORGANIZATION	O	O
>	O	O
is	O	O
an	O	O
international	O	O
research	O	O
center	O	O
of	O	O
excellence	O	O
developing	O	O
next	O	O
generation	O	O
cell	O	O
factories	O	O
and	O	O
bioprocesses	O	O
for	O	O
sustainable	O	O
production	O	O
of	O	O
high	O	O
-	O	O
value	O	O
chemical	O	O
compounds	O	O

The	O	O
center	O	O
uses	O	O
advanced	O	O
metabolic	O	O
engineering	O	O
techniques	O	O
and	O	O
computational	O	O
biology	O	O
ensuring	O	O
efficient	O	O
and	O	O
cost	O	O
-	O	O
effective	O	O
design	O	O
and	O	O
construction	O	O

The	O	O
center	O	O
'	O	O
s	O	O
activities	O	O
are	O	O
a	O	O
balanced	O	O
mix	O	O
of	O	O
basic	O	O
and	O	O
translational	O	O
research	O	O
complemented	O	O
by	O	O
an	O	O
emphasis	O	O
on	O	O
business	O	O
development	O	O
to	O	O
facilitate	O	O
commercialization	O	O
of	O	O
new	O	O
cell	O	O
factories	O	O
and	O	O
associated	O	O

<	O	O
ORGANIZATION	O	O
>	O	O
<	O	O
ORGANIZATION	O	O
>	O	O
offers	O	O
state	O	O
-	O	O
of	O	O
-	O	O
the	O	O
-	O	O
art	O	O
research	O	O
facilities	O	O
and	O	O
assembles	O	O
world	O	O
leaders	O	O
in	O	O
the	O	O
field	O	O
thus	O	O
offering	O	O
a	O	O

<	O	O
ORGANIZATION	O	O
>	O	O
is	O	O
a	O	O
technical	O	O
university	O	O
providing	O	O
internationally	O	O
leading	O	O
research	O	O
education	O	O
innovation	O	O
and	O	O
scientific	O	O

Our	O	O
staff	O	O
of	O	O
6,	O	O
000	O	O
advance	O	O
science	O	O
and	O	O
technology	O	O
to	O	O
create	O	O
innovative	O	O
solutions	O	O
that	O	O
meet	O	O
the	O	O
demands	O	O
of	O	O
society	O	O
and	O	O
our	O	O
11,	O	O
200	O	O
students	O	O
are	O	O
being	O	O
educated	O	O
to	O	O
address	O	O
the	O	O
technological	O	O
challenges	O	O
of	O	O
the	O	O

<	O	O
ORGANIZATION	O	O
>	O	O
is	O	O
an	O	O
independent	O	O
academic	O	O
university	O	O
collaborating	O	O
globally	O	O
with	O	O
business	O	O
industry	O	O
government	O	O
and	O	O

Are	O	O
you	O	O
passionate	O	O
about	O	O
transforming	O	O
your	O	O
large	O	I
component	O	I
experience	O	I
into	O	O
new	O	O
concepts	O	O
for	O	O
turbine	O	B
installations	O	I
transport	O	B
or	O	O
maintenance?	O	B

And	O	O
are	O	O
you	O	O
motivated	O	O
by	O	O
designing	B	B
existing	I	I
Transport	I	I
Construction	I	I
Maintenance	I	I
processes	I	I
and	O	I
tools?	O	I

Are	O	O
you	O	O
ready	O	O
to	O	O
work	B	O
in	I	O
a	I	O
dynamic	I	O
and	I	O
international	I	O
team?	I	O

Then	O	O
take	O	O
a	O	O
look	O	O
at	O	O
this	O	O
opportunity	O	O
where	O	O
you	O	O
will	O	O
cooperate	O	O
closely	O	O
with	O	O
our	O	O
sales	O	O
transport	O	O
and	O	O
construction	O	O
business	O	O
our	O	O
component	O	O
designers	O	O
and	O	O
your	O	O
dedicated	O	O
colleagues!	O	O

Wind	O	O
Capture	O	O
&	O	O
T	O	O
&	O	O
H	O	O
>	O	O
Product	O	O
Functions	O	O
and	O	O
Aero	O	O
>	O	O
Transport	O	O
&	O	O
Handling	O	O
Processes	O	O
Transport	O	O
&	O	O
Handling	O	O
(	O	O
T	O	O
&	O	O
H	O	O
)	O	O
is	O	O
a	O	O
part	O	O
of	O	O
Power	O	O
Solutions	O	O
in	O	O
the	O	O

The	O	O
department	O	O
is	O	O
accountable	O	O
for	O	O
developing	O	O
and	O	O
maintaining	O	O
standard	O	O
work	O	O
processes	O	O
and	O	O
tools	O	O
for	O	O
Transport	O	O
Installation	O	O
and	O	O
Maintenance	O	O
of	O	O
wind	O	O
turbines.	O	O

As	O	O
part	O	O
of	O	O
<	O	O
ORGANIZATION	O	O
>	O	O
the	O	O
Transport	O	O
&	O	O
Handling	O	O
Processes	O	O
team	O	O
is	O	O
responsible	B	B
for	I	I
developing	I	I
and	I	I
illustrating	I	I
processes	I	I
and	O	O
concepts	O	O
related	B	O
to	I	O
transport	I	O
installation	I	O
and	I	O
maintenance	I	O
of	I	O
wind	O	O

In	O	O
relation	O	O
to	O	O
construction	O	O
our	O	O
responsibilities	O	O
are	O	O
to	O	O
:	B	B
Develop	I	I
construction	I	I
concepts	O	O
for	O	O
new	O	O
<	O	O
ORGANIZATION	O	O
>	O	O
products	O	O
in	O	O
collaboration	O	O
with	B	B
<	I	I
ORGANIZATION	I	I
>	I	I
designers	I	I
Ensure	I	I
that	I	I
market	I	I
requirements	I	O
and	O	O
best	O	O
practice	O	O
is	O	O
included	B	B
in	I	I
<	I	I
ORGANIZATION	I	I
>	O	O
design	O	B
To	O	I
drive	O	I
new	O	I
product	O	I
development	O	I
to	O	I
ensure	O	I
<	O	O
ORGANIZATION	B	B
>	I	I
design	I	I
enables	I	I
cost	I	I
optimized	I	I
construction	I	O
solutions	I	O
and	B	B
ensure	I	I
full	O	O
value	O	O
chain	O	O
perspective	B	I
in	I	I
new	O	I
products	B	I
Optimize	I	I
construction	B	B
in	I	I
terms	I	I
of	I	I
cost	I	I
reduction	I	I
and	I	I
quality	O	O
improvements	O	O
Collection	O	O
of	O	O
improvement	O	O
suggestions	O	O
and	O	O

Your	O	O
main	O	O
responsibilities	O	O
will	O	O
be	O	O
to	O	O
:	B	B
Plan	I	I
and	I	I
ensure	I	I
development	I	I
of	I	I
global	I	I
construction	I	I
work	I	I
processes	O	O
for	O	O
new	O	O
wind	O	O
turbines	B	B
Ensure	I	I
that	I	I
requirements	I	I
from	I	O
the	I	O
operational	I	O
business	I	I
are	I	I
included	I	O
in	I	I
the	I	O
wind	I	O
turbine	I	O
&	I	O
tools	I	I

Create	B	B
new	I	I
concepts	I	I
for	I	I
turbine	I	I
installation	I	I
as	O	O
well	O	O
as	O	O
optimize	B	B
existing	I	I
processes	I	I

Take	O	B
part	O	I
in	O	I
testing	B	I
verifying	I	B
at	I	I
site	I	I

Qualifications	O	O

0	O	O
-	O	O
3	O	O
years	O	O
of	O	O
experience	B	B
within	B	B
production	I	I
supply	B	B
chain	B	B
production	B	B
installation	O	O
maintenance	O	O
or	O	B
other	O	I
handling	O	B
of	O	I
wind	O	O
turbines	O	O
or	O	O
other	O	O
large	O	O
components	O	O
in	O	O

You	O	O
hold	O	O
a	O	O
B.	B	B
Sc.	O	O

degree	O	B
in	O	I
Production	B	I
Mechanical	I	I
Electrical	I	I
Marine	I	I
Engineering	I	I
(	O	O
or	O	O
similar	O	O
)	O	O
and	O	O
might	O	O
be	O	O
newly	O	O
educated	O	O

Knowledge	O	O
about	O	O
LEAN	B	B
Value	B	B
stream	I	I
Mapping	I	I
Process	B	B
Mapping	I	I
(	I	O
production	I	B
or	I	I
development	I	B
)	I	I
Competencies	O	O

You	O	O
are	O	O
able	O	O
to	O	O
develop	B	B
processes	I	I
or	I	I
concepts	I	I
for	I	I
larger	I	I
components	I	I
in	O	O
either	O	O
wind	O	B
or	O	I
maritime	O	I
industry	O	I
or	O	O
similar	O	O

You	O	O
have	O	O
a	O	O
good	O	O
understanding	O	O
of	O	O
risk	B	B
assessment	I	I
tools	I	I
(	O	O
PFMEA	B	B
process	B	B
mapping	I	I
etc.	O	O
)	O	O
You	O	O
possess	O	O
good	O	O
communication	B	B
and	O	I
presentation	B	I
skills	I	I
in	O	O
English	B	B
both	O	O
written	O	O
and	O	O
verbal	O	O

You	O	O
are	O	O
capable	O	O
of	O	O
cooperating	B	B
with	I	I
colleagues	I	I
in	O	I
a	O	I
professional	O	I
and	O	I
positive	O	I
manner	O	I

You	O	O
have	O	O
a	O	O
proactive	B	B
mindset	I	I
and	O	O
the	O	O
ability	O	O
to	O	O
keep	B	B
an	I	I
overview	I	I
in	I	I
stressed	I	I
situations	I	I

As	O	O
a	O	O
person	O	O
you	O	O
are	O	O
outgoing	B	B
of	O	O
nature	O	O
and	O	O
you	O	O
possess	O	O
natural	O	O
project	B	B
management	I	I
skills	I	I

What	O	O
we	O	O
offer	O	O
We	O	O
offer	O	O
you	O	O
an	O	O
exciting	O	O
and	O	O
challenging	O	O
job.	O	O

You	O	O
will	O	O
be	O	O
part	O	O
of	O	O
a	O	O
professional	O	O
and	O	O
dedicated	O	O
team	O	O
with	O	O
focus	O	O
on	O	O
quality	O	O
high	O	O
performance	O	O
and	O	O
an	O	O
open	O	O
-	O	O
minded	O	O
and	O	O
informal	O	O
international	O	O
working	O	O

You	O	O
will	O	O
have	O	B
a	O	I
broad	O	I
interface	O	I
and	O	O
work	O	B
closely	O	I
with	O	I
people	O	I
from	O	O
all	O	O
over	O	O
the	O	O
organization	O	O
and	O	O
on	O	O
all	O	O
organizational	O	O
levels.	O	O

As	O	O
a	O	O
large	O	O
part	O	O
of	O	O
this	O	O
job	O	O
testing	O	B
and	O	O
verification	O	B
on	O	I
site	O	I
working	O	B
closely	O	I
with	O	I
people	O	I
with	O	I
hands	O	I

on.	O	O

Additional	O	O
information	O	O

This	O	O
position	O	O
is	O	O
placed	O	O
in	O	O
<	O	O
LOCATION	O	O
>	O	O

Occasional	O	O
travel	O	O
activities	O	O
are	O	O
to	O	O
be	O	O
expected	O	O
in	O	O
connection	O	O
with	O	O
this	O	O
position.	O	O

For	O	O
additional	O	O
information	O	O
about	O	O
the	O	O
position	O	O
please	O	O
contact	O	O
:	O	O
Manager	O	O
<	O	O
NAME	O	O
>	O	O
<	O	O
NAME	O	O
>	O	O
<	O	O

About	O	O
<	O	O

<	O	O
ORGANIZATION	O	O
>	O	O
is	O	O
the	O	O
energy	O	O
industry	O	O
'	O	O
s	O	O
global	O	O
partner	O	O
on	O	O

We	O	O
design	O	O
manufacture	O	O
install	O	O
and	O	O
service	O	O
wind	O	O
turbines	O	O
across	O	O
the	O	O
globe	O	O
and	O	O
with	O	O
94	O	O
GW	O	O
of	O	O
wind	O	O
turbines	O	O
in	O	O
79	O	O
countries	O	O
we	O	O
have	O	O
installed	O	O
more	O	O
wind	O	O
power	O	O
than	O	O
anyone	O	O
else.	O	O

Through	O	O
our	O	O
industry	O	O
-	O	O
leading	O	O
smart	O	O
data	O	O
capabilities	O	O
and	O	O
unparalleled	O	O
79	O	O
GW	O	O
of	O	O
wind	O	O
turbines	O	O
under	O	O
service	O	O
we	O	O
use	O	O
data	O	O
to	O	O
interpret	O	O
forecast	O	O
and	O	O
exploit	O	O
wind	O	O
resources	O	O
and	O	O
deliver	O	O
best	O	O
-	O	O
in	O	O

Together	O	O
with	O	O
our	O	O
customers	O	O
<	O	O
ORGANIZATION	O	O
>	O	O
more	O	O
than	O	O
24,	O	O
300	O	O
employees	O	O
are	O	O
bringing	O	O
the	O	O
world	O	O
sustainable	O	O
energy	O	O
solutions	O	O
to	O	O
power	O	O
a	O	O

We	O	O
invite	O	O
you	O	O
to	O	O
learn	O	O
more	O	O
about	O	O
<	O	O
ORGANIZATION	O	O
>	O	O
by	O	O
visiting	O	O
our	O	O
website	O	O
at	O	O
<	O	O
CONTACT	O	O
>	O	O
and	O	O
following	O	O
us	O	O
on	O	O

Are	O	O
you	O	O
able	O	O
to	O	O
handle	B	B
complex	I	I
pricing	I	I
calculations?	I	I

Can	O	O
you	O	O
communicate	B	B
quantitative	I	I
analyzes	I	I
in	O	I
a	O	I
simple	O	I
understandable	O	I
way?	O	I

Do	O	O
you	O	O
want	O	O
to	O	O
influence	B	O
the	I	I
sales	I	I
of	I	I
large	I	I
-	I	I

Would	O	O
you	O	O
like	O	O
to	O	O
become	O	O
a	O	O
part	O	O
of	O	O
an	O	O
international	O	O
company	O	O
in	O	O
rapid	O	O
growth?	O	O

Become	O	O
a	O	O
part	O	O
of	O	O
a	O	O
new	O	O
Pricing	O	O
team	O	O
in	O	O
<	O	O
ORGANIZATION	O	O
>	O	O
<	O	O
ORGANIZATION	O	O
>	O	O
is	O	O
a	O	O
<	O	O
LOCATION	O	O
>	O	O
technology	O	O
company	O	O
and	O	O
one	O	O
of	O	O
the	O	O
worlds	O	O
leading	O	O

We	O	O
experience	O	O
rapid	O	O
growth	O	O
and	O	O
focus	O	O
massively	O	O
on	O	O
development	O	O
and	O	O
production	O	O
of	O	O
intelligent	O	O
metering	O	O
equipment	O	O
and	O	O
systems	O	O
for	O	O
wireless	O	O
solutions	O	O
for	O	O
energy	O	O
and	O	O
water	O	O
consumption.	O	O

Because	O	O
of	O	O
an	O	O
increased	O	O
demand	O	O
for	O	O
our	O	O
innovative	O	O
and	O	O
intelligent	O	O
solution	O	O
we	O	O
are	O	O
looking	O	O
for	O	O
a	O	O
new	O	O
Pricing	O	O
Specialist	O	O
for	O	O
our	O	O
newly	O	O
established	O	O
Pricing	O	O
team.	O	O

As	O	O
a	O	O
Pricing	O	O
Specialist	O	O
you	O	O
will	O	O
join	O	O
a	O	O
professional	O	O
working	O	O
environment	O	O
characterized	O	O
by	O	O
being	O	O
ambitious	O	B
proactive	O	B
and	O	O
innovative.	O	O

The	O	O
pricing	O	O
team	O	O
is	O	O
part	O	O
of	O	O
the	O	O
Sales	O	O
organization	O	O
in	O	O
the	O	O
<	O	O
ORGANIZATION	O	O
>	O	O
<	O	O
ORGANIZATION	O	O
>	O	O
and	O	O
your	O	O
task	O	O
are	O	O
essential	O	O
to	O	O
our	O	O
future	O	O
sales	O	O
strategies	O	O
and	O	O
to	O	O
be	O	O
successful	O	O

The	O	O
pricing	O	O
team	O	O
is	O	O
a	O	O
new	O	O
initiative	O	O
to	O	O
strengthen	O	O
our	O	O
sales	O	O
processes	O	O
and	O	O
to	O	O
support	O	O
strategic	O	O
decisions.	O	O

A	O	O
challenging	O	O
job	O	O
with	O	O
complex	O	O
pricing	O	O
calculations	O	O
responsibility	O	O
and	O	O
influence	O	O

In	O	O
the	O	O
position	O	O
as	O	O
Pricing	O	O
Specialist	O	O
you	O	O
will	O	O
have	O	O
an	O	O
important	O	O
role	O	O
by	O	O
supporting	B	B
the	I	I
Electricity	I	I
Sales	I	I
team	I	I
by	O	O
carrying	O	B
out	O	I
pricing	B	I
calculations	I	I
competitor	I	I
analysis	I	I
and	O	I
benchmarks.	B	I

You	O	O
will	O	O
get	O	O
a	O	O
broad	O	O
interface	O	I
internally	O	O
with	O	O
stakeholders	O	O
from	O	O
different	O	O
function	O	O
areas	O	O
within	O	O
the	O	O
<	O	O
ORGANIZATION	O	O
>	O	O
<	O	O

Bid	O	B
Management	O	I
Product	O	B
Management	O	I
and	O	O
Project	O	B
Execution.	O	I

Your	O	O
main	O	O
responsible	O	O
is	O	O
to	O	O
:	B	B
Prepare	I	I
pricing	I	I
calculations	I	I
and	I	I
price	I	I
-	B	B
/	I	I
cost	I	I
analysis	O	O
Present	O	O
the	O	O
calculations	B	B
at	I	I
internal	I	I
meetings	I	I
Prepare	I	I
business	O	O
cases	O	B
and	O	I
benchmarks	O	I
to	O	O
justify	O	O
the	B	B
calculations	I	I
and	I	I
to	I	I
support	B	B
the	I	I
sales	I	I
strategies	I	I
Build	I	I
and	I	I
maintain	I	I
a	I	I
database	O	B
of	O	I
submitted	O	I
offers	O	O
/	O	O
KPIs	O	O
Ad	O	O
hoc	O	O
tasks	O	O
as	O	O
a	O	O

You	O	O
will	O	O
work	O	B
in	O	I
different	O	I
bid	O	I
and	O	I
sales	O	I
project	O	I
-	O	I
oriented	O	O

Project	O	O
work	O	O
will	O	O
therefore	O	O
also	O	O
be	O	O
a	O	O
part	O	O
of	O	O
the	O	O
job.	O	O

In	O	O
the	O	O
job	O	O
you	O	O
can	O	O
expect	O	O
around	O	O
10	O	O
travel	O	O
days	O	O
per	O	O
year.	O	O

Personality	O	O
matters	O	O

You	O	O
must	O	O
have	O	O
an	O	O
analytical	B	B
proactive	I	B
and	I	O
structured	I	B
workstyle	I	I
with	O	O
a	O	O
high	B	B
-	I	I
quality	O	O

You	O	O
must	O	O
be	O	O
highly	O	O
numerate	B	B
and	O	O
possess	O	O
strong	O	O
communicative	B	B
skills	I	I
that	O	O
enables	O	O
you	O	O
to	O	O
interact	B	B
with	I	I
your	I	I
commercial	I	I
and	I	I
technical	I	I
colleagues.	I	I

You	O	O
enjoy	O	O
working	B	B
independently	I	I
but	O	O
at	O	O
the	O	O
same	O	O
time	O	O
you	O	O
are	O	O
to	O	O
build	B	B
relationships	I	I
across	I	O
the	I	O
organization.	I	O

As	O	O
a	O	O
person	O	O
you	O	O
are	O	O
innovative	B	B
and	O	O
solution	B	B
-	O	O

To	O	O
succeed	O	O
in	O	O
the	O	O
job	O	O
as	O	O
Pricing	O	O
Specialist	O	O
it	O	O
is	O	O
crucial	O	O
that	O	O
you	O	O
:	O	O
Have	O	O
a	B	B
Masters	I	I
degree	O	I
within	B	B
finance	B	B
economics	O	O
or	O	O
similar	O	O
Have	O	O
minimum	O	O
3	O	O
years	O	O
of	O	O
experience	O	O
from	O	O
a	O	O
similar	O	O
position	O	O
function	O	O
or	O	O
industry	O	O
Have	O	O
solid	O	O
experience	O	O
with	B	B
pricing	I	I
and	I	I
complex	I	I

Are	O	O
an	O	O
experienced	O	O
user	O	O
of	O	O
Microsoft	B	B
PowerPoint	I	I
and	O	O
Excel	B	B
(	O	O
Visual	B	B
Basic	I	I
and	O	O
Pivot	B	B
are	O	O
an	O	O
advantage	O	O
)	O	O
Have	O	O
understanding	O	O
of	O	O
CAPEX	B	B
/	I	I
OPEX	I	I

We	O	O
expect	O	O
that	O	O
you	O	O
speak	O	O
and	O	O
write	O	O
fluently	O	O
English.	B	B

Danish	O	O
Swedish	B	B
and	O	O
Norwegian	B	O
will	O	O
be	O	O
an	O	O
advance	O	O
because	O	O
of	O	O
our	O	O
many	O	O
customers	O	O
in	O	O
<	O	O
LOCATION	O	O

We	O	O
offer	O	O
more	O	O
than	O	O
just	O	O
a	O	O
job	O	O
We	O	O
offer	O	O
you	O	O
a	O	O
vital	O	O
position	O	O
critical	O	O
to	O	O
our	O	O
future	O	O
success	O	O
in	O	O
<	O	O
ORGANIZATION	O	O
>	O	O
<	O	O
ORGANIZATION	O	O

You	O	O
will	O	O
have	O	O
significant	O	O
influence	O	O
on	O	O
your	O	O
day	O	O
-	O	O
to	O	O
-	O	O
day	O	O
tasks	O	O
in	O	O
a	O	B
position	O	I
where	O	I
you	O	I
work	O	I
with	O	I
professional	O	O
and	O	O
motivated	O	B
people	O	I
aspiring	O	I
to	O	I
inspire	O	O

We	O	O
offer	O	O
you	O	O
flexible	O	O
working	O	O
hours	O	O
and	O	O
several	O	O
employee	O	O
benefits	O	O
including	O	O
a	O	O
great	O	O
canteen	O	O
free	O	O
fruit	O	O
a	O	O
fitness	O	O
center	O	O
in	O	O
-	O	O
house	O	O
dentist	O	O
in	O	O
-	O	O
house	O	O
hairdresser	O	O
and	O	O
a	O	O
free	O	O

Besides	O	O
these	O	O
benefits	O	O
we	O	O
have	O	O
an	O	O
active	O	O
staff	O	O
association.	O	O

Do	O	O
you	O	O
want	O	O
to	O	O
be	O	O
a	O	O
part	O	O
of	O	O
<	O	O

Please	O	O
submit	O	O
your	O	O
application	O	O
online.	O	O

Applications	O	O
are	O	O
reviewed	O	O
on	O	O
a	O	O
continuous	O	O
basis	O	O
but	O	O
you	O	O
can	O	O
expect	O	O
a	O	O
response	O	O
within	O	O
6	O	O
weeks.	O	O

If	O	O
you	O	O
have	O	O
any	O	O
questions	O	O
about	O	O
the	O	O
position	O	O
please	O	O
contact	O	O
Commercial	O	O
Sales	O	O
Manager	O	O
<	O	O
NAME	O	O
>	O	O
<	O	O
NAME	O	O
>	O	O
<	O	O
NAME	O	O
>	O	O
on	O	O
phone	O	O

About	O	O
<	O	O
ORGANIZATION	O	O
>	O	O
<	O	O
ORGANIZATION	O	O
>	O	O
develops	O	O
and	O	O
manufactures	O	O
innovative	O	O
solutions	O	O
for	O	O
measuring	O	O
energy	O	O

<	O	O
ORGANIZATION	O	O
>	O	O
is	O	O
the	O	O
world	O	O
'	O	O
s	O	O
leading	O	O
manufacturer	O	O
of	O	O
advanced	O	O
and	O	O
innovative	O	O
equipment	O	O
for	O	O
the	O	O
district	O	O
heating	O	O
sector	O	O
and	O	O
is	O	O
one	O	O
of	O	O
the	O	O
leading	O	O
<	O	O
LOCATION	O	O
>	O	O
suppliers	O	O
of	O	O
smart	O	O
meters	O	O
and	O	O
other	O	O

<	O	O
ORGANIZATION	O	O
>	O	O
has	O	O
over	O	O
1300	O	O
employees	O	O
in	O	O
more	O	O
than	O	O
20	O	O
countries	O	O
with	O	O
headquarters	O	O
in	O	O

<	O	O
ORGANIZATION	O	O
>	O	O
has	O	O
a	O	O
healthy	O	O
economy	O	O
high	O	O
growth	O	O
rates	O	O
and	O	O
a	O	O
strong	O	O
focus	O	O
on	O	O
development	O	O
of	O	O
technology	O	O

<	O	O
ORGANIZATION	O	O
>	O	O
<	O	O
ORGANIZATION	O	O
>	O	O
is	O	O
recruiting	O	O
on	O	O
behalf	O	O
of	O	O
one	O	O
of	O	O
our	O	O
customers	O	O
in	O	O
<	O	O
LOCATION	O	O
>	O	O
<	O	O

However	O	O
candidates	O	O
with	O	O
an	O	O
overall	O	O
experience	O	O
in	O	O
the	O	O
pig	B	B
production	I	I
will	O	O
be	O	O
contacted.	O	O

There	O	O
are	O	O
around	O	O
600	O	O
sows	O	O
in	O	O
the	O	O
farm	O	O
and	O	O
the	O	O
farmer	O	O
has	O	O
several	O	O
locations.	O	O

The	O	O
tasks	O	O
can	O	O
be	O	O
feeding	B	B
moving	B	B
castration	B	B
insemination	B	I
monitoring	B	B
the	I	I
animals	I	I
health	I	I
and	O	I
others.	O	I

We	O	O
offer	O	O
:	O	O
-	O	O
A	O	O
full	O	O
-	O	O
time	O	O
job	O	O
that	O	O
is	O	O
1	O	O
working	O	O
month	O	O
and	O	O
1	O	O
month	O	O
free	O	O
(	O	O
this	O	O
means	O	O
that	O	O
you	O	O
will	O	O
be	O	O
working	O	O
only	O	O
6	O	O
months	O	O
yearly	O	O
)	O	O
-	O	O
Fixed	O	O
salary	O	O
which	O	O
will	O	O
be	O	O
allocated	O	O
in	O	O
all	O	O
12	O	O
months	O	O
(	O	O
50	O	O
%	O	O
of	O	O
the	O	O
total	O	O
salary	O	O
per	O	O
month	O	O
)	O	O
-	O	O
The	O	O
possibility	O	O
to	O	O
make	O	O
the	O	O
contract	O	O
for	O	O
full	O	O
12	O	O
months	O	O
-	O	O
There	O	O
is	O	O
accommodation	O	O

The	O	O
job	O	O
is	O	O
for	O	O
around	O	O
40	O	O
hours	O	O
a	O	O
week	O	O
where	O	O
you	O	O
will	O	O
be	O	O
working	O	O
from	O	O
around	O	O
6	O	O
:	O	O
30	O	O
in	O	O
the	O	O
morning	O	O
until	O	O
15	O	O
:	O	O
30	O	O

Working	O	O
every	O	O
3rd	O	O
weekend	O	O
plus	O	O
night	O	O
shift	O	O
the	O	O
same	O	O
weekend	O	O
e.	O	O
g.	O	O

checking	O	O
on	O	O
the	O	O
lights	O	O
in	O	O
the	O	O
stables	O	O
(	O	O
it	O	O
takes	O	O
about	O	O
½	O	O
hour	O	O
).	O	O

You	O	O
will	O	O
have	O	O
1	O	O
hour	O	O
of	O	O
lunch	O	O
break	O	O
and	O	O
15	O	O
min.	O	O

coffee	O	O
break.	O	O

You	O	O
must	O	O
have	O	O
:	O	O
-	O	O
A	O	O
valid	B	B
driving	I	I
license	O	O
-	O	O
The	B	O
desire	I	O
to	I	B
work	I	I
with	I	I
pigs	O	O
-	O	O
A	O	O
little	O	O
experience	O	O
with	O	O
the	O	O

The	O	O
employement	O	O
should	O	O
start	O	O
as	O	O
soon	O	O
as	O	O
possible	O	O
after	O	O
agreement.	O	O

If	O	O
you	O	O
want	O	O
to	O	O
experience	O	O
a	O	O
different	O	O
country	O	O
and	O	O
combine	O	O
that	O	O
with	O	O
work	O	O
please	O	O
feel	O	O
free	O	O
to	O	O
send	O	O
your	O	O
CV	O	O
to	O	O
<	O	O
CONTACT	O	O
>	O	O
<	O	O
CONTACT	O	O
>	O	O
and	O	O
we	O	O
will	O	O
get	O	O
back	O	O

Please	O	O
when	O	O
sending	O	O
your	O	O
cv	O	O
on	O	O
the	O	O
mentioned	O	O
email	O	O
write	O	O
'	O	O
Pig	O	O
farm	O	O
-	O	O
<	O	O
LOCATION	O	O

We	O	O
are	O	O
looking	O	O
for	O	O
a	O	O
<	O	O
PROFESSION	O	O
>	O	O
<	O	O
PROFESSION	O	O
>	O	O
to	O	O
join	O	O
our	O	O
Growth	O	O
Marketing	O	O

In	O	O
this	O	O
role	O	O
youll	O	O
work	B	B
closely	I	O
with	I	I
developers	I	O
designers	I	O
and	I	O
marketers	I	O
who	O	O
are	O	O
building	O	O
our	O	O
brand	O	O
and	O	O
shaping	O	O
the	O	O
visual	O	O
identity	O	O
of	O	O
our	O	O
company.	O	O

Together	O	O
with	O	O
the	O	O
team	O	O
youll	O	O
develop	B	B
beautiful	I	I
campaigns	I	I
create	B	B
outstanding	I	I
experiences	I	I
that	O	O
drive	O	O
our	O	O
ambitious	O	O
growth	O	O
objectives	O	O
and	O	O
help	O	O
maintain	B	O
our	I	I
frontend	I	I
stack.	I	I

Youll	O	O
be	O	O
working	O	O
closely	O	O
with	O	O
our	O	O
Creative	O	O
Technology	O	O
Manager	O	O
backend	O	O
developer	O	O
designers	O	O
and	O	O
copywriters	O	O
where	O	O
you	O	O
will	O	O
contribute	B	O
with	I	O
beautifully	I	O
crafted	I	I
layouts	I	I
built	O	O
with	O	I
scalable	B	O
and	I	I
modulable	I	I
code.	I	O

You	O	O
should	O	O
have	O	O
at	O	O
least	O	O
2	O	O
years	O	O
of	O	O
experience	O	O
working	O	O
in	O	O
an	O	O
agency	O	O
or	O	O
a	O	O
similar	O	O
company	O	O
developing	B	B
and	I	I
integrating	I	I
great	I	I
frontend	I	I
experiences.	I	I

What	O	O
you	O	O
'	O	O
ll	B	B
do	I	I
:	I	I
Collaborate	I	I
with	I	O
a	I	O
team	I	O
of	I	O
designers	I	O
copywriters	O	O
and	B	B
marketers	I	I
to	I	I
craft	I	I
and	I	I
deliver	I	I
exceptional	I	I
landing	I	I
pages	O	O
and	O	O
experiences	O	O
on	O	O
our	O	B
blog	O	I
ecosystem	O	I
Participate	O	I
in	O	O
creative	B	B
projects	I	I
to	I	I
deliver	O	O
maximum	O	O
impact	O	O
together	O	O
with	O	O
specialists	O	O
;	O	O
for	O	O
example	O	O
our	O	O
website	O	O
for	O	O
the	O	B
annual	O	I
conference	O	I
Spark	B	I
Bring	I	I
your	I	I
own	I	I
creative	O	O
solutions	B	B
and	I	I
ideas	O	O
to	B	B
solve	I	I
challenges	I	I
and	I	I
improve	I	I
our	I	I
overall	I	I
website	O	B
&	B	I
campaign	I	I
performance	I	I
Help	I	I
build	I	I
and	I	I
maintain	I	I
a	I	I
design	I	I
system	O	O
and	O	O
development	O	O
process	O	O
to	O	O
allow	O	O
our	O	O
team	O	O
to	O	O
move	O	O
faster	B	B
and	I	I
become	I	I
autonomous	I	I
Organize	I	B
and	I	I
maintain	I	B
markup	O	O
JavaScript	B	B
and	I	I
CSS	I	I
while	I	I
developing	I	I
quality	I	I
well	O	O
-	O	O
performing	O	O
and	O	O
scalable	O	O
code	O	O

Knowledge	O	O
in	O	O
WordPress	B	B
/	O	O
PHP	O	O
is	O	O

Experience	O	O
with	O	O
working	O	O
in	O	O
Scrum	B	B
/	O	O
Agile	O	O
teams	O	O
is	O	O

What	O	O
we	O	O
offer	O	O
:	O	O
Open	O	O
informal	O	O
and	O	O
multinational	O	O
working	O	O

An	O	O
opportunity	O	O
to	O	O
work	O	O
with	O	O
companies	O	O
of	O	O
all	O	O
sizes	O	O
including	O	O
large	O	O
international	O	O
brands	O	O
high	O	O
level	O	O
of	O	O
responsibility	O	O
and	O	O
excellent	O	O
career	O	O
and	O	O
development	O	O
opportunities	O	O

Flexible	O	O
working	O	O
hours	O	O

Catered	O	O
lunch	O	O
with	O	O
healthy	O	O
drinks	O	O
and	O	O
snacks	O	O
provided	O	O
Social	O	O
events	O	O
like	O	O
Friday	O	O
bar	O	O
company	O	O
outings	O	O
and	O	O
more	O	O

<	O	O
ORGANIZATION	O	O
>	O	O
provides	O	O
a	O	O
unified	O	O
SaaS	O	O
platform	O	O
for	O	O
social	O	O
media	O	O
listening	O	O
engaging	O	O
publishing	O	O
and	O	O
managing	O	O
customer	O	O

We	O	O
enable	O	O
our	O	O
clients	O	O
to	O	O
explore	O	O
the	O	O
full	O	O
potential	O	O
of	O	O
digital	O	O
marketing	O	O
by	O	O
managing	O	O
multiple	O	O
customer	O	O
touch	O	O
points	O	O
from	O	O
one	O	O
platform.	O	O

Our	O	O
platform	O	O
has	O	O
already	O	O
achieved	O	O
great	O	O
international	O	O
traction	O	O
in	O	O
the	O	O
market	O	O
with	O	O
its	O	O
technology	O	O
endorsed	O	O
by	O	O
partnerships	O	O
with	O	O
<	O	O
ORGANIZATION	O	O
>	O	O
<	O	O
ORGANIZATION	O	O

Founded	O	O
as	O	O
<	O	O
ORGANIZATION	O	O
>	O	O
<	O	O
ORGANIZATION	O	O
>	O	O
in	O	O
<	O	O
LOCATION	O	O
>	O	O
in	O	O
2010	O	O
we	O	O
now	O	O
also	O	O
have	O	O
offices	O	O
in	O	O
<	O	O
LOCATION	O	O

Were	O	O
a	O	O
highly	O	O
diverse	O	O
team	O	O
and	O	O
were	O	O
always	O	O
looking	O	O
for	O	O
passionate	O	B
and	O	O
curious	O	B
people	O	O
who	O	O
want	O	O
to	O	O
be	O	O
part	O	O
of	O	O
a	O	O
fast	O	O
-	O	O
paced	O	O
high	O	O

For	O	O
any	O	O
questions	O	O
regarding	O	O
this	O	O
position	O	O
please	O	O
write	O	O
us	O	O
on	O	O
jobs	O	O
<	O	O

Pioneer	O	O
a	O	O
brighter	O	O
future	O	O

At	O	O
<	O	O
ORGANIZATION	O	O
>	O	O
we	O	O
work	O	O
in	O	O
close	O	O
partnership	O	O
with	O	O
our	O	O
customers	O	O
and	O	O
the	O	O
global	O	O
community	O	O
to	O	O
make	O	O
a	O	O
sustainable	O	O

We	O	O
use	O	O
science	O	O
to	O	O
advance	O	O
industries	O	O
and	O	O
as	O	O
part	O	O
of	O	O
Research	O	O
Innovation	O	O
and	O	O
Supply	O	O
you	O	O
will	O	O
help	O	O
find	O	O
the	O	O
biological	O	O
answers	O	O
and	O	O
build	O	O
the	O	O
new	O	O
businesses	O	O
that	O	O
can	O	O
pave	O	O
the	O	O
way	O	O
for	O	O
a	O	O
brighter	O	O
future.	O	O

Head	O	O
of	O	O
Solid	O	O
Products	O	O
Development	O	O
Formulation	O	O
Development	O	O
<	O	O
ORGANIZATION	O	O
>	O	O
<	O	O
ORGANIZATION	O	O
>	O	O
<	O	O
ORGANIZATION	O	O
>	O	O
<	O	O
ORGANIZATION	O	O
>	O	O
forms	O	O
the	O	O
bridge	O	O
between	O	O

We	O	O
work	O	O
with	O	O
the	O	O
formulation	O	O
of	O	O
enzymes	O	O
which	O	O
is	O	O
the	O	O
discipline	O	O
of	O	O
processing	O	O
enzymes	O	O
with	O	O
powder	O	O
ingredients	O	O
to	O	O
produce	O	O
our	O	O
dry	O	O
enzyme	O	O
products.	O	O

The	O	O
department	O	O
consists	O	O
of	O	O
a	O	O
mix	O	O
of	O	O
scientists	O	O
lab	O	O
technicians	O	O
and	O	O
process	O	O
technologists.	O	O

By	O	O
combining	O	O
our	O	O
knowledge	O	O
about	O	O
enzymes	O	O
powder	O	O
processes	O	O
and	O	O
customer	O	O
requirements	O	O
we	O	O
develop	O	O
enzyme	O	O
powders	O	O
of	O	O
high	O	O
quality.	O	O

We	O	O
are	O	O
looking	O	O
for	O	O
a	O	O
manager	O	O
for	O	O
the	O	O
department	O	O
of	O	O
Solid	O	O
Products	O	O
Development	O	O

You	O	O
will	O	O
be	O	O
responsible	O	O
for	O	O
the	O	O
general	B	O
management	I	B
and	I	I
development	I	I
of	I	I
the	I	I
employees	I	I
for	O	O
budget	B	I
and	I	I
resource	I	I
allocation	I	I
and	O	O
for	O	O
ensuring	B	B
timely	I	I
and	I	I
efficient	I	I
project	I	I
execution	I	I
with	O	I
high	O	I
quality	O	I
results.	O	O

You	O	O
are	O	O
expected	O	O
to	O	O
drive	B	B
the	I	I
development	I	I
of	I	I
technology	I	I
within	O	O
solids	O	B
processing.	O	I

You	O	O
will	O	O
join	O	O
the	O	O
management	O	O
group	O	O
of	O	O
Formulation	O	O
Development	O	O
and	O	O
report	O	O
to	O	O
the	O	O
director	O	O
of	O	O
the	O	O
area.	O	O

You	O	O
will	O	O
be	O	O
offered	O	O
an	O	O
exciting	O	O
position	O	O
where	O	O
you	O	O
will	O	O
be	O	O
part	O	O
of	O	O
an	O	O
international	O	O
management	O	O
team	O	O
be	O	O
head	O	O
of	O	O
an	O	O
advanced	O	O
development	O	O
department	O	O
and	O	O
in	O	O
direct	O	O
contact	O	O
with	O	O
colleagues	O	O
from	O	O
marketing	O	O
production	O	O
pilot	O	O
plants	O	O
and	O	O
research	O	O
&	O	O
development	O	O
departments	O	O
in	O	O
<	O	O
ORGANIZATION	O	O

In	O	O
this	O	O
position	O	O
you	O	O
need	O	O
to	O	O
:	O	O
Have	O	O
a	B	B
Master	I	I
or	I	I
PhD	I	I
degree	O	O
in	B	B
chemical	I	I
/	O	O
biochemical	O	O
engineering	O	O
or	O	O
related	O	O
field	B	B
such	I	I
as	O	O
bio	B	B
(	I	I
chemistry	O	O
)	O	O
or	O	O
food	B	B
science	I	I
Have	O	O
experience	O	O
with	O	O
project	B	B
leadership	I	I
Have	I	I
experience	I	I
with	O	O
interfaces	O	O
between	O	O
external	O	O
/	O	O

This	O	O
can	O	O
be	O	O
commercial	B	B
insight	I	I
or	O	O
production	B	B
knowledge	O	O

Be	O	O
able	O	O
to	O	O
drive	B	B
technological	I	I
advances	I	I
and	O	O
increase	B	B
expertise	I	I
level	I	I
in	I	I
the	I	O
department	I	O

Be	O	O
able	O	O
to	O	O
lead	B	B
and	I	I
motivate	I	I
people	I	I
and	O	O
have	O	O
good	O	O
communication	B	B
skills	I	I

Have	O	O
experience	O	O
with	O	O
people	B	B
management	I	I

About	O	O
<	O	O
ORGANIZATION	O	O
>	O	O
<	O	O
ORGANIZATION	O	O
>	O	O
is	O	O
the	O	O
world	O	O
leader	O	O

Together	O	O
with	O	O
customers	O	O
partners	O	O
and	O	O
the	O	O
global	O	O
community	O	O
we	O	O
improve	O	O
industrial	O	O
performance	O	O
while	O	O
preserving	O	O
the	O	O
planets	O	O
resources	O	O
and	O	O
helping	O	O
build	O	O
better	O	O
lives.	O	O

As	O	O
the	O	O
worlds	O	O
largest	O	O
provider	O	O
of	O	O
enzyme	O	O
and	O	O
microbial	O	O
technologies	O	O
our	O	O
bioinnovation	O	O
enables	O	O
higher	O	O
agricultural	O	O
yields	O	O
low	O	O
-	O	O
temperature	O	O
washing	O	O
energy	O	O
-	O	O
efficient	O	O
production	O	O
renewable	O	O
fuel	O	O
and	O	O
many	O	O
other	O	O
benefits	O	O
that	O	O
we	O	O
rely	O	O
on	O	O
today	O	O
and	O	O

We	O	O
call	O	O
it	O	O
Rethink	O	O
Tomorrow.	O	O

<	O	O

;	O	O
Contact	O	O

For	O	O
more	O	O
information	O	O
please	O	O
contact	O	O
Director	O	O
<	O	O
NAME	O	O
>	O	O
<	O	O
NAME	O	O
>	O	O
<	O	O
NAME	O	O
>	O	O
<	O	O

Application	O	O
deadline	O	O
:	O	O
January	O	O
11	O	O
2019.	O	O

Please	O	O
attach	O	O
your	O	O
diplomas	O	O
with	O	O
grades	O	O
when	O	O
you	O	O
apply	O	O
for	O	O
the	O	O
job.	O	O

Ref	O	O
:	O	O
5797BR	O	O
City	O	O
:	O	O
<	O	O
LOCATION	O	O
>	O	O
Country	O	O
:	O	O
<	O	O

Do	O	O
you	O	O
want	O	O
to	O	O
be	O	O
part	O	O
of	O	O
a	O	O
team	O	O
supporting	O	O
growth	O	O
through	O	O
development	O	O
and	O	O
continuous	O	O
optimisation	O	I
of	O	O
global	O	O
rewards	O	O
initiatives?	O	O

<	O	O
ORGANIZATION	O	O
>	O	O
<	O	O
ORGANIZATION	O	O
>	O	O
has	O	O
embarked	O	O
on	O	O
a	O	O
growth	O	O
journey	O	O
to	O	O
become	O	O
the	O	O
preferred	O	O
dermatology	O	O
care	O	O
partner	O	O

This	O	O
journey	O	O
includes	O	O
exciting	O	O
global	O	O
initiatives	O	O
and	O	O
organisational	O	O
development.	O	O

As	O	O
a	O	O
Rewards	O	O
Specialist	O	O
for	O	O
our	O	O
Headquarters	O	O
in	O	O
<	O	O
LOCATION	O	O
>	O	O
(	O	O
HQ	O	O
)	O	O
you	O	O
will	O	O
get	O	O
a	O	O
chance	O	O
to	O	O
influence	O	O
our	O	O
companys	O	O
ability	O	O
to	O	O
turn	O	O
our	O	O
ambitious	O	O
strategies	O	O
into	O	O

Right	O	O
strategies	O	O
and	O	O
best	O	O
-	O	O
in	O	O
-	O	O
class	O	O
processes	O	O
programmes	O	O
and	O	O
tools	O	O
In	O	O
2017	O	O
<	O	O
ORGANIZATION	O	O
>	O	O
<	O	O
ORGANIZATION	O	O
>	O	O
Board	O	O
of	O	O
Directors	O	O
approved	O	O
a	O	O
new	O	O
rewards	O	O
strategy	O	O
as	O	O
well	O	O
as	O	O
a	O	O
number	O	O
of	O	O
initiatives	O	O
to	O	O

You	O	O
will	O	O
be	O	O
a	O	O
member	O	O
of	O	O
the	O	O
Global	O	O
Rewards	O	O
Center	O	O
of	O	O
Expertise	O	O
and	O	O
translate	O	O
<	O	O
ORGANIZATION	O	O
>	O	O
<	O	O
ORGANIZATION	O	O
>	O	O
Global	O	O
Rewards	O	O
Strategy	O	O
into	O	O
local	O	O
initiatives	O	O
at	O	O
our	O	O
HQ	O	O
to	O	O
help	O	O
attract	O	O
motivate	O	O

You	O	O
will	O	O
be	O	O
working	O	B
in	O	I
a	O	I
multi	O	I
-	O	I
cultural	O	O
environment	O	O
and	O	O
with	O	O
an	O	O
organisational	O	O
setup	O	O
characterised	O	O
by	O	O

Key	O	O
responsibilities	O	O
include	O	O
:	O	B
HQ	O	I
lead	O	I
on	O	I
the	B	I
implementation	I	I
of	I	O
SuccessFactors.	O	O

Specifically	O	O
Compensation	B	B
and	I	O
Performance	I	O
Management.	I	I

Optimize	B	B
and	I	I
manage	I	I
existing	I	I
reward	I	I
and	I	I
benefits	I	I
programmes	I	I
and	I	I
processes	I	I
to	O	O
support	B	B
the	I	I
business	I	I
priorities	I	I
and	O	O
ensure	B	B
local	I	I
compliance.	I	I

Co	O	O

-	O	O

develop	B	B
global	I	I
frameworks	I	I
policies	I	I
and	I	I
programmes	I	I
together	O	O
with	O	O
the	O	O
Global	O	O
Rewards	O	O
team.	O	O

Manage	B	B
HQ	I	I
reward	I	I
programmes.	I	I

Perform	B	B
benchmarking	I	I
and	O	O
do	O	B
market	B	I
analysis	I	I
for	O	O
key	O	O
positions.	O	O

Drive	B	B
the	I	I
annual	I	I
salary	I	I
review	I	I
across	O	O
HQ	O	O
including	O	O
benchmarking	B	B
work	I	I
for	I	O
salary	I	O
range	I	O
setting	I	O
in	O	O
<	O	O
LOCATION	O	O
>	O	O
as	O	O
well	O	O
as	O	O
in	O	O
other	O	O
countries	O	O
in	O	O
<	O	O
ORGANIZATION	O	O
>	O	O
<	O	O
ORGANIZATION	O	O
>	O	O
as	O	O
needed	O	O
and	O	O
in	O	O
cooperation	O	O
with	O	O
other	O	O
colleagues	O	O

Advise	B	B
and	I	I
train	I	I
managers	I	I
and	I	I
HR	I	I
Business	I	I
Partners	I	I
in	O	O
compensation	O	I
and	O	I
benefits	O	O
policies	O	I
and	O	O
on	O	O
how	O	O
to	O	O
apply	O	O
<	O	O
ORGANIZATION	O	O
>	O	O
<	O	O
ORGANIZATION	O	O
>	O	O
global	O	O
job	O	O
structure	O	O
based	O	O
on	O	O

Drive	O	B
HQ	O	I
communication	O	I
initiatives	O	I
to	O	O
support	B	B
strong	I	I
anchoring	I	I
of	I	I
rewards	I	I
policies	I	I
and	I	I
programmes.	I	I

Experience	O	O
with	O	O
rewards	B	B
in	I	O
a	I	O
global	I	B
context	I	O

You	O	O
have	O	O
experience	O	O
as	O	O
a	O	O
Rewards	O	O
Specialist	O	O
or	O	O
Manager	O	O
in	O	O
a	O	O
global	O	O
organisation	O	O
and	O	O
a	O	O
strong	O	O
track	O	O
record	O	O
of	O	O
delivering	B	B
a	I	I
broad	I	I
range	I	I
of	I	I
reward	I	I
initiatives	I	I
in	O	I
a	O	I
complex	O	I
environment.	O	I

Ideally	O	O
this	O	O
is	O	O
backed	O	O
by	O	O
a	O	O
relevant	O	O
Masters	B	B
degree	I	I
(	O	O
Business	B	B
Administration	I	I
HR	B	B
Finance	B	B
Economics	B	B
or	O	O
similar	O	O
).	O	O

You	O	O
are	O	O
skilled	O	O
in	O	O
Excel	B	B
and	O	O
PowerPoint	B	B
and	O	O
have	O	O
a	O	O
natural	O	O
interest	O	O
in	O	O
working	B	B
with	I	I
numbers	I	I
and	I	I
data	I	I
and	O	O
translate	O	O
those	O	O
into	O	O
findings	O	O
and	O	O
key	O	O
messages.	O	O

You	O	O
understand	O	O
the	O	O
importance	O	O
of	O	O
having	O	O
a	O	O
strong	B	O
focus	I	B
on	I	I
details	I	I
and	O	O
you	O	O
are	O	O
effective	O	O
at	O	O
building	B	B
relationship	I	I
with	I	I
your	I	I
stakeholders.	I	I

As	O	O
you	O	O
will	O	O
be	O	O
engaging	B	B
with	I	I
colleagues	I	I
across	O	O
the	O	O
global	O	O
organisation	O	O
it	O	O
is	O	O
important	O	O
that	O	O
you	O	O
can	O	O
communicate	O	O
effectively	O	I
and	O	O
confidently	O	O
in	O	O
English.	B	B

Your	O	O
new	O	O
team	O	O

The	O	O
position	O	O
is	O	O
based	O	O
at	O	O
our	O	O
Headquarters	O	O
in	O	O
the	O	O
greater	O	O
<	O	O
LOCATION	O	O
>	O	O

As	O	O
you	O	O
will	O	O
be	O	O
responsible	O	O
for	O	O
Compensation	O	B
&	O	O
Benefits	O	I
related	O	O
matters	O	O
for	O	O
our	O	O
HQ	O	O
you	O	O
will	O	O
report	O	O
to	O	O
the	O	O
Strategic	O	O
HR	O	O
Business	O	O
Partner	O	O
Global	O	O
Finance	O	O
and	O	O
Business	O	O
Services	O	O
and	O	O
have	O	O
a	O	O
functional	O	O
dotted	O	O
line	O	O
to	O	O
the	O	O
Director	O	O
Global	O	O
Rewards.	O	O

That	O	O
means	O	O
that	O	O
you	O	O
can	O	O
look	O	O
forward	O	O
to	O	O
a	O	O
close	O	O
collaboration	O	O
with	O	O
HR	O	O
Business	O	O
Partners	O	O
and	O	O
Line	O	O
Managers	O	O
as	O	O
well	O	O
as	O	O
colleagues	O	O
in	O	O
the	O	O
Global	O	O
Rewards	O	O
team.	O	O

For	O	O
questions	O	O
to	O	O
the	O	O
position	O	O
please	O	O
contact	O	O
Strategic	O	O
HR	O	O
Business	O	O
Partner	O	O
<	O	O
NAME	O	O
>	O	O
<	O	O
NAME	O	O
>	O	O
<	O	O
NAME	O	O

We	O	O
look	O	O
forward	O	O
to	O	O
receiving	O	O
your	O	O
application	O	O
no	O	O
later	O	O
than	O	O
30th	O	O
of	O	O
January	O	O
2019.	O	O

We	O	O
will	O	O
conduct	O	O
interviews	O	O
on	O	O
an	O	O
on	O	O
-	O	O

We	O	O
expect	O	O
you	O	O
to	O	O
:	O	O
Be	O	O
a	B	O
registered	I	O
surgeon.	O	O

Work	O	O
in	O	O
a	O	O
way	O	O
that	O	O
is	O	O
patient	B	O
-	O	O
centred	B	O
and	O	O

Provide	B	B
your	I	I
patients	I	O
with	I	I
a	I	I
safe	I	I
and	I	I
effective	I	I
course	I	I
of	I	I
treatment.	I	O

Participate	O	O
actively	O	O
in	O	O
the	O	O
clinics	O	O
development	O	I
and	O	I
quality	O	I
-	O	O
assurance	O	O

Participate	O	O
actively	O	O
in	O	O
the	O	O
education	O	O
of	O	O
the	O	O
clinics	O	O
trainee	O	O
doctors.	O	O

See	B	O
IT	I	B
systems	I	I
as	I	O
an	I	O
aid	I	O
in	I	O
your	I	O
work	I	O
and	O	O
do	O	O
what	O	O
you	O	O
can	O	O
to	O	O
be	O	O
at	O	O
the	O	O
forefront	O	O
of	O	O
developments	O	O
in	O	O
this	O	O
area.	O	O

Be	O	O
good	B	O
humoured	I	B
loyal	B	B
dedicated	B	B
and	O	O
flexible.	B	B

We	O	O
can	O	O
offer	O	O
:	O	O
A	O	O
busy	O	O
department	O	O
that	O	O
is	O	O
constantly	O	O
developing.	O	O

A	O	O
department	O	O
where	O	O
all	O	O
professional	O	O
groups	O	O
demonstrate	O	O
a	O	O
high	O	O
level	O	O
of	O	O
professional	O	O
expertise	O	O
and	O	O
dedication.	O	O

An	O	O
individually	O	O
tailored	O	O
shift	O	O
pattern	O	O
:	O	O
consultants	O	O
on	O	O
a	O	O
seven	O	O
-	O	O
week	O	O
rotation	O	O
registered	O	O
specialists	O	O
on	O	O
a	O	O

Participation	O	O
in	O	O
relevant	O	O
meetings	O	O
courses	O	O
and	O	O
congresses	O	O
thanks	O	O
to	O	O
your	O	O
own	O	O
continuing	O	O
professional	O	O
development	O	O
budget.	O	O

A	O	O
department	O	O
in	O	O
which	O	O
the	O	O
training	O	O
of	O	O
junior	O	O
doctors	O	O
is	O	O
being	O	O
developed.	O	O

A	O	O
department	O	O
in	O	O
which	O	O
research	O	O
is	O	O
ongoing.	O	O

A	O	O
friendly	O	O
and	O	O
sociable	O	O
team	O	O
of	O	O
co	O	O
-	O	O

The	O	O
Surgical	O	O
Department	O	O
is	O	O
located	O	O
at	O	O
hospitals	O	O
in	O	O
<	O	O
LOCATION	O	O
>	O	O
and	O	O

This	O	O
position	O	O
will	O	O
be	O	O
based	O	O
mainly	O	O
at	O	O
the	O	O
<	O	O
LOCATION	O	O
>	O	O

At	O	O
<	O	O
LOCATION	O	O
>	O	O
there	O	O
is	O	O
an	O	O
A	O	O
&	O	O
E	O	O
department	O	O
and	O	O
a	O	O
large	O	O

In	O	O
2015	O	O
the	O	O
unit	O	O
performed	O	O
approx.	O	O

2,	O	O
800	O	O
operations	O	O
and	O	O
some	O	O
5,	O	O
000	O	O

At	O	O
<	O	O
LOCATION	O	O
>	O	O
the	O	O
unit	O	O
performed	O	O

2,	O	O
200	O	O
operations	O	O
and	O	O
2,	O	O
500	O	O
endoscopies	O	O
(	O	O
including	O	O
patients	O	O
undergoing	O	O
colon	O	O
cancer	O	O

The	O	O
surgical	O	O
teams	O	O

staffing	O	O
norm	O	O
is	O	O
for	O	O
a	O	O
total	O	O
of	O	O
15	O	O
consultant	O	O
sur	O	O
-	O	O
geons	O	O
including	O	O
a	O	O
chief	O	O
consultant	O	O
surgeon	O	O
a	O	O
consultant	O	O
in	O	O
charge	O	O
of	O	O
clinical	O	O
training	O	O
and	O	O
seven	O	O
registered	O	O
surgical	O	O

In	O	O
addition	O	O
there	O	O
are	O	O
seven	O	O
trainee	O	O
surgeons.	O	O

The	O	O
department	O	O
works	O	O
closely	O	O
with	O	O
<	O	O
ORGANIZATION	O	O
>	O	O
<	O	O
ORGANIZATION	O	O
>	O	O
<	O	O
ORGANIZATION	O	O
>	O	O
to	O	O
which	O	O
patients	O	O
suffering	O	O
from	O	O
certain	O	O

The	O	O
department	O	O
provides	O	O
breast	O	O
cancer	O	O
and	O	O
colon	O	O
cancer	O	O
treatment	O	O
itself.	O	O

The	O	O
collaboration	O	O
also	O	O
covers	O	O
acute	O	O
patients	O	O
during	O	O
peak	O	O
periods.	O	O

In	O	O
addition	O	O
the	O	O
department	O	O
treats	O	O
patients	O	O
with	O	O
colon	O	O
disorders	O	O
thoracic	O	O
trauma	O	O
pilonidal	O	O
abscesses	O	O
and	O	O
cysts	O	O
gastrointestinal	O	O
bleed	O	O
-	O	O
ing	O	O
pancreatic	O	O
disorders	O	O
biliary	O	O
tract	O	O
disorders	O	O
and	O	O
hernias	O	O
and	O	O
performs	O	O
endoscopies	O	O
and	O	O
breast	O	O

The	O	O
Surgical	O	O
Department	O	O
has	O	O
been	O	O
part	O	O
of	O	O
the	O	O
Clinic	O	O
for	O	O
General	O	O
Surgery	O	O
/	O	O
Women	O	O
and	O	O
Children	O	O
since	O	O
1	O	O
January	O	O

The	O	O
Clinic	O	O
for	O	O
General	O	O
Surgery	O	O
/	O	O
Women	O	O
and	O	O
Children	O	O
is	O	O
divided	O	O
between	O	O
the	O	O
hospitals	O	O
in	O	O
<	O	O
LOCATION	O	O

In	O	O
<	O	O
LOCATION	O	O
>	O	O
the	O	O
clinic	O	O
offers	O	O
24	O	O
-	O	O
hour	O	O
surgery	O	O
gynaecology	O	O
and	O	O
obstetrics	O	O
as	O	O
well	O	O
as	O	O
paediatrics	O	O
including	O	O

In	O	O
<	O	O
LOCATION	O	O
>	O	O
the	O	O
clinic	O	O
undertakes	O	O
elective	O	O
urological	O	O
and	O	O
surgical	O	O

The	O	O
clinic	O	O
has	O	O
400	O	O
full	O	O
-	O	O
time	O	O

The	O	O
Clinic	O	O
for	O	O
General	O	O
Surgery	O	O
/	O	O
Women	O	O
and	O	O
Children	O	O
has	O	O
been	O	O
part	O	O
of	O	O
the	O	O
<	O	O
ORGANIZATION	O	O
>	O	O
<	O	O
ORGANIZATION	O	O
>	O	O
<	O	O

<	O	O
ORGANIZATION	O	O
>	O	O
<	O	O
ORGANIZATION	O	O
>	O	O
<	O	O
ORGANIZATION	O	O
>	O	O
<	O	O

It	O	O
has	O	O
two	O	O
acute	O	O
hospitals	O	O
in	O	O
<	O	O
LOCATION	O	O
>	O	O
and	O	O

The	O	O
A	O	O
&	O	O
E	O	O
function	O	O
in	O	O
these	O	O
towns	O	O
demands	O	O
24	O	O
-	O	O

In	O	O
<	O	O
LOCATION	O	O
>	O	O
there	O	O
is	O	O
24	O	O
-	O	O
hour	O	O
cover	O	O
at	O	O
first	O	O
on	O	O
-	O	O
call	O	O

Medical	O	O
care	O	O
and	O	O
elective	O	O
surgery	O	O
are	O	O
carried	O	O
out	O	O
in	O	O
<	O	O
LOCATION	O	O
>	O	O
neurological	O	O
rehabilitation	O	O
is	O	O
undertaken	O	O
at	O	O
<	O	O
ORGANIZATION	O	O
>	O	O
<	O	O
ORGANIZATION	O	O
>	O	O
in	O	O
<	O	O
LOCATION	O	O
>	O	O
while	O	O
<	O	O
ORGANIZATION	O	O
>	O	O
<	O	O
ORGANIZATION	O	O
>	O	O
<	O	O

<	O	O
ORGANIZATION	O	O
>	O	O
<	O	O
ORGANIZATION	O	O
>	O	O
<	O	O
ORGANIZATION	O	O
>	O	O
<	O	O
ORGANIZATION	O	O
>	O	O
provides	O	O
the	O	O
vast	O	O
majority	O	O
of	O	O
hospital	O	O

Education	O	O
is	O	O
an	O	O
important	O	O
part	O	O
of	O	O
the	O	O
hospitals	O	O
core	O	O
function.	O	O

The	O	O
hospital	O	O
includes	O	O
a	O	O
well	O	O
-	O	O
run	O	O
simulation	O	O
and	O	O
competence	O	O
centre	O	O
which	O	O
ensures	O	O
that	O	O
staff	O	O
are	O	O
professionally	O	O

<	O	O
ORGANIZATION	O	O
>	O	O
<	O	O
ORGANIZATION	O	O
>	O	O
<	O	O
ORGANIZATION	O	O
>	O	O
<	O	O
ORGANIZATION	O	O
>	O	O
aims	O	O
to	O	O

For	O	O
that	O	O
reason	O	O
we	O	O
have	O	O
our	O	O
own	O	O
research	O	O
unit	O	O
and	O	O
work	O	O
closely	O	O
with	O	O
<	O	O
ORGANIZATION	O	O
>	O	O
<	O	O

<	O	O
ORGANIZATION	O	O
>	O	O
<	O	O
ORGANIZATION	O	O
>	O	O
<	O	O
ORGANIZATION	O	O
>	O	O
<	O	O
ORGANIZATION	O	O
>	O	O
is	O	O
a	O	O
flexible	O	O
workplace	O	O
that	O	O
sees	O	O

Our	O	O
employees	O	O
well	O	O
-	O	O
being	O	O
job	O	O
satisfaction	O	O
and	O	O
high	O	O
level	O	O
of	O	O
professional	O	O
expertise	O	O
are	O	O
a	O	O
recognised	O	O
prerequisite	O	O
for	O	O
optimal	O	O
patient	O	O

Salary	O	O
and	O	O
terms	O	O
of	O	O
employment	O	O
comply	O	O
with	O	O
the	O	O
collective	O	O
agreement	O	O
for	O	O
consultants	O	O
/	O	O
registered	O	O
medical	O	O

Why	O	O
choose	O	O
<	O	O
LOCATION	O	O
>	O	O
<	O	O
LOCATION	O	O
>	O	O

We	O	O
offer	O	O
a	O	O
37	O	O
-	O	O
hour	O	O
working	O	O
week	O	O
a	O	O
generous	O	O
pay	O	O
package	O	O
and	O	O
5	O	O
weeks	O	O
paid	O	O
annual	O	O

Although	O	O
taxes	O	O
are	O	O
high	O	O
in	O	O
<	O	O
LOCATION	O	O
>	O	O
so	O	O
are	O	O
the	O	O
salaries	O	O
which	O	O
means	O	O
your	O	O
take	O	O
-	O	O
home	O	O
pay	O	O
will	O	O
still	O	O
be	O	O
more	O	O
than	O	O
you	O	O
would	O	O
make	O	O
in	O	O
most	O	O

Typically	O	O
your	O	O
starting	O	O
salary	O	O
as	O	O
a	O	O
medical	O	O
specialist	O	O
will	O	O
be	O	O
around	O	O
DKK	O	O
50,	O	O
000	O	O
a	O	O
month	O	O
before	O	O
tax.	O	O

After	O	O
tax	O	O
you	O	O
can	O	O
expect	O	O
to	O	O
receive	O	O
approx.	O	O

DKK	O	O
30,	O	O
000.	O	O

You	O	O
will	O	O
receive	O	O
full	O	O
salary	O	O
from	O	O
day	O	O
one	O	O
even	O	O
though	O	O
you	O	O
will	O	O
be	O	O
spending	O	O
most	O	O
of	O	O
your	O	O
time	O	O
learning	O	O
Danish	O	O
for	O	O
the	O	O
first	O	O
few	O	O
months.	O	O

Continuing	O	O
education	O	O
as	O	O
a	O	O
doctor	O	O
you	O	O
are	O	O
entitled	O	O
to	O	O
annual	O	O
employer	O	O
-	O	O
funded	O	O
continuing	O	O

There	O	O
are	O	O
also	O	O
good	O	O
opportunities	O	O
for	O	O
sub	O	O
-	O	O
specialisation	O	O
in	O	O
cooperation	O	O
with	O	O
the	O	O
regions	O	O
university	O	O
hospital	O	O
in	O	O

Research.	O	O

We	O	O
do	O	O
not	O	O
consider	O	O
research	O	O
to	O	O
be	O	O
an	O	O
optional	O	O
extra	O	O
but	O	O
something	O	O
all	O	O
our	O	O
medical	O	O
specialists	O	O
are	O	O
expected	O	O
to	O	O
engage	O	O
in.	O	O

Housing	O	O
:	O	O
You	O	O
can	O	O
rent	O	O
low	O	O
-	O	O
cost	O	O
housing	O	O
through	O	O
the	O	O
hospital	O	O
or	O	O
we	O	O
can	O	O
help	O	O
you	O	O
find	O	O
a	O	O
place	O	O
to	O	O
rent	O	O
or	O	O
buy	O	O
in	O	O
the	O	O

Relocation	O	O

We	O	O
will	O	O
help	O	O
you	O	O
and	O	O
your	O	O
family	O	O
with	O	O
practical	O	O
matters	O	O
and	O	O
support	O	O
your	O	O
integration	O	O
into	O	O
the	O	O
local	O	O
community.	O	O

If	O	O
relevant	O	O
we	O	O
will	O	O
also	O	O
do	O	O
what	O	O
we	O	O
can	O	O
to	O	O
help	O	O
your	O	O
spouse	O	O
find	O	O
work.	O	O

You	O	O
will	O	O
have	O	O
plenty	O	O
of	O	O
opportunity	O	O
to	O	O
enjoy	O	O
<	O	O
LOCATION	O	O
>	O	O
<	O	O
LOCATION	O	O

The	O	O
tip	O	O
of	O	O
<	O	O
LOCATION	O	O
>	O	O
<	O	O
LOCATION	O	O
>	O	O
peninsula	O	O
is	O	O
surrounded	O	O
by	O	O
water	O	O

The	O	O
unique	O	O
quality	O	O
of	O	O
light	O	O
that	O	O
this	O	O
creates	O	O
is	O	O
celebrated	O	O
in	O	O
the	O	O
works	O	O
of	O	O
the	O	O
world	O	O
-	O	O
famous	O	O
<	O	O
ORGANIZATION	O	O
>	O	O
<	O	O
ORGANIZATION	O	O
>	O	O

<	O	O
LOCATION	O	O
>	O	O
<	O	O
LOCATION	O	O
>	O	O
is	O	O
also	O	O
famous	O	O
for	O	O
its	O	O
excellent	O	O
surfing	O	O
conditions	O	O
at	O	O
<	O	O
LOCATION	O	O
>	O	O
<	O	O
LOCATION	O	O

<	O	O
LOCATION	O	O
>	O	O
<	O	O
LOCATION	O	O
>	O	O
is	O	O
quite	O	O
simply	O	O
a	O	O
great	O	O
place	O	O
to	O	O
pursue	O	O
outdoor	O	O
activities	O	O
whether	O	O
you	O	O
enjoy	O	O
white	O	O
sandy	O	O
beaches	O	O
mountain	O	O
biking	O	O
kitesurfing	O	O
or	O	O

For	O	O
more	O	O
information	O	O
please	O	O
visit	O	O
:	O	O

<	O	O
LOCATION	O	O
>	O	O
<	O	O
LOCATION	O	O
>	O	O
has	O	O
a	O	O
varied	O	O
and	O	O
flourishing	O	O
cultural	O	O
life	O	O
with	O	O
museums	O	O
cultural	O	O
centres	O	O
concert	O	O
venues	O	O
and	O	O
a	O	O
wealth	O	O
of	O	O
arts	O	O

The	O	O
public	O	O
libraries	O	O
are	O	O
free	O	O
of	O	O
charge	O	O
and	O	O
open	O	O
to	O	O
everyone.	O	O

In	O	O
addition	O	O
to	O	O
lending	O	O
out	O	O
books	O	O
of	O	O
all	O	O
kinds	O	O
they	O	O
stage	O	O
a	O	O
wide	O	O
range	O	O
of	O	O
interesting	O	O
talks	O	O
and	O	O
organise	O	O
a	O	O
whole	O	O
host	O	O
of	O	O
events	O	O
for	O	O
children.	O	O

How	O	O
to	O	O
apply	O	O

Please	O	O
send	O	O
your	O	O
detailed	O	O
application	O	O
documents	O	O
(	O	O
curriculum	O	O
vitae	O	O
formal	O	O
recognition	O	O
as	O	O
a	O	O
medical	O	O
specialist	O	O
and	O	O
other	O	O
relevant	O	O
documents	O	O
which	O	O
reflect	O	O
your	O	O
professional	O	O
career	O	O
)	O	O
along	O	O
with	O	O
a	O	O
motivation	O	O
letter	O	O
to	O	O
the	O	O
following	O	O
email	O	O
address	O	O
:	O	O
<	O	O

We	O	O
will	O	O
then	O	O
contact	O	O
you	O	O
as	O	O
soon	O	O
as	O	O
possible.	O	O

What	O	O
happens	O	O
if	O	O
I	O	O
am	O	O
interested	O	O
in	O	O
the	O	O
job?	O	O
If	O	O
both	O	O
parties	O	O
are	O	O
interested	O	O
in	O	O
taking	O	O
your	O	O
application	O	O
to	O	O
the	O	O
next	O	O
step	O	O
we	O	O
will	O	O
invite	O	O
you	O	O
and	O	O
your	O	O
spouse	O	O
on	O	O
a	O	O
short	O	O
trip	O	O
to	O	O
<	O	O
LOCATION	O	O
>	O	O
to	O	O
visit	O	O
the	O	O
hospital	O	O
and	O	O
its	O	O

On	O	O
the	O	O
trip	O	O
you	O	O
will	O	O
be	O	O
able	O	O
to	O	O
look	O	O
at	O	O
different	O	O
types	O	O
of	O	O
housing	O	O
visit	O	O
childcare	O	O
facilities	O	O
or	O	O
schools	O	O
and	O	O
get	O	O
a	O	O
better	O	O
picture	O	O
of	O	O
life	O	O
and	O	O
work	O	O
in	O	O
<	O	O
LOCATION	O	O

If	O	O
after	O	O
the	O	O
visit	O	O
both	O	O
parties	O	O
are	O	O
still	O	O
interested	O	O
in	O	O
continuing	O	O
the	O	O
relationship	O	O
we	O	O
will	O	O
agree	O	O
employment	O	O
terms	O	O
and	O	O
draw	O	O
up	O	O
a	O	O
contract.	O	O

Typically	O	O
you	O	O
will	O	O
be	O	O
able	O	O
to	O	O
start	O	O
working	O	O
in	O	O
<	O	O
LOCATION	O	O
>	O	O
as	O	O
soon	O	O
as	O	O
you	O	O
are	O	O
able	O	O
to	O	O
move	O	O
you	O	O
and	O	O
your	O	O
family	O	O
to	O	O
<	O	O
LOCATION	O	O
>	O	O
and	O	O
you	O	O
have	O	O
been	O	O
formally	O	O
approved	O	O
by	O	O
the	O	O

If	O	O
you	O	O
do	O	O
not	O	O
have	O	O
any	O	O
Danish	O	O
language	O	O
skills	O	O
you	O	O
will	O	O
spend	O	O
the	O	O
first	O	O
few	O	O
months	O	O
learning	O	O
Danish.	O	O

Typically	O	O
you	O	O
will	O	O
start	O	O
by	O	O
learning	O	O
Danish	O	B
80	O	O
-	O	O
90	O	O
%	O	O
of	O	O
the	O	O
time	O	O
and	O	O
working	O	O
10	O	O
-	O	O

As	O	O
you	O	O
begin	O	O
to	O	O
master	O	O
the	O	O
language	O	O
you	O	O
will	O	O
be	O	O
working	O	O
more	O	O
and	O	O
having	O	O
fewer	O	O
Danish	O	O
lessons.	O	O

We	O	O
expect	O	O
that	O	O
after	O	O
3	O	O
-	O	O
6	O	O
months	O	O
you	O	O
will	O	O
be	O	O
fluent	O	O
enough	O	O
to	O	O
cut	O	O
the	O	O
Danish	O	O
lessons	O	O
down	O	O
to	O	O
nothing	O	O
or	O	O
nearly	O	O

You	O	O
will	O	O
receive	O	O
full	O	O
pay	O	O
throughout	O	O
the	O	O
entire	O	O
period.	O	O

The	O	O
Danish	O	O
health	O	O
care	O	O
system	O	O
<	O	O
LOCATION	O	O
>	O	O
is	O	O
divided	O	O
into	O	O
five	O	O

They	O	O
are	O	O
in	O	O
charge	O	O
of	O	O
running	O	O
hospitals	O	O
and	O	O
(	O	O
through	O	O
collective	O	O
agreements	O	O
)	O	O
managing	O	O
the	O	O
general	O	O
practitioner	O	O
system.	O	O

The	O	O
local	O	O
government	O	O
is	O	O
in	O	O
charge	O	O
of	O	O
providing	O	O
prevention	O	O
and	O	O
healthcare	O	O
services	O	O
to	O	O
the	O	O
public.	O	O

Hospital	O	O
treatment	O	O
is	O	O
free	O	O
of	O	O
charge	O	O
for	O	O
residents	O	O
in	O	O
any	O	O
region	O	O
of	O	O
<	O	O
LOCATION	O	O
>	O	O
and	O	O
emergen	O	O
-	O	O
cy	O	O
treatment	O	O
is	O	O
available	O	O
to	O	O
any	O	O

<	O	O
ORGANIZATION	O	O
>	O	O
<	O	O
ORGANIZATION	O	O
>	O	O
<	O	O
ORGANIZATION	O	O
>	O	O
<	O	O
ORGANIZATION	O	O
>	O	O
for	O	O
a	O	O
wide	O	O
range	O	O
of	O	O
medical	O	O
services	O	O
and	O	O
excellent	O	O
quality	O	O
of	O	O
care	O	O
<	O	O
ORGANIZATION	O	O
>	O	O
<	O	O
ORGANIZATION	O	O
>	O	O
<	O	O
ORGANIZATION	O	O

We	O	O
operate	O	O
two	O	O
acute	O	O
hospitals	O	O
in	O	O
<	O	O
LOCATION	O	O
>	O	O
and	O	O
<	O	O
LOCATION	O	O
>	O	O
and	O	O
one	O	O
hospital	O	O
providing	O	O
medical	O	O
care	O	O
and	O	O
elective	O	O

Neurological	O	O
rehabilitation	O	O
services	O	O
are	O	O
provided	O	O
by	O	O
<	O	O
ORGANIZATION	O	O
>	O	O
<	O	O
ORGANIZATION	O	O
>	O	O
at	O	O
locations	O	O
in	O	O
<	O	O
LOCATION	O	O
>	O	O
and	O	O
<	O	O
LOCATION	O	O
>	O	O
while	O	O
<	O	O
ORGANIZATION	O	O
>	O	O
<	O	O
ORGANIZATION	O	O
>	O	O

We	O	O
are	O	O
able	O	O
to	O	O
provide	O	O
the	O	O
vast	O	O
majority	O	O
of	O	O
hospital	O	O
treatments	O	O
re	O	O
-	O	O
quired	O	O
by	O	O
patients	O	O
in	O	O
our	O	O
local	O	O
area	O	O
and	O	O
we	O	O
are	O	O
constantly	O	O
develop	O	O
-	O	O
ing	O	O
our	O	O
capabilities	O	O
in	O	O
the	O	O
areas	O	O
of	O	O
investigation	O	O
treatment	O	O
and	O	O
care	O	O
so	O	O
that	O	O
we	O	O
are	O	O
always	O	O
among	O	O
the	O	O
best	O	O
-	O	O
performing	O	O
hospitals	O	O

We	O	O
aim	O	O
to	O	O
be	O	O
at	O	O
the	O	O
forefront	O	O
of	O	O
medical	O	O
advances.	O	O

For	O	O
that	O	O
rea	O	O
-	O	O
son	O	O
we	O	O
have	O	O
our	O	O
own	O	O
research	O	O
unit	O	O
and	O	O
work	O	O
closely	O	O
with	O	O
<	O	O
ORGANIZATION	O	O
>	O	O
<	O	O
ORGANIZATION	O	O
>	O	O
<	O	O
ORGANIZATION	O	O
>	O	O
the	O	O
regions	O	O

Our	O	O
goal	O	O
is	O	O
to	O	O
be	O	O
attentive	O	O
to	O	O
and	O	O
support	O	O
the	O	O
needs	O	O
and	O	O
wishes	O	O
of	O	O
patients	O	O
and	O	O
their	O	O
families.	O	O

We	O	O
are	O	O
a	O	O
flexible	O	O
employer	O	O
that	O	O
sees	O	O
you	O	O
as	O	O
both	O	O
a	O	O
colleague	O	O
and	O	O
a	O	O
person.	O	O

We	O	O
know	O	O
that	O	O
you	O	O
can	O	O
perform	O	O
at	O	O
the	O	O
highest	O	O
level	O	O
only	O	O
if	O	O
you	O	O
enjoy	O	O
your	O	O
work	O	O
and	O	O
your	O	O
workplace.	O	O

Would	O	O
you	O	O
like	O	O
to	O	O
strengthen	O	O
your	O	O
communicative	O	B
abilities	O	I
while	O	O
working	O	B
for	O	I
a	O	I
good	O	I
cause?	O	I

As	O	O
a	O	O
promoter	O	O
for	O	O
<	O	O
ORGANIZATION	O	O
>	O	O
<	O	O
ORGANIZATION	O	O
>	O	O
you	O	O
will	O	O
improve	O	B
your	O	I
skills	O	O
within	O	B
communication	O	O

You	O	O
will	O	O
become	O	O
part	O	O
of	O	O
an	O	O
international	O	O
team	O	O
with	O	O
a	O	O
high	O	O
focus	O	O
on	O	O
continuous	O	O
coaching	O	O
and	O	O
development	O	O
all	O	O
while	O	O
contributing	O	O
to	O	O
creating	O	O
a	O	O
better	O	O
future	O	O
for	O	O
the	O	O
children	O	O
of	O	O
the	O	O
world.	O	O

How	O	O
we	O	O
work	O	O
:	O	O
Our	O	O
primary	O	O
task	O	O
is	O	O
to	O	O
promote	O	O
<	O	O
ORGANIZATION	O	O
>	O	O
work	O	O
and	O	O
recruit	O	O

As	O	O
a	O	O
promotor	O	O
you	O	O
therefore	O	O
need	O	O
to	O	O
engage	B	B
people	I	I
in	I	I
the	I	I
streets	I	I
and	O	O
inspire	O	O
them	O	O
to	O	O
support	O	O
the	O	O
cause	O	O
by	O	O
conveying	B	B
knowledge	I	I
about	O	O
how	O	O
<	O	O
ORGANIZATION	O	O
>	O	O

To	O	O
convey	O	O
our	O	O
message	O	O
we	O	O
often	O	O
use	O	O
visual	O	O
aids	O	O
and	O	O
tools	O	O
which	O	O
allows	O	O
us	O	O
to	O	O
demonstrate	O	O
in	O	O
what	O	O
ways	O	O
new	O	O
possible	O	O
members	O	O
can	O	O
help	O	O
the	O	O
children.	O	O

Furthermore	O	O
we	O	O
promote	O	O
<	O	O
ORGANIZATION	O	O
>	O	O
work	O	O
through	O	O
our	O	O
Brain	O	O
Food	O	O
event	O	O
concept	O	O
where	O	O
we	O	O
visit	O	O
fairs	O	O
centers	O	O
festivals	O	O

Here	O	O
we	O	O
among	O	O
other	O	O
things	O	O
bring	O	O
our	O	O
portable	O	O
schools	O	O
called	O	O
School	O	O
in	O	O
a	O	O
Box	O	O
that	O	O
allows	O	O
us	O	O
to	O	O
show	O	O
how	O	O
we	O	O
can	O	O
create	O	O
schools	O	O
for	O	O
children	O	O
all	O	O
around	O	O
the	O	O
world	O	O
as	O	O
well	O	O
as	O	O
our	O	O
virtual	O	O
reality	O	O
glasses	O	O
that	O	O
gives	O	O
our	O	O
visitors	O	O
an	O	O
opportunity	O	O
to	O	O
experience	O	O
a	O	O
day	O	O
in	O	O
the	O	O
life	O	O
of	O	O
a	O	O
child	O	O
in	O	O
a	O	O
refugee	O	O
camp.	O	O

We	O	O
offer	O	O
:	O	O
The	O	O
opportunity	O	O
to	O	O
work	O	O
with	O	B
marketing	O	I
fundraising	O	O
and	O	B
communication	O	O
for	O	O
the	O	O
worlds	O	O
largest	O	O
childrens	O	O
organization	O	O
A	O	O
fixed	O	O
hourly	O	O
wage	O	O
with	O	O
the	O	O
possibility	O	O
of	O	O
raises	O	O
depending	O	O
on	O	O
results	O	O
and	O	O
seniority.	O	O

The	O	O
opportunity	O	O
to	O	O
become	O	O
part	O	O
of	O	O
an	O	O
international	O	O
team	O	O
with	O	O
fundraisers	O	O
from	O	O
every	O	O
continent	O	O
in	O	O
the	O	O
world.	O	O

Access	O	O
to	O	O
UN	O	O
City	O	O
and	O	O
an	O	O
insight	O	O
into	O	O
both	O	O
<	O	O
ORGANIZATION	O	O
>	O	O
and	O	O
the	O	O
rest	O	O
of	O	O
the	O	O
UN	O	O

Social	O	O
events	O	O
interesting	O	O
lectures	O	O
International	O	O
Friday	O	O
bar	O	O
at	O	O
<	O	O
LOCATION	O	O
>	O	O
<	O	O
LOCATION	O	O
>	O	O
and	O	O
summer	O	O

A	O	O
world	O	O
class	O	O
fundraising	O	O
education	O	O
which	O	O
will	O	O
allow	O	O
you	O	O
to	O	O
build	O	O
skills	O	O
that	O	O
can	O	O
improve	O	O
both	O	O
your	O	O
personal	O	O
and	O	O
professional	O	O
development	O	O
and	O	O
take	O	O
you	O	O
to	O	O
the	O	O
next	O	O
step	O	O
in	O	O
your	O	O
career.	O	O

Career	O	O
opportunities	O	O
with	O	O
time	O	O
good	O	O
results	O	O
and	O	O
hard	O	O
work	O	O
it	O	O
is	O	O
possible	O	O
to	O	O
advance	O	O
within	O	O
the	O	O
company.	O	O

Most	O	O
of	O	O
the	O	O
leaders	O	O
in	O	O
our	O	O
team	O	O
started	O	O
out	O	O
as	O	O
fundraisers.	O	O

A	O	O
fun	O	O
and	O	O
challenging	O	O
workday	O	O
with	O	O
a	O	O
focus	O	O
on	O	O
competitions	O	O
results	O	O
and	O	O
teamwork.	O	O

You	O	O
are	O	O
:	B	B
Extroverted	O	O
and	B	B
energetic	B	O
Excited	I	O
about	I	B
meeting	I	I
new	I	I
people	O	O
and	B	O
enjoy	I	B
interacting	I	I
with	I	I
many	I	I
different	I	I
characters.	O	O

Result	B	B
oriented	I	I
and	O	O
work	B	B
constructively	I	I
towards	I	I
reaching	I	I
goals.	I	I

Good	B	O
at	I	O
acquiring	I	B
new	I	I
skills	I	I
and	O	O
using	O	O
them	O	O
actively	O	O
to	O	O
improve	O	O
your	O	O
performance.	O	O

Motivated	O	O
by	O	O
overcoming	O	B
obstacles	O	I
and	O	O
continuously	B	O
working	I	B
on	I	I
your	I	I
own	I	I
development.	I	I

Place	O	O
of	O	O
work	O	O
and	O	O
hours	O	O
:	O	O

We	O	O
work	O	O
on	O	O
both	O	O
pedestrian	O	O
streets	O	O
at	O	O
malls	O	O
and	O	O
at	O	O
indoor	O	O
as	O	O
well	O	O
as	O	O
outdoor	O	O
events.	O	O

Most	O	O
importantly	O	O
the	O	O
city	O	O
is	O	O
our	O	O
workplace	O	O
and	O	O
the	O	O
weather	O	O
our	O	O
colleague.	O	O

You	O	O
therefore	O	O
must	O	O
be	O	O
ready	O	O
to	O	O
perform	O	O
and	O	O
have	O	O
fun	O	O
whether	O	O
the	O	O
sun	O	O
is	O	O
shining	O	O
or	O	O
it	O	O
is	O	O
pouring	O	O
rain	O	O
or	O	O
snow.	O	O

The	O	O
day	O	O
team	O	O
work	O	O
Monday	O	O
to	O	O
Friday	O	O
from	O	O
10	O	O
:	O	O
00	O	O
to	O	O

You	O	O
can	O	O
work	O	O
up	O	O
to	O	O
37	O	O
hours	O	O
a	O	O
week	O	O
but	O	O
as	O	O
a	O	O
minimum	O	O
need	O	O
to	O	O
be	O	O
able	O	O
to	O	O
work	O	O
four	O	O
shifts	O	O
a	O	O
week.	O	O

The	O	O
evening	O	O
team	O	O
work	O	O
from	O	O
Monday	O	O
to	O	O
Thursday	O	O
from	O	O
16	O	O
:	O	O
00	O	O
to	O	O
19	O	O
:	O	O
00	O	O
and	O	O
Saturdays	O	O
from	O	O

You	O	O
must	O	O
be	O	O
able	O	O
to	O	O
work	O	O
at	O	O
least	O	O
two	O	O
shifts	O	O
a	O	O
week	O	O
and	O	O
preferably	O	O
every	O	O
other	O	O
weekend.	O	O

During	O	O
the	O	O
training	O	O
period	O	O
we	O	O
expect	O	O
you	O	O
to	O	O
work	O	O
three	O	O
days	O	O
a	O	O
week.	O	O

Apply	O	O
today	O	O

You	O	O
can	O	O
choose	O	O
to	O	O
work	O	O
either	O	O
full	O	O
time	O	O
or	O	O
part	O	O
time.	O	O

So	O	O
regardless	O	O
of	O	O
whether	O	O
you	O	O
are	O	O
a	O	O
student	O	O
looking	O	O
to	O	O
supplement	O	O
your	O	O
income	O	O
have	O	O
finished	O	O
your	O	O
studies	O	O
and	O	O
are	O	O
looking	O	O
to	O	O
build	O	O
your	O	O
CV	O	O
or	O	O
new	O	O
to	O	O
<	O	O
LOCATION	O	O
>	O	O
and	O	O
looking	O	O
to	O	O
enter	O	O
the	O	O
Danish	O	O
labor	O	O
market	O	O
you	O	O
can	O	O
become	O	O
a	O	O
fundraiser	O	O
for	O	O

Your	O	O
age	O	O
is	O	O
of	O	O
no	O	O
importance	O	O
to	O	O
us	O	O
it	O	O
is	O	O
all	O	O
about	O	O
personality.	O	O

Experience	O	O
is	O	O
not	O	O
necessary	O	O
you	O	O
will	O	O
be	O	O
thoroughly	O	O
trained	O	O
through	O	O
our	O	O
education	O	O
program.	O	O

Danish	O	O
skills	O	O
are	O	O
not	O	O
necessary	O	O
some	O	O
of	O	O
our	O	O
best	O	O
fundraisers	O	O
only	O	O
speak	O	O
English	B	O

You	O	O
must	O	O
however	O	O
hold	O	O
a	O	O
valid	B	O
visa	I	O
to	I	O
work	I	O
in	I	O
<	I	O
LOCATION	O	O
>	O	O
in	O	O
order	O	O
to	O	O
be	O	O
considered	O	O
for	O	O
the	O	O

Are	O	O
you	O	O
our	O	O
new	O	O
colleague?	O	O

Apply	O	O
through	O	O
the	O	O
application	O	O
link	O	O
below.	O	O

For	O	O
further	O	O
information	O	O
about	O	O
the	O	O
position	O	O
Contact	O	O
<	O	O
NAME	O	O
>	O	O
<	O	O
NAME	O	O

<	O	O
ORGANIZATION	O	O
>	O	O
offers	O	O
:	O	O
A	O	O
fixed	O	O
and	O	O
well	O	O
-	O	O
paid	O	O
full	O	O

A	O	O
varied	O	O
working	O	O
day	O	O
where	O	O
you	O	O
plan	O	O
your	O	O
work	O	O

Working	O	O
hours	O	O
that	O	O
can	O	O
be	O	O
placed	O	O
on	O	O
different	O	O
weekdays	O	O

Flexible	O	O
working	O	O
hours	O	O
between	O	O
kl.	O	O

01.	O	O
00	O	O
/	O	O
02.	O	B
30	O	I
and	O	I
06.	O	B
30	O	I
/	O	I
0730	O	O
Delivery	O	I

Our	O	O
smartphone	O	O
-	O	O
shows	O	O
you	O	O
the	O	O
optimal	O	O
route	O	O
and	O	O
delivery	O	O
points	O	O

You	O	O
must	O	O
be	O	O
able	O	O
to	O	O
read	B	B
and	I	I
understand	I	I
addresses	I	I
and	I	I
house	I	I
numbers	I	I

Thorough	O	O
training	O	O
of	O	O
experienced	O	O
colleague	O	O

Lots	O	O
of	O	O
fresh	O	O
air	O	O
and	O	O
exercise	O	O

Good	O	O
team	B	B
work	I	I
and	O	O
cooperation	B	B
with	O	I
your	O	I
colleagues	O	O
and	O	O
daily	O	O
leader	O	O
3F	O	O
'	O	O
s	O	O
union	O	O
agreement	O	O

The	O	O
work	O	O
requires	O	O

You	O	O
can	O	O
walk	B	O
on	I	O
stairs	I	O

You	O	O
can	O	O
ride	B	O
a	I	O
bike	I	O

You	O	O
have	O	O
a	O	O
acceptable	B	O
criminal	I	B
record	I	I

You	O	O
can	O	O
read	B	O
the	I	O
Latin	I	B
alphabet	I	I

You	O	O
are	O	O
motivated	B	B
for	O	I
the	O	I
work	O	I

You	O	O
have	O	O
an	O	O
good	B	O
structure	I	B
and	O	O
can	O	O
follow	B	B
a	I	I
route	I	I
and	O	O
register	B	B
when	I	I
a	I	I
shipment	I	O
is	I	O
delivered.	I	O

We	O	O
expect	O	O
that	O	O

You	O	O
do	O	B
your	O	O
work	B	O
professionally	I	I
with	I	O
high	I	O
quality	I	O

You	O	O
are	O	O
reliable	B	B
responsible	B	B
and	O	O
trustworthy	B	B

You	O	O
are	O	O
responsible	B	B
and	O	O
conscientious	B	B

You	O	O
can	O	O
work	B	B
in	I	I
all	I	I
kinds	I	I
of	I	I
weather	I	I
at	I	O
night	I	O

You	O	O
are	O	O
a	O	O
good	B	O
colleague	I	O

Facts	O	O
about	O	O
<	O	O

<	O	O
ORGANIZATION	O	O
>	O	O
is	O	O
<	O	O
LOCATION	O	O
>	O	O
second	O	O
largest	O	O
mail	O	O
company	O	O
with	O	O
4,	O	O

<	O	O
ORGANIZATION	O	O
>	O	O
delivers	O	O
7	O	O
days	O	O
a	O	O
week	O	O
-	O	O
365	O	O
days	O	O
a	O	O
year	O	O

We	O	O
hand	O	O
out	O	O
letters	O	O
direct	O	O
mail	O	O
packages	O	O
newspapers	O	O
and	O	O
magazines	O	O

Every	O	O
night	O	O
we	O	O
distribute	O	O
300,	O	O
000	O	O
shipments	O	O
across	O	O
the	O	O

Bladkompagniet	O	O
is	O	O
nearly	O	O
100	O	O
years	O	O

<	O	O
ORGANIZATION	O	O
>	O	O
works	O	O
under	O	O
the	O	O

Call	O	O
<	O	O
CONTACT	O	O
>	O	O
for	O	O
more	O	O
information	O	O
-	O	O
a	O	O
serious	O	O
job	O	O
for	O	O
adult	O	O
people	O	O

Job	O	O
Description	O	O

We	O	O
engineer	O	O
tomorrow	O	O
and	O	O
build	O	O
a	O	O
better	O	O
future	O	O
today.	O	O

Our	O	O
aim	O	O
is	O	O
to	O	O
offer	O	O
our	O	O
customers	O	O
an	O	O
integrated	O	O
customer	O	O
centric	O	O
value	O	O
driven	O	O
transparent	O	O
and	O	O
real	O	O
time	O	O
supply	O	O
chain	O	O
ecosystem	O	O
through	O	O
disruptive	O	O
digital	O	O
&	O	O
capability	O	O
transformation.	O	O

We	O	O
are	O	O
looking	O	O
for	O	O
a	O	O
Head	O	O
of	O	O
Digital	O	O
Supply	O	O
Chain	O	O
Community	O	O
who	O	O
can	O	O
lead	B	B
and	I	I
implement	I	I
an	I	I
aligned	I	I
strategy	I	I
globally.	O	O

One	O	O
of	O	O
the	O	O
most	O	O
fundamental	O	O
shifts	O	O
needed	O	O
to	O	O
transform	O	O
to	O	O
a	O	O
Digital	O	O
Supply	O	O
Chain	O	O
is	O	O
re	O	O
-	O	O
orienting	O	O
from	O	O
an	O	O
internal	O	O
focus	O	O
to	O	O
a	O	O
customer	O	B
focus	O	I
;	O	I
collaborating	O	I
with	O	I
customers	O	O
and	O	I
suppliers	O	I
for	O	O
data	O	O
-	O	O
driven	O	O
solutions	O	O
to	O	O
meet	O	O
the	O	O
needs	O	O
of	O	O

You	O	O
will	O	O
become	O	O
part	O	O
of	O	O
<	O	O
ORGANIZATION	O	O
>	O	O
<	O	O
ORGANIZATION	O	O
>	O	O
<	O	O
ORGANIZATION	O	O
>	O	O
-	O	O
a	O	O
global	O	O
organization	O	O
that	O	O
for	O	O
more	O	O
than	O	O
10	O	O
years	O	O
has	O	O
enabled	O	O
<	O	O
ORGANIZATION	O	O
>	O	O
divisions	O	I
to	O	O
continuously	O	O
improve	O	O
performance	O	O
by	O	O
systematically	O	O

Running	O	B
and	O	I
aligning	O	I
digital	O	I
supply	O	I
chain	O	I
initiatives	O	I

As	O	O
<	O	O
PROFESSION	O	O
>	O	O
for	O	O
Digital	O	O
Supply	O	O
Chain	O	O
Community	O	O
you	B	B
will	I	I
drive	I	O
the	I	O
Digital	I	O
Supply	I	I
Chain	O	O
Community	O	O
globally	O	O
which	O	O
consists	O	O
of	O	O
representatives	O	O
from	O	O
our	O	O
four	O	O
business	O	O
segments	O	O
IT	O	O
procurement	O	O
and	O	O
corporate	O	O

You	O	O
will	O	O
create	O	O
impact	O	O
with	O	O
differentiating	O	O
Danfoss	O	O
digitally	O	O
by	O	O
developing	B	B
and	I	I
implementing	I	I
a	I	I
Digital	I	I
Supply	I	I
Chain	I	I
strategy	I	I
sharing	B	B
best	I	I
practice	I	I
across	O	O
<	O	O
ORGANIZATION	O	O
>	B	B
and	I	I
developing	I	I
new	O	O
initiatives	O	O
in	O	O
cooperation	O	O
with	O	O
the	O	O
Digital	O	O
Supply	O	O
Chain	O	O

Responsibilities	O	O
:	O	O
You	O	O
will	O	O
be	O	O
instrumental	O	O
for	O	O
the	O	O
strategic	O	O
planning	O	O
and	O	O
execution	O	O
of	O	O
<	O	O
ORGANIZATION	O	O
>	O	O
<	O	O
ORGANIZATION	O	O
>	O	O
<	O	O
ORGANIZATION	O	O
>	O	O
<	O	O
ORGANIZATION	O	O
>	O	O
<	O	O
ORGANIZATION	O	O
>	O	O

You	O	O
will	O	O
identify	B	B
Digital	I	I
Supply	I	I
Chain	I	I
initiatives	I	I
that	O	O
can	O	O
scale	O	O
up	O	O
to	O	O
have	O	O
significant	O	O
impact	O	O
and	O	O
value	O	O
for	O	O
the	O	O
group.	O	O

You	O	O
will	O	O
collaborate	B	B
with	I	I
internal	I	I
customers	I	I
by	O	O
accelerating	O	B
and	O	I
improving	O	I
their	O	I
digital	O	O
projects	O	I
with	O	O
digital	O	O
tools	O	I
agile	B	B
program	I	B
management	I	I
subject	O	B
matter	O	I
expertise	O	O
in	O	O
digital	B	B
solutions	I	I

You	O	O
will	O	O
ensure	B	B
a	I	I
continued	I	I
support	I	I
knowledge	I	I
sharing	I	I
across	I	O
segments	I	O

Your	O	O
Profile	O	O

Solid	O	O
hands	O	O
on	O	O
experience	O	O
from	O	O
Digital	B	B
Supply	I	I
Chain	I	I

Energetic	B	B
willing	B	B
and	O	O
able	O	O
to	O	O
find	B	B
compromises	I	I
between	I	I
multiple	I	I
and	I	I
sometimes	I	I
conflicting	I	I
interests	I	I
Strategic	B	B
mindset	I	I
Big	B	B
picture	I	I
Thinking	I	B
Deep	B	B
Dive	I	B
Customer	B	B
Obsession	I	I
Deliver	B	B
Results	I	I
Ownership	B	I
and	O	I
Implementation.	B	I

Digital	B	O
Savvy	I	I
and	O	O
experienced	O	O
in	O	O
fields	O	O
like	O	O
data	B	B
analytics	I	I
process	B	B
transformation	I	I
IoT	B	B
(	I	O
Industrial	I	B
Automation	I	I
)	I	I
and	O	O
new	O	B
business	O	O
models	O	I
(	O	O
e	B	B
-	B	B
commerce	B	B
startups	I	O
agile	O	O
)	B	B
Excellent	I	I
communication	I	I
presentation	I	B
and	I	I
facilitation	B	O
skills	O	O
Well	B	B
-	I	O
structured	I	O
and	B	O
independent	I	O
working	I	O
style	O	O
Willingness	O	O
to	O	O
travel	O	O
For	O	O
further	O	O
information	O	O
about	O	O
the	O	O
position	O	O
please	O	O
contact	O	O
Snr	O	O
VP	O	O
<	O	O
ORGANIZATION	O	O
>	O	O
<	O	O
ORGANIZATION	O	O

Please	O	O
apply	O	O
at	O	O
your	O	O
earliest	O	O
convenience.	O	O

We	O	O
do	O	O
not	O	O
have	O	O
an	O	O
application	O	O
deadline	O	O
but	O	O
accept	O	O
applications	O	O
as	O	O
long	O	O
as	O	O
the	O	O
job	O	O
is	O	O
posted.	O	O

The	O	O
job	O	O
posting	O	O
will	O	O
be	O	O
closed	O	O
down	O	O
once	O	O
we	O	O
have	O	O
found	O	O
the	O	O
right	O	O
candidate.	O	O

Are	O	O
you	O	O
passionate	O	O
about	O	O
renewable	O	B
ener	O	I
gy	O	I
and	O	O
enjoy	O	O
problem	O	B
solving?	O	I

Join	O	O
us	O	O
and	O	O
become	O	O
a	O	O
Power	O	O
Originator	O	O
in	O	O
our	O	O
<	O	O
ORGANIZATION	O	O
>	O	O
<	O	O

Youll	O	O
be	O	O
part	O	O
of	O	O
a	O	O
strong	O	O
team	O	O
which	O	O
works	O	O
together	O	O
to	O	O
find	O	O
innovative	O	O
ways	O	O
to	O	O
manage	O	O
risk	O	O
and	O	O
create	O	O
value	O	O
from	O	O
our	O	O
companys	O	O
power	O	O
portfolio.	O	O

If	O	O
youre	O	O
curious	B	B
enjoy	B	O
learning	I	I
and	O	O
want	O	O
to	O	O
have	O	O
an	O	O
impact	O	O
on	O	O
enabling	O	O
the	O	O
next	O	O
generation	O	O
of	O	O
renewable	O	O
energy	O	O
projects	O	O
we	O	O
would	O	O
like	O	O
to	O	O
hear	O	O
from	O	O
you.	O	O

Your	O	O
key	O	O
tasks	O	O
will	O	O
be	O	O
to	O	O
develop	B	B
new	I	I
ideas	I	I
which	O	O
create	B	O
value	I	I
and	O	O
manage	B	B
risk	I	I
from	I	I
the	I	I
sale	I	I
and	I	I
purchase	I	I
of	I	I
power	I	I
work	B	B
both	I	I
independently	I	I
and	I	I
collaboratively	I	I
on	O	I
tasks	O	I
to	O	O
deliver	B	B
team	I	I
objectives	I	I
coordinate	B	B
tender	I	I
responses	I	I
and	O	O
participate	B	B
in	I	I
contract	I	I
negotiations	I	I
build	B	B
and	I	I
maintain	I	I
good	I	I
working	I	I
relationships	I	I
with	O	O
internal	O	O
stakeholders	O	O
and	O	O
external	O	O
counterparts	O	O
take	O	B
an	O	I
active	O	I
role	O	I
in	O	O
acquiring	B	B
knowledge	I	I
and	O	O
developing	B	B
understanding	I	I
to	O	O
support	B	B
team	I	I
activities.	I	I

Your	O	O
competences	O	O
include	O	O
that	O	O
you	O	O
are	O	O
newly	O	O
graduated	O	O
or	O	O
have	O	O
a	O	O
few	O	O
years	O	O
of	O	O
experience	O	O
have	O	O
a	O	O
degree	O	B
in	O	O
business	B	B
economics	B	I
maths	B	B
or	O	O
a	O	O
similar	O	O
discipline	O	O
have	O	O
a	O	O
desire	B	O
to	I	O
learn	I	B
and	I	I
develop	I	I
are	O	O
proactive	B	B
commercially	B	B
astute	I	I
and	O	O
have	O	O
a	O	O
problem	B	B
-	I	I
solving	O	O
attitude	O	O
are	B	B
a	I	I
team	O	O
player	B	B
and	I	I
thrive	I	I
in	I	I
an	I	I
international	O	O
environment	O	O
are	O	O
a	B	B
good	O	O
communicator	O	O
who	O	O
speaks	O	O
and	B	B
writes	O	O
English	O	O

Most	O	O
important	O	O
of	O	O
all	O	O
is	O	O
that	O	O
youre	O	O
a	O	O
self	B	B
-	B	B
starter	I	I
enjoy	I	I
a	I	I
fast	I	I
-	O	O
paced	O	O
work	O	O
environment	O	O
and	O	O
want	O	O
an	O	O
opportunity	O	O
to	O	O
build	O	O
on	O	O
your	O	O
existing	O	O
experience	O	O
and	O	O
learn	O	O
and	O	O
develop	O	O

Working	O	O
at	O	O
<	O	O
ORGANIZATION	O	O
>	O	O
To	O	O
be	O	O
the	O	O
frontrunner	O	O
in	O	O
the	O	O
green	O	O
energy	O	O
transformation	O	O
we	O	O
invest	O	O
significantly	O	O
in	O	O
innovation	O	O
and	O	O
empower	O	O
our	O	O
employees	O	O
to	O	O
help	O	O
shape	O	O
the	O	O
renewable	O	O
energy	O	O
technologies	O	O
of	O	O
the	O	O

We	O	O
cultivate	O	O
a	O	O
collaborative	O	O
dynamic	O	O
and	O	O
diverse	O	O
work	O	O
environment	O	O
and	O	O
encourage	O	O
career	O	O
-	O	O
long	O	O
learning	O	O
and	O	O
development	O	O
so	O	O
our	O	O
people	O	O
can	O	O
realise	O	O
their	O	O
full	O	O

Would	O	O
you	O	O
like	O	O
to	O	O
help	O	O
shape	O	O
the	O	O
renewable	O	O
technologies	O	O
of	O	O
the	O	O
future?	O	O
Send	O	O
your	O	O
application	O	O
to	O	O
us	O	O
as	O	O
soon	O	O
as	O	O
possible	O	O
and	O	O
no	O	O
later	O	O
than	O	O
18	O	O
January	O	O
2019	O	O
as	O	O
well	O	O
be	O	O
conducting	O	O
interviews	O	O
on	O	O
a	O	O
continuous	O	O
basis.	O	O

Please	O	O
dont	O	O
hesitate	O	O
to	O	O
contact	O	O
<	O	O
NAME	O	O
>	O	O
<	O	O
NAME	O	O
>	O	O
<	O	O
ORGANIZATION	O	O
>	O	O
<	O	O
ORGANIZATION	O	O
>	O	O
Team	O	O
Lead	O	O
by	O	O
telephone	O	O
on	O	O
<	O	O
CONTACT	O	O
>	O	O
<	O	O
CONTACT	O	O
>	O	O
<	O	O

You	O	O
should	O	O
expect	O	O
travelling	O	O
both	O	O
in	O	O
the	O	O
<	O	O
LOCATION	O	O
>	O	O
and	O	O
<	O	O
LOCATION	O	O
>	O	O
in	O	O
relation	O	O

Please	O	O
note	O	O
that	O	O
for	O	O
Danish	O	O
applicants	O	O
we	O	O
may	O	O
request	O	O
a	O	O
criminal	O	O
record	O	O
certificate	O	O
in	O	O
connection	O	O
with	O	O
this	O	O
job	O	O
and	O	O
that	O	O
employment	O	O
will	O	O
be	O	O
subject	O	O
to	O	O
the	O	O
information	O	O
listed.	O	O

The	O	O
criminal	O	O
record	O	O
certificate	O	O
will	O	O
only	O	O
be	O	O
used	O	O
in	O	O
the	O	O
assessment	O	O
if	O	O
the	O	O
criminal	O	O
activity	O	O
is	O	O
of	O	O
relevance	O	O
to	O	O
the	O	O
position.	O	O

About	O	O
<	O	O

Headquartered	O	O
in	O	O
<	O	O
LOCATION	O	O
>	O	O
<	O	O
ORGANIZATION	O	O
>	O	O
6,	O	O
000	O	O
employees	O	O
develop	O	O
construct	O	O
and	O	O
operate	O	O
offshore	O	O
wind	O	O
farms	O	O
bioenergy	O	O
plants	O	O
and	O	O
innovative	O	O
waste	O	O
-	O	O
to	O	O
-	O	O
energy	O	O
solutions	O	O

<	O	O
ORGANIZATION	O	O
>	O	O
<	O	O
ORGANIZATION	O	O
>	O	O
<	O	O
ORGANIZATION	O	O
>	O	O
500	O	O
employees	O	O
deliver	O	O
state	O	O
-	O	O
of	O	O
-	O	O
the	O	O
-	O	O
art	O	O
smart	O	O
energy	O	O
solutions	O	O

For	O	O
more	O	O
information	O	O
on	O	O
<	O	O
ORGANIZATION	O	O
>	O	O

Student	O	O
Worker	O	O
with	O	O
a	O	O
business	O	B
and	O	I
analytical	O	I
mindset	O	O

We	O	O
are	O	O
looking	O	O
for	O	O
an	O	O
ambitious	O	B
student	O	O
with	O	O
interest	O	O
in	O	O
market	B	B
analysis	I	I
who	O	O
possess	O	O
both	O	O
strong	O	O
communication	B	B
and	I	I
analytical	I	I
skills	I	I

Global	O	O
Insights	O	O

You	O	O
will	O	O
be	O	O
part	O	O
of	O	O
the	O	O
<	O	O
ORGANIZATION	O	O
>	O	O
<	O	O
ORGANIZATION	O	O
>	O	O
global	O	O
market	O	O
research	O	O
function	O	O
Global	O	O

<	O	O
ORGANIZATION	O	O
>	O	O
has	O	O
about	O	O
45	O	O
engaged	O	O
employees	O	O
across	O	O
the	O	O
world	O	O
of	O	O
which	O	O
about	O	O
25	O	O
are	O	O
working	O	O
out	O	O
of	O	O
the	O	O
corporate	O	O
headquarter	O	O

Job	O	O
content	O	O

Job	O	O
tasks	O	O
will	O	O
be	O	O
both	O	O
within	O	O
ad	O	B
hoc	O	I
and	O	O
on	O	O
-	O	O
going	O	O

They	O	O
could	O	O
be	O	O
:	O	O
-	B	B
Insights	I	I
creation	I	I
and	I	I
commenting	O	O
-	B	B
Creation	I	I
/	I	I
optimization	I	I
of	O	O

presentations	O	O
-	O	O
Revising	B	B
stimulus	I	I
material	I	I
for	I	I
research	I	I
projects	I	I
-	O	O
Analysis	B	B
of	I	I
quantitative	I	I
data	I	I

-	O	O
Working	B	B
with	I	I
multiple	I	I
data	I	I
sources	I	I
and	I	O
combining	I	O
them	I	O
into	I	O
relevant	I	O
insights	I	O

-	O	O
Dialogue	B	B
and	I	I
follow	I	I
-	I	I
up	I	I
with	I	I
research	O	O
vendors	B	B
-	I	I
Contribute	I	I
to	I	I
insights	O	O
communication	O	O

Relevant	O	O
profile	O	O

You	O	O
have	O	O
2	O	O
-	O	O
3	O	O
years	O	O
left	O	O
of	O	O
your	O	O
studies.	O	O

You	O	O
have	O	O
a	O	O
good	O	O
understanding	O	O
of	O	O
marketing	B	B
and	O	O
it	O	O
is	O	O
a	O	O
big	O	O
advantage	O	O
if	O	O
your	O	O
studies	O	O
include	O	O
relevant	O	O
marketing	B	B
or	O	O
business	B	I
courses.	O	I

You	O	O
are	O	O
probably	O	O
well	O	O
under	O	O
way	O	O
with	O	O
a	O	O
relevant	O	O
academic	O	B
marketing	O	I
education	O	I
(	O	O
Cand.	B	B
merc	B	B
Cand.	B	B
negot	I	I
Cand.	O	O
oecon	O	O
)	O	O
and	O	O
you	O	O
might	O	O
already	B	B
have	O	I
relevant	B	I
marketing	I	I
or	O	O
market	O	O

You	O	O
are	O	O
good	O	O
at	O	O
thinking	B	B
visually	I	I
communicate	B	B
your	I	I
ideas	I	I
and	I	I
messages.	I	I

You	O	O
are	O	O
ambitious	B	B
goal	B	B
oriented	I	I
show	B	O
engagement	I	B
and	O	O
demonstrate	B	O
positive	I	B
thinking	I	I
and	O	O
a	O	O
can	B	B
-	I	I
do	O	O

You	O	O
see	B	O
great	I	O
challenges	I	O
in	I	O
being	I	O
tasked	I	O
with	I	O
tactical	I	B
as	I	I
well	I	I
as	I	I
strategic	I	I
marketing	I	I
problems	I	I
learn	O	O
from	O	O
them	O	O
and	O	O
contribute	O	O
to	O	O
their	O	O
solution.	O	O

You	O	O
have	O	O
a	O	O
strong	O	O
business	B	B
understanding	I	I
and	O	O
is	O	O
strategic	B	B
analytical	B	I
and	O	O
communicative	B	B
in	O	O
how	O	O
you	O	O
approach	O	O
tasks.	O	I

You	O	O
like	O	O
to	O	O
dive	B	B
into	I	I
the	I	I
numbers	I	I
analyze	B	I
them	O	O
and	O	O
to	O	O
turn	B	B
numbers	I	I
into	I	I
actionable	I	I
insights.	I	I

It	O	O
is	O	O
expected	O	O
that	O	O
you	O	O
are	O	O
a	O	O
super	O	O
user	O	O
of	O	O
the	O	O
MS	B	B
office	I	I
tools	I	I
-	O	O
especially	O	O
Excel	B	B
and	O	O
PPT.	B	B

Experience	O	O
with	O	O
SPSS	B	B
or	O	O
similar	O	O
is	O	O
an	O	O
advantage.	O	O

The	O	O
position	O	O
as	O	O
a	O	O
student	O	O
worker	O	O
in	O	O
GI	O	O
requires	O	O
a	O	O
structured	B	B
working	I	I
style	I	I
that	O	O
you	O	O
are	O	O
able	O	O
to	O	O
take	B	B
on	I	I
task	I	I
responsibilities	I	I
and	O	O
that	O	O
you	O	O
are	O	O
able	O	O
to	O	O
contribute	B	B
with	I	I
ideas	I	I
and	I	I
input	I	I
in	O	O
relation	O	O
to	O	O
the	O	O
task	O	O
you	O	O
are	O	O
involved	O	O
in.	O	O

Strong	O	O
English	B	B
skills	O	O
are	O	O
a	O	O
prerequisite	O	O
both	O	O
verbally	O	O
and	O	O
in	O	O
writing	O	O
as	O	O
it	O	O
is	O	O
the	O	O
official	O	O
company	O	O
language.	O	O

It	O	O
is	O	O
expected	O	O
that	O	O
you	O	O
use	O	O
English	O	B
in	O	O
your	O	O
reporting	O	B
and	O	O
communication	O	B
tasks	O	O
as	O	O
well	O	O
as	O	O
in	O	O
your	O	O
communication	O	B
with	O	I
foreign	O	I
vendors	O	I
and	O	I
stakeholders.	O	I

Join	O	O
the	O	O
global	O	O
<	O	O
ORGANIZATION	O	O

Working	O	O
hours	O	O
:	O	O
The	O	O
job	O	O
is	O	O
15	O	O
20	O	O
hours	O	O
pr.	O	O

week	O	O
within	O	O
normal	O	O
office	O	O
hours.	O	O

We	O	O
are	O	O
flexible	O	O
around	O	O
your	O	O
working	O	O
days	O	O
and	O	O
understand	O	O
the	O	O
importance	O	O
of	O	O
the	O	O
balance	O	O
between	O	O
job	O	O
and	O	O
your	O	O
studies.	O	O

It	O	O
is	O	O
possible	O	O
to	O	O
spread	O	O
out	O	O
the	O	O
working	O	O
time	O	O
on	O	O
many	O	O
or	O	O
few	O	O
days	O	O
over	O	O
the	O	O
week	O	O
-	O	O
depending	O	O
on	O	O
what	O	O
suites	O	O
you	O	O
the	O	O
best.	O	O

In	O	O
the	O	O
<	O	O
ORGANIZATION	O	O
>	O	O
<	O	O
ORGANIZATION	O	O
>	O	O
we	O	O
succeed	O	O
together	O	O
and	O	O
you	O	O
will	O	O
be	O	O
part	O	O
of	O	O
a	O	O
global	O	O
family	O	O
where	O	O
you	O	O
can	O	O
use	O	O
your	O	O
creativity	O	O
and	O	O
enjoy	O	O
a	O	O

We	O	O
look	O	O
forward	O	O
to	O	O
receiving	O	O
your	O	O
application.	O	O

Please	O	O
remember	O	O
to	O	O
attach	O	O
your	O	O
cover	O	O
letter	O	O
and	O	O
a	O	O
current	O	O
CV	O	O
in	O	O
English.	O	O

If	O	O
you	O	O
would	O	O
like	O	O
to	O	O
know	O	O
more	O	O
about	O	O
the	O	O
position	O	O
please	O	O
contact	O	O
<	O	O
NAME	O	O
>	O	O
<	O	O
NAME	O	O
>	O	O
at	O	O
<	O	O
CONTACT	O	O
>	O	O
<	O	O
CONTACT	O	O

We	O	O
do	O	O
not	O	O
have	O	O
application	O	O
deadlines	O	O
on	O	O
any	O	O
of	O	O
our	O	O
positions.	O	O

We	O	O
take	O	O
candidates	O	O
into	O	O
the	O	O
recruitment	O	O
process	O	O
continuously	O	O
and	O	O
close	O	O
the	O	O
position	O	O
down	O	O
once	O	O
we	O	O
have	O	O
found	O	O
the	O	O
right	O	O
candidate.	O	O

Would	O	O
you	O	O
like	O	O
to	O	O
work	O	O
in	O	O
an	O	O
international	O	O
company	O	O
with	O	O
a	O	O
great	O	O
opportunity	O	O
for	O	O
new	O	O
and	O	O
exciting	O	O
challenges?	O	O

With	O	O
our	O	O
customer	O	O
in	O	O
<	O	O
LOCATION	O	O
>	O	O
you	O	O
will	O	O
become	O	O
a	O	O
part	O	O
of	O	O
a	O	O
team	O	O
where	O	O
cooperation	O	O
enthusiasm	O	O
and	O	O
quality	O	O
are	O	O
the	O	O
key	O	O
words	O	O
and	O	O
where	O	O
employee	O	O
welfare	O	O
is	O	O
in	O	O

You	O	O
will	O	O
be	O	O
working	O	O
with	O	O
highly	O	O
skilled	O	O
colleagues	O	O
whose	O	O
professional	O	O
experience	O	O
especially	O	O
shines	O	O
through	O	O
on	O	O
busy	O	O
days.	O	O

As	O	O
an	O	O
employee	O	O
at	O	O
the	O	O
warehouse	O	O
in	O	O
<	O	O
LOCATION	O	O
>	O	O
you	O	O
get	O	O
:	O	O
A	O	O
job	O	O
that	O	O
provides	O	O
new	O	O
and	O	O

Experienced	O	O
and	O	O
motivated	O	O
colleagues	O	O

A	O	O
work	O	O
place	O	O
that	O	O
appreciates	O	O
you	O	O
for	O	O
your	O	O
competences	O	O
and	O	O
motivation	O	O

A	O	O
great	O	O
opportunity	O	O
for	O	O
professional	O	O
and	O	O
personal	O	O
growth	O	O
Picking	B	B
and	I	O
packing	I	O

As	O	O
a	O	O
warehouse	O	O
worker	O	O
you	O	O
will	O	O
primarily	O	O
be	O	O
picking	B	B
and	I	I
packing	I	I
orders	I	I
with	I	O
a	I	O
hand	I	B
scanner	I	I

.	O	O

Your	O	O
tasks	O	O
will	O	O
vary	O	O
and	O	O
you	O	O
will	O	O
get	O	O
a	O	O
possibility	O	O
to	O	O
influence	O	O
your	O	O
work	O	O
day	O	O
-	O	O

Other	O	O
tasks	O	O
will	O	O
be	O	O
:	B	B
Receiving	I	I
and	I	I
registering	I	I
goods	B	B
Controlling	I	I
returned	I	I
goods	B	B
Palletizing	I	I
and	I	I

A	O	O
large	O	O
part	O	O
of	O	O
the	O	O
work	O	O
is	O	O
done	O	O
independently	O	O
but	O	O
your	O	O
skilled	O	O
colleagues	O	O
are	O	O
always	O	O
ready	O	O
with	O	O
a	O	O
helping	O	O
hand	O	O
if	O	O
needed.	O	O

The	O	O
work	O	O
is	O	O
Monday	O	O
to	O	O
Friday	O	O
from	O	O
15.	O	O
00	O	O

3	O	O
-	O	O
5	O	O
shifts	O	O
per	O	O
week	O	O
is	O	O
expected	O	O
and	O	O
the	O	O
work	O	O
will	O	O
last	O	O
until	O	O
the	O	O
summer	O	O
of	O	O
2019	O	O
with	O	O
a	O	O
good	O	O
possibility	O	O
to	O	O
stay	O	O
afterwards	O	O
if	O	O
you	O	O
want	O	O

Talented	O	O
forwarehouse	O	O
workers	O	O
The	O	O
warehouse	O	O
is	O	O
looking	O	O
for	O	O
new	O	O
employees	O	O
that	O	O
:	O	O
Are	B	B
perfectionists	O	O
and	O	O
enjoy	B	B
manual	I	I
work	O	O
Are	B	B
precise	O	O
and	B	B
goal	I	I
oriented	O	O
Are	B	B
team	I	I
players	O	O
and	B	O
helpful	O	O

Show	B	O
initiative	I	B
and	O	O
like	O	O
a	O	O
work	O	O
day	O	O
where	O	O
the	O	O
tasks	O	O
are	O	O
varied	O	O

Specialized	O	O
in	O	O
transport	B	B
and	O	I
logistics	B	I

The	O	O
company	O	O
is	O	O
very	O	O
proud	O	O
of	O	O
their	O	O
global	O	O
transport	O	O
and	O	O
logistics	O	O
system.	O	O

The	O	O
customers	O	O
expectations	O	O
and	O	O
requirements	O	O
always	O	O
has	O	O
the	O	O
highest	O	O
priority	O	O
and	O	O
the	O	O
company	O	O
can	O	O
as	O	O
experts	O	O
in	O	O
their	O	O
field	O	O
adapt	O	O
each	O	O
solution	O	O
to	O	O
every	O	O
single	O	O
customers	O	O
requirements.	O	O

With	O	O
departments	O	O
in	O	O
<	O	O
LOCATION	O	O
>	O	O
<	O	O
LOCATION	O	O
>	O	O
and	O	O
<	O	O
LOCATION	O	O
>	O	O
<	O	O
LOCATION	O	O
>	O	O
<	O	O
LOCATION	O	O
>	O	O
and	O	O
<	O	O
LOCATION	O	O
>	O	O
plus	O	O
many	O	O
international	O	O

They	O	O
are	O	O
proud	O	O
of	O	O
being	O	O
able	O	O
to	O	O
keep	O	O
their	O	O
high	O	O
quality	O	O
all	O	O
over	O	O
the	O	O
globe.	O	O

This	O	O
is	O	O
done	O	O
through	O	O
strong	O	O
internal	O	O
cooperation	O	O
and	O	O
close	O	O
contact	O	O
with	O	O
their	O	O
international	O	O
partners.	O	O

Are	O	O
you	O	O
one	O	O
of	O	O
the	O	O
employees	O	O
we	O	O
are	O	O
looking	O	O
for?	O	O

To	O	O
apply	O	O
you	O	O
must	O	O
create	O	O
a	O	O
profile	O	O
on	O	O
our	O	O
website	O	O
:	O	O
<	O	O
CONTACT	O	O
>	O	O
and	O	O
add	O	O
your	O	O
CV	O	O

In	O	O
case	O	O
of	O	O
an	O	O
interview	O	O
you	O	O
will	O	O
be	O	O
asked	O	O
to	O	O
provide	O	O
a	O	O
copy	O	O
of	O	O
your	O	O
criminal	O	O
record.	O	O

You	O	O
are	O	O
welcome	O	O
to	O	O
contact	O	O
us	O	O
on	O	O
<	O	O
CONTACT	O	O
>	O	O
<	O	O
CONTACT	O	O
>	O	O
<	O	O
CONTACT	O	O
>	O	O
<	O	O
CONTACT	O	O
>	O	O
if	O	O

Please	O	O
note	O	O
that	O	O
the	O	O
advertisement	O	O
gets	O	O
republished	O	O
on	O	O
the	O	O
different	O	O
jobsites.	O	O

This	O	O
only	O	O
means	O	O
that	O	O
the	O	O
recruitment	O	O
process	O	O
is	O	O
still	O	O
ongoing	O	O
and	O	O
not	O	O
that	O	O
we	O	O
are	O	O
starting	O	O
over.	O	O

Are	O	O
you	O	O
passionate	O	O
about	O	O
people	B	B
management	I	I
and	I	I
development?	I	I

Can	O	O
you	O	O
motivate	B	B
and	I	I
set	I	I
the	I	I
direction	I	I
for	O	I
your	O	I
employees?	O	I

Do	O	O
you	O	O
want	O	O
to	O	O
make	O	O
a	O	O
difference	O	O
for	O	O
people	O	O
living	O	O
with	O	O
haemophilia?	O	O

In	O	O
<	O	O
ORGANIZATION	O	O
>	O	O
<	O	O
ORGANIZATION	O	O
>	O	O
<	O	O
ORGANIZATION	O	O
>	O	O
<	O	O
ORGANIZATION	O	O
>	O	O
<	O	O
ORGANIZATION	O	O
>	O	O
in	O	O
<	O	O

As	O	O
<	O	O
PROFESSION	O	O
>	O	O
<	O	O
PROFESSION	O	O
>	O	O
for	O	O
the	O	O
production	O	O
team	O	O
you	O	O
will	O	O
get	O	O
a	O	O
key	O	O
role	O	O
in	O	O
the	O	O
department	B	B
in	I	I
terms	I	I
of	I	I
ensuring	I	I
the	O	O

You	O	O
are	O	O
expected	O	O
to	O	O
be	O	O
able	O	O
to	O	O
further	O	O
develop	B	B
your	I	I
team	I	I
-	O	O
both	O	O
personally	O	O
and	O	O
professionally.	O	O

About	O	O
the	O	O
department	O	O

The	O	O
department	O	O
employs	O	O
approx.	O	O

70	O	O
skilled	O	O
and	O	O
energetic	O	O
employees	O	O
divided	O	O
into	O	O
4	O	O
teams	O	O
responsible	O	O
for	O	O
purification	O	O
of	O	O
biopharmaceutical	O	O
products.	O	O

Our	O	O
process	O	O
steps	O	O
are	O	O
primarily	O	O
different	O	O
types	O	O
of	O	O
chromatography	O	O
and	O	O
crossflow	O	O
filtration.	O	O

You	O	O
will	O	O
report	O	O
to	O	O
the	O	O
department	O	O
manager	O	O
and	O	O
be	O	O
part	O	O
of	O	O
a	O	O
dedicated	O	O
management	O	O
team.	O	O

You	O	O
can	O	O
expect	O	O
a	O	O
highly	O	O
professional	O	O
environment	O	O
with	O	O
short	O	O
decision	O	O
-	O	O
making	O	O
processes	O	O
and	O	O
a	O	O
culture	O	O
with	O	O
simplification	O	O
and	O	O
optimization	O	O
on	O	O
top	O	O
of	O	O
the	O	O

The	O	O
position	O	O

As	O	O
Associate	O	O
Manager	O	O
you	O	O
will	O	O
be	O	O
responsible	O	O
for	O	O
daily	O	B
and	O	O
professional	B	O
leadership	I	I
of	O	O
26	O	O
committed	O	O
employees	O	O
in	O	O
the	O	O
production	O	O
team	O	O
which	O	O
primarily	O	O
consists	O	O
of	O	O
hourly	O	O
-	O	O
paid	O	O

You	O	O
will	O	O
set	B	B
the	I	I
direction	I	I
coach	B	B
and	I	I
develop	I	I
your	I	I
team.	I	I

The	O	O
team	O	O
is	O	O
responsible	O	O
for	O	O
day	O	O
-	O	O
to	O	O
-	O	O
day	O	O
operations	O	O
including	O	O
planning	O	O
process	O	O
execution	O	O
warehousing	O	B
solvent	O	O
manufacturing	O	O

The	O	O
team	O	O
consists	O	O
of	O	O
both	O	O
highly	O	O
experienced	O	O
as	O	O
well	O	O
as	O	O
brand	O	O
new	O	O
employees	O	O
which	O	O
is	O	O
why	O	O
ensuring	O	O
effective	O	O
training	O	O
and	O	O
development	O	O
of	O	O
competencies	O	O
is	O	O
an	O	O
important	O	O
task.	O	O

You	O	O
and	O	O
your	O	O
team	O	O
will	O	O
ensure	B	O
that	I	O
production	I	O
runs	I	O
in	I	O
accordance	I	O
with	I	O
GMP	I	O
and	O	O
other	O	O
requirements	O	O
described	O	O
in	O	O
Novo	O	O
Nordisk	O	O
standards.	O	O

You	O	O
will	O	O
focus	O	O
on	O	O
enabling	B	O
your	I	O
team	I	O
to	I	O
deliver	I	B
in	I	I
a	I	I
timely	I	I
and	I	I
flawless	I	I
manner	I	I
which	O	O
means	O	O
that	O	O
you	O	O
run	B	B
or	I	I
participate	I	I
in	I	I
systematic	I	I
problem	I	I
solving.	I	I

There	O	O
will	O	O
be	O	O
a	O	O
high	O	O
degree	O	O
of	O	O
cooperation	O	O
with	O	O
other	O	O
teams	O	O
in	O	O
the	O	O
department	O	O
the	O	O
management	O	O
team	O	O
as	O	O
well	O	O
as	O	O
QA	O	O
functions	O	O
and	O	O
other	O	O
collaborators.	O	O

You	O	O
will	O	O
be	O	O
part	O	O
of	O	O
a	O	O
committed	O	O
management	O	O
team	O	O
in	O	O
which	O	O
we	O	O
we	O	O
work	O	O
across	O	O
and	O	O
help	O	O
each	O	O
other	O	O
reach	O	O
our	O	O
goals.	O	O

Qualifications	O	O

You	O	O
probably	O	O
have	O	O
a	O	O
science	B	B
education	O	I
combined	O	O
with	O	O
experience	O	O
from	O	O
pharmaceutical	B	B
production.	I	I

You	O	O
have	O	O
a	O	O
natural	O	O
interest	O	O
in	O	O
managing	B	B
people	I	I
and	O	O
your	O	O
CV	O	O
shows	O	O
at	O	O
least	O	O
two	O	O
years	O	O
of	O	O
management	B	O
experience.	O	O

You	O	O
know	O	O
the	O	O
value	O	O
of	O	O
gaining	B	B
trust	I	I
and	I	I
respect	I	I
from	O	I
your	O	I
colleagues.	O	O

You	O	O
are	O	O
structured	B	B
and	O	O
able	O	O
to	O	O
keep	B	B
the	I	I
overall	I	I
view	I	I
and	O	O
you	O	O
thrive	B	B
in	I	I
a	I	I
busy	I	I
and	I	I
constantly	I	I
changing	I	I
working	I	I
day.	I	I

You	O	O
will	O	O
need	O	O
your	O	O
ability	O	O
to	O	O
prioritize	B	B
and	O	O
your	O	O
belief	O	O
that	O	O
there	O	O
is	O	O
always	O	O
a	O	O
solution.	O	O

As	O	O
you	O	O
will	O	O
work	O	B
with	O	I
people	O	I
at	O	O
all	O	O
levels	O	O
of	O	O
the	O	O
organization	O	O
it	O	O
is	O	O
important	O	O
to	O	O
have	O	O
good	O	O
communication	B	B
and	I	I
collaboration	I	I
skills.	I	I

GMP	O	B
and	O	O
LEAN	B	B
are	O	O
natural	O	O
elements	O	O
in	O	O
your	O	O
working	O	O
day.	O	O

You	O	O
work	B	B
in	I	O
a	I	I
structured	I	B
and	I	I
targeted	I	I
manner	I	I
you	O	O
never	B	B
compromise	I	O
on	I	I
quality	I	I
and	O	O
you	O	O
take	O	B
pride	O	I
in	O	I
your	O	I
team	O	I
always	O	O
solving	O	B
its	O	I
tasks	O	I
for	O	O
the	O	O
good	O	O
of	O	O
the	O	O
whole	O	O
department.	O	O

You	O	O
ensure	B	B
continuous	I	I
improvements	I	I
of	O	I
your	O	I
own	O	I
and	O	I
your	O	I
team	O	I
'	O	I
s	O	I
work	O	O
processes	O	O
and	O	O
you	O	I
see	O	I
changes	O	I
and	O	O
challenges	O	O
as	O	O
opportunities	O	O
to	O	O
develop	O	I
yourself	O	I
as	O	I
well	O	I
as	O	I
your	O	O

Working	O	O
at	O	O
<	O	O
ORGANIZATION	O	O

In	O	O
<	O	O
ORGANIZATION	O	O
>	O	O
<	O	O
ORGANIZATION	O	O
>	O	O
it	O	O
is	O	O
your	O	O
skills	O	O
your	O	O
commitment	O	O
and	O	O
your	O	O
ambitions	O	O
which	O	O
helps	O	O
us	O	O
improve	O	O

In	O	O
return	O	O
we	O	O
offer	O	O
you	O	O
the	O	O
opportunity	O	O
to	O	O
work	O	O
with	O	O
talented	O	O
and	O	O
dedicated	O	O
colleagues	O	O
and	O	O
we	O	O
offer	O	O
you	O	O
a	O	O
wide	O	O
range	O	O
of	O	O
opportunities	O	O
for	O	O
professional	O	O
and	O	O
personal	O	O
development	O	O

Contact	O	O

To	O	O
learn	O	O
more	O	O
about	O	O
the	O	O
position	O	O
please	O	O
contact	O	O
department	O	O
manager	O	O
<	O	O
NAME	O	O
>	O	O
<	O	O
NAME	O	O
>	O	O
<	O	O

Deadline	O	O
January	O	O
18	O	O
2019	O	O

Please	O	O
note	O	O
that	O	O
applications	O	O
will	O	O
be	O	O
reviewed	O	O
continuously	O	O
and	O	O
interviews	O	O
will	O	O
be	O	O
planned	O	O
as	O	O
soon	O	O
as	O	O
a	O	O
suitable	O	O
candidate	O	O
is	O	O
identified	O	O

Millions	O	O
rely	O	O
on	O	O
us	O	O
To	O	O
work	O	O
for	O	O
<	O	O
ORGANIZATION	O	O
>	O	O
<	O	O
ORGANIZATION	O	O
>	O	O
you	O	O
will	O	O
need	O	O
the	O	O
skills	O	O
dedication	O	O
and	O	O
ambition	O	O
to	O	O
change	O	O
lives	O	O
for	O	O
the	O	O
better	O	O
for	O	O
millions	O	O
of	O	O
patients	O	O
living	O	O
with	O	O
diabetes	O	O
and	O	O

In	O	O
exchange	O	O
we	O	O
offer	O	O
the	O	O
chance	O	O
to	O	O
be	O	O
part	O	O
of	O	O
a	O	O
truly	O	O
global	O	O
workplace	O	O
where	O	O
passion	O	O
and	O	O
engagement	O	O
are	O	O
met	O	O
with	O	O
opportunities	O	O
for	O	O
professional	O	O
and	O	O
personal	O	O
development.	O	O

The	O	O
research	O	O
group	O	O
of	O	O
<	O	O
NAME	O	O
>	O	O
<	O	O
NAME	O	O
>	O	O
is	O	O
looking	B	B
for	B	B
a	O	O
highly	B	B
motivated	O	O
ambitious	O	O
and	O	O
reliable	O	O
candidate	O	O
to	O	O
join	O	O
our	O	O
laboratory	O	O
focusing	O	O
on	O	O
understanding	O	O
the	O	O
role	O	O
of	O	O
non	O	O
-	O	O
coding	O	O

The	O	O
position	O	O
is	O	O
for	O	O
three	O	O
years	O	O
and	O	O
is	O	O
immediately	O	O
open	O	O
for	O	O
appointment.	O	O

About	O	O
us	O	O

The	O	O
<	O	O
ORGANIZATION	O	O
>	O	O
<	O	O
ORGANIZATION	O	O
>	O	O
<	O	O
ORGANIZATION	O	O
>	O	O
<	O	O
ORGANIZATION	O	O
>	O	O
for	O	O
Stem	O	O
Cell	O	O
Biology	O	O
(	O	O
<	O	O
ORGANIZATION	O	O
>	O	O
)	O	O
is	O	O
an	O	O
international	O	O
research	O	O
institute	O	O
at	O	O
the	O	O
<	O	O

Through	O	O
an	O	O
increasingly	O	O
quantitative	O	O
approach	O	O
with	O	O
advanced	O	O
imaging	O	O
and	O	O
single	O	O
cell	O	O
analyses	O	O
our	O	O
researchers	O	O
are	O	O
teasing	O	O
out	O	O
the	O	O
details	O	O
of	O	O
how	O	O
specific	O	O
cues	O	O
transduce	O	O
to	O	O
gene	O	O
regulatory	O	O
events	O	O
such	O	O
as	O	O
modulation	O	O
of	O	O
epigenetic	O	O
states	O	O
or	O	O
gene	O	O
transcription	O	O
to	O	O
control	O	O
stem	O	O
cell	O	O
behavior.	O	O

These	O	O
studies	O	O
allow	O	O
us	O	O
to	O	O
unravel	O	O
fundamental	O	O
issues	O	O
in	O	O
the	O	O
field	O	O
and	O	O
facilitate	O	O
the	O	O
translation	O	O
of	O	O
novel	O	O
insights	O	O
into	O	O
medical	O	O
practice.	O	O

Our	O	O
aim	O	O
is	O	O
to	O	O
understand	O	O
the	O	O
molecular	O	O
regulation	O	O
of	O	O
cellular	O	O
identity	O	O
in	O	O
pancreas	O	O
development	O	O
and	O	O
cancer	O	O
and	O	O
translate	O	O
this	O	O
knowledge	O	O
into	O	O
better	O	O
diagnosis	O	O
and	O	O
treatment	O	O
of	O	O
pancreatic	O	O
ductal	O	O
adenocarcinoma.	O	O

Your	O	O
tasks	O	O
The	O	O
major	O	O
tasks	O	O
of	O	O
the	O	O
Laboratory	O	O
Technician	O	O
/	O	O
Medical	O	O
Laboratory	O	O
Technologist	O	O
will	O	O
be	O	B
to	O	I
support	O	I
research	O	O
activities	O	O
that	B	B
involve	I	I
:	I	I
Maintaining	O	O
cell	O	O
lines	O	O
that	O	O
are	O	O
in	O	O
use	O	O
for	O	O
the	O	O
team	O	B
projects	O	I
including	O	I
human	O	I
embryonic	O	O

Perform	B	B
molecular	I	I
biology	I	I
techniques	I	I
in	O	O
particular	O	O
PCR	B	B
restriction	I	I
and	O	O
cloning	B	B
reactions	I	I
and	O	O
DNA	B	B
/	I	I
RNA	I	I
and	I	I
protein	I	I
purification	O	O

Setting	B	B
up	I	I
routine	I	I
imaging	I	I
and	I	I
cell	I	I
sorting	I	I
experiments	I	I
and	O	I
sample	B	B
preparation.	O	I

.	O	O

Assist	B	B
with	I	I
the	I	I
overall	I	I
maintenance	I	I
of	I	I
the	I	I
lab	I	I
such	O	O
as	O	O
administration	B	B
of	I	I
several	I	I
databases	I	I
(	O	O
plasmids	B	B
cell	B	B
lines	I	I
mouse	B	B
colony	I	I
antibodies	B	I
etc	O	O
)	B	B
purchasing	O	I
and	B	I
stocking.	O	O

The	O	O
Laboratory	O	O
Technician	O	O
/	O	O
Medical	O	O
Laboratory	O	O
Technologist	O	O
will	B	O
directly	I	O
participate	I	O
in	I	O
the	I	O
research	O	O
projects	O	O
and	O	O
will	B	O
be	I	O
responsible	I	B
for	I	O
training	I	B
and	I	I
providing	I	I
technical	O	O
assistance	O	O
for	O	O
students	O	O
and	O	O
postdoctoral	O	O
fellows	O	O
in	O	O
the	O	O

Profile	O	O
Essential	O	O
experience	O	O
and	O	O
skills	O	O
:	O	O
Educational	O	O
background	O	O
as	O	O
laboratory	O	O
technician	O	O
or	O	O
Medical	O	O
Laboratory	O	O
Technologist	O	O
One	O	O
or	O	O
more	O	O
years	O	O
of	O	O
experience	O	O
with	B	B
tissue	I	I
culture	I	I
techniques	O	O
and	B	B
cell	I	I
sorting.	O	O

You	O	O
must	O	O
be	O	O
good	O	O
at	O	O
working	B	B
independently	I	I
and	I	O
organized	I	B
and	O	O
be	O	O
self	B	B

Have	O	O
good	O	O
interpersonal	B	B
and	I	I
communication	I	I
skills	I	I
both	O	O
in	O	O
Danish	B	B
and	O	O
English	B	B
;	O	O
spoken	O	O
as	O	O

Desirable	O	O
experience	O	O
and	O	O
skills	O	O
:	O	O
Previous	O	O
experience	O	O
with	B	B
basic	I	I
molecular	I	I
biology	O	I
technique.	O	O

Experience	O	O
with	O	O
mouse	B	B
research	I	I
is	O	O
ideal	O	O
but	O	O
not	O	O
necessary.	O	O

Terms	O	O
of	O	O
salary	O	O
and	O	O
employment	O	O

Your	O	O
employment	O	O
will	O	O
be	O	O
at	O	O
<	O	O
ORGANIZATION	O	O
>	O	O
<	O	O
ORGANIZATION	O	O
>	O	O
<	O	O
ORGANIZATION	O	O
>	O	O
<	O	O
ORGANIZATION	O	O
>	O	O
<	O	O
ORGANIZATION	O	O
>	O	O
(	O	O
<	O	O
ORGANIZATION	O	O

The	O	O
position	O	O
is	O	O
full	O	O
-	O	O
time	O	O
(	O	O
37	O	O
hours	O	O
per	O	O
week	O	O
)	O	O
and	O	O
for	O	O
3	O	O
years	O	O
and	O	O
it	O	O
is	O	O
open	O	O
for	O	O
appointment	O	O
as	O	O
soon	O	O
as	O	O

Employment	O	O
as	O	O
Medical	O	O
Laboratory	O	O
Technologist	O	O
will	O	O
be	O	O
in	O	O
accordance	O	O
with	O	O
the	O	O
agreement	O	O
between	O	O
the	O	O
<	O	O
ORGANIZATION	O	O
>	O	O
<	O	O
ORGANIZATION	O	O
>	O	O
<	O	O
ORGANIZATION	O	O

Employment	O	O
as	O	O
Laboratory	O	O
Technician	O	O
will	O	O
be	O	O
in	O	O
accordance	O	O
with	O	O
the	O	O
agreement	O	O
between	O	O
the	O	O
<	O	O
ORGANIZATION	O	O
>	O	O
<	O	O
ORGANIZATION	O	O
>	O	O
<	O	O
ORGANIZATION	O	O

The	O	O
position	O	O
is	O	O
placed	O	O
in	O	O
salary	O	O
group	O	O
3	O	O
or	O	O
4	O	O
depending	O	O
on	O	O
qualifications	O	O
and	O	O
experience.	O	O

Depending	O	O
on	O	O
qualifications	O	O
a	O	O
supplement	O	O
may	O	O
be	O	O
negotiated.	O	O

Questions	O	O

For	O	O
further	O	O
information	O	O
please	O	O
contact	O	O
<	O	O
NAME	O	O
>	O	O
<	O	O

Application	O	O

Please	O	O
submit	O	O
your	O	O
application	O	O
in	O	O
English	O	O
by	O	O
clicking	O	O
Apply	O	O

now	O	O
below.	O	O

The	O	O
application	O	O
should	O	O
consist	O	O
of	O	O
the	O	O
following	O	O

Letter	O	O
of	O	O
application	O	O
/	O	O
motivation	O	O
(	O	O
max	O	O
1	O	O
page	O	O
)	O	O
Your	O	O
CV	O	O

education	O	O
a	O	O
list	O	O
of	O	O
laboratory	O	O
skills	O	O
/	O	O
techniques	O	O
previous	O	O
employments	O	O
language	O	O
skills	O	O
and	O	O
other	O	O
relevant	O	O
skills	O	O
Copy	O	O
of	O	O
relevant	O	O
certificate	O	O
/	O	O
diploma	O	O
Deadline	O	O
for	O	O

We	O	O
reserve	O	O
the	O	O
right	O	O
not	O	O
to	O	O
consider	O	O
material	O	O
received	O	O
after	O	O
the	O	O
deadline	O	O
and	O	O
not	O	O
to	O	O
consider	O	O
applications	O	O
that	O	O
do	O	O
not	O	O
live	O	O
up	O	O
to	O	O
the	O	O
abovementioned	O	O
requirements.	O	O

Interviews	O	O
are	O	O
expected	O	O
to	O	O
be	O	O
held	O	O
in	O	O
January.	O	O

<	O	O
ORGANIZATION	O	O
>	O	O
<	O	O
ORGANIZATION	O	O
>	O	O
<	O	O
ORGANIZATION	O	O
>	O	O
wish	O	O
to	O	O
reflect	O	O
the	O	O
diversity	O	O
of	O	O
society	O	O
and	O	O
welcome	O	O
applications	O	O
from	O	O
all	O	O
qualified	O	O
candidates	O	O
regardless	O	O
of	O	O
age	O	O
disability	O	O
gender	O	O
nationality	O	O

Appointment	O	O
will	O	O
be	O	O
based	O	O
on	O	O
merit	O	O
alone.	O	O

Do	O	O
you	O	O
have	O	O
the	O	O
drive	O	B
to	O	O
increase	B	B
the	I	I
value	I	I
of	I	I
IT	I	I
systems	I	I
for	O	O
your	O	O
colleagues	O	O
within	O	O
a	O	O
growing	O	O
international	O	O
business?	O	O

Can	O	O
you	O	O
maintain	B	B
and	I	I
develop	I	I
effective	I	I
relationships?	I	I

And	O	O
do	O	O
you	O	O
enjoy	O	O
working	B	B
in	I	I
a	I	I
dynamic	I	I
environment?	I	I

If	O	O
so	O	O
then	O	O
we	O	O
have	O	O
the	O	O
job	O	O
for	O	O
you.	O	O

You	O	O
will	O	O
support	B	O
your	I	O
colleagues	I	I
worldwide	O	O

As	O	O
an	O	O
IT	O	O
Support	O	O
Assistant	O	O
you	O	O
will	O	O
have	O	B
a	O	I
broad	O	I
interface	O	I
with	O	O
your	O	O
<	O	O
ORGANIZATION	O	O
>	O	O
colleagues	O	O
around	O	O
the	O	O
world	O	O
and	O	O
step	O	O
in	O	O
when	O	O
they	O	O
need	O	O
your	O	O
help	O	O
and	O	O
advice	O	O
on	O	O
their	O	O
IT	O	O
systems	B	B
including	I	I
computer	B	B
equipment	O	O
telephony	B	B
and	I	I
application	O	O

In	O	O
other	O	O
words	O	O
you	O	O
will	O	O
be	O	O
the	O	O
one	O	O
who	O	O
your	O	O
colleagues	O	O
contact	O	O
in	O	O
order	O	O
to	O	O
maximise	O	O
the	O	O
value	O	O
of	O	O
their	O	O
systems.	O	O

Your	O	O
primary	O	O
task	O	O
will	O	O
be	O	O
to	O	O
familiarise	B	B
yourself	I	I
with	I	I
your	I	I
colleagues	I	I
'	I	I
situation	O	O
and	B	O
use	I	O
your	I	B
service	I	I
skills	I	O
to	I	O
assist	I	O
them	I	O
as	I	I
efficiently	I	O
as	I	O
possible.	O	O

The	O	O
requests	O	O
that	O	O
your	O	O
colleagues	O	O
send	O	O
you	O	O
will	O	O
be	O	O
varied	O	O
and	O	O
unpredictable.	O	O

No	O	O
two	O	O
days	O	O
will	O	O
be	O	O
the	O	O
same.	O	O

Your	O	O
working	O	O
day	O	O
will	O	O
typically	O	O
be	O	O
busy	O	O
and	O	O
you	O	O
will	O	O
need	O	O
to	O	O
prioritise	B	B
incoming	I	I
requests	I	I
and	O	O
tick	B	B
each	I	I
task	I	I
off	I	I
the	I	I
list	I	I
as	O	O
you	O	O
complete	O	O
them.	O	O

You	O	O
will	O	O
have	O	O
the	O	O
opportunity	O	O
to	O	O
make	O	O
your	O	O
mark	O	O
on	O	O
the	O	O
business	O	O
and	O	O
your	O	O
input	O	O
will	O	O
have	O	O
tangible	O	O
results	O	O
and	O	O
create	O	O
value	O	O
for	O	O
your	O	O
colleagues.	O	O

You	O	O
will	O	O
work	O	O
in	O	O
our	O	O
internal	O	O
IT	O	O
department	O	O
alongside	O	O
20	O	O
skilled	O	O
colleagues	O	O
split	O	O
across	O	O
three	O	O
teams	O	O
-	O	O
service	O	O
desk	O	O
infrastructure	O	O
and	O	O
development.	O	O

Your	O	O
duties	O	O
will	O	O
include	O	O
:	B	B
Providing	I	I
first	I	I
-	O	O
line	O	O
support	O	O
to	O	O
<	B	B
ORGANIZATION	I	I
>	I	I
employees	I	I
worldwide	I	I
Communicating	B	B
with	I	I
and	I	I
informing	I	I
users	O	O
Resolving	B	B
technical	I	I
IT	I	I
issues	B	B
and	I	I
providing	I	I
application	I	I
support	I	I
Receiving	I	O
recording	I	O
and	I	O
referring	I	O
cases	B	B
to	I	I
the	I	I
appropriate	I	I
team	O	O
Accurately	O	O
executing	O	O
specified	O	O
procedures	O	O
This	O	O
project	O	O
-	O	O
specific	O	O
employment	O	O
will	O	O
last	O	O
for	O	O
three	O	O
months	O	O

We	O	O
are	O	O
a	O	O
rapidly	O	O
growing	O	O
IT	O	O
company	O	O
and	O	O
so	O	O
your	O	O
employment	O	O
may	O	O
open	O	O
the	O	O
door	O	O
to	O	O
other	O	O
exciting	O	O
opportunities	O	O
within	O	O
the	O	O
world	O	O
of	O	O
IT.	O	O

Be	O	O
challenged	O	O
at	O	O
a	O	O
dynamic	O	O
IT	O	O
company	O	O

At	O	O
<	O	O
ORGANIZATION	O	O
>	O	O
our	O	O
emphasis	O	O
is	O	O
on	O	O
making	O	O
everything	O	O

We	O	O
have	O	O
a	O	O
passion	O	O
for	O	O
developing	O	O
the	O	O
strongest	O	O
solutions	O	O
for	O	O
our	O	O
customers.	O	O

This	O	O
is	O	O
why	O	O
we	O	O
work	O	O
with	O	O
CMMI	O	O
and	O	O
the	O	O
best	O	O
aspects	O	O
of	O	O
Lean	O	O
Scrum	O	O
and	O	O
ITIL.	O	O

We	O	O
challenge	O	O
each	O	O
other	O	O
our	O	O
work	O	O
processes	O	O
and	O	O
our	O	O
technologies	O	O
so	O	O
that	O	O
we	O	O
are	O	O
always	O	O
at	O	O
the	O	O
forefront	O	O
of	O	O
development.	O	O

For	O	O
you	O	O
as	O	O
an	O	O
IT	O	O
Support	O	O
Assistant	O	O
this	O	O
means	O	O
that	O	O
you	O	O
will	O	O
have	O	O
the	O	O
opportunity	O	O
to	O	O
influence	O	O
your	O	O
day	O	O
-	O	O
to	O	O
-	O	O
day	O	O
work	O	O
and	O	O
have	O	O
the	O	O
freedom	O	O
to	O	O
make	O	O
decisions	O	O

Your	O	O
day	O	O
-	O	O
to	O	O
-	O	O
day	O	O
work	O	O
will	O	O
be	O	O
challenging	B	O
and	O	O
so	O	O
close	O	O
co	O	O
-	O	O
operation	O	O
will	O	O
be	O	O
at	O	O
the	O	O
top	O	O
of	O	O
the	O	O
agenda	O	O
to	O	O
ensure	O	O
that	O	O
we	O	O
can	O	O
make	O	O
a	O	O
difference	O	O
to	O	O

Independent	O	O
Support	O	O
Assistant	O	O
and	O	O
skilled	O	O
communicator	B	O

Ideally	O	O
you	O	O
should	O	O
have	O	O
undergone	O	O
training	O	O
in	O	O
IT	B	B
support	I	I
and	O	O
have	O	O
at	O	O
least	O	O
one	O	O
year	O	O
of	O	O
experience	O	O
working	O	O
as	O	O
an	O	O
IT	O	O
Support	O	O
Assistant.	O	O

You	O	O
should	O	O
be	O	O
a	O	O
competent	O	O
user	O	O
of	O	O
<	B	O
ORGANIZATION	I	O
>	O	O
systems	O	O
and	O	O
familiar	B	B
with	I	I
ITSM	O	O
tools	B	B
and	I	I
application	O	O

Your	O	O
personal	O	O
qualities	O	O
include	O	O
taking	O	O
pride	O	O
in	O	O
your	O	O
ability	O	O
to	O	O
work	B	B
independently	I	I
and	O	O
seeing	B	B
your	I	I
duties	I	I
through	I	I
to	I	I
the	I	I
end.	I	I

You	O	O
take	B	O
a	I	O
structured	I	B
approach	I	I
to	I	O
work	I	O
and	O	O
are	O	O
skilled	O	O
in	O	O
prioritising	B	B
your	I	I
tasks	I	I
and	I	O
identifying	I	O
those	I	O
that	I	O
are	I	O
the	I	O
most	I	O
important.	I	O

You	O	O
thrive	B	O
in	I	I
an	I	I
outgoing	I	I
role	I	I
with	O	O
a	O	O
broad	O	O
interface	O	I
right	O	O
across	O	O
the	O	O
organisation	O	O
and	O	O
are	O	O
able	O	O
to	O	O
communicate	B	B
concisely	I	I
and	I	I
accurately	I	I
with	O	I
colleagues	O	I
at	O	O
all	O	O
levels.	O	O

You	O	O
enjoy	O	O
providing	B	B
the	I	I
best	I	I
possible	I	I
service	I	I
demonstrating	B	O
persistence	I	B
patience	B	B
and	O	O
attentiveness.	B	B

In	O	O
addition	O	O
you	O	O
enjoy	B	O
working	I	B
in	I	I
a	I	I
dynamic	I	I
environment	I	I
with	O	I
unpredictable	O	O
duties.	O	I

Finally	O	O
you	O	O
can	O	O
speak	O	O
and	O	O
write	O	O
English	B	B
at	O	O
an	O	O
advanced	O	O
level.	O	O

We	O	O
work	O	O
with	O	O
security	O	O
-	O	O
classified	O	O
projects	O	O
and	O	O
therefore	O	O
you	O	O
as	O	O
an	O	O
employee	O	O
at	O	O
Systematic	O	O
need	O	O
to	B	O
have	I	O
security	O	O

Read	O	O
more	O	O
here	O	O
:	O	O
<	O	O

Have	O	O
we	O	O
not	O	O
answered	O	O
all	O	O
of	O	O
your	O	O
questions?	O	O

You	O	O
are	O	O
always	O	O
welcome	O	O
to	O	O
contact	O	O
us	O	O
at	O	O
tel.	O	O

<	O	O
CONTACT	O	O
>	O	O
<	O	O
CONTACT	O	O
>	O	O
<	O	O
CONTACT	O	O
>	O	O
and	O	O
ask	O	O
for	O	O

We	O	O
continuously	O	O
assess	O	O
applications	O	O
as	O	O
we	O	O
wish	O	O
to	O	O
fill	O	O
the	O	O
position	O	O
as	O	O
soon	O	O
as	O	O
possible.	O	O

Place	O	O
of	O	O
work	O	O
is	O	O
<	O	O
LOCATION	O	O

We	O	O
look	O	O
forward	O	O
to	O	O
hearing	O	O
from	O	O
you.	O	O

Since	O	O
we	O	O
wrote	O	O
our	O	O
first	O	O
line	O	O
of	O	O
code	O	O
in	O	O
1985	O	O
privately	O	O
owned	O	O
<	O	O
ORGANIZATION	O	O
>	O	O
<	O	O
ORGANIZATION	O	O
>	O	O
has	O	O
grown	O	O
to	O	O
an	O	O
international	O	O
software	O	O
house	O	O
with	O	O
more	O	O
than	O	O
1000	O	O
colleagues	O	O
with	O	O
27	O	O
different	O	O
nationalities	O	O
spread	O	O
across	O	O
offices	O	O
in	O	O
12	O	O
countries	O	O
and	O	O
with	O	O
customers	O	O
all	O	O

Our	O	O
goal	O	O
is	O	O
simple	O	O
:	O	O
To	O	O
improve	O	O
the	O	O
world	O	O
with	O	O
exceptional	O	O
software.	O	O

We	O	O
deliver	O	O
software	O	O
and	O	O
system	O	O
solutions	O	O
for	O	O
customers	O	O
within	O	O
the	O	O
public	O	O
sector	O	O
the	O	O
health	O	O
sector	O	O
the	O	O
defence	O	O
the	O	O
police	O	O
the	O	O
financial	O	O
sector	O	O
and	O	O
the	O	O
service	O	O
sector	O	O
and	O	O
there	O	O
are	O	O
more	O	O
than	O	O
1.	O	O
000.	O	O
000	O	O
users	O	O

We	O	O
work	O	O
on	O	O
a	O	O
foundation	O	O
of	O	O
trust	O	O
where	O	O
we	O	O
have	O	O
freedom	O	O
and	O	O
responsibility	O	O
for	O	O
making	O	O
decisions	O	O
in	O	O
our	O	O
everyday	O	O
lives.	O	O

We	O	O
are	O	O
dedicated	O	O
to	O	O
making	O	O
a	O	O
difference	O	O
and	O	O
dare	O	O
to	O	O
challenge	O	O
technology	O	O
each	O	O
other	O	O
and	O	O
ourselves.	O	O

As	O	O
a	O	O
new	O	O
employee	O	O
at	O	O
<	O	O
ORGANIZATION	O	O
>	O	O
helpful	O	O
colleagues	O	O
welcome	O	O
you	O	O
and	O	O
you	O	O
can	O	O
look	O	O
forward	O	O
to	O	O
both	O	O
a	O	O
mentor	O	O
arrangement	O	O
and	O	O
all	O	O
the	O	O
support	O	O
you	O	O

Together	O	O
we	O	O
can	O	O
develop	O	O
and	O	O
fulfil	O	O
your	O	O
potential	O	O
and	O	O
make	O	O
Systematic	O	O
even	O	O
better.	O	O

For	O	O
our	O	O
client	O	O
–	O	O
<	O	O
ORGANIZATION	O	O
>	O	O
<	O	O
ORGANIZATION	O	O

we	O	O
’	O	O
re	O	O
recruiting	O	O
:	O	O
Experienced	O	O
Product	O	O
Manager	O	O
for	O	O
<	O	O
ORGANIZATION	O	O
>	O	O
-	O	O
ready	O	O
for	O	O
Business	O	O
Leadership	O	B
with	O	I
the	O	I
ability	O	I
to	O	B
shape	O	I
the	O	I
Value	O	I
Proposition	O	O
find	O	O
the	O	I
Customer	O	O
Segments	O	O
and	O	O

Work	O	O
location	O	O
:	O	O
<	O	O
LOCATION	O	O
>	O	O
<	O	O
LOCATION	O	O
>	O	O
<	O	O
LOCATION	O	O
>	O	O
<	O	O
ORGANIZATION	O	O
>	O	O
is	O	O
<	O	O

<	O	O
ORGANIZATION	O	O
>	O	O
creates	O	O
in	O	O
-	O	O
store	O	O
experts	O	O
inspiring	O	O
an	O	O
encouraging	O	O
more	O	O
confident	O	O

You	O	O
will	O	O
work	O	B
directly	O	I
with	O	I
business	O	I
leadership	O	O
business	O	O
users	O	I
and	O	O
the	O	O
R	O	O
&	O	O
D	B	B
to	I	I
drive	I	I
development	I	I
of	I	I
the	I	I
software	I	I
product	B	B
roadmap	I	I
find	I	I
innovative	O	I
solutions	O	I
for	O	I
existing	O	I
and	O	I
new	O	I
technology	O	O
needs	B	B
and	I	I
stays	I	I
on	I	I
top	I	I
of	I	I
current	O	O
trends	B	B
to	I	I
develop	I	I
long	I	I
term	O	I
plans	O	I
for	O	I
the	O	I
success	O	I
of	O	O
the	O	O
dedicated	O	O

You	O	O
embrace	B	B
work	I	I
load	I	I
enthusiastically	I	I
and	O	O
you	O	O
are	O	O
comfortable	B	O
with	I	O
a	I	O
fast	I	B
paced	I	I
quickly	I	I
changing	I	I
work	I	I
environment	I	I
with	O	O
this	O	O
great	O	O
mixture	O	O
of	O	O
technical	B	O
and	I	O
business	I	O
skills	I	O
can	O	O
articulate	B	B
the	I	I
vision	I	I
in	I	O
the	I	O
way	I	O
others	I	O
will	I	O
understand	I	O
and	O	O
what	O	O
‘	O	O
s	O	O
more	O	O
important	O	O
will	O	O
follow	O	O
it.	O	O

Having	O	O
experience	O	O
from	O	O
project	B	B
management	I	I
B2B	B	B
market	I	B
UX	B	B
and	O	O
development	B	B
will	O	O
help	O	O
you	O	O
to	O	O
succeed	O	O
in	O	O
that	O	O
creative	O	O
role.	O	O

You	O	O
will	O	O
work	O	O
in	O	O
a	O	O
company	O	O
of	O	O
35	O	O
+	O	O
talented	O	O
people	O	O
where	O	O
we	O	O
encourage	O	O
everyone	O	O
’	O	O
s	O	O
initiative	O	O
in	O	O
finding	O	O
new	O	O
product	O	O
and	O	O

It´s	O	O
a	O	O
full	O	O
-	O	O
time	O	O
primarily	O	O
on	O	O
-	O	O
site	O	O
role	O	O
working	O	O
from	O	O
our	O	O
<	O	O
LOCATION	O	O
>	O	O
office	O	O
with	O	O
the	O	O
occasional	O	O

Primary	O	O
responsibilities	O	O
:	O	O
<	O	O
PROFESSION	O	O
>	O	O
<	O	O
PROFESSION	O	O
>	O	O
is	O	O
for	O	O
us	O	O
a	O	O
small	O	O
CEO	O	O
-	O	O
by	O	O
complex	O	O
understanding	O	O
of	B	B
the	I	I
landscape	I	I
can	I	I
clearly	I	I
define	I	I
value	I	I
proposition	I	I
customer	O	O

Product	O	O
manager	O	O
needs	O	O
to	O	O
strategically	O	B
lead	B	I
the	I	I
product	I	I
development	I	I
process.	I	I

This	O	O
is	O	O
absolutely	O	O
essential	O	O
for	O	O
ability	O	O
to	O	O
correctly	B	B
brief	I	I
the	I	I
other	I	I
departments	I	I
and	O	O
ability	O	O
to	O	O
challenge	B	B
outcomes.	I	I

Specs	O	O
that	O	O
we	O	O
'	O	O
re	O	O
after	O	O
:	O	O
Very	O	O
good	B	B

Knowledge	O	O
of	O	O
Czech	B	B
welcomed	O	I
but	O	O
not	O	O
a	O	O
must	O	O

Product	B	B
/	I	I
Project	I	I
Management	I	I
skills	O	O

Understanding	O	O
of	O	O
UX	B	B
development	I	I
process	I	I

Experiences	O	O
with	O	O
user	B	B
testing	I	I
and	O	O
understanding	B	O
the	I	O
results	I	O

Technical	O	O
background	O	O
/	O	O

Excellent	O	O
communication	B	B
skills	I	I
Passion	B	B
for	I	I
a	I	I
change	I	I

Ability	O	O
to	O	O
establish	B	B
rapport	I	I
and	O	I
bond	B	I
with	I	I
a	I	I
business	I	I
partner	I	I
The	O	O
ability	O	O
to	O	O
think	B	B
outside	I	I
the	I	I
box	I	I
The	O	O
ability	O	O
to	O	O
clearly	B	B
and	I	I
professionally	I	I
present	I	I
information	I	I
<	O	O
ORGANIZATION	O	O
>	O	O
is	O	O
an	O	O
enthusiastic	O	O
team	O	O
of	O	O
accomplished	O	O
tech	O	O
professionals	O	O
based	O	O
in	O	O
<	O	O

Our	O	O
experience	O	O
in	O	O
working	O	O
with	O	O
global	O	O
retail	O	O
brands	O	O
such	O	O
as	O	O
<	O	O
ORGANIZATION	O	O
>	O	O
<	O	O
ORGANIZATION	O	O
>	O	O
<	O	O
ORGANIZATION	O	O
>	O	O
or	O	O
<	O	O
ORGANIZATION	O	O
>	O	O
<	O	O
ORGANIZATION	O	O
>	O	O
lead	O	O
us	O	O
to	O	O
establish	O	O
a	O	O
start	O	O
-	O	O
up	O	O
foundry	O	O
with	O	O
a	O	O
number	O	O
of	O	O
long	O	O
-	O	O
term	O	O
clients	O	O
and	O	O
an	O	O
exciting	O	O
lineup	O	O
of	O	O
digital	O	O
products	O	O
going	O	O
global	O	O
with	O	O
them	O	O
from	O	O
day	O	O
one	O	O

At	O	O
<	O	O
ORGANIZATION	O	O
>	O	O
you	O	O
can	O	O
look	O	O
forward	O	O
to	O	O
:	O	O
Being	O	O
part	O	O
of	O	O
an	O	O
established	O	O
company	O	O
with	O	O
a	O	O
start	O	O
-	O	O
up	O	O
attitude	O	O
one	O	O
that	O	O
has	O	O
a	O	O
truly	O	O
long	O	O
-	O	O
term	O	O
vision	O	O
and	O	O
global	O	O
potential	O	O
Inspiring	O	O
environment	O	O
of	O	O
award	O	O
-	O	O
winning	O	O
offices	O	O
in	O	O
Prague	O	O
'	O	O
s	O	O
technology	O	O
hub	O	O
in	O	O
<	O	O
LOCATION	O	O
>	O	O
Equally	O	O
inspiring	O	O
team	O	O
members	O	O
with	O	O
a	O	O
wide	O	O
range	O	O

A	O	O
company	O	O
where	O	O
learning	O	O
and	O	O
personal	O	O
growth	O	O
is	O	O
within	O	O
our	O	O
DNA	O	O

Application	O	O
deadline	O	O
:	O	O
ASAP.	O	O

Efficient	O	O
Recruitment	O	O
based	O	O
in	O	O
<	O	O
LOCATION	O	O
>	O	O
handles	O	O
this	O	O
recruitment	O	O
process	O	O
for	O	O
<	O	O
ORGANIZATION	O	O
>	O	O

in	O	O
<	O	O
LOCATION	O	O

For	O	O
more	O	O
information	O	O
or	O	O
if	O	O
you	O	O
have	O	O
any	O	O
questions	O	O
regarding	O	O
this	O	O
position	O	O
please	O	O
contact	O	O
<	O	O
NAME	O	O
>	O	O
<	O	O
NAME	O	O

<	O	O
CONTACT	O	O
>	O	O
<	O	O
CONTACT	O	O
>	O	O
<	O	O
CONTACT	O	O
>	O	O
<	O	O
CONTACT	O	O
>	O	O

<	O	O
CONTACT	O	O
>	O	O
<	O	O
CONTACT	O	O
>	O	O
<	O	O
CONTACT	O	O

Application	O	O

Please	O	O
apply	O	O
the	O	O
job	O	O
by	O	O
sending	O	O
your	O	O
updated	O	O
CV	O	O
cover	O	O
letter	O	O
and	O	O
portfolio	O	O
via	O	O
<	O	O
ORGANIZATION	O	O
>	O	O
<	O	O

Or	O	O
Via	O	O
Efficient	O	O
Recruitments	O	O
webpage	O	O
by	O	O
click	O	O
on	O	O
‘	O	O
’	O	O
APPLY	O	O
JOB	O	O
’	O	O
’	O	O
and	O	O

In	O	O
your	O	O
CV	O	O
please	O	O
include	O	O
a	O	O
personal	O	O
photo	O	O
your	O	O
family	O	O
status	O	O
and	O	O
your	O	O
expected	O	O
start	O	O
date	O	O
for	O	O
a	O	O
new	O	O
job.	O	O

In	O	O
your	O	O
cover	O	O
letter	O	O
please	O	O
include	O	O
your	O	O
motivation	O	O
competences	O	O
for	O	O
this	O	O
job	O	O
and	O	O
tell	O	O
about	O	O
your	O	O
personality.	O	O

<	O	O
ORGANIZATION	O	O
>	O	O
is	O	O
hiring	O	O
an	O	O
International	O	O
Sales	O	O
Representative	O	O
for	O	O
the	O	O
French	O	O
market	O	O
on	O	O
behalf	O	O
of	O	O
<	O	O
ORGANIZATION	O	O
>	O	O
<	O	O
ORGANIZATION	O	O

<	O	O
ORGANIZATION	O	O
>	O	O
<	O	O
ORGANIZATION	O	O
>	O	O
is	O	O
a	O	O
Danish	O	O
Packaging	O	O
company	O	O
with	O	O

<	O	O
ORGANIZATION	O	O
>	O	O
is	O	O
among	O	O
the	O	O
world	O	O
’	O	O
s	O	O
leaders	O	O
in	O	O
media	O	O

Scanavo	O	O
’	O	O
s	O	O
unique	O	O
concepts	O	O
are	O	O
sold	O	O
through	O	O
Scanavo	O	O
’	O	O
s	O	O
offices	O	O
in	O	O
<	O	O
LOCATION	O	O
>	O	O
<	O	O
LOCATION	O	O
>	O	O
and	O	O
<	O	O
LOCATION	O	O
>	O	O
<	O	O
LOCATION	O	O
>	O	O
to	O	O
the	O	O
world	O	O
’	O	O

For	O	O
the	O	O
past	O	O
few	O	O
years	O	O
<	O	O
ORGANIZATION	O	O
>	O	O
has	O	O
channelized	O	O
into	O	O
selling	O	O
packaging	O	O
for	O	O
the	O	O
Beauty	O	O
and	O	O
Cosmetics	O	O
-	O	O
industry	O	O
and	O	O
this	O	O
division	O	O
is	O	O
a	O	O
growing	O	O
part	O	O

For	O	O
more	O	O
information	O	O
see	O	O
<	O	O
CONTACT	O	O
>	O	O
<	O	O
ORGANIZATION	O	O

We	O	O
develop	O	O
design	O	O
and	O	O
bring	O	O
to	O	O
market	O	O
great	O	O
innovative	O	O
packaging	O	O
to	O	O
the	O	O
Beauty	O	O
&	O	O
Cosmetics	O	O
industry.	O	O

You	O	O
will	O	O
be	O	O
a	O	O
part	O	O
of	O	O
a	O	O
small	O	O
team	O	O
of	O	O
4	O	O
people	O	O
in	O	O
the	O	O
division	O	O
who	O	O
closely	O	O
cooperate	O	O
with	O	O
our	O	O
<	O	O
LOCATION	O	O
>	O	O
<	O	O
LOCATION	O	O
>	O	O
office	O	O
in	O	O

About	O	O
the	O	O
job	O	O

We	O	O
are	O	O
seeking	O	O
to	O	O
recruit	O	O
an	O	O
<	O	O
PROFESSION	O	O
>	O	O
<	O	O
PROFESSION	B	O
>	I	O
<	I	O
PROFESSION	I	O
>	I	O
for	I	O
generation	I	O
and	I	O
development	I	O
of	O	O
new	O	O
and	O	O
existing	O	O

The	O	O
successful	O	O
candidate	O	O
will	O	O
be	O	O
a	O	O
credible	B	O
international	O	O
sales	O	O
professional	O	O
ideally	O	O
with	O	O
experience	O	O
from	O	O
some	O	O
of	O	O
our	O	O
business	O	O
areas	O	O
and	O	O
with	O	O
knowledge	O	O
of	O	O
the	O	O
market	O	B
place.	O	I

Responsible	O	O
for	O	O
your	O	O
own	O	O
lead	B	B
generation	I	I
appointment	B	B
setting	I	B
proposal	B	B
development	I	I
and	I	O
presentation	I	B
you	O	O
will	O	O
pro	O	B
-	B	I
actively	I	I
manage	I	I
the	I	I
international	O	O
sales	O	O
for	O	O
<	O	O
ORGANIZATION	O	O
>	O	O

The	O	O
core	O	O
of	O	O
the	O	O
role	O	O
includes	O	O
all	O	O
aspects	O	O
of	O	O
the	O	O
international	B	B
sales	I	O
and	O	O
business	B	O
development	I	I
process	I	O
focused	O	O
on	O	O
building	B	B
new	I	I
business	I	I
relationships	I	I
as	O	O
well	O	O
as	O	O
building	B	O
on	I	O
existing	I	O
success	I	O
already	O	O
in	O	O
place.	O	O

You	O	O
will	O	O
be	O	O
reporting	B	O
to	I	O
the	I	O
Head	I	O
of	I	O
Sales.	I	O

Primary	O	O
Focus	O	O
Build	B	B
new	I	I
major	I	I
business	I	I
opportunities	I	I
in	O	O
<	O	O
LOCATION	O	O
>	O	O
and	O	O
<	B	B
LOCATION	I	I
>	O	O

Develop	B	B
implement	I	I
and	I	I
manage	I	I
sales	I	I
and	I	I
relationships	I	I
with	O	I
new	O	I
clients.	O	I

Negotiate	B	B
and	I	I
close	I	I
business	I	I
to	O	O
exceed	B	I
targets	I	I
by	O	O
being	B	O
in	I	O
regular	I	O
telephonic	I	O
and	I	O
face	I	O
to	I	I
face	I	I
contact	I	I
with	I	O
clients.	I	O

Generate	B	B
leads	I	I
through	O	O
market	B	I
and	I	I
client	I	I
-	O	O

Be	O	O
able	O	O
to	O	O
break	B	B
into	I	I
medium	I	I
to	I	I
large	I	I
organisations	I	I
at	O	O
different	O	O
levels.	O	O

Manage	B	B
and	I	I
be	I	I
part	I	I
of	I	I
all	I	I
processes	I	I
of	I	O
a	I	O
typical	I	O
sales	I	O
cycle	I	O
from	O	O
A	O	O
-	O	O

Monitor	B	B
competitor	I	I
activity	I	I
and	I	I
market	I	I
dynamics.	I	I

Recognise	B	B
and	I	I
recommend	I	I
improvements	I	I
to	I	I
existing	I	I
processes	I	I
to	O	O
improve	B	B
revenue	I	I
performance.	I	I

<	O	O
ORGANIZATION	O	O
>	O	O
offers	O	O
you	O	O
:	O	O
A	O	O
challenging	O	O
international	O	O
job	O	O
in	O	O
a	O	O
dynamic	O	O
and	O	O
informal	O	O
environment	O	O
with	O	O

An	O	O
opportunity	O	O
to	O	O
rise	O	O
to	O	O
the	O	O
challenge	O	O
and	O	O
develop	O	O
your	O	O
own	O	O
accounts	O	O
in	O	O
a	O	O
very	O	O
attractive	O	O
and	O	O
progressive	O	O
industry	O	O
and	O	O
be	O	O
part	O	O
of	O	O
developing	O	O
and	O	O
growing	O	O
this	O	O
new	O	O
division	O	O
with	O	O
energetic	O	O
and	O	O
inspirational	O	O
teammates.	O	O

Health	O	O
insurance	O	O
pension	O	O
scheme	O	O
and	O	O
a	O	O
lunch	O	O
arrangement.	O	O

Personality	O	O
and	O	O
experience	O	O
You	O	O
are	O	O
inspiring	B	B
persuasive	B	B
and	O	O
convincing	B	B
in	O	O
your	O	O
behavior.	O	O

You	O	O
thrive	O	O
with	O	O
sales	B	B
canvassing	I	I
cold	B	B
calling	I	I
and	O	O
booking	B	B
meetings	I	I
on	I	I
the	I	I
phone.	I	I

You	O	O
are	O	O
outgoing	B	B
energetic	B	B
and	O	O
able	O	O
to	O	O
work	B	B
independently	I	I
as	I	I
well	I	I
as	I	I
in	I	I
a	I	I
team.	I	I

You	O	O
are	O	O
persistent	B	B
and	O	O
have	O	O
2	O	O
-	O	O
3	O	O
years	B	O
of	O	O
sales	O	O
experience	B	B
within	O	O
B2B	B	B
and	I	I
concept	O	O

Knowledge	O	O
from	O	O
related	O	O
industry	O	O
is	O	O
an	O	O
advantage	O	O
but	O	O
not	O	O
required.	O	O

Educational	O	O
background	O	O

Graduation	O	O
from	O	O
a	O	O
business	B	B
school	O	I
is	O	O
preferred.	O	O

Academic	O	O
educations	O	O
are	O	O
not	O	O
required.	O	O

Languages	O	O

It	O	O
is	O	O
essential	O	O
that	O	O
you	O	O
master	O	O
English	B	B
fluently	O	O
and	O	O
an	O	O
absolute	O	O
advantage	O	O
if	O	O
you	O	O
speak	O	O
and	O	O
write	O	O
French	B	B
or	O	O
German	B	B
at	O	O
an	O	O
advanced	O	O
level.	O	O

Speaking	O	O
and	O	O
writing	O	O
another	O	O
<	O	O
LOCATION	O	O
>	O	O
language	O	O
will	O	O
be	O	O
an	O	O
absolute	O	O

Travel	O	O
Activity	O	O
Approximately	O	O
40	O	O
-	O	O
50	O	O
days	O	O
a	O	O
year.	O	O

Start	O	O

As	O	O
soon	O	O
as	O	O
possible	O	O
but	O	O
we	O	O
will	O	O
wait	O	O
for	O	O
the	O	O
right	O	O
candidate.	O	O

Application	O	O

If	O	O
you	O	O
can	O	O
relate	O	O
to	O	O
the	O	O
above	O	O
and	O	O
you	O	O
are	O	O
ready	O	O
for	O	O
new	O	O
challenges	O	O
please	O	O
send	O	O
your	O	O
CV	O	O
and	O	O
application	O	O
by	O	O
email	O	O
to	O	O
<	O	O
CONTACT	O	O
>	O	O

For	O	O
more	O	O
information	O	O
please	O	O
contact	O	O
<	O	O
NAME	O	O
>	O	O
<	O	O
NAME	O	O
>	O	O
<	O	O
NAME	O	O
>	O	O
or	O	O
<	O	O
NAME	O	O
>	O	O
<	O	O
NAME	O	O
>	O	O

Telephone	O	O
:	O	O
<	O	O
CONTACT	O	O
>	O	O
<	O	O
CONTACT	O	O
>	O	O
<	O	O
CONTACT	O	O
>	O	O

-	O	O
mail	O	O
:	O	O

<	O	O
ORGANIZATION	O	O
>	O	O
is	O	O
going	O	O
through	O	O
times	O	O
of	O	O
unprecedented	O	O

From	O	O
the	O	O
farm	O	O
to	O	O
your	O	O
refrigerator	O	O
or	O	O
the	O	O
factory	O	O
to	O	O
your	O	O
wardrobe	O	O
we	O	O
are	O	O
developing	O	O
solutions	O	O
that	O	O
meet	O	O
customer	O	O
needs	O	O
from	O	O
one	O	O
end	O	O
of	O	O
the	O	O
supply	O	O
chain	O	O
to	O	O
the	O	O
other.	O	O

Digitization	O	O
and	O	O
IT	O	O
are	O	O
taking	O	O
center	O	O
stage	O	O
in	O	O
enabling	O	O
our	O	O
customers	O	O
to	O	O
trade	O	O
globally.	O	O

Join	O	O
us	O	O
as	O	O
we	O	O
re	O	O
-	O	O
think	O	O
what	O	O
technology	O	O
can	O	O

A	O	O
vacancy	O	O
exists	O	O
for	O	O
a	O	O
<	O	O
PROFESSION	O	O
>	O	O
<	O	O
PROFESSION	B	B
>	O	O
with	O	O
strong	O	O
Java	O	O
skills	B	O
and	I	O
experience	I	O
of	I	B
working	I	I
in	B	O
the	I	I
web	I	I
layer	I	I
working	I	I
as	I	I
a	I	I
key	I	I
member	I	O
of	O	O

You	O	O
will	O	O
be	O	O
actively	O	O
embracing	O	B
frequent	B	I
delivery	I	I
end	B	B
-	I	I
to	I	I
-	O	O
end	B	B
application	I	I
ownership	O	O

The	O	O
role	O	O
will	O	O
involve	O	O
;	B	B
Contributing	I	I
to	I	I
a	I	I
cross	I	I
functional	I	I
agile	I	I
team	O	O
in	O	O
the	B	B
elaboration	I	I
development	I	I
and	I	I
testing	I	I
of	I	I
user	I	I

Actively	O	O
taking	O	O
part	O	O
in	O	O
sprint	B	B
planning	I	I
backlog	B	B
grooming	I	I
and	O	O
task	B	B
estimation	I	I
Hands	O	O
-	B	B
on	I	I
development	I	I
and	I	I
modification	I	I
of	I	I
frameworks	I	I
common	I	I
components	I	I
and	I	I

Hands	O	O
-	B	B
on	I	I
development	I	I
of	I	I
unit	O	O
tests	O	O
across	O	O
all	O	O
developed	O	O
components	B	O
and	I	O
contribution	I	O
to	I	B
the	I	I
creation	I	I
of	I	O
automation	I	O
in	I	O
higher	I	O
levels	I	O
of	I	O
the	I	O

Actively	O	B
refactoring	B	B
code	I	I
and	O	O
continual	O	O
contribution	B	O
to	I	I
code	I	I
quality	I	I
improvements	I	I

Personal	O	O
adherence	O	O
to	O	O
development	B	B
standards	I	I
and	O	I
best	B	I
practices	I	I
for	O	O
software	B	B
development	I	I
and	O	O
review	B	B
of	I	I
colleagues	I	I
code	I	I
Being	O	O
an	O	O
exemplar	O	O
of	O	O
progressive	B	B
development	I	I
behaviours	I	I
;	B	B
maximizing	I	I
collaboration	O	I
and	B	I
knowledge	I	I
sharing	O	O
through	B	O
effective	I	B
pairing	O	I
on	O	I
tasks	O	O
with	O	O
developers	O	O
testers	O	O
and	O	O
DevOps	B	B
Creation	I	I
of	I	I
POCs	I	I
/	I	I
Spike	I	I
development	O	O
and	O	O
active	B	O
involvement	I	O
in	I	B
technology	I	I

We	O	O
offer	O	O

Joining	O	O
<	O	O
ORGANIZATION	O	O
>	O	O
<	O	O
ORGANIZATION	O	O
>	O	O
will	O	O
embark	O	O
you	O	O
on	O	O
a	O	O
great	O	O
journey	O	O
with	O	O
career	O	O
development	O	O
in	O	O

Asa	O	O
senior	O	O
Java	O	O
Developer	O	O
you	O	O
will	O	O
gain	O	O
broad	O	O
business	O	I
knowledge	O	O
of	O	O
the	O	O
companys	O	O
activities	O	O
globally	O	O
as	O	O
well	O	O
as	O	O
understand	O	O
how	O	O
the	O	O
complexity	O	O
of	O	O
IT	O	O
supports	O	O
the	O	O
transport	O	O
and	O	O
logistics	O	O
business.	O	O

You	O	O
will	O	O
be	O	O
exposed	O	B
to	O	I
a	O	I
wide	O	I
and	O	I
challenging	O	I
range	O	I
of	O	I
business	O	I
issues	O	I
through	O	O
regular	O	O
engagement	O	B
with	O	O
key	O	O
stakeholders	O	O
across	O	O
all	O	O
management	O	O
levels	O	O
within	O	O
<	O	O
ORGANIZATION	O	O

You	O	O
will	O	O
work	B	B
and	I	I
communicate	I	I
across	I	I
geographical	I	I
and	I	I
cultural	I	I
borders	I	I
that	O	O
will	O	O
enable	O	O
you	O	O
to	O	O
build	B	O
a	I	O
strong	I	O
professional	I	O
network.	I	O

We	O	O
believe	O	O
people	O	O
thrive	O	O
when	O	O
they	O	O
are	O	O
in	O	O
charge	O	O
of	O	O
their	O	O
career	O	O
paths	O	O
and	O	O
professional	O	O
growth.	O	O

We	O	O
will	O	O
provide	O	O
you	O	O
with	O	O
opportunities	O	O
to	O	O
broaden	O	B
your	O	I
knowledge	O	I
and	O	O
strengthen	O	O
your	O	O
technical	O	O
and	O	O
professional	O	O
foundation.	O	O

By	O	O
choosing	O	O
<	O	O
ORGANIZATION	O	O
>	O	O
you	O	O
join	O	O
not	O	O
only	O	O
for	O	O
the	O	O
role	O	O
but	O	O
for	O	O
a	O	O

From	O	O
here	O	O
your	O	O
path	O	O
may	O	O
take	O	O
you	O	O
towards	O	O
extended	O	O
responsibilities	O	O
within	O	O
Application	O	B
Development	O	I
IT	O	B
Delivery	O	I
or	O	O
IT	O	B
Leadership.	O	I

We	O	O
aim	O	O
to	O	O
be	O	O
a	O	O
world	O	O
-	O	O
class	O	O
professional	O	O
IT	O	O
organisation	O	O
that	O	O
delivers	O	O
business	O	O
value	O	O
through	O	O
automation	O	O
standardisation	O	O
and	O	O

We	O	O
believe	O	O
in	O	O
empowerment	O	O
where	O	O
each	O	O
of	O	O
us	O	O
takes	O	O
ownership	O	O
and	O	O
responsibility	O	O
for	O	O
developing	O	O
and	O	O
implementing	O	O
new	O	O
ways	O	O
of	O	O
working.	O	O

Key	O	O
responsibilities	O	O
Participation	B	O
in	I	O
the	I	O
elaboration	I	B
of	I	I
user	I	I
stories	I	I
(	O	O
technical	O	O
and	O	O
functional	O	O
).	O	O

Agree	B	O
stories	I	O
are	I	O
sufficiently	I	O
described	I	O
for	O	O
their	O	O
implementation	O	O
verification	O	O
and	O	O
delivery.	O	O

Responsible	O	O
for	O	O
the	O	O
quality	B	B
design	I	I
and	I	I
implementation	I	I
(	O	I
supportable	O	I
maintainable	O	I
scalable	O	B
performant	O	I
secure	O	I
)	O	I
of	O	I
applications	O	I
delivering	O	I
business	O	I
value	O	I
Ensuring	B	B
builds	I	I
are	I	I
kept	I	I
green	I	I
and	O	O
the	O	I
code	B	I
management	I	I
strategy	I	O
(	I	O
branching	I	B
)	I	O
is	I	O
closely	I	O
followed.	O	O

Raising	B	B
capability	I	I
and	I	I
standards	I	I
within	O	I
team	O	I
;	B	B
pairing	I	I
on	I	I
tasks	B	B
peer	I	I
review	I	O
of	I	I
team	I	I
members	I	O
code	O	O
and	B	B
constructive	I	I
feedback	I	I
for	I	I
improvement	O	O
in	O	O
both	O	O
the	O	O
code	O	O
base	O	O
and	O	O
team	O	O
capability	O	O
(	O	B
embraces	O	O
blame	O	I
free	O	I

Proactive	B	B
contribution	I	I
to	I	I
continual	I	I
improvements	I	I
within	O	O
your	O	O
team	O	O
through	O	O
both	O	O
active	B	O
participation	I	O
in	I	I
retrospectives	I	I
and	O	O
from	O	O
engagement	B	O
with	I	O
cross	I	O
team	I	O
bestpractice	I	O
communities	O	O

Support	B	O
Product	I	I
Owner	I	I
to	O	O
identify	B	B
and	I	I
manage	I	I
risks	I	I
debt	I	I
issues	I	I
and	I	I
opportunities	I	I
for	O	I
technical	O	I
improvement	O	I

Support	B	B
the	I	I
recruitment	I	I
activities	I	I
for	O	O
new	O	O
developers	O	O
hires	O	O

Technical	B	O
support	I	I
during	O	O
cut	O	O
-	O	O
over	B	O
activities	I	I
Technical	O	O
support	O	O
in	O	O
-	O	O
and	O	O
out	O	O
-	O	O
of	O	O
-	O	O

We	O	O
are	O	O
looking	O	O
for	O	O

Skills	O	O

Excellent	O	O
implementation	B	B
skills	I	O
primarily	O	O
Java	B	B
SpringBoot	B	B
and	O	O
associated	O	O
unit	B	B
testing	I	I
frameworks	O	I
Expertise	O	O
in	O	O
development	B	B
within	O	O
an	O	O
Agile	B	B
envirnoment	O	I
Effective	O	B
integration	B	I
of	I	I
testing	I	I
into	I	I
development	I	I
workflow	I	I
;	O	O
using	O	O
appropriate	B	B
test	I	I
frameworks	I	B
Build	I	I
tooling	O	O
(	O	O
e.	O	O

Maven	O	O
)	O	O
Capability	O	O
for	O	O
occasional	B	O
work	I	O
in	I	B
UI	O	I

Good	O	O
experience	O	O
of	O	O
continual	B	B
delivery	I	I
pipeline	I	I
tools	I	I
(	O	O
Jenkins	B	B
Ansible..	B	B
)	O	O
Good	O	O
verbal	O	O
communication	O	O
skills	O	O
;	B	B
able	I	I
to	O	O
articulate	O	O
clearly	B	B
to	I	I
technical	I	I
team	I	I
members	I	I
during	I	I
agile	O	O
ceremonies	O	I
and	O	I
to	O	O
work	O	O
with	B	B
product	I	I
owners	I	I
in	I	I
the	O	O
elaboration	O	O
of	O	B
user	O	I
stories	O	I

Able	O	O
to	O	O
work	O	B
in	O	I
a	O	I
highly	O	I
collaborative	B	I
environment	O	I
as	O	O
part	O	O
of	O	O
an	O	O
effective	O	O
delivery	O	O
squad	O	O
Good	O	O
critical	B	B
reasoning	I	I
and	O	I
problem	B	I
solving	I	I
skillsExperience	O	I

Agile	B	O
software	I	I
development	I	I
experience	O	O
preferable	O	O
with	O	O
experience	O	O
of	O	O
XP	B	B
or	O	O
other	O	O
high	O	B
collaboration	O	I
approaches	O	O
Using	O	O
BDD	B	B
and	O	O
TDD	B	B
approaches	O	O
and	O	O
tooling	O	B
Fast	B	B
turnaround	I	I
development	I	I
experience	O	O
Continuous	B	B
delivery	I	I
including	O	O
shippable	O	B
product	O	I
per	O	I
sprint	O	I
delivery	O	I
cadence	O	I
Service	B	B
orientated	I	I
and	O	O
microservice	B	B
architecture	I	I
Shared	B	B
-	I	I
nothing	B	B
architecture	I	I
domain	I	I
driven	O	O
design	B	B
and	I	I
bounded	B	B
context	I	I
High	I	I
volume	I	I
transactional	O	O
systems	O	O
Use	B	B
of	I	I
API	O	I
gateway	O	O
products	B	B
(	O	O

Appreciation	O	O
of	O	O
the	O	O
importance	O	O
of	O	O
coherent	B	B
software	I	I
architecture	I	I
and	I	I
design	I	I
Loosely	O	B
coupled	O	I
message	B	I
or	I	I
event	I	I
based	I	I
architectures	I	I
A	O	O
full	O	O
understanding	O	O
of	O	O
eventual	B	B
consistency	I	I
concepts	I	I
preferably	O	O
hands	O	O
on	O	O
experience	O	O

Active	O	O
contributor	B	O
to	I	O
open	I	B
source	I	I
projects	I	I
would	O	O
be	O	O
beneficial	O	O

<	O	O
ORGANIZATION	O	O
>	O	O
is	O	O
looking	O	O
for	O	O
Marine	O	O
Field	O	O
Service	O	O
Engineers	O	O
on	O	O
behalf	O	O
of	O	O
<	O	O

Our	O	O
<	O	O
ORGANIZATION	O	O
>	O	O
<	O	O
ORGANIZATION	O	O
>	O	O
<	O	O
ORGANIZATION	O	O
>	O	O
<	O	O
ORGANIZATION	O	O
>	O	O
is	O	O
seeking	O	O
a	O	O
new	O	O

We	O	O
expect	O	O
you	O	O
to	O	O
have	O	O
a	O	O
very	O	O
good	O	O
mechanical	B	B
understanding	I	I
and	O	O
a	O	O
solid	O	O
working	O	O
knowledge	O	O
within	O	O
automation	B	B
and	O	O
process	B	I
optimization.	I	I

The	O	O
job	O	O
entails	O	O
support	B	B
and	I	O
problem	I	B
-	O	O
solving	O	O
aboard	O	O
vessels	O	O
or	O	O
at	O	O
yards	O	O
which	O	O
will	O	O
include	O	O
much	O	O
travel	O	O

You	O	O
will	O	O
primarily	O	O
work	O	O
with	O	O
our	O	O
rotating	O	B
equipment	O	I
decanters	B	B
and	O	O
high	B	B
-	I	I
speed	O	O
separators	O	O
-	O	O
and	O	O
it	O	O
is	O	O
expected	O	O
that	O	O
you	O	O
are	O	O
always	O	O
capable	B	B
of	I	I
putting	I	I
put	I	I
the	I	I
customer	O	O

About	O	O
the	O	O
job	O	O
Preventive	B	B
maintenance	I	I
of	I	I
supplied	I	I
equipment	I	I
and	I	I
machines.	I	I

Repair	B	B
and	I	I
service	I	I
according	I	O
to	I	O
customer	I	O
requirements.	I	O

Support	B	B
to	I	I
customers	I	I
and	O	O
general	B	O
technical	I	O
support.	I	I

Troubleshooting	O	B
and	O	I
adjustments	B	I
to	I	I
equipment	I	I
and	I	I
machines.	I	I

Start	B	B
-	I	I
up	I	I
and	I	I
commissioning	I	I
of	O	I
machinery	B	I
and	I	I
process	I	O
plants	I	O
on	I	O
board	O	O

Training	B	B
of	I	I
the	I	O
crew.	I	I

Optimization	B	B
of	I	I
plant	I	I
and	I	I
equipment.	I	I

The	O	O
jobs	O	O
will	O	O
concentrate	O	O
on	O	O
customers	O	O
sites	O	O
in	O	O
Scandinavia	O	O
;	O	O
however	O	O
support	O	O
can	O	O
be	O	O
in	O	O
other	O	O
countries	O	O
as	O	O
well.	O	O

You	O	O
will	O	O
be	O	O
on	O	O
customers	O	O
locations	O	O
most	O	O
of	O	O
the	O	O
time	O	O
so	O	O
expected	O	O
overnight	O	O
stays	O	O
will	O	O
be	O	O
around	O	O
100.	O	O

Who	O	O
are	O	O
you?	O	O

You	O	O
have	O	O
a	O	O
technical	O	O
background	O	O
as	O	O
a	O	O
<	O	O
PROFESSION	O	O
>	O	O

You	O	O
have	O	O
hands	O	O
-	O	O
on	O	O
experience	O	O
with	O	O
<	O	O
ORGANIZATION	O	O
>	B	B
<	B	B
ORGANIZATION	I	I
>	B	B
products	B	B
(	B	B
decanters	I	I
high	O	O

You	O	O
know	O	O
the	O	O
Marine	B	B
Business	I	I
and	O	O
have	O	O
sailing	B	O
experience	O	O
minimum	O	O
as	O	O
a	O	O
2	O	O
nd	O	O

You	O	O
have	O	O
a	O	O
very	O	O
good	O	O
mechanical	B	B
understanding.	I	I

You	O	O
have	O	O
good	O	O
knowledge	O	O
and	O	O
experience	O	O
in	O	O
automation	B	B
and	O	I
control	B	I
systems.	I	I

You	O	O
are	O	O
proficient	O	O
in	O	O
Microsoft	B	B
Office.	I	I

You	O	O
speak	O	O
and	O	O
write	O	O
Danish	B	B
and	O	O
English.	B	B

Whats	O	O
in	O	O
it	O	O
for	O	O
you?	O	O
We	O	O
offer	O	O
a	O	O
challenging	O	O
position	O	O
in	O	O
an	O	O
open	O	O
and	O	O
friendly	O	O
environment	O	O
where	O	O
we	O	O
help	O	O
each	O	O
other	O	O
to	O	O
develop	O	O
and	O	O
create	O	O
value.	O	O

Your	O	O
work	O	O
will	O	O
have	O	O
a	O	O
true	O	O
impact	O	O
on	O	O
<	O	O
ORGANIZATION	O	O
>	O	O
<	O	O
ORGANIZATION	O	O

Application	O	O

If	O	O
you	O	O
can	O	O
relate	O	O
to	O	O
the	O	O
above	O	O
and	O	O
you	O	O
are	O	O
ready	O	O
for	O	O
new	O	O
challenges	O	O
please	O	O
send	O	O
your	O	O
CV	O	O
and	O	O
application	O	O
by	O	O
e	O	O
-	O	O
mail	O	O
to	O	O
<	O	O
CONTACT	O	O
>	O	O
<	O	O
CONTACT	O	O
>	O	O
For	O	O
more	O	O
information	O	O
please	O	O
contact	O	O
<	O	O
NAME	O	O
>	O	O
<	O	O
NAME	O	O
>	O	O
or	O	O
<	O	O
NAME	O	O
>	O	O

If	O	O
you	O	O
know	O	O
anyone	O	O
in	O	O
your	O	O
network	O	O
who	O	O
might	O	O
be	O	O
interested	O	O
in	O	O
the	O	O
vacancy	O	O
please	O	O
have	O	O
them	O	O
contact	O	O
us.	O	O

About	O	O
<	O	O
ORGANIZATION	O	O

<	O	O
ORGANIZATION	O	O
>	O	O
<	O	O
ORGANIZATION	O	O
>	O	O
is	O	O
today	O	O
a	O	O
world	O	O
leader	O	O
within	O	O
the	O	O
key	O	O
technology	O	O
areas	O	O
of	O	O
heat	O	O
transfer	O	O
separation	O	O

Our	O	O
company	O	O
was	O	O
founded	O	O
on	O	O
a	O	O
single	O	O
brilliant	O	O
invention	O	O
and	O	O
innovation	O	O
remains	O	O
at	O	O
the	O	O
heart	O	O
of	O	O
everything	O	O
we	O	O
do.	O	O

With	O	O
more	O	O
than	O	O
2500	O	O
patents	O	O
we	O	O
provide	O	O
worldwide	O	O
solutions	O	O
in	O	O
areas	O	O
that	O	O
are	O	O
vital	O	O
to	O	O
society	O	O
both	O	O
today	O	O
and	O	O
for	O	O
the	O	O
future.	O	O

For	O	O
more	O	O
information	O	O
please	O	O
visit	O	O
<	O	O
CONTACT	O	O
>	O	O

About	O	O
<	O	O

<	O	O
ORGANIZATION	O	O
>	O	O
is	O	O
a	O	O
young	O	O
and	O	O
dynamic	O	O
Danish	O	O
company	O	O
in	O	O
the	O	O
<	O	O

We	O	O
are	O	O
specialised	O	O
in	O	O
hiring	O	O
staff	O	O
on	O	O
behalf	O	O
of	O	O
industrial	O	O
medical	O	O
and	O	O
technical	O	O
companies	O	O
and	O	O
one	O	O
of	O	O
our	O	O
strengths	O	O
are	O	O
the	O	O
employees	O	O
much	O	O
differentiated	O	O
backgrounds.	O	O

Together	O	O
the	O	O
employees	O	O
of	O	O
<	O	O
ORGANIZATION	O	O
>	O	O
have	O	O
more	O	O
than	O	O
25	O	O
years	O	O
of	O	O
experience	O	O
with	O	O
temporary	O	O
hires	O	O
search	O	O
and	O	O

You	O	O
can	O	O
read	O	O
more	O	O
about	O	O
<	O	O
ORGANIZATION	O	O
>	O	O
at	O	O
<	O	O
CONTACT	O	O
>	O	O
<	O	O
CONTACT	O	O
>	O	O
Should	O	O
this	O	O
vacancy	O	O
not	O	O
be	O	O
the	O	O
right	O	O
match	O	O
for	O	O
you	O	O
you	O	O
are	O	O
welcome	O	O
to	O	O
follow	O	O
us	O	O
on	O	O
<	O	O
ORGANIZATION	O	O
>	O	O
or	O	O

Are	O	O
you	O	O
a	O	O
data	O	O
geek	O	O
and	O	O
do	O	O
you	O	O
want	O	O
to	O	O
be	O	O
part	O	O
of	O	O
the	O	O
digitalisation	O	O
journey	O	O
at	O	O
a	O	O
company	O	O
working	O	O
towards	O	O
ensuring	O	O
a	O	O
world	O	O
that	O	O
runs	O	O
entirely	O	O
on	O	O
green	O	O
energy?	O	O

Join	O	O
us	O	O
and	O	O
become	O	O
Senior	O	O
Data	O	O
Engineer	O	O
in	O	O
Advanced	O	O
Analytics	O	O
where	O	O
youll	O	O
be	O	O
part	O	O
of	O	O
projects	O	O
and	O	O
labs	O	O
responsible	O	O
for	O	O
developing	B	B
our	I	O
new	I	O
data	I	I
backbone	I	I
and	O	O
inspiring	B	B
the	I	I
stakeholders	I	I
in	O	I
advanced	B	I
analytics	I	I
and	O	I
artificial	B	I
intelligence	I	I
techniques	O	I
to	O	O
achieve	O	O
better	O	O
results.	O	O

The	O	O
Advanced	O	O
Analytics	O	O
team	O	O
consists	O	O
of	O	O
20	O	O
professionals	O	O
within	O	O
the	O	O
area	O	O
of	O	O
Big	O	O
Data	O	O
Engineering	O	O
and	O	O
Data	O	O
Science.	O	O

Our	O	O
team	O	O
is	O	O
committed	O	O
to	O	O
extracting	B	O
insights	I	O
and	I	O
value	I	O
from	I	O
data	I	O
by	O	O
applying	B	O
domain	I	O
expertise	I	O
tools	O	O
and	O	O
technology	O	O
and	O	O
contemporary	O	O
analytics.	O	O

Your	O	O
key	O	O
tasks	O	O
will	O	O
be	O	O
to	O	O
ensure	B	B
data	I	I
collection	I	I
procedures	I	I
for	O	O
building	B	I
analytic	I	I
systems	I	I
operationalise	B	B
data	I	I
mining	I	I
and	I	I
analysis	I	I
into	I	I
business	I	I
applications	I	I
maintain	B	B
the	I	I
productionised	I	I
models.	I	I

Your	O	O
competences	O	O
include	O	O
that	O	O
you	O	O
have	O	O
solid	O	O
experience	O	O
from	O	O
quantitative	B	B
or	I	O
data	I	B
-	I	I
heavy	O	O
functions	O	O
have	O	B
solid	O	O
programming	O	O
experience	B	B
in	B	B
C	O	O
#	B	B
Python	O	O
or	O	O
Java	O	O
have	B	B
experience	I	I
in	I	I
open	I	I
source	I	I
data	O	O
ingestion	B	B
tools	O	O
like	O	O
NiFi	O	O
have	O	B
experience	B	I
with	I	I
popular	O	O
cloud	B	B
platforms	I	I
and	I	I
container	O	O
technology	O	O
tools	O	O
have	B	B
experience	I	I
with	O	O
analytics	B	B
engines	O	O
like	B	B

Furthermore	O	O
excellence	O	O
in	O	O
at	O	O
least	O	O
one	O	O
of	O	O
the	O	O
following	O	O
categories	O	O
is	O	O
highly	O	O
desirable	O	O
:	B	B
data	I	I
visualisation	I	I
tools	B	B
cloud	I	I
platforms	B	B
machine	I	I
learning	O	I
techniques	O	I
and	B	I
algorithms.	O	O

Finally	O	O
a	O	O
willingness	B	O
to	I	O
learn	I	B
is	O	O
essential.	O	O

Working	O	O
at	O	O
<	O	O
ORGANIZATION	O	O
>	O	O
To	O	O
be	O	O
the	O	O
frontrunner	O	O
in	O	O
the	O	O
green	O	O
energy	O	O
transformation	O	O
we	O	O
invest	O	O
significantly	O	O
in	O	O
innovation	O	O
and	O	O
empower	O	O
our	O	O
employees	O	O
to	O	O
help	O	O
shape	O	O
the	O	O
renewable	O	O
energy	O	O
technologies	O	O
of	O	O
the	O	O

We	O	O
cultivate	O	O
a	O	O
collaborative	O	O
dynamic	O	O
and	O	O
diverse	O	O
work	O	O
environment	O	O
and	O	O
encourage	O	O
career	O	O
-	O	O
long	O	O
learning	O	O
and	O	O
development	O	O
so	O	O
our	O	O
people	O	O
can	O	O
realise	O	O
their	O	O
full	O	O

Would	O	O
you	O	O
like	O	O
to	O	O
help	O	O
shape	O	O
the	O	O
renewable	O	O
technologies	O	O
of	O	O
the	O	O
future?	O	O
Send	O	O
your	O	O
application	O	O
to	O	O
us	O	O
as	O	O
soon	O	O
as	O	O
possible	O	O
and	O	O
no	O	O
later	O	O
than	O	O
31	O	O
January	O	O
2019	O	O
as	O	O
well	O	O
be	O	O
conducting	O	O
interviews	O	O
on	O	O
a	O	O
continuous	O	O
basis.	O	O

Please	O	O
dont	O	O
hesitate	O	O
to	O	O
contact	O	O
<	O	O
NAME	O	O
>	O	O
<	O	O
NAME	O	O
>	O	O
Head	O	O
of	O	O
Advanced	O	O
Analytics	O	O
by	O	O
telephone	O	O
on	O	O
<	O	O
CONTACT	O	O
>	O	O
<	O	O
CONTACT	O	O
>	O	O
<	O	O
CONTACT	O	O
>	O	O
<	O	O
CONTACT	O	O

You	O	O
should	O	O
expect	O	O
some	O	O
travelling	O	O
in	O	O
relation	O	O
to	O	O
your	O	O
work.	O	O

Criminal	B	O
record	I	O
certificate	I	O
Please	O	O
note	O	O
that	O	O
for	O	O
Danish	O	O
applicants	O	O
we	O	O
may	O	O
request	O	O
a	O	O
criminal	B	O
record	I	O
certificate	I	O
in	O	O
connection	O	O
with	O	O
this	O	O
job	O	O
and	O	O
that	O	O
employment	O	O
will	O	O
be	O	O
subject	O	O
to	O	O
the	O	O
information	O	O
listed.	O	O

The	O	O
criminal	B	O
record	I	O
certificate	I	O
will	O	O
only	O	O
be	O	O
used	O	O
in	O	O
the	O	O
assessment	O	O
if	O	O
the	O	O
criminal	O	O
activity	O	O
is	O	O
of	O	O
relevance	O	O
to	O	O
the	O	O
position.	O	O

About	O	O
<	O	O

Headquartered	O	O
in	O	O
<	O	O
LOCATION	O	O
>	O	O
<	O	O
ORGANIZATION	O	O
>	O	O
6,	O	O
000	O	O
employees	O	O
develop	O	O
construct	O	O
and	O	O
operate	O	O
offshore	O	O
wind	O	O
farms	O	O
bioenergy	O	O
plants	O	O
and	O	O
innovative	O	O
waste	O	O
-	O	O
to	O	O
-	O	O
energy	O	O
solutions	O	O

<	O	O
ORGANIZATION	O	O
>	O	O
<	O	O
ORGANIZATION	O	O
>	O	O
delivers	O	O
professional	O	O
stable	O	O
business	O	O
solutions	O	O
and	O	O
drives	O	O
the	O	O
digital	O	O
transformation	O	O
of	O	O

For	O	O
more	O	O
information	O	O
on	O	O
<	O	O
ORGANIZATION	O	O
>	O	O

Our	O	O
customer	O	O
in	O	O
<	O	O
ORGANIZATION	O	O
>	O	O
is	O	O
looking	O	O
for	O	O
committed	O	O
forklift	O	O
drivers	O	O
to	O	O
work	O	O
in	O	O
their	O	O

Are	O	O
you	O	O
ready	O	O
for	O	O
an	O	O
exciting	O	O
journey	O	O
for	O	O
a	O	O
great	O	O
and	O	O
recognizable	O	O
company?	O	O

The	O	O
work	O	O

You	O	O
will	O	O
become	O	O
part	O	O
of	O	O
a	O	O
smaller	O	O
team	O	O
that	O	O
handles	O	O
all	O	O
the	O	O
various	O	O
assignments	O	O
in	O	O
the	O	O
departments.	O	O

Some	O	O
of	O	O
the	O	O
tasks	O	O
you	O	O
will	O	O
be	O	O
handling	O	O
are	O	O
:	B	B
Registering	I	I
and	I	I
controlling	I	I
goods	B	B
Picking	I	I
and	I	I
packing	B	B
Preparing	I	I

Loading	B	B
and	I	I
unloading	I	I
lorries	I	I
Operating	B	B
a	I	I
forklift	I	I

Ad	O	B
hoc	O	I
tasks	O	I
in	O	O
the	O	O
warehouse	O	O

Working	O	O
times	O	O
:	O	O
Monday	O	O
to	O	O
Friday	O	O
15.	O	O

The	O	O
work	O	O
will	O	O
last	O	O
until	O	O
the	O	O
summer	O	O
of	O	O
2019	O	O
with	O	O
good	O	O
possibility	O	O
to	O	O
stay	O	O
longer	O	O
if	O	O
you	O	O
are	O	O
interested	O	O
in	O	O
this.	O	O

To	O	O
be	O	O
considered	O	O
for	O	O
this	O	O
position	O	O
it	O	O
is	O	O
important	O	O
that	O	O
you	O	O
:	O	O
Have	O	O
a	B	B
forklift	I	I
license	O	B
Work	B	I
independently	O	I
and	B	I
proactively	B	B
Set	I	I
high	I	I
standards	O	I
for	O	I
your	O	I
work	O	O
Are	O	O
a	B	B
flexible	O	O
and	B	B
helpful	O	O
colleague	O	B
Focus	O	I
on	O	I
work	O	I

The	O	O
company	O	O
'	O	O
s	O	O
products	O	O
are	O	O
sold	O	O
worldwide	O	O
and	O	O
have	O	O
branches	O	O
in	O	O
over	O	O
30	O	O
different	O	O
countries	O	O
in	O	O
<	O	O
LOCATION	O	O
>	O	O
<	O	O

They	O	O
have	O	O
a	O	O
wide	O	O
range	O	O
of	O	O
quality	O	O
products	O	O
for	O	O
the	O	O
house	O	O
and	O	O
garden.	O	O

It	O	O
is	O	O
a	O	O
strong	O	O
and	O	O
well	O	O
-	O	O
known	O	O
brand	O	O
that	O	O
is	O	O
proud	O	O
of	O	O
producing	O	O
and	O	O
selling	O	O
traditional	O	O
handcrafted	O	O

At	O	O
the	O	O
warehouse	O	O
they	O	O
are	O	O
very	O	O
focused	O	O
on	O	O
the	O	O
work	O	O
environment	O	O
and	O	O
on	O	O
an	O	O
open	O	O
and	O	O
pleasant	O	O
atmosphere.	O	O

Their	O	O
loyal	O	O
employees	O	O
work	O	O
independently	O	O
and	O	O
understand	O	O
the	O	O
importance	O	O
of	O	O
cooperating	O	O
as	O	O
a	O	O
team	O	O
in	O	O
order	O	O
to	O	O
reach	O	O
company	O	O
goals.	O	O

All	O	O
employees	O	O
are	O	O
appreciated	O	O
for	O	O
their	O	O
commitment	O	O
and	O	O
strong	O	O
work	O	O
ethics.	O	O

How	O	O
to	O	O
apply	O	O

If	O	O
this	O	O
sounds	O	O
like	O	O
the	O	O
job	O	O
for	O	O
you	O	O
then	O	O
create	O	O
a	O	O
profile	O	O
on	O	O
our	O	O
website	O	O
<	O	O
CONTACT	O	O
>	O	O
upload	O	O
your	O	O
CV	O	O
and	O	O

You	O	O
can	O	O
also	O	O
send	O	O
us	O	O
your	O	O
CV	O	O
and	O	O
application	O	O
to	O	O
truck	O	O
<	O	O
CONTACT	O	O
>	O	O
marked	O	O

You	O	O
are	O	O
also	O	O
welcome	O	O
to	O	O
send	O	O
us	O	O
a	O	O
video	O	O
application.	O	O

In	O	O
case	O	O
of	O	O
an	O	O
interview	O	O
you	O	O
will	O	O
be	O	O
asked	O	O
to	O	O
provide	O	O
a	O	O
copy	O	O
of	O	O
your	O	O
criminal	O	O
record.	O	O

If	O	O
needed	O	O
we	O	O
are	O	O
able	O	O
to	O	O
help	O	O
you	O	O
with	O	O
converting	O	O
your	O	O
foreign	O	O
forklift	O	O
certificate	O	I
into	O	O
a	O	O
Danish	O	O
certificate.	O	O

Please	O	O
note	O	O
that	O	O
the	O	O
advertisement	O	O
gets	O	O
republished	O	O
on	O	O
the	O	O
different	O	O
jobsites.	O	O

This	O	O
only	O	O
means	O	O
that	O	O
the	O	O
recruitment	O	O
process	O	O
is	O	O
still	O	O
ongoing	O	O
and	O	O
not	O	O
that	O	O
we	O	O
are	O	O
starting	O	O
over.	O	O

If	O	O
you	O	O
have	O	O
further	O	O
questions	O	O
to	O	O
the	O	O
job	O	O
you	O	O
are	O	O
welcome	O	O
to	O	O
contact	O	O
us	O	O
on	O	O
<	O	O
CONTACT	O	O
>	O	O
<	O	O

The	O	O
Department	O	O
of	O	O
Electrical	O	O
Engineering	O	O
invite	O	O
applications	O	O
for	O	O
a	O	O
3	O	O
-	O	O
year	O	O
PhD	O	O
position	B	O
on	I	O
developing	I	O
and	I	O
applying	I	O
new	I	I
optical	I	O
microscopy	O	O
techniques	O	O
to	O	O
map	O	O
how	B	O
the	O	O
intestine	B	O
absorbs	O	O

The	O	O
PhD	O	O
Student	O	O
will	O	O
be	O	O
part	O	O
of	O	O
the	O	O
<	O	O
ORGANIZATION	O	O
>	O	O
<	O	O
ORGANIZATION	O	O
>	O	O
<	O	O
ORGANIZATION	O	O
>	O	O
and	O	O
will	O	O
interface	O	O
closely	O	O
with	O	O
the	O	O
<	O	O
ORGANIZATION	O	O
>	O	O
<	O	O
ORGANIZATION	O	O
>	O	O
Centre	O	O
for	O	O
Intestinal	O	O
Absorption	O	O
and	O	O
Transport	O	O
of	O	O

Currently	O	O
our	O	O
efforts	O	O
on	O	O
microscope	O	O
development	O	O
are	O	O
anchored	O	O
in	O	O
the	O	O
<	O	O
ORGANIZATION	O	O
>	O	O
<	O	O
ORGANIZATION	O	O
>	O	O
<	O	O
ORGANIZATION	O	O
>	O	O
(	O	O
which	O	O
will	O	O
host	O	O
the	O	O

Yet	O	O
this	O	O
whole	O	O
research	O	O
group	O	O
and	O	O
the	O	O
Centre	O	O
for	O	O
Intestinal	O	O
Absorption	O	O
and	O	O
Transport	O	O
of	O	O
Biopharmaceuticals	O	O
will	O	O
soon	O	O
move	O	O
to	O	O
<	O	O
ORGANIZATION	O	O
>	O	O
new	O	O
Department	O	O
of	O	O
Health	O	O

This	O	O
transition	O	O
represents	O	O
an	O	O
exciting	O	O
opportunity	O	O
for	O	O
us	O	O
(	O	O
and	O	O
for	O	O
you	O	O
as	O	O
a	O	O
PhD	O	O
Student	O	O
)	O	O
to	O	O
reinvent	B	O
our	I	O
research	I	O
strategies	I	O
as	O	O
well	O	O
as	O	O
our	O	O
approaches	O	O
to	O	O
teaching	O	O
and	O	O
learning.	O	O

The	O	O
PhD	O	O
Student	O	O
will	O	O
be	O	O
responsible	O	O
for	O	O
constructing	B	O
a	I	I
'	I	O
light	I	I
sheet	I	I
'	I	I
fluorescence	O	O
microscope	B	B
for	I	I
live	O	I
-	B	I
sample	I	I
imaging	I	I
of	O	O
3D	O	O
printed	O	O
organoids	O	O
mimicking	O	O

In	O	O
close	O	O
collaboration	O	O
with	O	O
biologists	O	O
and	O	O
image	O	O
analysts	O	O
at	O	O
<	O	O
ORGANIZATION	O	O
>	O	O
and	O	O
internationally	O	O
the	O	O
PhD	O	O
Student	O	O
will	O	O
use	O	O
this	O	O
microscope	B	O
to	I	O
pursue	I	O
a	I	O
deeper	O	O
understanding	O	O
of	O	O
how	O	O
biopharmaceuticals	O	O
and	O	O
other	O	O
compounds	O	O
pass	O	O
from	O	O
the	O	O
intestinal	O	O
lumen	O	O
to	O	O
the	O	O

The	O	O
successful	O	O
team	O	O
effort	O	O
will	O	O
provide	O	O
new	O	O
insights	O	O
which	O	O
will	O	O
advance	O	O
our	O	O
means	O	O
to	O	O
treat	O	O
disease	O	O
as	O	O
well	O	O
as	O	O
our	O	O
general	O	O
understanding	O	O
of	O	O
biological	O	O
life.	O	O

Responsibilities	O	O
and	O	O
tasks	O	O

The	O	O
PhD	O	O
Student	O	O
will	O	O
play	O	O
a	O	O
central	O	O
role	O	O
in	O	O
our	O	O
mission	O	O
to	O	O
understand	O	O
intestinal	O	O
absorption	O	O
at	O	O
the	O	O
molecular	O	O
level	O	O
and	O	O
be	O	O
responsible	O	O
for	O	O
implementing	B	O
one	I	O
of	I	O
the	I	O
Worlds	I	O
most	I	O
advanced	I	O
optical	I	O
microscopes	I	O
for	O	O
live	O	B
-	O	I
sample	O	O
imaging	O	O
-	O	O
an	O	O
effort	O	O
which	O	O
will	O	O
require	O	O
some	O	O
initial	O	O
training	O	O
(	O	O

3	O	O
months	O	O
)	O	O
in	O	O
our	O	O
collaborators	O	O
'	O	O
labs	O	O
in	O	O
the	O	O
<	O	O
LOCATION	O	O

Likely	O	O
the	O	O
project	O	O
will	O	O
involve	O	O
additional	O	O
trips	O	O
to	O	O
the	O	O
<	O	O
LOCATION	O	O
>	O	O
<	O	O
LOCATION	O	O
>	O	O
as	O	O
microscope	O	O
implementation	O	O

At	O	O
<	O	O
ORGANIZATION	O	O
>	O	O
the	O	O
PhD	O	O
Student	B	O
will	I	O
use	I	B
the	O	O
microscope	O	O
together	O	O
with	O	O
local	O	O
biologist	O	O
and	O	O
image	O	O
analysts	B	O
to	I	O
capture	I	O
how	I	O
fluorescently	I	O
labelled	I	O
biopharmaceuticals	I	O
travel	I	O
through	I	O
the	I	O
intestinal	O	O

During	O	O
this	O	O
application	O	O
-	O	O
oriented	O	O
phase	O	O
of	O	O
the	O	O
project	O	O
the	O	O
PhD	O	O
Student	O	O
will	O	O
be	O	O
responsible	B	B
for	I	I
optimizing	I	I
microscope	I	I
hardware	I	I
and	O	O
software	B	O
to	I	O
provide	I	O
the	I	O
best	O	O
images	O	O

The	O	O
PhD	O	O
Student	O	O
'	O	O
s	O	O
ability	B	B
to	I	I
drive	I	I
hardware	O	O
/	O	O
software	O	O
development	O	O

Likewise	O	O
also	O	O
have	O	O
the	O	O
ability	O	O
to	O	O
document	B	B
present	I	I
and	I	I
publish	I	I
scientific	I	I
findings	I	I
will	O	O
be	O	O
central.	O	O

Finally	O	O
it	O	O
is	O	O
important	O	O
that	O	O
the	O	O
PhD	O	O
Student	O	O
is	O	O
motivated	O	O
to	O	O
contribute	B	O
to	I	O
the	I	O
enjoyable	I	O
and	I	O
collaborative	I	O
work	I	O
environment	I	O
in	O	O
DTU	O	O
'	O	O
s	O	O
new	O	O
Department	O	O
of	O	O
Health	O	O
Technology	O	O
which	O	O
will	O	O
host	O	O
our	O	O
research	O	O
group	O	O
and	O	O
research	O	O
centre	O	O
starting	O	O
January	O	O
1st	O	O

Qualifications	O	O

Candidates	O	O
should	O	O
have	O	O
a	O	O
two	O	O
-	B	B
year	I	I
master	O	O
'	O	O
s	O	O
degree	O	O
(	O	O
120	O	O
ECTS	O	O
points	O	O
)	O	O
or	O	O
a	O	O
similar	O	O
degree	O	O
with	O	O
an	O	O
academic	O	O
level	O	O
equivalent	O	O
to	O	O
a	O	O

The	O	O
ideal	O	O
candidate	O	O
for	O	O
the	O	O
scholarship	O	O
can	O	O
:	B	B
Work	I	I
independently	O	O
and	B	I
prioritize	I	I
tasks	O	O
with	O	I
team	O	I
-	O	O
success	O	O

Plan	B	B
and	I	I
execute	I	I
complex	I	I
hardware	I	I
implementation	I	I
i.	O	O
e.	O	O

interface	B	B
optics	I	I
electronics	B	B
and	O	I
software.	B	I

Work	B	B
constructively	I	I
in	I	I
a	I	I
team	I	I
of	O	I
diverse	O	I
scientist	O	I
i.	O	O
e.	O	O

analyse	O	B
and	O	I
contribute	B	I
to	O	I
solve	B	I
biological	I	I
/	I	I
mathematical	O	O

Use	B	O
software	I	I
for	I	O
instrument	I	B
control	I	I
e.	O	O
g.	O	O

LabVIEW.	B	O

Use	B	O
software	I	I
for	I	O
data	I	B
simulation	I	I
and	O	O
basic	B	B
image	I	I
analysis	I	I
e.	O	O
g.	O	O

MATLAB.	B	B

Use	B	B
software	I	I
for	I	O
basic	I	B
mechanical	I	I
design	I	I
e.	O	O
g.	O	O

SOLIDWORKS.	B	O

Communicate	B	O
professionally	I	I
and	O	O
fluently	O	O
in	O	O
English	B	B
(	O	O
also	O	O
in	O	O
writing	O	O
).	O	O

Present	B	B
insights	I	I
progress	I	I
and	I	I
bottlenecks	I	I
to	O	O
diverse	O	O
(	O	O
non	O	O
-	O	O
expert	O	O
)	O	O
audiences	O	O
including	O	O
:	O	B
Local	O	O
/	O	O
international	O	O
collaborators	O	O
BSc	O	O

Enjoy	O	B
science	O	I
and	O	O
adhere	O	O
to	O	O
the	O	O
European	B	I
code	I	I
of	I	I
conduct	I	I
for	I	I
research	I	I
integrity.	I	I

Previous	O	O
training	O	O
with	O	O
an	O	O
emphasis	O	O
on	O	O
software	B	B
/	I	I
hardware	O	O
development	O	O
and	O	O
some	O	O
exposure	B	B
to	I	I
fundamental	O	O
biology	O	O
/	O	O

Approval	O	O
and	O	O
Enrolment	O	O

The	O	O
scholarship	O	O
for	O	O
the	O	O
PhD	O	O
degree	O	O
is	O	O
subject	O	O
to	O	O
academic	O	O
approval	O	O
and	O	O
the	O	O
candidate	O	O
will	O	O
be	O	O
enrolled	O	O
in	O	O
one	O	O
of	O	O
the	O	O
general	O	O
degree	O	O
programmes	O	O
at	O	O
<	O	O
ORGANIZATION	O	O

For	O	O
information	O	O
about	O	O
our	O	O
enrolment	O	O
requirements	O	O
and	O	O
the	O	O
general	O	O
planning	O	O
of	O	O
the	O	O
PhD	O	O
study	O	O
programme	O	O
please	O	O
see	O	O
the	O	O
<	O	O
ORGANIZATION	O	O
>	O	O
PhD	O	O

<	O	O
CONTACT	O	O

The	O	O
assessment	O	O
of	O	O
applicants	O	O
will	O	O
be	O	O
made	O	O
by	O	O
Associate	O	O
Professor	O	O
<	O	O
NAME	O	O
>	O	O

<	O	O
NAME	O	O
>	O	O
(	O	O
main	O	O
advisor	O	O
)	O	O
Professor	O	O

<	O	O
NAME	O	O
>	O	O
(	O	O
co	O	O
-	O	O
advisor	O	O
)	O	O
and	O	O

<	O	O
NAME	O	O
>	O	O
(	O	O

We	O	O
offer	O	O

<	O	O
ORGANIZATION	O	O
>	O	O
is	O	O
a	O	O
leading	O	O
technical	O	O
university	O	O
globally	O	O
recognized	O	O
for	O	O
the	O	O
excellence	O	O
of	O	O
its	O	O
research	O	O
education	O	O
innovation	O	O
and	O	O
scientific	O	O

We	O	O
offer	O	O
a	O	O
rewarding	O	O
and	O	O
challenging	O	O
job	O	O
in	O	O
an	O	O
international	O	O
environment.	O	O

We	O	O
strive	O	O
for	O	O
academic	O	O
excellence	O	O
in	O	O
an	O	O
environment	O	O
characterized	O	O
by	O	O
collegial	O	O
respect	O	O
and	O	O
academic	O	O
freedom	O	O
tempered	O	O
by	O	O
responsibility.	O	O

Salary	O	O
and	O	O
appointment	O	O
terms	O	O

The	O	O
appointment	O	O
will	O	O
be	O	O
based	O	O
on	O	O
the	O	O
collective	O	O
agreement	O	O
with	O	O
the	O	O
Danish	O	O
Confederation	O	O
of	O	O
Professional	O	O
Associations.	O	O

The	O	O
allowance	O	O
will	O	O
be	O	O
agreed	O	O
upon	O	O
with	O	O
the	O	O
relevant	O	O
union.	O	O

The	O	O
period	O	O
of	O	O
employment	O	O
is	O	O
3	O	O
years.	O	O

The	O	O
work	O	O
place	O	O
will	O	O
be	O	O
at	O	O
<	O	O
ORGANIZATION	O	O
>	O	O
<	O	O

Additionally	O	O
the	O	O
PhD	O	O
Fellow	O	O
will	O	O
work	O	O
/	O	O
study	O	O
abroad	O	O
for	O	O
short	O	O

You	O	O
can	O	O
read	O	O
more	O	O
about	O	O
career	O	O
paths	O	O
at	O	O
<	O	O
ORGANIZATION	O	O
>	O	O

<	O	O

Further	O	O
information	O	O

Further	O	O
information	O	O
may	O	O
be	O	O
obtained	O	O
from	O	O
Associate	O	O
Professor	O	O
<	O	O
NAME	O	O
>	O	O

<	O	O
NAME	O	O
>	O	O
<	O	O
CONTACT	O	O
>	O	O
<	O	O

You	O	O
can	O	O
read	O	O
more	O	O
about	O	O
the	O	O
Department	O	O
of	O	O
Electrical	O	O
Engineering	O	O
at	O	O
<	O	O
CONTACT	O	O

<	O	O

Application	O	O

Please	O	O
submit	O	O
your	O	O
online	O	O
application	O	O
no	O	O
later	O	O
than	O	O
15	O	O
January	O	O
2019	O	O
(	O	O
local	O	O
time	O	O
).	O	O

To	O	O
apply	O	O
please	O	O
open	O	O
the	O	O
link	O	O
Apply	O	O

online	O	O
fill	O	O
out	O	O
the	O	O
online	O	O
application	O	O
form.	O	O

The	O	O
following	O	O
must	O	O
be	O	O
attached	O	O
in	O	O
English	O	O

A	O	O
letter	O	O
motivating	O	O
the	O	O
application	O	O
(	O	O
cover	O	O
letter	O	O
)	O	O
Curriculum	O	O
vitae	O	O

Grade	O	O
transcripts	O	O
and	O	O
BSc	B	B
/	I	I

Excel	O	O
sheet	O	O
with	O	O
translation	O	O
of	O	O
grades	O	O
to	O	O
the	O	O
Danish	O	O
grading	O	O
system	O	O
(	O	O
see	O	O
guidelines	O	O
and	O	O
Excel	O	O
spreadsheet	O	O
here	O	O
)	O	O
<	O	O

Candidates	O	O
may	O	O
apply	O	O
prior	O	O
to	O	O
obtaining	O	O
their	O	O
master	O	O
'	O	O
s	O	O
degree	O	O
but	O	O
cannot	O	O
begin	O	O
before	O	O
having	O	O
received	O	O

Applications	O	O
and	O	O
enclosures	O	O
received	O	O
after	O	O
the	O	O
deadline	O	O
will	O	O
not	O	O
be	O	O
considered.	O	O

All	O	O
interested	O	O
candidates	O	O
irrespective	O	O
of	O	O
age	O	O
gender	O	O
race	O	O
disability	O	O
religion	O	O
or	O	O
ethnic	O	O
background	O	O
are	O	O
encouraged	O	O
to	O	O
apply.	O	O

The	O	O
Department	O	O
of	O	O
Electrical	O	O
Engineering	O	O
is	O	O
the	O	O
central	O	O
department	O	O
within	O	O
electrical	O	O
and	O	O
biomedical	O	O
engineering.	O	O

It	O	O
is	O	O
our	O	O
goal	O	O
to	O	O
ensure	O	O
research	O	O
and	O	O
engineering	O	O
training	O	O
at	O	O
the	O	O
highest	O	O
international	O	O
level.	O	O

The	O	O
department	O	O
is	O	O
organized	O	O
into	O	O
eight	O	O
groups	O	O
each	O	O
covering	O	O
important	O	O
areas	O	O
of	O	O
electrical	O	O
and	O	O
biomedical	O	O
engineering.	O	O

Including	O	O
PhD	O	O
students	O	O
we	O	O
have	O	O
more	O	O
than	O	O
270	O	O
staff	O	O
members.	O	O

<	O	O
ORGANIZATION	O	O
>	O	O
is	O	O
a	O	O
technical	O	O
university	O	O
providing	O	O
internationally	O	O
leading	O	O
research	O	O
education	O	O
innovation	O	O
and	O	O
scientific	O	O

Our	O	O
staff	O	O
of	O	O
6,	O	O
000	O	O
advance	O	O
science	O	O
and	O	O
technology	O	O
to	O	O
create	O	O
innovative	O	O
solutions	O	O
that	O	O
meet	O	O
the	O	O
demands	O	O
of	O	O
society	O	O
and	O	O
our	O	O
11,	O	O
200	O	O
students	O	O
are	O	O
being	O	O
educated	O	O
to	O	O
address	O	O
the	O	O
technological	O	O
challenges	O	O
of	O	O
the	O	O

<	O	O
ORGANIZATION	O	O
>	O	O
is	O	O
an	O	O
independent	O	O
academic	O	O
university	O	O
collaborating	O	O
globally	O	O
with	O	O
business	O	O
industry	O	O
government	O	O
and	O	O

Based	O	O
in	O	O
architecturally	O	O
beautiful	O	O
buildings	O	O
in	O	O
central	O	O
<	O	O
LOCATION	O	O
>	O	O
the	O	O
Department	O	O
of	O	O
Marketing	O	O
is	O	O
a	O	O
leading	O	O
provider	O	O
of	O	O
excellent	O	O
research	O	O

This	O	O
is	O	O
an	O	O
exciting	O	O
time	O	O
for	O	O
us	O	O
as	O	O
we	O	O
celebrated	O	O
our	O	O
100th	O	O
anniversary	O	O
last	O	O
year.	O	O

Our	O	O
newly	O	O
revised	O	O
strategy	O	O
is	O	O
unashamedly	O	O
ambitious.	O	O

Our	O	O
goal	O	O
is	O	O
to	O	O
be	O	O
the	O	O
undisputed	O	O
leader	O	O
in	O	O
marketing	O	O
education	O	O
in	O	O
<	O	O
LOCATION	O	O
>	O	O
and	O	O
a	O	O
leading	O	O
marketing	O	O
department	O	O
on	O	O
a	O	O
global	O	O
level	O	O
held	O	O
in	O	O
high	O	O
esteem	O	O
in	O	O
terms	O	O
of	O	O
our	O	O
research	O	O
and	O	O

Our	O	O
mission	O	O
is	O	O
to	O	O
deliver	O	O
excellent	O	O
research	O	O
-	O	O
led	O	O
education	O	O
to	O	O
a	O	O
world	O	O
-	O	O
wide	O	O
audience	O	O
at	O	O
all	O	O
levels	O	O
and	O	O
to	O	O
engage	O	O
with	O	O

Faculty	O	O
members	O	O
are	O	O
committed	O	O
to	O	O
rigorous	O	O
theory	O	O
development	O	O
and	O	O
theory	O	O
-	O	O
driven	O	O
empirical	O	O
researchoutcomes	O	O
that	O	O
are	O	O
central	O	O
goals	O	O
for	O	O
any	O	O
reputed	O	O
business	O	O

The	O	O
Department	O	O
focuses	O	O
on	O	O
contributing	O	O
to	O	O
a	O	O
holistic	O	O
understanding	O	O
of	O	O
the	O	O
interactions	O	O
and	O	O
activities	O	O
in	O	O
the	O	O
marketplace.	O	O

Thus	O	O
our	O	O
research	O	O
focuses	O	O
on	O	O
marketing	O	O
yet	O	O
we	O	O
draw	O	O
on	O	O
other	O	O
academic	O	O
disciplines	O	O
to	O	O
the	O	O
extent	O	O
that	O	O
they	O	O
improve	O	O
the	O	O
quality	O	O
of	O	O
our	O	O
marketing	O	O
research.	O	O

We	O	O
accordingly	O	O
publish	O	O
in	O	O
both	O	O
marketing	O	O
and	O	O
other	O	O
relevant	O	O
journals	O	O
contained	O	O
within	O	O
the	O	O
AJG	O	O
ranking	O	O
list.	O	O

The	O	O
research	O	O
of	O	O
the	O	O
Department	O	O
covers	O	O
broad	O	O
areas	O	O
(	O	O
often	O	O
cross	O	O
-	O	O
disciplinary	O	O
)	O	O
in	O	O
both	O	O
business	O	O
-	O	O
to	O	O
-	O	O
business	O	O
and	O	O
business	O	O
-	O	O
to	O	O
-	O	O
consumer	O	O
marketing	O	O
for	O	O
example	O	O
brand	O	O
marketing	O	O
management	O	O
circular	O	O
economy	O	O
and	O	O
sustainability	O	O
corporate	O	O
social	O	O
responsibility	O	O
decision	O	O
neuroscience	O	O
design	O	O
management	O	O
international	O	O
marketing	O	O
market	O	O
orientation	O	O
product	O	O
innovation	O	O
management	O	O
relationship	O	O

Faculty	O	O
members	O	O
use	O	O
a	O	O
wide	O	O
range	O	O
of	O	O
methodologies	O	O
both	O	O
qualitative	O	O
and	O	O
quantitative.	O	O

Through	O	O
our	O	O
research	O	O
-	O	O
based	O	O
teaching	O	O
we	O	O
contribute	O	O
across	O	O
a	O	O
palette	O	O
of	O	O
courses	O	O
and	O	O
programs	O	O
in	O	O
the	O	O
Business	O	O
School	O	O
including	O	O
brand	O	O
marketing	O	O
management	O	O
business	O	O
-	O	O
to	O	O
-	O	O
business	O	O
marketing	O	O
consumer	O	O
behavior	O	O
design	O	O
international	O	O
marketing	O	O
marketing	O	O
management	O	O
marketing	O	O
performance	O	O

The	O	O
main	O	O
responsibilities	O	O
of	O	O
the	O	O
advertised	O	O
position	O	O
are	O	O
research	B	B
and	O	O
teaching	B	B
in	O	O
marketingin	B	B
particular	O	O
business	B	B
researchand	O	I
development	B	B
tasks	O	I
in	O	O
relation	O	O
to	O	O
marketing	O	B
courses	O	I
and	O	O
programs.	O	I

An	O	O
active	B	O
engagement	I	O
to	O	O
strengthen	B	O
the	I	O
relationship	I	O
with	O	O
(	O	O
and	O	O
to	O	O
brand	O	O
the	O	O
Department	O	O
and	O	O
<	O	O
ORGANIZATION	O	O
>	O	O
in	O	O
)	O	O
business	O	O
and	O	O
society	O	O
and	B	B
to	I	I
initiate	I	I
and	I	I
participate	I	I
in	I	I
external	O	O
funding	O	O
all	O	O
is	O	O
expected	O	O
as	O	O
an	O	O
integral	O	O
part	O	O
of	O	O
this	O	O

The	O	O
successful	O	O
candidate	O	O
must	O	O
have	O	O
an	O	O
international	O	O
profile	O	O
with	O	O
experience	O	O
from	O	O
respected	O	O
universities	O	O
/	O	O
business	O	O
schools	B	O
a	I	O
sustained	I	O
record	I	O
of	I	O
research	O	O
publications	O	O
in	O	O
leading	O	O
academic	O	O
journals	O	O
(	O	O
e.	O	O
g.	O	O
journals	O	O
at	O	O
minimum	O	O
AJG	O	O
[	O	O
previously	O	O
known	O	O
as	O	O
ABS	O	O
]	O	O
3	O	O
level	O	O
with	O	O
at	O	O
least	O	O
some	O	O
of	O	O
these	O	O
publications	O	O
being	O	O
in	O	O
traditional	O	O

Publications	O	O
in	O	O
journals	O	O
on	O	O
the	O	O
FT	O	O
50	O	O
list	O	O
are	O	O
particularly	O	O
welcome.	O	O

The	O	O
successful	O	O
candidate	O	O
ideally	O	O
has	O	O
experience	O	O
in	O	O
research	B	B
management	I	I
as	O	O
well	O	O
as	O	O
successful	O	O
teaching	B	B
experience	O	O
from	O	O
relevant	O	O
marketing	O	O
areas.	O	O

The	O	O
successful	O	O
candidate	O	O
must	O	O
be	O	O
able	O	O
to	O	O
provide	B	B
dynamic	I	I
leadership	I	I
in	O	O
the	O	O
development	O	O
of	O	I
research	O	I
teaching	B	I
and	O	O
research	B	B
dissemination	I	I
as	O	O
well	O	O
as	O	O
in	O	O
working	B	B
with	I	I
business	I	I
and	I	I
society.	I	I

The	O	O
Department	O	O
prides	O	O
itself	O	O
of	O	O
its	O	O
active	O	O
supportive	O	O
and	O	O
inclusive	O	O
research	O	O
environment	O	O
and	O	O
the	O	O
successful	O	O
candidate	O	O
is	O	O
expected	O	O
to	O	O
be	O	O
active	O	O
in	O	O
terms	O	O
of	O	O
academic	O	O
citizenship.	O	O

Indicative	O	O
job	O	O
duties	O	O
and	O	O
responsibilities	O	O

The	O	O
intention	O	O
of	O	O
the	O	O
below	O	O
list	O	O
of	O	O
job	O	O
duties	O	O
and	O	O
responsibilities	O	O
only	O	O
is	O	O
to	O	O
describe	O	O
the	O	O
general	O	O
nature	O	O
of	O	O
the	O	O
advertised	O	O
position.	O	O

The	O	O
number	O	O
of	O	O
duties	O	O
and	O	O
responsibilities	O	O
as	O	O
well	O	O
as	O	O
the	O	O
balance	O	O
between	O	O
the	O	O
duties	O	O
and	O	O
responsibilities	O	O
may	O	O
change	O	O
over	O	O
time	O	O
depending	O	O
on	O	O
the	O	O
specific	O	O
needs	O	O
in	O	O
the	O	O
Department	O	O
or	O	O
on	O	O
the	O	O
candidates	O	O
career	O	O
progression.	O	O

Also	O	O
a	O	O
candidates	O	O
achievements	O	O
vis	O	O
-	O	O
à	O	O
-	O	O
vis	O	O
the	O	O
listed	O	O
job	O	O
duties	O	O
and	O	O
responsibilities	O	O
obviously	O	O
will	O	O
depend	O	O
on	O	O
the	O	O
candidates	O	O
past	O	O
career	O	O
history	O	O

We	O	O
also	O	O
will	O	O
consider	O	O
a	O	O
candidates	O	O
trajectory	O	O
and	O	O
potential.	O	O

Personal	O	O
research	O	O
output	O	O
which	O	O
meets	O	O
high	O	O
international	O	O
standards	O	O
including	O	O
publishing	O	O
in	O	O
high	O	O
-	O	O
quality	O	O
journals	O	O
(	O	O

the	O	O
AJG	O	O
and	O	O
FT	O	O
lists	O	O
)	O	O
and	O	O
undertaking	B	B
research	I	I
with	O	O
real	O	O
impact	O	O
on	O	O
teaching	B	O
practice	I	O
and	O	O
dissemination.	B	O

We	O	O
are	O	O
particularly	O	O
interested	O	O
in	O	O
research	O	O
contributing	O	O
to	O	O
business	B	O
research.	I	O

Research	B	B
management	I	I
initiation	B	B
of	I	I
research	I	I
projects	I	I
supervision	B	B
of	I	O
Ph.	I	I
D.	O	O

students	O	O
international	B	O
research	I	O
co	I	O
-	B	B
operation	I	B
journal	O	O
editorship	B	B
and	I	O
/	I	O
or	I	O
reviewing	O	O

Academic	B	O
development	I	O
of	O	O
the	O	O
marketing	B	B
discipline.	O	O

Research	B	B
-	I	B
based	B	B
teaching	O	O
supervision	B	B
and	O	O
examination	O	O
at	O	O
all	O	O

We	O	O
are	O	O
particularly	O	O
interested	O	O
in	O	O
teaching	B	O
on	I	O
business	I	B
research.	I	I

Continuous	O	O
course	B	O
and	I	O
program	I	O
development	I	O
as	O	O
well	O	O
as	O	O
innovative	O	O
new	O	O
courses	O	O
and	O	O
programs.	O	O

Promotion	O	O
of	O	O
the	O	O
Department	O	O
and	O	O
<	O	O
ORGANIZATION	O	O
>	O	O
academic	O	O

Participation	B	O
in	I	O
and	I	O
possibly	I	O
initiation	I	O
of	I	O
externally	I	O
funded	I	O
research	I	O
projects	I	O
and	O	O
the	O	O
co	O	O
-	O	O
ordination	O	O
of	O	O
such	O	O

Contribution	B	O
to	I	O
the	I	O
administrative	I	O
responsibilities	I	O
of	O	O
the	O	O
Department	O	O
and	O	O
to	O	O
CBS	O	O
-	O	O
wide	O	O

Dissemination	B	B
of	I	I
research	I	I
findings	I	I
to	O	O
the	O	O
public	O	O
in	O	O
general	O	O
and	O	O
to	O	O
<	O	O
ORGANIZATION	O	O
>	O	O
stakeholders	O	O
in	O	O

Active	O	O
participation	B	O
in	I	O
the	I	O
Departments	I	O
regular	I	O
research	I	O
activities	I	O
including	O	O
seminars	O	O
workshops	O	O
and	O	O
conferences.	O	O

Engagement	B	O
in	I	O
and	I	O
contribution	I	O
to	I	O
academic	I	O
citizenship	I	O
activities.	I	O

To	O	O
fulfill	O	O
the	O	O
requirements	O	O
of	O	O
this	O	O
position	O	O
the	O	O
successful	O	O
candidate	O	O
is	O	O
expected	O	O
to	O	O
be	O	O
present	O	O
physically	O	O
at	O	O
the	O	O
Department	O	O
on	O	O
a	O	O
regular	O	O
basis	O	O
and	O	O
participate	B	O
actively	I	O
in	I	O
the	I	O
research	I	O
and	I	O
teaching	I	O
activities	I	O
of	O	O
the	O	O
Department	O	O
as	O	O
well	O	O
as	O	O
to	O	O
maintain	B	B
and	I	I
establish	I	I
broad	I	I
links	I	I
across	O	O
<	O	O
ORGANIZATION	O	O
>	O	O
and	O	O
outside	O	O
<	O	O
ORGANIZATION	O	O
>	O	O
(	O	O
e.	O	O
g.	O	O
the	O	O
business	O	O

Qualifications	O	O
The	O	O
successful	O	O
candidate	O	O
must	O	O
have	O	O
an	O	O
international	O	O
profile	O	O
with	O	O
experience	O	O
from	O	O
respected	O	O
universities	O	O
/	O	O
business	O	O
schools	B	O
a	I	O
record	I	O
of	O	O
research	O	O
that	O	O
has	O	O
been	O	O
published	O	O
in	O	O
leading	O	O
academic	O	O
journals	O	O
(	O	O
e.	O	O
g.	O	O
journals	O	O
at	O	O
minimum	O	O
AJG	O	O
[	O	O
previously	O	O
known	O	O
as	O	O
ABS	O	O
]	O	O

Publications	O	O
in	O	O
journals	O	O
on	O	O
the	O	O
FT	O	O
50	O	O
list	O	O
are	O	O
particularly	O	O
welcome.	O	O

We	O	O
value	O	O
research	O	O
that	O	O
has	O	O
real	O	O
impact	O	O
on	O	O
(	O	O
in	O	O
the	O	O
cross	O	O
-	O	O
disciplinary	O	O
area	O	O
of	O	O
)	O	O
marketing	O	O

The	O	O
successful	O	O
candidate	O	O
has	O	O
substantial	O	O
teaching	B	B
experience	O	O
and	O	O
ideally	O	O
in	O	O
research	B	B
management	I	I
for	O	O
example	O	O
Ph.	O	B
D.	O	O

supervision	O	B
and	O	O
other	O	O
relevant	O	O
management	O	O
functions.	O	O

We	O	O
are	O	O
interested	O	O
particularly	O	O
in	O	O
research	B	O
and	O	O
teaching	B	O
in	O	O
the	O	O
areas	O	O
of	O	O
business	B	B
research.	I	I

The	O	O
successful	O	O
candidate	O	O
must	O	O
be	O	O
able	O	O
to	O	O
provide	B	B
dynamic	I	I
leadership	I	I
in	O	O
the	O	O
development	B	O
of	I	I
research	I	I
teaching	B	I
and	O	O
research	B	B
dissemination	I	I
as	O	O
well	O	O
as	O	O
in	O	O
working	B	B
with	I	I
business	I	I
and	I	I
society.	I	I

The	O	O
ideal	O	O
candidate	O	O
successfully	O	O
has	O	O
achieved	O	O
(	O	O
or	O	O
is	O	O
working	O	O
on	O	O
achieving	B	O
)	I	O
research	I	O
grants	I	O
;	O	O
and	O	O
the	O	O
candidate	O	O
is	O	O
respected	O	O
in	O	O
the	O	O
marketing	O	O
community.	O	O

Again	O	O
a	O	O
candidates	O	O
qualifications	O	O
obviously	O	O
will	O	O
depend	O	O
on	O	O
the	O	O
candidates	O	O
past	O	O
career	O	O
history	O	O
(	O	O
e.	O	O
g.	O	O
seniority	O	O

We	O	O
also	O	O
will	O	O
consider	O	O
a	O	O
candidates	O	O
trajectory	O	O
and	O	O
potential.	O	O

The	O	O
Department	O	O
prides	O	O
itself	O	O
of	O	O
its	O	O
active	O	O
and	O	O
supportive	O	O
research	O	O
environment	O	O
and	O	O
the	O	O
successful	O	O
candidate	O	O
is	O	O
expected	O	O
to	O	O
be	O	O
active	O	O
in	O	O
terms	O	O
of	O	O
academic	O	O
citizenship.	O	O

Furthermore	O	O
the	O	O
successful	O	O
applicant	O	O
must	O	O
document	O	O
pedagogical	B	O
qualifications	I	O
and	O	O
competences	O	O
in	O	O
terms	O	O
of	O	O
development	B	O
and	I	O
innovation	I	O
in	I	O
the	I	O
pedagogical	I	O
area	I	O
of	O	O
marketing.	O	B

The	O	O
applicant	O	O
must	O	O
have	O	O
professional	O	O
proficiency	O	O
in	O	O
English	B	B
(	O	O
written	O	O
and	O	O
spoken	O	O
).	O	O

<	O	O
ORGANIZATION	O	O
>	O	O
<	O	O
ORGANIZATION	O	O
>	O	O
<	O	O
ORGANIZATION	O	O
>	O	O
has	O	O
a	O	O
strong	O	O
commitment	O	O
to	O	O
excellence	O	O
distinctiveness	O	O
and	O	O
relevance	O	O

Candidates	O	O
who	O	O
wish	O	O
to	O	O
join	O	O
us	O	O
should	O	O
demonstrate	O	O
enthusiasm	O	B
for	O	O
working	O	O
in	O	O
an	O	O
organization	O	O
of	O	O
this	O	O
type	O	O
(	O	O
highlighting	O	O
for	O	O
example	O	O
relevant	O	O
business	O	O
educational	O	O
and	O	O
dissemination	O	O
activities	O	O
).	O	O

Further	O	O
information	O	O

For	O	O
further	O	O
information	O	O
please	O	O
contact	O	O
Professor	O	O
<	O	O
NAME	O	O
>	O	O
<	O	O
NAME	O	O
>	O	O
Head	O	O
of	O	O

Telephone	O	O
:	O	O
<	O	O
CONTACT	O	O
>	O	O
<	O	O
CONTACT	O	O
>	O	O
<	O	O
CONTACT	O	O

For	O	O
information	O	O
about	O	O
the	O	O
Department	O	O
please	O	O
visit	O	O
:	O	O
<	O	O

Appointment	O	O
and	O	O
salary	O	O
will	O	O
be	O	O
in	O	O
accordance	O	O
with	O	O
the	O	O
Danish	O	O
Ministry	O	O
of	O	O
Finances	O	O
agreement	O	O
with	O	O
the	O	O
Central	O	O
Academic	O	O
association.	O	O

Application	O	O
The	O	O
application	O	O
which	O	O
must	O	O
be	O	O
sent	O	O
via	O	O
the	O	O
electronic	O	O
recruitment	O	O
system	O	O
using	O	O
the	O	O
link	O	O
below	O	O
must	O	O
include	O	O
:	O	O
A	O	O
motivated	O	O
statement	O	O
of	O	O
why	O	O
the	O	O
candidate	O	O
applies	O	O
for	O	O
the	O	O
position.	O	O

Proof	O	O
of	O	O
qualifications	O	O
(	O	O
i.	O	O
e.	O	O
scanned	O	O
copies	O	O
of	O	O
degree	O	O
awards	O	O
)	O	O
and	O	O
a	O	O
full	O	O
CV.	O	O

Documentation	O	O
of	O	O
relevant	O	O
significant	O	O
and	O	O
original	O	O
research	O	O
at	O	O
an	O	O
international	O	O
level	O	O
including	O	O
publications	O	O
in	O	O
the	O	O
fields	O	O
internationally	O	O
recognized	O	O
journals	O	O
and	O	O
the	O	O
impact	O	O
that	O	O
this	O	O
research	O	O
has	O	O
had	O	O
on	O	O
education	O	O
and	O	O
practice.	O	O

A	O	O
complete	O	O
numbered	O	O
list	O	O
of	O	O
publications	O	O
(	O	O
please	O	O
follow	O	O
Journal	O	O
of	O	O
Marketing	O	O
style	O	O
)	O	O
with	O	O
an	O	O
*	O	O
indicating	O	O
those	O	O
academic	O	O
publications	O	O
that	O	O
the	O	O
candidate	O	O
wishes	O	O
to	O	O
be	O	O
considered	O	O
by	O	O
the	O	O
assessment	O	O
committee.	O	O

A	O	O
maximum	O	O
of	O	O
10	O	O
publications	O	O
for	O	O
review	O	O
are	O	O
allowed.	O	O

Candidates	O	O
are	O	O
requested	O	O
to	O	O
prioritize	O	O
their	O	O
publications	O	O
in	O	O
relation	O	O
to	O	O
the	O	O
field	O	O
of	O	O
this	O	O
job	O	O
advertisement.	O	O

Also	O	O
each	O	O
publication	O	O
in	O	O
the	O	O
complete	O	O
list	O	O
of	O	O
publications	O	O
should	O	O
note	O	O
the	O	O
ranking	O	O
according	O	O
to	O	O
the	O	O
AJG	O	O
list	O	O
and	O	O
if	O	O
the	O	O
publication	O	O
appears	O	O
on	O	O
the	O	O
FT	O	O
50	O	O
list	O	O
this	O	O
should	O	O
be	O	O
noted	O	O
too.	O	O

Copies	O	O
of	O	O
the	O	O
publications	O	O
marked	O	O
with	O	O
an	O	O
*	O	O
should	O	O
be	O	O
submitted	O	O
as	O	O
PDF	O	O
files	O	O
as	O	O
part	O	O
of	O	O
the	O	O
application.	O	O

Only	O	O
publications	O	O
written	O	O
in	O	O
English	O	O
or	O	O
one	O	O
of	O	O
the	O	O
Scandinavian	O	O
languages	O	O
(	O	O
Danish	O	O
Norwegian	O	O
and	O	O
Swedish	O	O
)	O	O
will	O	O
be	O	O
taken	O	O
into	O	O
consideration.	O	O

Documentation	O	O
of	O	O
teaching	B	O
qualifications	I	O
teaching	B	O
evaluations	I	O
(	O	O
please	O	O
state	O	O
the	O	O
level	O	O
of	O	O
each	O	O
course	O	O
)	O	O
and	O	O
other	O	O
relevant	O	O
material	O	O
for	O	O
the	O	O
evaluation	O	O
of	O	O
the	O	O
candidates	O	O
pedagogical	O	O
level.	O	O

Candidates	O	O
should	O	O
list	O	O
the	O	O
areas	O	O
that	O	O
they	O	O
can	O	O
and	O	O
will	O	O
teach.	O	O

Information	O	O
indicating	O	O
experience	O	O
in	O	O
research	O	B
management	O	I
especially	O	O
information	O	O
about	O	O
candidates	O	O
involvement	O	O
in	O	O
transformational	O	O
initiatives	O	O
(	O	O
within	O	O
and	O	O
/	O	O
or	O	O
outside	O	O
their	O	O
University	O	O
/	O	O
School	O	O
)	O	O
they	O	O
previously	O	O

Information	O	O
indicating	O	O
industry	O	O
co	O	O
-	O	O
operation	O	O
and	O	O
international	O	O
research	O	O

Furthermore	O	O
candidates	O	O
should	O	O
discuss	O	O
the	O	O
impact	O	O
on	O	O
business	O	O
and	O	O
society	O	O
of	O	O
their	O	O
research	O	O
and	O	O
teaching	O	O
activities.	O	O

Information	O	O
of	O	O
applications	O	O
for	O	O
externally	O	O
funded	O	O
projects.	O	O

Candidates	O	O
are	O	O
requested	O	O
to	O	O
state	O	O
their	O	O
role	O	O
in	O	O
each	O	O
of	O	O
these	O	O
projects	O	O
whether	O	O
the	O	O
project	O	O
applications	O	O
were	O	O
successful	O	O
or	O	O
not	O	O
and	O	O
the	O	O
amount	O	O
applied	O	O
for	O	O
(	O	O
or	O	O
actually	O	O
awarded	O	O
).	O	O

Discussion	O	O
of	O	O
citizenship	O	O
activities	O	O
that	O	O
candidates	O	O
have	O	O
been	O	O
involved	O	O
in.	O	O

Recruitment	O	O
process	O	O

An	O	O
assessment	O	O
committee	O	O
will	O	O
be	O	O
reviewing	O	O
the	O	O
received	O	O
job	O	O
applications	O	O
to	O	O
determine	O	O
whether	O	O
a	O	O
candidate	O	O
should	O	O
be	O	O
shortlisted	O	O
for	O	O
further	O	O
assessment.	O	O

Minimum	O	O
two	O	O
candidates	O	O
and	O	O
when	O	O
possible	O	O
five	O	O
or	O	O
more	O	O
candidates	O	O
will	O	O
be	O	O
shortlisted.	O	O

The	O	O
candidates	O	O
shortlisted	O	O
for	O	O
such	O	O
an	O	O
assessment	O	O
will	O	O
be	O	O
notified	O	O
about	O	O
the	O	O
composition	O	O
of	O	O
the	O	O
assessment	O	O
committee.	O	O

The	O	O
committees	O	O
subsequent	O	O
assessment	O	O
(	O	O
which	O	O
is	O	O
either	O	O
qualified	O	O
for	O	O
the	O	O
position	O	O
or	O	O
not	O	O
qualified	O	O
for	O	O
the	O	O
position	O	O
)	O	O
of	O	O
each	O	O
candidate	O	O
will	O	O
be	O	O
submitted	O	O
to	O	O
the	O	O
person	O	O
in	O	O
question.	O	O

Subsequently	O	O
the	O	O
Head	O	O
of	O	O
Department	O	O
will	O	O
consider	O	O
the	O	O
applications	O	O
from	O	O
those	O	O
candidates	O	O
who	O	O
have	O	O
been	O	O
found	O	O
qualified	O	O
for	O	O
the	O	O
position	O	O
and	O	O
make	O	O
his	O	O
recommendation	O	O
to	O	O
the	O	O
Dean	O	O
of	O	O
Research	O	O
as	O	O
to	O	O
which	O	O
candidate	O	O
is	O	O
the	O	O
Departments	O	O
preferred	O	O
candidate.	O	O

This	O	O
candidate	O	O
will	O	O
be	O	O
invited	O	O
for	O	O
a	O	O
job	O	O
interview	O	O
with	O	O
the	O	O
Business	O	O
Schools	O	O
interview	O	O
committee.	O	O

It	O	O
is	O	O
expected	O	O
that	O	O
the	O	O
advertised	O	O
position	O	O
will	O	O
be	O	O
filled	O	O
in	O	O
the	O	O
autumn	O	O
of	O	O
2019.	O	O

<	O	O
ORGANIZATION	O	O
>	O	O
<	O	O
ORGANIZATION	O	O
>	O	O
<	O	O
ORGANIZATION	O	O
>	O	O
must	O	O
receive	O	O
all	O	O
application	O	O
material	O	O
including	O	O
all	O	O
appendices	O	O
(	O	O
see	O	O
items	O	O
above	O	O

Details	O	O
about	O	O
<	O	O
ORGANIZATION	O	O
>	O	O
<	O	O
ORGANIZATION	O	O
>	O	O
<	O	O
ORGANIZATION	O	O
>	O	O
and	O	O

Application	O	O
due	O	O
:	O	O

<	O	O
ORGANIZATION	O	O
>	O	O
<	O	O
ORGANIZATION	O	O
>	O	O
<	O	O
ORGANIZATION	O	O
>	O	O
is	O	O
looking	O	O
for	O	O
new	O	O
&	O	O
fresh	O	O
tour	O	O
guides	O	O

Would	O	O
you	O	O
like	O	O
to	O	O
have	O	O
a	O	O
cool	O	O
workday	O	O
consisting	O	O
of	O	O
cruising	O	B
on	O	O
a	O	O
Segway	O	I
while	O	O
showing	O	O
tourists	O	O
from	O	O
all	O	O
over	O	O
the	O	O
world	O	O
our	O	O
beautiful	O	O
city?	O	O

If	O	O
so	O	O
and	O	O
if	O	O
you	O	O
have	O	O
an	O	O
outgoing	O	B
&	O	O
fun	O	B
personality	O	O
then	O	O
this	O	O
is	O	O
the	O	O
job	O	O
for	O	O
you	O	O

<	O	O
ORGANIZATION	O	O
>	O	O
<	O	O
ORGANIZATION	O	O
>	O	O
is	O	O
a	O	O
guided	O	O
tour	O	O
&	O	O
event	O	O
company	O	O
located	O	O
on	O	O
<	O	O
LOCATION	O	O
>	O	O
close	O	O

We	O	O
run	O	O
daily	O	O
guided	O	O
tours	O	O
on	O	O
the	O	O
fun	O	O
&	O	O
eco	O	O
-	O	O
friendly	O	O
Segway	O	O
machines	O	O
in	O	O
<	O	O
LOCATION	O	O
>	O	O

We	O	O
also	O	O
arrange	O	O
several	O	O
corporate	O	O
events	O	O
all	O	O
over	O	O
<	O	O
LOCATION	O	O

Therefore	O	O
there	O	O
is	O	O
always	O	O
variety	O	O
and	O	O
no	O	O
dull	O	O
moments	O	O
working	O	O
with	O	O
us.	O	O

You	O	O
will	O	O
be	O	O
joining	O	O
a	O	O
team	O	O
of	O	O
really	O	O
nice	O	O
colleauges	O	O
who	O	O
all	O	O
love	O	O
to	O	O
ride	O	O
Segways	O	O
and	O	O
truly	O	O
enjoy	O	O
working	O	O
with	O	O
the	O	O
many	O	O
various	O	O
customers	O	O
who	O	O
visit	O	O
us.	O	O

We	O	O
are	O	O
a	O	O
relatively	O	O
new	O	O
company	O	O
with	O	O
eager	O	O
ambitions	O	O
to	O	O
grow	O	O
and	O	O
expand.	O	O

We	O	O
are	O	O
a	O	O
relatively	O	O
small	O	O
team	O	O
but	O	O
all	O	O
part	O	O
of	O	O
the	O	O
company	O	O
'	O	O
s	O	O
success	O	O
and	O	O
share	O	O
the	O	O
same	O	O
goal	O	O
of	O	O
providing	O	O
a	O	O
first	O	O
-	O	O
class	O	O
service	O	O
&	O	O
giving	O	O
the	O	O
best	O	O
sightseeing	O	O
experience	O	O
in	O	O
the	O	O
city	O	O
-	O	O
and	O	O
it	O	O
is	O	O
important	O	O
you	O	O
share	O	O

DO	O	O
YOU	O	O
:	B	O
Love	I	O
being	I	O
outdoors	O	O
all	O	O
day	O	O
long	O	O
come	O	O
rain	O	O
or	O	O
sunshine?	O	O
Have	O	O
a	O	O
desire	O	O
to	B	B
create	I	I
an	I	I
entertaining	I	I
&	I	I
memorable	I	I
tour	O	O
for	O	O
our	O	O
worldwide	O	O
visitors?	O	O
Have	O	O
a	O	O
passionate	O	O
interest	O	O
in	O	B
<	O	O
LOCATION	O	O
>	O	O
and	B	O
want	I	O
to	I	I
share	O	O
your	O	O
knowledge?	B	B
Have	I	O
a	I	B
responsible	I	I
and	I	I
professional	O	O
work	O	O
ethic?	O	O
Want	O	O
to	O	O
have	O	O
a	O	O
unique	O	O
workday?	O	O
If	O	O
you	O	O
answered	O	O
yes	O	O
to	O	O
all	O	O
of	O	O
the	O	O
above	O	O
then	O	O
you	O	O
could	O	O
just	O	O
be	O	O
the	O	O
guide	O	O
we	O	O
need!	O	O
Once	O	O
you	O	O
have	O	O
completed	O	O
the	O	O
training	O	O
to	O	O
our	O	O
standard	O	O
(	O	O
read	O	O
further	O	O
below	O	O
)	O	O
your	O	O
job	O	O
responsibilites	O	O
will	O	O
include	O	O
:	O	O
Being	O	O
Segway	O	O
Guide	O	O
on	O	O
our	O	O
various	B	O
sightseeing	I	O

Here	O	O
you	O	O
are	O	O
furthermore	O	O
required	O	O
to	O	O
:	B	O
Know	I	O
all	I	O
information	I	O
provided	O	O
to	O	O
you.	O	O

This	O	O
includes	O	O
information	O	O
about	O	O
the	O	O
city	O	B
safety	O	I
protocols	O	I
ALL	O	B
the	O	O
handbook	O	B
procedures	O	I
(	O	O
which	O	O
you	O	O
will	O	O
be	O	O
given	O	O
)	O	O
etc.	O	O

Be	O	O
able	O	O
to	O	O
run	B	B
tours	I	I
on	I	I
time	I	I
Being	O	O
able	O	O
to	O	O
provide	B	B
extensive	I	I
information	I	I
about	I	I
the	I	I
city	I	I
and	O	O
answering	B	B
customer	I	I
questions	I	I
helping	O	B
them	O	O
with	O	I
their	O	I
subsequent	O	O
plans	O	O
if	O	O
needed.	O	O

Show	B	O
independent	I	B
thinking	I	I
Having	O	O
a	O	O
professonal	B	B
approach	I	I
as	O	O
you	O	O
are	O	O
also	O	O
representing	O	B
the	O	I
firm.	O	I

Strong	O	O
leadership	B	B
skills	O	O
-	O	O
YOU	O	O
are	O	O
in	O	O
charge	O	O
of	O	O
the	O	O
group	O	O
you	O	O
are	O	O
taking	O	O
out	O	O
Support	O	O
to	O	O
our	O	O
corporate	O	O
events	O	O
where	O	O
you	O	O
will	O	O
be	O	O
assiting	B	B
with	I	I
teambuilding	I	I
excercises	I	I
etc.	O	O

and	O	O
leading	B	B
a	O	I
larger	O	I
group	O	I

Be	O	O
meticulous	B	B
and	O	O
detail	B	B
-	O	O
oriented	O	O
with	O	O
all	O	O
aspects	O	O
of	O	O

Cleaning	O	B
duties	O	O
will	O	O
be	O	O
part	O	O
of	O	O
the	O	O
job	O	O
;	O	O
you	O	O
will	O	O
need	O	O
to	B	B
ensure	I	I
the	I	I
shop	I	I
is	I	I
tidy	I	O
and	I	I
clean	O	O
-	B	B
dusting	B	B
vacuuming	O	O
etc	O	B
;	O	B
helmets	O	O
sprayed	O	I
;	O	O

You	O	O
will	O	O
be	O	O
required	O	O
to	O	O
set	B	B
up	I	I
for	I	I
your	I	I
customers	I	I
&	O	O
clean	O	B
up	O	I
after	O	O
them	O	O
An	O	O
independent	B	B
work	I	I
approach	I	O
is	O	O
necessary	O	O
as	O	O
you	O	O
sometimes	O	O
will	O	O
be	O	O
running	O	B
tours	O	I
in	O	I
the	O	O
shop	O	O
alone	O	O
if	O	O
e.	O	O
g.	O	O

management	O	O
/	O	O
guides	O	O
are	O	O
on	O	O
other	O	O

Social	O	B
Media	O	I
tasks	O	O

Instagram	O	O
&	O	O
Facebook	O	O
is	O	O
something	O	O
we	O	O
use	O	O
quite	O	O
a	O	O
lot	O	O
so	O	O
taking	O	O
pictures	O	O
on	O	O
the	O	O
tours	O	O
and	O	O
helping	O	O
run	O	O
these	O	O
accounts	O	O
will	O	O
be	O	O
required	O	O

Street	B	B

Occassionally	O	O
you	O	O
will	O	O
be	O	O
required	O	O
to	O	O
take	O	O
street	B	B
-	O	I
marketing	O	O
shifts	O	O
;	B	B
this	I	I
entails	O	O
approaching	O	O
people	B	B
with	O	O
a	B	I
confident	O	I
and	O	O
engaging	O	O
attitude	O	I
trying	O	I
to	O	I

In	O	O
order	O	O
to	O	O
apply	O	O
for	O	O
this	O	O
job	O	O
you	O	O
have	O	O
to	O	O
be	O	O
:	O	O
Fluent	O	O
in	B	B
English.	O	O

Additional	O	O
languages	O	O
are	O	O
definitely	O	O
a	O	O
big	O	O
plus	O	O
(	O	O
especially	O	O
German	B	B
).	O	O

Native	O	O
Danish	B	B
speakers	O	O
are	O	O
also	O	O
preferred.	O	O

Outgoing	O	B
with	O	O
a	O	O
lively	B	B
&	O	O
fun	B	B
personality.	O	O

You	O	O
have	O	O
to	O	O
be	O	O
comfortable	O	O
with	O	O
public	B	B
speaking	I	I
and	O	O
know	O	O
how	O	O
to	O	O
engage	B	B
an	I	I
audience.	I	I

There	O	O
is	O	O
a	O	O
big	O	O
social	O	O
aspect	O	O
in	O	O
this	O	O
job	O	O
as	O	O
you	O	O
are	O	O
the	O	O
go	O	O
-	O	O
to	O	O
person	O	O
for	O	O
the	O	O

Responsible	O	O
&	O	O
Dutiful.	B	B

It	O	O
is	O	O
important	O	O
you	O	O
have	O	O
a	O	O
mature	B	B
approach	O	I
to	O	O
the	O	O
job	O	O
and	O	O
can	O	O
demonstrate	B	O
leadership	I	B
abilities.	I	I

It	O	O
is	O	O
a	O	O
big	O	O
responsibility	O	O
to	O	O
become	O	O
a	O	O
Segway	O	O
Guide	O	O
and	O	O
safety	O	O
is	O	O
the	O	O
most	O	O
important	O	O
factor	O	O
when	O	O
people	O	O
are	O	O
riding	O	O
on	O	O
these	O	O
machines	O	O
with	O	O
you.	O	O

Service	B	B
-	O	O

It	O	O
is	O	O
important	O	O
you	O	O
pride	O	O
yourself	O	O
in	O	O
providing	B	B
a	I	I
first	I	I
-	I	I
class	O	O
experience	O	O
as	O	O
we	O	O
have	O	O
a	O	O
high	O	O
standard	O	O
at	O	O
our	O	O

A	O	O
big	O	O
part	O	O
of	O	O
their	O	O
tour	O	O
will	O	O
be	O	O
you	O	O
and	O	O
you	O	O
should	O	O
always	O	O
want	O	O
to	O	O
perform	B	O
at	I	O
your	I	O
best	I	O
ability.	I	O

Minimum	O	O
21	O	O
years	O	O
with	O	O
a	O	O
clean	O	O
criminal	O	I
record.	O	I

Locally	O	O
based	O	O
(	O	O
or	O	O
nearby	O	O
)	O	O
with	O	O
a	O	O
good	O	O
knowledge	O	O
of	O	O
Copenhagen	O	B
Minimum	O	O
of	O	O
a	O	O
high	B	B
-	I	I
school	O	O
diploma	O	O
or	O	O

Bachelor	B	B
/	I	I
post	O	O
-	O	O
graduate	O	O
degree	O	O

Available	O	O
to	O	O
work	O	O
during	O	O
high	O	O
season	O	O
(	O	O
April	O	O
/	O	O
May	O	O
-	O	O
September	O	O
)	O	O
;	O	O
Prepared	O	O

Days	O	O
can	O	O
sometimes	O	O
be	O	O
unpredictable	O	O
with	O	O
e.	O	O
g.	O	O

more	O	O
tours	O	O
added	O	O
or	O	O
last	O	O
-	O	O
minute	O	O
shifts	O	O
becoming	O	O

Working	O	O
for	O	O
a	O	O
smaller	O	O
company	O	O
entails	O	O
being	O	O
able	O	O
to	O	O
go	O	B
-	O	O
with	O	O
-	O	O
the	O	O
-	O	O
flow	O	O
and	O	O
being	O	O
accomodating	O	O

It	O	O
would	O	O
be	O	O
a	O	O
plus	O	O
(	O	O
but	O	O
not	O	O
requried	O	O
)	O	O
if	O	O
:	O	O
You	O	O
speak	O	O
additional	O	O
languages	O	O
to	B	B
Danish	O	O
&	B	B

You	O	O
have	O	O
experience	O	O
in	O	O
the	O	O
service	B	B
-	O	O
industry	O	O
especially	B	B
within	O	O

You	O	O
have	O	O
experience	O	O
with	O	O
social	B	B
media	I	I
marketing	I	I

You	O	O
have	O	O
sales	B	O
experience	O	O

You	O	O
have	O	O
prior	O	O
knowledge	O	O
to	O	O
Segways	B	B

You	O	O
have	O	O
first	B	B
-	I	I

THE	O	O
JOB	O	O

You	O	O
will	O	O
be	O	O
trained	O	O
thoroughly	O	O
in	O	O
all	O	O
the	O	O
procedures	O	O
and	O	O
given	O	O
the	O	O
necessary	O	O
tools	O	O
to	O	O
fulfil	O	O
your	O	O
job	O	O
so	O	O
you	O	O
can	O	O
become	O	O
a	O	O
Segway	O	O
guide.	O	O

It	O	O
is	O	O
however	O	O
required	O	O
that	O	O
you	O	O
learn	O	O
this	O	O
on	O	O
your	O	O
own	O	O
time.	O	O

Once	O	O
training	O	O
begins	O	O
it	O	O
is	O	O
really	O	O
up	O	O
to	O	O
you	O	O
on	O	O
how	O	O
fast	O	O
you	O	O
want	O	O
to	O	O
complete	O	O
this.	O	O

There	O	O
are	O	O
however	O	O
a	O	O
minimum	O	O
number	O	O
of	O	O
Segway	O	O
hours	O	O
required.	O	O

The	O	O
job	O	O
is	O	O
flexible	O	O
and	O	O
your	O	O
work	O	O
-	O	O
week	O	O
will	O	O

We	O	O
run	O	O
tours	O	O
daily	O	O
and	O	O
in	O	O
the	O	O
high	O	O
season	O	O
you	O	O
will	O	O
most	O	O
likely	O	O
be	O	O
working	O	O
more	O	O
than	O	O
one	O	O
tour	O	O
per	O	O
day	O	O
so	O	O
it	O	O
is	O	O
important	O	O
you	O	O
have	O	O
a	O	O
good	O	O
stamina	B	O
for	O	O
repeat	O	B
tours	O	I
and	O	O
a	O	O
love	B	O
for	I	O
being	I	O
outdoors.	I	B

Our	O	O
high	O	O
season	O	O
runs	O	O
from	O	O
(	O	O
April	O	O
)	O	O
/	O	O
May	O	O
-	O	O
September	O	O
so	O	O
if	O	O
you	O	O
want	O	O
to	O	O
get	O	O
as	O	O
much	O	O
work	O	O
as	O	O
possible	O	O
it	O	O
is	O	O
required	O	O
you	O	O
are	O	O
available	O	O
for	O	O
this	O	O
period.	O	O

As	O	O
we	O	O
are	O	O
a	O	O
seasonal	O	O
business	O	O
the	O	O
schedule	O	O
will	O	O
become	O	O
more	O	O
spontanteous	O	O
once	O	O
we	O	O
reach	O	O
October.	O	O

We	O	O
do	O	O
however	O	O
still	O	O
run	O	O
tours	O	O
year	O	O
-	O	O
round	O	O
so	O	O
we	O	O
welcome	O	O
applicants	O	O
who	O	O
want	O	O
to	O	O
continue	O	O
into	O	O
our	O	O
low	O	O
season	O	O
and	O	O
make	O	O
a	O	O
longer	O	O

If	O	O
this	O	O
sounds	O	O
like	O	O
a	O	O
place	O	O
you	O	O
would	O	O
like	O	O
to	O	O
explore	O	O
getting	O	O
a	O	O
job	O	O
opportunity	O	O
send	O	O
us	O	O
your	O	O
application	O	O
now	O	O
and	O	O
remember	O	O
to	O	O
include	O	O
:	O	O
Cover	O	O
Letter	O	O
CV	O	O
Job	O	O
reference	O	O
(	O	O
s	O	O
)	O	O
Any	O	O
diplomas	O	O
of	O	O
language	O	O
courses	O	O
first	O	O
aid	O	O

completed	O	O

Optional	O	O
:	O	O
A	O	O
short	O	O
video	O	O
highlighting	O	O
an	O	O
interesting	O	O
fact	O	O
about	O	O
yourself	O	O
e.	O	O

your	O	O
favourite	O	O
hang	O	O
-	O	O
out	O	O
place	O	O
in	O	O
<	O	O
LOCATION	O	O
>	O	O
give	O	O
us	O	O
a	O	O
fact	O	O
you	O	O
think	O	O
we	O	O
might	O	O
not	O	O
know	O	O
;	O	O
show	O	O

Please	O	O
note	O	O
our	O	O
head	O	O
-	O	O
office	O	O
is	O	O
in	O	O
<	O	O
LOCATION	O	O
>	O	O
but	O	O
this	O	O
job	O	O
will	O	O

Do	O	O
you	O	O
want	O	O
to	O	O
personally	O	O
impact	O	O
<	O	O
ORGANIZATION	O	O
>	O	O
<	O	O
ORGANIZATION	O	O
>	O	O
global	O	O

If	O	O
you	O	O
bring	O	O
solid	O	O
Supply	B	B
Chain	I	I
experience	O	O
from	O	O
an	O	O
international	O	O
setting	O	O
and	O	O
you	O	O
are	O	O
looking	O	O
for	O	O
an	O	O
opportunity	O	O
to	O	O
manage	B	B
challenges	I	I
and	O	I
personal	O	I
impact	O	I
far	O	O
beyond	O	O
the	O	O
average	O	O
this	O	O
is	O	O
it.	O	O

<	O	O
ORGANIZATION	O	O
>	O	O
<	O	O
ORGANIZATION	O	O
>	O	O
has	O	O
set	O	O
the	O	O
very	O	O
ambitious	O	O
goal	O	O
to	O	O
become	O	O
the	O	O
worlds	O	O
preferred	O	O

To	O	O
make	O	O
this	O	O
come	O	O
true	O	O
we	O	O
are	O	O
taking	O	O
our	O	O
global	O	O
supply	O	O
chain	O	O
set	O	O
up	O	O
to	O	O
the	O	O
next	O	O
level	O	O
and	O	O
that	O	O
is	O	O
why	O	O
we	O	O
need	O	O
you	O	O
and	O	O
all	O	O
of	O	O
your	O	O
business	B	O
acumen	I	O
planning	B	B
skills	I	O
and	O	O
good	O	O
ideas.	O	O

Production	O	O
Planning	O	O
responsible	O	O
in	O	O
global	O	O
set	O	O
up	O	O
As	O	O
E2E	O	O
Supply	O	O
Network	O	O
Manager	O	O
you	O	O
will	O	O
be	O	O
functionally	O	O
responsible	O	O
for	O	O
a	O	O
full	O	O
36	O	O
months	O	O
planning	O	O
horizon	O	O
in	O	O
close	O	O
collaborating	B	O
with	O	O
the	O	O
local	O	O
site	O	O
Tactical	O	O
planners	O	O
for	O	O
the	O	O
assigned	O	O
Global	O	O
Supply	O	O
Network	O	O
typically	O	O
one	O	O
of	O	O
our	O	O
production	O	O
sites	O	O
in	O	O
<	O	O
LOCATION	O	O
>	O	O
<	O	O
LOCATION	O	O
>	O	O
<	O	O
LOCATION	O	O
>	O	O
or	O	O

Your	O	O
focus	O	O
is	O	O
to	O	O
ensure	B	B
reliable	I	I
supply	I	I
by	O	O
operating	B	B
in	I	I
a	I	I
structured	I	I
formal	I	I
monthly	I	I
Sales	I	I
and	I	I
Operations	I	I
Planning	I	I
Process	I	I
to	O	O
maximize	B	B
product	I	I
availability.	I	I

You	O	O
will	O	O
closely	O	O
align	O	O
with	O	O
our	O	O
Brand	O	O
Supply	O	O
Manager	O	O
and	O	O
support	O	O
our	O	O
Brand	O	O
Strategy	O	O
via	O	O
standardized	B	B
global	I	I
processes	I	I
new	O	I
SAP	B	I
tools	O	I
etc.	O	O

You	O	O
will	O	O

Optimize	B	B
supply	I	I
and	I	I
inventory	I	I
plans	I	I
throughout	O	O
the	O	O
supply	O	O
network	O	O
Lead	B	B
supply	I	I
scenario	I	I
analysis	I	I
within	O	O
the	O	O
tactical	O	O
horizon	O	O
(	O	O
3	O	O
-	O	O
36	O	O
months	O	O
)	O	O
&	O	O
strategic	O	O
horizon	O	O
(	O	O
36	O	O
months	O	O
10	O	O
years	B	B
)	I	I
Monitor	I	I
supply	I	I
and	I	I
capacity	O	O
performance	O	O
across	O	O
the	O	O
network	O	O
of	O	O
technology	O	O
assets	B	B
assigned	I	I
Coordinate	I	I
supply	I	I
and	I	I
capacity	I	I
bottleneck	B	B
management	I	I
Support	I	I
the	I	I
supply	I	I
risk	I	I
management	O	O
process	B	B
and	I	I
respond	I	I
to	I	I
ad	I	I
hoc	O	O
requests	O	O
The	O	O
role	O	O
is	O	O
highly	O	O
visible	O	O
with	O	O
a	O	O
great	O	O
number	O	O
of	O	O
contacts	O	O
across	O	O
functions	O	O
and	O	O
you	O	O
will	O	I
be	O	I
part	O	I
of	O	I
various	O	I
planning	O	I
communities	O	O
and	O	O
project	O	O

To	O	O
succeed	O	O
you	O	O
must	O	O
establish	B	B
and	I	I
develop	I	I
a	I	I
close	I	I
collaboration	I	I
with	O	O
especially	O	O
the	O	O
site	O	O
based	O	O
planning	O	O
function	O	O
but	O	O
also	O	O
a	O	O
range	O	O
of	O	O
key	O	O
stake	O	O
holders	O	O
in	O	O
the	O	O
organization.	O	O

Solid	O	O
planning	B	B
experience	O	O
from	O	O
an	O	O
international	O	O
setting	O	O

You	O	O
hold	O	O
a	O	O
relevant	O	O
Masters	B	B
degree	I	I
(	O	O
i.	O	O
e.	O	O

Business	O	B
Engineering	B	I
or	O	O
Supply	B	B
Chain	I	I
Management	I	I
)	I	O
backed	O	O
by	O	O
at	O	O
least	O	O
7	O	O
years	O	O
supply	B	B
chain	I	I
experience	O	O
from	O	O
an	O	O
international	O	O
company	O	O
where	O	O
you	O	O
have	O	O
gained	O	O
proven	O	O
working	O	O
experience	O	O
with	O	O
SAP	B	B
APO.	I	I

As	O	O
such	O	O
you	O	O
are	O	O
capable	O	O
of	O	O
providing	B	B
ideas	I	I
and	I	I
input	I	I
for	I	I
optimization	I	I
of	O	I
our	O	I
total	O	I
supply	O	I
chain	O	I
set	O	B
up	O	I
and	O	I
handle	B	B
hands	I	I
-	I	I
on	I	I
planning	O	O
tasks	B	B
including	I	I
complex	O	O

As	O	O
you	O	O
will	O	O
join	O	O
a	O	O
highly	O	O
regulated	O	O
business	O	O
you	O	O
will	O	O
also	O	O
need	O	O
all	O	O
of	O	O
your	O	O
overview	B	B
and	O	O
sense	B	B
of	I	I
detail.	I	I

Your	O	O
international	O	B
experience	O	O
and	O	O
open	B	B
-	O	I
minded	O	O
approach	O	O
enable	O	O
you	B	B
to	I	I
establish	I	I
collaborative	I	I
relations	I	I
to	O	O
people	O	O
across	O	O
professional	O	O
and	O	O
cultural	O	O

Additionally	O	O
you	O	O
can	O	O
tailor	B	B
your	I	I
communication	I	I
to	I	I
your	I	I
audience	I	I
and	O	O
make	B	B
people	I	I
prioritize	I	I
your	I	I
agenda	I	I
across	O	O
mail	O	O
phone	O	O
meetings	O	O
and	O	O
presentations.	O	O

As	O	O
you	O	O
will	O	O
enter	O	O
an	O	O
organisation	O	O
in	O	O
transformation	O	O
you	O	O
must	O	O
thrive	O	O
in	O	I
an	O	I
environment	O	I
where	O	O
the	O	O
only	O	O
constant	O	O
is	O	O
change.	O	O

Working	O	O
at	O	O
<	O	O
ORGANIZATION	O	O
>	O	O
<	O	O
ORGANIZATION	O	O
>	O	O
You	O	O
will	O	O
join	O	O
a	O	O
group	O	O
of	O	O
talented	O	O
and	O	O
dedicated	O	O
Supply	O	O
Chain	O	O
Professionals	O	O
at	O	O
the	O	O
<	O	O
ORGANIZATION	O	O
>	O	O
<	O	O

We	O	O
work	O	O
in	O	O
an	O	O
informal	O	O
atmosphere	O	O
founded	O	O
on	O	O
trust	O	O
in	O	O
each	O	O
employees	O	O
ability	O	O
to	O	O
initiate	O	O
and	O	O
handle	O	O
own	O	O
assignments.	O	O

We	O	O
look	O	O
forward	O	O
to	O	O
be	O	O
receiving	O	O
your	O	O
application.	O	O

Interview	O	O
will	O	O
be	O	O
conducted	O	O
on	O	O
an	O	O
ongoing	O	O
basis.	O	O

About	O	O
<	O	O
ORGANIZATION	O	O
>	O	O
<	O	O
ORGANIZATION	O	O
>	O	O
<	O	O
ORGANIZATION	O	O
>	O	O
<	O	O

By	O	O
offering	O	O
care	O	O
solutions	O	O
to	O	O
patients	O	O
in	O	O
more	O	O
than	O	O
100	O	O
countries	O	O
globally	O	O
<	O	O
ORGANIZATION	O	O
>	O	O
<	O	O
ORGANIZATION	O	O
>	O	O
supports	O	O
people	O	O
in	O	O
managing	O	O

Founded	O	O
in	O	O
1908	O	O
and	O	O
owned	O	O
by	O	O
the	O	O
<	O	O
ORGANIZATION	O	O
>	O	O
<	O	O
ORGANIZATION	O	O
>	O	O
the	O	O
healthcare	O	O
company	O	O
has	O	O
devoted	O	O
decades	O	O
of	O	O
research	O	O
and	O	O
development	O	O
to	O	O
delivering	O	O
products	O	O
and	O	O
solutions	O	O
to	O	O
people	O	O

<	O	O
ORGANIZATION	O	O
>	O	O
<	O	O
ORGANIZATION	O	O
>	O	O
is	O	O
headquartered	O	O
in	O	O
<	O	O
LOCATION	O	O
>	O	O
and	O	O

For	O	O
more	O	O
information	O	O
visit	O	O
<	O	O
CONTACT	O	O

Next	O	O
step	O	O

For	O	O
further	O	O
information	O	O
please	O	O
contact	O	O
<	O	O
NAME	O	O
>	O	O
<	O	O
NAME	O	O
>	O	O
(	O	O
mobile	O	O
:	O	O
<	O	O

Please	O	O
submit	O	O
your	O	O
application	O	O
no	O	O
later	O	O
than	O	O
15th	O	O
of	O	O
January	O	O
2019	O	O
via	O	O
<	O	O

Description	O	O

We	O	O
are	O	O
currently	O	O
looking	O	O
for	O	O
candidates	O	O
for	O	O
a	O	O
two	O	O
-	O	O
year	O	O
post	O	O
-	B	B
doctoral	I	I
position	I	I
in	O	O
advanced	B	B
electron	I	I
microscopy	O	O

The	O	O
position	O	O
is	O	O
part	O	O
of	O	O
a	O	O
new	O	O
strong	O	O
collaborative	O	O
project	O	O
between	O	O
<	O	O
ORGANIZATION	O	O
>	O	O
<	O	O
ORGANIZATION	O	O
>	O	O
<	O	O
ORGANIZATION	O	O
>	O	O
and	O	O
the	O	O
<	O	O
ORGANIZATION	O	O
>	O	O
center	O	O
at	O	O
<	O	O
ORGANIZATION	O	O
>	O	O
<	O	O
ORGANIZATION	O	O
>	O	O
in	O	O

Your	O	O
role	O	O
will	O	O
be	O	O
to	O	O
study	O	B
nanomaterials	B	I
for	O	O
the	O	O
selective	B	O
catalytic	I	I
reduction	I	I
(	I	O
SCR	I	O
)	I	I
of	I	O
NOx	I	O
that	O	O
is	O	O
harmful	O	O
to	O	O
ecosystems	O	O
and	O	O
human	O	O
health.	O	O

Specifically	O	O
you	O	O
will	O	O
undertake	B	B
atomic	I	I
-	I	I
scale	O	O
studies	O	I
of	O	I
the	O	I
structure	O	I
-	O	I
sensitive	O	I
dynamic	O	O
and	O	I
functional	O	O
behavior	O	O
of	O	O
SCR	O	O
catalysts	O	O
by	O	B
means	B	I
of	I	I
cutting	I	I
-	I	I
edge	O	O

This	O	O
work	O	O
will	O	O
be	O	O
integrated	O	O
with	O	O
complementary	O	O
state	O	O
-	B	O
of	I	O
-	B	B
the	I	I
-	I	O
art	O	O
characterization	O	O
tools	O	O
surface	B	B
science	I	I
techniques	O	O
as	B	B
well	O	O
as	B	O
catalyst	I	O
testing	I	I
and	I	O
synthesis	I	O
to	I	I
develop	I	I
an	O	O
understanding	B	B
of	I	I
the	I	I
catalytic	I	I
performances	I	I
and	I	I
target	O	O
new	B	O
designs	I	O
of	I	O
catalyst	I	I
materials	O	O

Your	O	O
responsibilities	O	O
Experimental	B	B
research	I	I
related	O	O
to	O	O
our	O	O
SCR	B	O
catalysts.	I	O

Application	B	O
of	I	O
S	I	B
/	I	O
TEM	I	B
and	I	O
EELS	I	B
for	I	I
atomic	I	I
-	I	I
resolution	I	I
and	O	O

Develop	B	B
our	I	I
atomic	I	I
-	I	I
scale	O	I
model	B	I
for	I	I
SCR	O	O

Publishing	B	O
in	I	O
high	I	O
-	I	O
profile	O	O

You	O	O
are	O	O
committed	B	B
and	O	O
flexible	B	B
have	O	O
an	O	O
innovative	B	B
mind	I	I
-	O	O
set	O	O
with	O	O
lots	B	O
of	I	O
new	O	O
ideas	B	O
are	I	O
ready	I	B
to	I	I
face	I	I
new	O	O
challenges	O	O
and	O	O
like	B	O
to	I	I
take	O	O
responsibility	O	O
possess	O	O
excellent	O	O
skills	B	B
to	I	I
execute	I	I
and	I	I
communicate	I	I
complex	I	I
research	O	O
goals	B	O
are	O	O
enthusiastic	O	O
about	O	O
working	O	O
at	O	O
the	O	O
frontier	B	B
of	I	I
catalysis	O	O

Qualifications	O	O

Ideally	O	O
you	O	O
have	O	O
a	O	O
Ph.	B	B
D.	O	O

in	O	O
physics	B	B
chemistry	B	B
or	O	O
a	O	O
related	O	O
field	O	O
and	O	O
have	O	O
an	O	O
outstanding	O	O
foundation	O	O
in	O	O
high	B	O
-	I	O
resolution	I	B
(	I	I
scanning	I	I
)	I	I
transmission	I	I
electron	I	O
microscopy	I	O
(	I	I
S	O	O
/	B	B
TEM	I	I
)	O	O
of	O	O
heterogeneous	B	B
catalysts	I	I
or	O	O

Further	O	O
information	O	O

Please	O	O
contact	O	O
Fellow	O	O
Stig	O	O
Helveg	O	O
Atomic	O	O
-	O	O
Scale	O	O
Analysis	O	O
Department	O	O
at	O	O
<	O	O
CONTACT	O	O
>	O	O
<	O	O
CONTACT	O	O
>	O	O
if	O	O
you	O	O
want	O	O
to	O	O

Application	O	O
deadline	O	O
January	O	O
18	O	O
2019.	O	O

<	O	O
ORGANIZATION	O	O
>	O	O
<	O	O
ORGANIZATION	O	O
>	O	O
is	O	O
a	O	O
world	O	O
leader	O	O
in	O	O
catalysis	O	O
and	O	O
surface	O	O
science	O	O
committed	O	O
to	O	O
helping	O	O
our	O	O
customers	O	O

We	O	O
enable	O	O
companies	O	O
to	O	O
get	O	O
the	O	O
most	O	O
out	O	O
of	O	O
their	O	O
processes	O	O
and	O	O
products	O	O
using	O	O
the	O	O
least	O	O
possible	O	O
energy	O	O
and	O	O
resources	O	O
in	O	O
the	O	O
most	O	O
responsible	O	O
way.	O	O

We	O	O
are	O	O
headquartered	O	O
in	O	O
<	O	O
LOCATION	O	O
>	O	O
and	O	O
do	O	O
project	O	O
development	O	O
R	O	O
&	O	O
D	O	O
engineering	O	O
production	O	O
and	O	O
sales	O	O
&	O	O
service	O	O

In	O	O
2017	O	O
our	O	O
revenue	O	O
was	O	O
approximately	O	O
760	O	O
million	O	O
<	O	O
LOCATION	O	O
>	O	O
dollars	O	O
and	O	O
we	O	O
employ	O	O
some	O	O
2,	O	O

<	O	O

<	O	O
ORGANIZATION	O	O
>	O	O
<	O	O
ORGANIZATION	O	O
>	O	O
is	O	O
a	O	O
global	O	O
leader	O	O
in	O	O
headsets	O	O
and	O	O
audio	O	O
solutions	O	O
for	O	O
the	O	O
corporate	O	O
world	O	O
and	O	O

We	O	O
are	O	O
proud	O	O
of	O	O
being	O	O
known	O	O
as	O	O
one	O	O
of	O	O
the	O	O
most	O	O
credible	O	O
brands	O	O
when	O	O
it	O	O
comes	O	O
to	O	O
audio	O	O
leadership	O	O
thanks	O	O
to	O	O
our	O	O
dedicated	O	O
team	O	O
of	O	O
audio	O	O
engineers.	O	O

Join	O	O
the	O	O
team	O	O
and	O	O
bring	O	O
us	O	O
to	O	O
the	O	O
next	O	O
level	O	O
of	O	O
audio	O	O
engineering!	O	O

Passion	O	O
for	O	O
Audio	B	B
Engineering	I	I

You	O	O
will	O	O
become	O	O
part	O	O
of	O	O
our	O	O
Audio	O	O
Engineering	O	O
team	O	O
with	O	O
expertise	O	O
in	O	O
acoustic	B	B
design	I	I
algorithm	B	B
trimming	I	B
and	O	O
general	O	O
sound	B	B
quality	I	I
evaluation.	I	I

You	O	O
will	O	O
be	O	O
able	O	O
to	O	O
use	O	O
your	O	O
passion	B	B
and	O	I
creativity	B	B
in	O	O
your	O	O
daily	O	O
work	O	O
mainly	O	O
focused	O	O
on	O	O
the	O	O
interface	O	O
towards	O	O
our	O	O
DSP	O	O
team.	O	O

Here	O	O
you	O	O
will	O	O
work	B	B
on	I	I
new	I	I
algorithm	I	I
concepts	I	I
being	O	O
part	O	O
of	O	O
our	O	O
expert	O	O
team	O	O
around	O	O
directionality	B	B
/	O	O
beam	O	O
-	O	O
forming	B	B
and	I	I
finally	I	I
do	I	I
trimming	I	I
and	I	I
verification	I	I
of	O	O
various	O	O
audio	O	O
algorithms	O	O
in	O	O
projects	O	O
with	O	O
respect	O	O
to	O	O
the	O	O
final	O	O
sound	O	O
quality	O	O
target	O	O

You	O	O
will	O	O
join	O	O
us	O	O
at	O	O
a	O	O
time	O	O
where	O	O
we	O	O
have	O	O
exciting	O	O
projects	O	O
in	O	O
the	O	O
pipeline	O	O
all	O	O
of	O	O
which	O	O
are	O	O
run	O	O
by	O	O
cross	O	O
-	O	O
functional	O	O

Besides	O	O
DSP	O	B
algorithm	O	O
developers	O	O
you	O	O
will	O	O
work	O	O
closely	O	O
together	O	O
with	O	O
SW	O	O
engineers	O	O
Mechanical	O	O
and	O	O
Manufacturing	O	O
engineers	O	O
Hardware	O	O
engineers	O	O
and	O	O
Project	O	O
and	O	O
Product	O	O
Managers	O	O
etc.	O	O

Your	O	O
contribution	O	O

What	O	O
counts	O	O
for	O	O
us	O	O
is	O	O
your	O	O
experience	O	O
(	O	O
approx.	O	O

3	O	O
years	O	O
)	O	O
and	O	O
enthusiasm	O	O
in	O	O
working	O	O
with	O	O
audio	B	B
engineering	I	I
in	O	O
the	O	O
interface	O	O
towards	O	O
a	O	O
DSP	O	O
team.	O	O

You	O	O
build	O	O
your	O	O
experience	O	O
on	O	O
a	O	O
solid	O	O
theoretical	O	B
education	O	I
preferably	O	O
on	O	O
MSc.	B	B

level.	O	O

Besides	O	O
that	O	O
you	O	O
are	O	O
outgoing	B	B
as	O	O
person	O	O
and	O	O
great	O	O
at	O	O
getting	B	B
things	I	I
to	I	I
move	I	I
forward	I	I
in	O	I
an	O	I
optimized	O	I
way.	O	I

Your	O	O
way	O	O
of	O	O
working	O	O
inspires	B	O
your	I	O
colleagues	I	B
and	O	O
you	O	O
are	O	O
comfortable	O	O
with	O	O
dealing	B	B
with	I	I
many	I	I
stakeholders	I	I
and	O	O
setting	B	B
a	I	I
direction.	I	I

You	O	O
are	O	O
also	O	O
at	O	O
ease	O	O
when	O	O
communicating	O	O
in	O	O
English	B	B
(	O	O
our	O	O
company	O	O
language	O	O
).	O	O

Your	O	O
must	O	O
-	O	O
haves	O	O
are	O	O
:	O	O
3	O	O
+	O	O
years	B	B
of	I	I
experience	O	O
in	O	O
audio	O	B
engineering	O	O
towards	O	O
a	B	B
DSP	I	I
-	B	B
team	O	I
Experience	B	B
in	O	O
algorithm	O	O
concepting	B	B
directionality	O	O
/	O	O
beam	B	B
-	O	O
forming	O	O
Experience	B	B
in	I	I
MATLAB	I	I
and	I	I
preferably	I	I
Python	O	O
Experienced	B	B
in	I	I
trimming	I	I
of	B	B
various	B	I
audio	O	O
algorithms	O	O
(	O	O
noise	O	O
reduction	O	O
systems	O	O
EQ	O	O
compressors	O	O
etc.	O	O
)	O	O
It	O	O
is	O	O
an	B	B
advantage	I	I
if	I	I
you	I	I
also	I	I
bring	I	I
experience	B	B
with	I	I
:	I	I
Objective	I	I
and	I	I

SoundCheck	B	B
and	O	O
HEAD	B	B
acoustics	I	B
ACQUA	I	B
audio	I	B
analyzers	I	I
Communicating	B	B
technical	I	I
issues	I	I
for	O	O
both	O	O
technical	O	O
and	O	O
non	O	O
-	O	O
technical	O	O
people	O	B
including	O	I
sound	O	O
demos	O	O
for	O	O

Joining	O	O
<	O	O
ORGANIZATION	O	O

You	O	O
will	O	O
be	O	O
working	O	O
in	O	O
a	O	O
growing	O	O
international	O	O
company	O	O
where	O	O
there	O	O
is	O	O
rich	O	O
opportunity	O	O
for	O	O
professional	O	O
and	O	O
personal	O	O
development.	O	O

Our	O	O
expert	O	O
team	O	O
is	O	O
looking	O	O
forward	O	O
to	O	O
welcoming	O	O
you	O	O
into	O	O
our	O	O
positive	O	O
and	O	O
encouraging	O	O
work	O	O
environment.	O	O

We	O	O
all	O	O
strive	O	O
for	O	O
an	O	O
open	O	O
and	O	O
supportive	O	O
way	O	O
of	O	O
working	O	O
where	O	O
sharing	O	O
knowledge	O	O
and	O	O
ideas	O	O
are	O	O
highly	O	O
valued.	O	O

You	O	O
can	O	O
expect	O	O
a	O	O
very	O	O
dynamic	O	O
work	O	O
life	O	O
where	O	O
you	O	O
meet	O	O
a	O	O
technically	O	O
deep	O	O
-	O	O
seated	O	O
R	O	O
&	O	O
D	O	O
organization	O	O
an	O	O
informal	O	O
work	O	O
culture	O	O
and	O	O
a	O	O
manager	O	O
who	O	O
will	O	O
help	O	O
you	O	O
excel	O	O

Application	O	O
&	O	O
Contact	O	O

If	O	O
you	O	O
want	O	O
to	O	O
meet	O	O
us	O	O
send	O	O
your	O	O
application	O	O
today	O	O
as	O	O
we	O	O
are	O	O
screening	O	O
applications	O	O
and	O	O
conducting	O	O
interviews	O	O
continuously.	O	O

Only	O	O
applications	O	O
registered	O	O
with	O	O
our	O	O
electronical	O	O
recruitment	O	O
system	O	O
will	O	O
be	O	O
considered.	O	O

Deadline	O	O
will	O	O
be	O	O
January	O	O
13	O	O
2019.	O	O

In	O	O
case	O	O
of	O	O
questions	O	O
regarding	O	O
the	O	O
job	O	O
please	O	O
contact	O	O
Team	O	O
Manager	O	O
for	O	O
Audio	O	O
Engineering	O	O
<	O	O
NAME	O	O
>	O	O
<	O	O
NAME	O	O
>	O	O
via	O	O
phone	O	O
on	O	O

The	O	O
company	O	O
is	O	O
a	O	O
powerful	O	O
joint	O	O
venture	O	O
between	O	O
the	O	O
German	O	O
electro	O	O
acoustics	O	O
specialist	O	O
<	O	O
ORGANIZATION	O	O
>	O	O
<	O	O
ORGANIZATION	O	O
>	O	O

KG	O	O
and	O	O
internationally	O	O
renowned	O	O
Danish	O	O
hearing	O	O
health	O	O
care	O	O
company	O	O
<	O	O
ORGANIZATION	O	O
>	O	O
<	O	O
ORGANIZATION	O	O

The	O	O
joint	O	O
venture	O	O
draws	O	O
on	O	O
the	O	O
experience	O	O
of	O	O
the	O	O
two	O	O
parent	O	O
companies	O	O
that	O	O
are	O	O
both	O	O
global	O	O
technology	O	O
leaders	O	O
in	O	O
their	O	O
respective	O	O
fields.	O	O

Established	O	O
in	O	O
2003	O	O
<	O	O
ORGANIZATION	O	O
>	O	O
<	O	O
ORGANIZATION	O	O
>	O	O
<	O	O
ORGANIZATION	O	O
>	O	O
has	O	O
been	O	O
developing	O	O
award	O	O
winning	O	O
headsets	O	O
for	O	O
business	O	O
professionals	O	O
and	O	O
the	O	O
gaming	O	O
community	O	O
from	O	O

The	O	O
success	O	O
builds	O	O
on	O	O
more	O	O
than	O	O
150	O	O
years	O	O
of	O	O
combined	O	O
sound	O	O
heritage	O	O
on	O	O
the	O	O
latest	O	O
technologies	O	O
and	O	O
most	O	O
of	O	O
all	O	O
on	O	O
our	O	O
team	O	O
of	O	O
committed	O	O
experts	O	O
and	O	O
professionals.	O	O

<	O	O
ORGANIZATION	O	O
>	O	O
<	O	O
ORGANIZATION	O	O
>	O	O
specializes	O	O
in	O	O
combining	O	O
high	O	O
-	O	O
end	O	O
audio	O	O
and	O	O
sound	O	O
reproduction	O	O
quality	O	O
with	O	O
leading	O	O
hearing	O	O
aid	O	O
and	O	O
advanced	O	O
digital	O	O
signal	O	O
processing	O	O
technologies	O	O
for	O	O
state	O	O
-	O	O
of	O	O
-	O	O
the	O	O
-	O	O
art	O	O
communication	O	O
products	O	O
for	O	O
call	O	O
centers	O	O

More	O	O
information	O	O
about	O	O
<	O	O
ORGANIZATION	O	O
>	O	O
<	O	O

<	O	O
ORGANIZATION	O	O
>	O	O
<	O	O
ORGANIZATION	O	O
>	O	O
<	O	O
ORGANIZATION	O	O
>	O	O
is	O	O
a	O	O
company	O	O
in	O	O
growth	O	O
and	O	O
are	O	O
currently	O	O

Due	O	O
to	O	O
this	O	O
we	O	O
are	O	O
looking	O	O
for	O	O
a	O	O
<	O	O
PROFESSION	O	O
>	O	O
<	B	B
PROFESSION	I	I
>	I	I
to	O	O
research	B	B
the	I	I
market	I	I
and	I	O
take	I	O
initial	I	O
contact	O	O

Tasks	O	O
:	B	B
Carry	I	I
out	I	I
market	I	I
research	I	I
of	I	I
potential	I	I
clients	O	O
in	O	O
<	O	O
LOCATION	O	O
>	O	O
and	O	O
possibly	B	B
other	I	I
countries	I	I
Establish	I	I
initial	I	I
contact	I	I
to	O	O
potential	O	O
clients	O	O
in	O	O
co	O	O
-	O	O
operation	O	O
with	O	O
the	B	B
sales	I	I
and	I	I
technical	O	O
department	B	B
Translate	O	O
sales	B	O
material	O	O
from	O	O
English	O	O
to	B	B
Italian	O	O
Requirements	O	O
:	O	O
Native	B	B
speaking	O	O
Italian	O	O
and	O	O
fluent	B	B
in	I	I
English	O	O
Preferably	O	O
experience	O	O
with	O	O
tele	O	O
marketing	O	O
or	O	O
alternatively	O	O
willingness	B	B
to	I	O
learn	I	O
this	I	O
and	O	O
be	B	B
proactive	B	I
on	O	O
the	B	B
phone	O	O
An	O	O
independent	O	O
positive	O	O
and	O	O
proactive	B	B
person	O	O
A	O	O
basic	O	O
understanding	O	O
of	O	O
Danish	O	O
is	O	O
a	O	O
plus	O	O
but	B	O
not	I	O
mandatory	I	O
Preferably	I	B
experience	I	I
from	O	O
working	O	O
in	O	O
a	O	O
sales	O	O
department	O	O
or	O	O
similar	O	O
You	O	O
will	O	O
get	O	O
a	O	O
good	O	O
internal	O	O
training	O	O

About	O	O
us	O	O
:	O	O
<	O	O
ORGANIZATION	O	O
>	O	O
<	O	O
ORGANIZATION	O	O
>	O	O
<	O	O
ORGANIZATION	O	O
>	O	O
is	O	O
a	O	O
leading	O	O
provider	O	O
of	O	O
spare	O	O
parts	O	O
and	O	O
service	O	O
within	O	O
plate	O	O

Our	O	O
customer	O	O
groups	O	O
are	O	O
e.	O	O
g.	O	O

within	O	O
marine	O	B
offshore	O	I
power	O	I
plants	O	I
and	O	O
other	O	O
industrial	O	O
applications.	O	O

See	O	O
more	O	O
about	O	O
us	O	O
on	O	O
our	O	O
website	O	O
<	O	O
CONTACT	O	O
>	O	O
Working	O	O
time	O	O
:	O	O
Full	O	O
time	O	O
of	O	O
37	O	O
hours	O	O
per	O	O
week	O	O
Duration	O	O
:	O	O
3	O	O
months	O	O
Deadline	O	O
:	O	O
10	O	O
-	O	O
01	O	O
-	O	O
2021	O	O
Please	O	O
send	O	O
your	O	O
application	O	O
and	O	O
resume	O	O
to	O	O
Sales	O	O
Manager	O	O
<	O	O
NAME	O	O
>	O	O
<	O	O
NAME	O	O
>	O	O
via	O	O

<	O	O
LOCATION	O	O
>	O	O
close	O	O
to	O	O
the	O	O
exit	O	O
on	O	O
the	O	O
<	O	O

There	O	O
are	O	O
buses	O	O
to	O	O
/	O	O
from	O	O

<	O	O
LOCATION	O	O
>	O	O
to	O	O
larger	O	O

We	O	O
are	O	O
flexible	O	O
to	O	O
make	O	O
it	O	O
work.	O	O

It	O	O
takes	O	O
the	O	O
brightest	O	O
minds	O	O
to	O	O
be	O	O
a	O	O
technology	O	O
leader.	O	O

It	O	O
takes	O	O
imagination	O	O
to	O	O
create	O	O
green	O	O
energy	O	O
for	O	O
the	O	O
generations	O	O
to	O	O
come.	O	O

At	O	O
<	O	O
ORGANIZATION	O	O
>	O	O
<	O	O
ORGANIZATION	O	O
>	O	O
we	O	O
make	O	O
real	O	O
what	O	O
matters	O	O
join	O	O

For	O	O
our	O	O
IT	O	O
PLM	O	O
department	O	O
in	O	O
<	O	O
LOCATION	O	O
>	O	O
<	O	O
LOCATION	O	O
>	O	O
we	O	O
are	O	O
looking	O	O
for	O	O
an	O	O
experienced	O	O
PLM	O	O

<	O	O
ORGANIZATION	O	O
>	O	O
<	O	O
ORGANIZATION	O	O
>	O	O
<	O	O
ORGANIZATION	O	O
>	O	O
<	O	O
ORGANIZATION	O	O
>	O	O
is	O	O
driving	O	O
towards	O	O
a	O	O
harmonized	O	O
PLM	O	O
landscape	O	O
globally	O	O
as	O	O

The	O	O
Architect	O	O
will	O	O
be	O	O
leading	B	B
technology	I	I
strategy	I	I
roadmaps	I	I
and	I	I
transformation	I	I
plans	I	I
including	O	O
communication	B	B
and	O	O
integration	B	B
to	O	I
strategic	O	I
projects	O	I
within	O	O
IT	O	O
and	O	O
our	O	O
business.	O	O

We	O	O
are	O	O
looking	O	O
for	O	O
a	O	O
candidate	O	O
that	O	O
would	O	O
be	O	O
motivated	O	O
by	O	O
taking	O	O
a	O	O
key	O	O
role	O	O
in	O	O
the	O	O
digitalization	O	O
at	O	O
<	O	O
ORGANIZATION	O	O
>	O	O
<	O	O
ORGANIZATION	O	O
>	O	O
<	O	O
ORGANIZATION	O	B
>	O	O
<	B	B
ORGANIZATION	B	B
>	I	I
with	O	O
leadership	B	B
in	I	I
Teamcenter	I	I
our	I	I
PLM	I	I
/	I	I
PDM	O	O
Manufacturing	O	B
Execution	O	I
and	B	I
product	I	I
quality	I	I
systems	I	I
(	I	I
QSYS	I	O
)	O	O
and	O	O
integration	O	O
to	O	O
global	O	O
ERP	O	O
(	O	O
SAP	O	O
)	O	O
Platforms	O	O
for	O	O
Product	O	O
and	O	O
process	O	O
related	O	O
information.	O	O
We	O	O
are	O	B
working	O	I
in	O	I
a	O	I
truly	O	I
global	O	I
environment	O	I
and	O	O
you	O	O

The	O	O
team	O	O
is	O	O
very	O	O
dynamic	B	O
and	O	O
we	O	O
have	O	O
a	O	O
high	O	O
pace	O	O
in	O	O
our	O	O
normal	O	O
work	O	O
days.	O	O

Within	O	O
the	O	O
team	O	O
we	O	O
have	O	O
a	O	O
high	O	O
focus	O	O
on	O	O
the	O	O
customer	O	O
processes	O	O
and	O	O
a	O	O
solution	O	O
focused	O	O
approach	O	O
-	O	O
Team	O	O
work	O	O
is	O	O
essential	O	O
to	O	O
us.	O	O

The	O	O
employees	O	O
are	O	O
expected	O	O
to	O	O
have	O	O
a	O	O
high	O	B
personal	B	B
motivation	I	I
drive	B	B
and	O	O
capability	O	O
to	O	O
approach	B	B
complex	I	I
tasks	I	I
with	O	O
an	O	O
open	B	B
mind	I	I
and	O	O
focus	B	O
on	O	O
providing	B	O
the	I	I
best	I	O
solution	I	O
for	O	O
<	O	O
ORGANIZATION	O	O
>	O	O
<	O	O
ORGANIZATION	O	O
>	B	B
in	O	O
a	B	B
very	O	O
structured	O	O

About	O	O
the	O	O
role	O	O
Lead	B	B
the	I	I
technology	I	I
roadmap	I	I
for	O	O
Teamcenter	O	B
QSYS	O	B
and	O	O
interfaced	O	B
enterprise	O	I
systems	O	I
Participate	B	B
actively	I	O
in	I	I
strategic	I	I
projects	I	I
ongoing	O	O
in	O	O
the	O	O
Digitalization	O	O
domain.	O	O

Be	O	O
the	O	O
main	B	O
interface	I	O
between	I	O
PLM	I	O
data	I	O
and	I	O
systems	I	O
governance	I	O
organizations	I	O
across	O	O
<	O	O
ORGANIZATION	O	O
>	O	O
and	O	O
the	O	O
PLM	O	O
technology	O	O

Lead	B	B
and	I	I
coach	I	I
a	I	I
team	I	I
of	O	I
internal	O	O
and	O	O
external	O	O
solution	O	O
architect	O	O
in	O	O
the	O	O
PLM	O	O
department.	O	O

Model	B	B
and	I	I
control	I	I
enterprise	I	I
PLM	I	I
architecture	I	I
(	I	I
data	I	I
and	I	I
systems	I	I
)	I	I
as	O	O
pr.	O	O

TOGAF	O	O
or	O	O
similar	O	O
principle.	O	O

Asses	B	B
value	I	I
propositions	I	I
of	I	I
project	I	I
proposals	I	I
and	O	I
strategic	O	I
fit.	O	I

About	O	O
you	O	O
You	O	O
have	O	O
most	O	O
likely	O	O
worked	O	O
in	O	O
large	O	B
enterprises	O	I
being	O	O
part	O	O
of	O	O
large	O	O
scale	O	I
system	O	I
implementaions	O	O
a	O	O
a	O	O
lead	O	O
consultant	O	O
You	O	O
have	O	O
had	O	O
an	O	O
exposure	O	O
to	O	O
Teamcenter	B	B
or	O	O
any	O	O
other	O	O
PLM	B	B
enterprise	O	O
system	O	O
and	O	O
understands	O	O
how	B	O
systems	I	O
interact	I	O
with	I	O
ERP	I	B
and	O	I
manufacturing	B	B
execution	I	I
systems.	I	I

You	O	O
have	O	O
a	O	O
minimum	O	O
of	O	O
10	O	O
years	O	O
of	O	O
experience	O	O
working	O	O
with	O	O
PLM	B	B
and	O	O
ERP	B	B
systems	I	I
and	O	O
you	O	O
must	O	O
have	O	O
previous	O	O
experience	O	O
in	O	O
capturing	B	B
requirements	I	I
from	I	I
large	I	I
organizations	I	I
and	O	O
architecting	B	B
value	I	I
creating	I	I
solutions	I	I
for	I	I
the	I	I
business	I	I
You	O	O
have	O	O
extensive	O	O
technical	O	O
knowledge	O	O
of	O	O
the	O	O
system	O	B
capabilities	O	I
and	O	O
experience	O	O
in	O	O
enabling	B	B
the	I	I
software	I	I
to	I	I
create	I	I
value	I	I
in	O	I
the	O	I
organization	O	I
as	O	O
well	O	O
as	O	O
a	O	O
deep	O	O
understanding	O	O
of	O	O
processes	B	O
and	O	O
their	O	O
lifecycles	B	O
across	O	O
the	O	O
lifespan	O	O
of	O	O
a	O	O
Wind	B	B
Turbine	I	O
25	O	O
+	O	O
years.	O	O

You	O	O
are	O	O
able	O	O
to	O	O
communicate	B	B
on	I	I
all	I	I
levels	I	I
of	O	I
the	O	I
organization	O	I
and	O	O
with	O	O
many	O	O
stakeholders	O	O
within	O	O
IT	O	O
and	O	O
Business	O	O
You	O	O
are	O	O
an	O	O
excellent	O	O
and	O	O
persuasive	B	B
communicator	I	B
and	O	O
fluent	O	O
in	O	O
both	O	O
spoken	O	O
and	O	O
written	O	O
English	B	B
Other	O	O
information	O	O
Apply	O	O
online	O	O
in	O	O
English	O	O
for	O	O
the	O	O
job	O	O
at	O	O
<	O	O
CONTACT	O	O
>	O	O
Please	O	O
note	O	O
that	O	O
we	O	O
will	O	O
reply	O	O
by	O	O

We	O	O
are	O	O
looking	O	O
forward	O	O
to	O	O
receiving	O	O
your	O	O
online	O	O
application.	O	O

Please	O	O
ensure	O	O
you	O	O
complete	O	O
all	O	O
areas	O	O
of	O	O
the	O	O
application	O	O
form	O	O
to	O	O
the	O	O
best	O	O
of	O	O
your	O	O
ability	O	O
as	O	O
we	O	O
will	O	O
use	O	O
the	O	O
data	O	O
to	O	O
review	O	O
your	O	O
suitability	O	O
for	O	O
the	O	O
role.	O	O

For	O	O
further	O	O
information	O	O
about	O	O
the	O	O
position	O	O
please	O	O
contact	O	O
the	O	O
hiring	O	O
manager	O	O
<	O	O
NAME	O	O
>	O	O
<	O	O
NAME	O	O
>	O	O
via	O	O

For	O	O
further	O	O
information	O	O
regarding	O	O
the	O	O
recruitment	O	O
process	O	O
please	O	O
send	O	O
the	O	O
recruiting	O	O
team	O	O
an	O	O
email	O	O
via	O	O
<	O	O
CONTACT	O	O
>	O	O

Please	O	O
mention	O	O
the	O	O
Job	O	O
ID	O	O
in	O	O
the	O	O
email.	O	O

We	O	O
kindly	O	O
draw	O	O
your	O	O
attention	O	O
to	O	O
the	O	O
fact	O	O
that	O	O
this	O	O
email	O	O
may	O	O
not	O	O
be	O	O
used	O	O
for	O	O
sending	O	O
applications	O	O
or	O	O
CVs	O	O
for	O	O
evaluation.	O	O

Deadline	O	O
for	O	O
applications	O	O
:	O	O
As	O	O
soon	O	O
as	O	O
possible	O	O
If	O	O
you	O	O
want	O	O
to	O	O
know	O	O
more	O	O
:	O	O
<	O	O
CONTACT	O	O
>	O	O
<	O	O
ORGANIZATION	O	O
>	O	O
<	O	O
ORGANIZATION	O	O
>	O	O
is	O	O
an	O	O
Equal	O	O
Opportunity	O	O
and	O	O
Affirmative	O	O

All	O	O
qualified	O	O
applicants	O	O
will	O	O
receive	O	O
consideration	O	O
for	O	O
employment	O	O
without	O	O
regard	O	O
to	O	O
their	O	O
race	O	O
color	O	O
creed	O	O
religion	O	O
national	O	O
origin	O	O
citizenship	O	O
status	O	O
ancestry	O	O
sex	O	O
age	O	O
physical	O	O
or	O	O
mental	O	O
disability	O	O
marital	O	O
status	O	O
family	O	O
responsibilities	O	O
pregnancy	O	O
genetic	O	O
information	O	O
sexual	O	O
orientation	O	O
gender	O	O
expression	O	O
gender	O	O
identity	O	O
transgender	O	O
sex	O	O
stereotyping	O	O
protected	O	O
veteran	O	O
or	O	O
military	O	O
status	O	O
and	O	O
other	O	O
categories	O	O
protected	O	O
by	O	O
federal	O	O
state	O	O
province	O	O
or	O	O
local	O	O
law.	O	O

<	O	O
ORGANIZATION	O	O
>	O	O
<	O	O
ORGANIZATION	O	O
>	O	O
<	O	O
ORGANIZATION	O	O
>	O	O
<	O	O
ORGANIZATION	O	O
>	O	O
<	O	O
ORGANIZATION	O	O
>	O	O
<	O	O
ORGANIZATION	O	O
>	O	O
<	O	O
ORGANIZATION	O	O
>	O	B
<	O	O
ORGANIZATION	O	O
>	O	O
<	O	O
LOCATION	O	O
>	O	O
The	O	O
University	O	O
seeks	O	O
to	O	O
appoint	O	O
a	O	O
Tenure	O	O
Track	O	O
Assistant	O	O
Professor	O	O
in	O	O
Nutrition	O	O
of	O	O
Ruminants	O	O
to	O	O
the	O	O
Department	O	O
of	O	O

Information	O	O
about	O	O
the	O	O
Department	O	O
can	O	O
be	O	O
found	O	O
at	O	O
:	O	O
<	O	O

Job	O	O
description	O	O
The	O	O
position	O	O
includes	O	O
teaching	B	B
and	O	O
research	B	B
in	O	O
basic	B	B
and	I	I
applied	I	I
nutrition	I	I
of	I	O
ruminants	I	B
with	O	O
special	O	O
focus	O	O
on	O	O
dairy	B	B
cattle.	I	I

Qualifications	O	O
within	O	O
dairy	B	B
production	I	I
data	B	I
modelling	I	I
evaluation	B	B
of	I	I
feed	I	B
quality	I	I
and	I	O
feed	I	B
intake	I	I
in	I	O
dairy	I	B
cattle	I	I
and	O	O
good	O	O
knowledge	O	O
of	O	O
the	O	O
Nordic	B	B
feed	I	I
evaluation	I	I
system	I	I
NorFor	B	B
as	O	O
well	O	O
as	O	O
DairyManagement	B	B
System	I	O
or	O	O
similar	O	O
systems	O	O
are	O	O
considered	O	O
an	O	O
advantage.	O	O

The	O	O
subject	O	O
area	O	O
includes	O	O
feed	B	O
evaluation	I	I
digestive	B	B
processes	I	I
intermediary	B	B
metabolism	I	I
and	O	O
impact	B	O
of	I	O
nutrition	I	O
and	I	O
feeding	I	O
management	I	O
of	O	O
productivity	O	O
and	O	O
animal	B	O
health	I	O
and	O	O
product	B	O
quality.	I	O

The	O	O
Tenure	O	O
Track	O	O
Assistant	O	O
Professors	O	O
duties	O	O
will	O	O
primarily	O	O
consist	O	O
of	O	O
:	B	B
research	O	O
including	B	B
publication	I	I
/	O	I
academic	B	B
dissemination	I	I
duties	O	O
research	O	O
-	B	B
based	O	I
teaching	B	B
with	I	I
associated	I	I
examination	I	I
duties	O	O
sharing	O	O
knowledge	O	O
with	O	I
society	O	I
participation	O	O
in	O	O
formal	O	O
pedagogical	O	O
training	O	O
program	O	O
for	O	O
Assistant	O	O
Professors	O	O
The	O	O
Tenure	O	O
Track	O	O
Assistant	O	O
Professors	O	O
performance	O	O
will	O	O
be	O	O

Furthermore	O	O
the	O	O
Tenure	O	O
Track	O	O
Assistant	O	O
Professor	O	O
will	O	O
be	O	O
evaluated	O	O
in	O	O
amid	O	O
-	O	O
track	O	O

After	O	O
no	O	O
more	O	O
than	O	O
six	O	O
years	O	O
of	O	O
employment	O	O
and	O	O
on	O	O
condition	O	O
of	O	O
a	O	O
positive	O	O
final	O	O
appraisal	O	O
the	O	O
Tenure	O	O
Track	O	O
Assistant	O	O
Professor	O	O
will	O	O
be	O	O
employed	O	O
as	O	O
Associate	O	O
Professor.	O	O

Read	O	O
more	O	O
about	O	O
tenure	O	O
track	O	O
at	O	O
the	O	O
<	O	O
ORGANIZATION	O	O
>	O	O
<	O	O
ORGANIZATION	O	O
>	O	O

Required	O	O
qualifications	O	O
a	O	O
PhD	B	B
degree	I	I
or	O	O
similar	O	O
qualifications	O	O
in	O	O
relation	O	O
to	O	O
the	O	O
above	O	O
subject	O	O
area	O	O
research	B	B
and	O	O
teaching	B	B
experience	O	O
within	O	O
the	O	O
field	O	O
of	O	O
the	O	O
position	O	O
The	O	O
Assistant	O	O
Professor	O	O
is	O	O
also	O	O
required	O	O
to	O	O
be	O	O
enterprising	B	B
and	O	O
to	O	O
possess	O	O
good	O	O
interpersonal	B	B
skills.	I	I

Terms	O	O
of	O	O
employment	O	O
Salary	O	O
and	O	O
other	O	O
terms	O	O
and	O	O
conditions	O	O
of	O	O
appointment	O	O
are	O	O
set	O	O
in	O	O
accordance	O	O
with	O	O
the	O	O
Agreement	O	O
between	O	O
the	O	O
<	O	O
ORGANIZATION	O	O
>	O	O
<	O	O
ORGANIZATION	O	O
>	O	O
<	O	O
ORGANIZATION	O	O
>	O	O
and	O	O
<	O	O
ORGANIZATION	O	O
>	O	O
(	O	O
<	O	O
ORGANIZATION	O	O
>	O	O
<	O	O

The	O	O
position	O	O
is	O	O
covered	O	O
by	O	O
the	O	O
Job	O	O
Structure	O	O
for	O	O
Academic	O	O
Staff	O	O
at	O	O
Universities	O	O
(	O	O
2013	O	O
).	O	O

Questions	O	O
For	O	O
further	O	O
information	O	O
please	O	O
contact	O	O
the	O	O
Professor	O	O
<	O	O
NAME	O	O
>	O	O
<	O	O
NAME	O	O
>	O	O
<	O	O
NAME	O	O
>	O	O
email	O	O
<	O	O
CONTACT	O	O
>	O	O
<	O	O
CONTACT	O	O
>	O	O
or	O	O

Foreign	O	O
applicants	O	O
may	O	O
find	O	O
the	O	O
following	O	O
links	O	O
useful	O	O
:	O	O
<	O	O
CONTACT	O	O
>	O	O
(	O	O
International	O	O
Staff	O	O
Mobility	O	O
)	O	O

Application	O	O
The	O	O
application	O	O
must	O	O
be	O	O
submitted	O	O
in	O	O
English	O	O
by	O	O
clicking	O	O
on	O	O
Apply	O	O
online	O	O
below.	O	O

Please	O	O
note	O	O
that	O	O
only	O	O
online	O	O
applications	O	O
will	O	O
be	O	O
accepted.	O	O

Applications	O	O
-	O	O
in	O	O
English	O	O
-	O	O
must	O	O
include	O	O
:	O	O
Application	O	O
including	O	O
reasons	O	O
for	O	O
applying	O	O
for	O	O
the	O	O
post	O	O
Curriculum	O	O
vitae	O	O
Diplomas	O	B
(	O	I
PhD	O	I
and	O	O
MSc	O	O
)	O	O
List	O	O
of	O	O
publications	O	O
Research	O	O
plan	O	O

5	O	O
publications	O	O
you	O	O
wish	O	O
to	O	O
be	O	O
considered	O	O
in	O	O
the	O	O
assessment	O	O
Documentation	O	O
of	O	O
teaching	O	O
skills	O	O
if	O	O
applicable	O	O
Please	O	O
note	O	O
:	O	O
On	O	O
the	O	O
online	O	O
application	O	O
form	O	O
it	O	O
is	O	O
mandatory	O	O
to	O	O
upload	O	O
a	O	O
teaching	O	O
plan	O	O
and	O	O
at	O	O
least	O	O
5	O	O
publications.	O	O

If	O	O
you	O	O
no	O	O
not	O	O
have	O	O
a	O	O
teaching	O	O
plan	O	O
or	O	O
5	O	O
publications	O	O
please	O	O
upload	O	O
blank	O	O
documents	O	O
in	O	O
these	O	O
boxes.	O	O

The	O	O
deadline	O	O
for	O	O
applications	O	O
is	O	O
30	O	O
July	O	O
2017.	O	O

Any	O	O
applications	O	O
received	O	O
after	O	O
this	O	O
time	O	O
or	O	O
incomplete	O	O
will	O	O
not	O	O
be	O	O
considered.	O	O

Receipts	O	O
of	O	O
the	O	O
applications	O	O
will	O	O
be	O	O
acknowledged	O	O
and	O	O
the	O	O
applicant	O	O
will	O	O
be	O	O
kept	O	O
continuously	O	O
informed	O	O
of	O	O
the	O	O
progress	O	O
of	O	O
the	O	O
application.	O	O

The	O	O
further	O	O
process	O	O
Shortlist	O	O
:	O	O
After	O	O
the	O	O
expiry	O	O
of	O	O
the	O	O
deadline	O	O
for	O	O
applications	O	O
the	O	O
authorised	O	O
recruitment	O	O
manager	O	O
selects	O	O
applicants	O	O
for	O	O
assessment	O	O
on	O	O
the	O	O
advice	O	O
of	O	O
the	O	O
appointment	O	O
Committee.	O	O

All	O	O
applicants	O	O
are	O	O
then	O	O
immediately	O	O
notified	O	O
whether	O	O
their	O	O
application	O	O
has	O	O
been	O	O
passed	O	O
for	O	O
assessment.	O	O

The	O	O
Dean	O	O
then	O	O
appoints	O	O
an	O	O
expert	O	O
assessment	O	O
committee	O	O
in	O	O
order	O	O
to	O	O
make	O	O
an	O	O
assessment	O	O
of	O	O
the	O	O
selected	O	O
applicants	O	O
for	O	O
the	O	O
specific	O	O
post.	O	O

Selected	O	O
applicants	O	O
are	O	O
notified	O	O
of	O	O
the	O	O
composition	O	O
of	O	O
the	O	O
committee	O	O
and	O	O
each	O	O
applicant	O	O
has	O	O
the	O	O
opportunity	O	O
to	O	O
comment	O	O
on	O	O
the	O	O
part	O	O
of	O	O
the	O	O
assessment	O	O
that	O	O
relates	O	O
to	O	O
the	O	O
applicant	O	O
him	O	O
/	O	O

You	O	O
can	O	O
read	O	O
about	O	O
the	O	O
recruitment	O	O
process	O	O
at	O	O
<	O	O
CONTACT	O	O

Assessment	O	O
:	O	O
The	O	O
selected	O	O
applications	O	O
will	O	O
be	O	O
assessed	O	O
according	O	O
to	O	O
the	O	O
Ministerial	O	O
Order	O	O
no.	O	O

242	O	O
of	O	O
13	O	O
March	O	O
2012	O	O
on	O	O
the	O	O
Appointment	O	O
of	O	O
Academic	O	O
Staff	O	O
at	O	O
Universities	O	O
and	O	O
the	O	O
<	O	O
ORGANIZATION	O	O
>	O	O
<	O	O
ORGANIZATION	O	O

The	O	O
Assessment	O	O
Committee	O	O
makes	O	O
a	O	O
non	O	O
-	O	O
prioritised	O	O
assessment	O	O
of	O	O
the	O	O
academic	O	O
qualifications	O	O
and	O	O
experience	O	O
with	O	O
respect	O	O
to	O	O
the	O	O
mentioned	O	O
area	O	O
of	O	O
research	O	O
techniques	O	O
skills	O	O
and	O	O
other	O	O
requirements	O	O
listed	O	O
in	O	O
the	O	O

Please	O	O
note	O	O
that	O	O
the	O	O
applicant	O	O
will	O	O
be	O	O
contacted	O	O
if	O	O
the	O	O
assessment	O	O
committee	O	O
requires	O	O
further	O	O
documentation.	O	O

