id,batch,status,source_domain,conflict_kind,empty_hint,sentence,prelabel_rule_v4,suggest_codex,suggest_doubao,suggest_kimi,human_spans,comment
1801-s0004,01,todo,人工智能招聘,span_mismatch,,（4）负责参与公司无人机飞控系统技术项目开发策划、总体方案论证、技术设...,技术项目开发策划/S | 论证/S | 技术设../S,无人机飞控系统/K | 项目开发策划/S | 总体方案论证/S,无人机飞控系统/S | 开发策划/S | 总体方案论证/S,技术项目开发策划/S | 总体方案论证/S,,
1802-s0000,01,todo,人工智能招聘,span_mismatch,,工作职责：1、监控和管理当前服务器、存储和备份基础设施的性能和容量。,监控和管理当前服/S | 存储和备/K,监控/S | 管理/S | 服务器/K | 存储/K | 备份基础设施/K,监控/S | 管理/S | 服务器/K | 存储/K | 备份/S,服务器/S | 存储/S | 备份/S,,
1802-s0005,01,todo,人工智能招聘,span_mismatch,,6、培训其他方法、工具和技术支持多个应用。,培训其/S | 方法/S | 工具和技术/S,培训/S | 技术支持/S,培训/S | 方法/K | 工具/S | 技术/K,培训/S | 方法/S | 工具/S | 技术支持/S,,
1802-s0006,01,todo,人工智能招聘,span_mismatch,,7、监督生产系统的改进计划和发展。,生产系统的改进计/K,监督/S | 生产系统/K | 改进计划/S,监督/S | 生产系统/K | 改进/S,监督/S | 改进计划/S | 发展/S,,
1802-s0007,01,todo,人工智能招聘,span_mismatch,,岗位要求Musthava1、5年以上在一个环境下的高级系统管理的强大的技术背景2、虚拟化经验，较强的技术背景（VMwareESX服务器/OpenVZ、KVM）3、用脚本语言经验（BashShell或Python）4、Web服务器（Apache，Tomcat）经验5、经验与监测（Zabbix）6、基础设施自动化经验（chef，Jekins）。,系统管理的强/S | 技术背景2/K | 虚拟化经验/K | VMwareESX服务器/OpenVZ、KVM/K | 脚本语言经验/S | Web服务器（Apache，Tomcat/K | 验与监测（Zabbix）6/S | 基础设施自动化经/K,系统管理/S | 虚拟化/K | VMwareESX/S | OpenVZ/S | KVM/S | 脚本语言/K | BashShell/S | Python/S | Web服务器/K | Apache/S | Tomcat/S | 监测/S | Zabbix/S | 基础设施自动化/S | chef/S | Jekins/S,系统管理/S | 虚拟化/K | VMwareESX服务器/S | OpenVZ/S | KVM/S | BashShell/S | Python/S | Apache/S | Tomcat/S | Zabbix/S | 基础设施自动化/S | chef/S | Jekins/S,系统管理/S | 技术背景/K | 虚拟化/S | 技术背景/K | OpenVZ/S | KVM/S | 脚本语言/S | Python/S | Web服务器/S | Apache/S | Tomcat/S | 监测/S | Zabbix/S | 基础设施自动化/S | chef/S,,
1802-s0008,01,todo,人工智能招聘,span_mismatch,,nicetohave1、有网络管理或网络工程工作经验者优先2、与AWS工作经验者优先3、有组织性和主动性4、良好的英文读写能力5、优秀的沟通能力和团队合作精神项目简介:我们公司作为跨国企业InternetBrands中国唯一的离岸研发中心，已经合作了5年多，目前团队技术人员40人，随着合作的深入，计划今年新招20人。,网络管理或网络工/K | AWS工作/K | 组织性和主动性4/T | 的英文读写能力5/L | 沟通能力和团队合/T,网络管理/S | 网络工程/K | AWS/S | 组织性/T | 主动性/T | 英文读写能力/L | 沟通能力/T | 团队合作精神/T,网络管理/S | 网络工程/K | AWS/S | 组织性/T | 主动性/T | 英文/L | 沟通能力/T | 团队合作精神/T,网络管理/S | 网络工程/S | AWS/S | 组织性/T | 主动性/T | 英文读写能力/L | 沟通能力/T | 团队合作精神/T,,
1802-s0017,01,todo,人工智能招聘,empty_mismatch,,公司致力于大数据和云计算的研究与服务，向全球客户提供离岸研发、智能硬件检测与认证、移动通讯终端的测试和评估等专业服务。,大数据和云计算的/K | 离岸研发/S | 智能硬/S,大数据/K | 云计算/K | 离岸研发/S | 智能硬件检测/S | 认证/S | 移动通讯终端/K | 测试/S | 评估/S,[],大数据/K | 云计算/K | 离岸研发/S | 智能硬件检测与认证/S | 移动通讯终端的测试和评估/S,,
1803-s0000,01,todo,人工智能招聘,span_mismatch,,岗位职责：1、负责策划亚马逊PPC广告策略并实施推进，结合公司产品制定并优化投放方案；,策划亚/S | 实施推/S | 制定并优化投/S,亚马逊PPC广告策略/S | 实施推进/S | 制定/S | 优化/S | 投放方案/S,策划/S | 亚马逊PPC广告/K | 实施/S | 优化/S | 投放方案/K,亚马逊PPC广告/S | 投放方案/S,,
1803-s0001,01,todo,人工智能招聘,span_mismatch,,2、投放PPC广告并监控分析广告效果，提升广告有效性以达到投资回报最大化；,投放PPC/S | 监控分/S | 提升广/S | 到投资回报最大化/S,投放PPC广告/S | 监控/S | 分析/S,投放/S | PPC广告/K | 监控/S | 分析/S,PPC广告/S | 监控分析/S | 广告效果/S | 投资回报最大化/S,,
1803-s0002,01,todo,人工智能招聘,span_mismatch,,3、独立操作竞价，如扩展长尾关键字，调整价格，优化曝光与转化率，并协助完成Listing优化；,操作竞价/S | 扩展长尾关键字/S | Listing优化/S,操作竞价/S | 扩展长尾关键字/S | 调整价格/S | 优化曝光/S | 转化率/K | Listing优化/S,操作竞价/S | 长尾关键字/K | 调整价格/S | 优化/S | Listing优化/S,竞价/S | 长尾关键字/S | 调整价格/S | 优化曝光/S | 转化率/S | Listing优化/S,,
1803-s0003,01,todo,人工智能招聘,span_mismatch,,4、结合公司品牌销售战略，有效管理推广预算，高效配合其他站内Deals促销、站内展示广告、以及其他站外推广活动；,管理推广预算/S | 配合其/T,品牌销售战略/K | 管理推广预算/S | Deals促销/S | 站内展示广告/S | 站外推广活动/S,管理推广预算/S,推广预算/S | Deals促销/S | 展示广告/S | 推广活动/S,,
1803-s0004,01,todo,人工智能招聘,span_mismatch,,5、从各个维度对广告数据进行全面分析，根据分析结果给出优化建议，并不断优化广告投放效果。,广告数据进行全面/S | 分析结果给/K | 优化建议/S | 优化广告投放效果/S,广告数据/K | 全面分析/S | 优化建议/S | 优化广告投放效果/S,优化建议/S | 优化广告投放效果/S,广告数据/S | 全面分析/S | 优化建议/S | 广告投放效果/S,,
1803-s0006,01,todo,人工智能招聘,type_only,,"2、一年以上亚马逊PPC广告工作经验，有Google,Yahoo,Bing等英文SEM工作经验者优先；",亚马逊PPC广告工作/K | Bing等英文/L,亚马逊PPC广告/S | Google/S | Yahoo/S | Bing/S | 英文/L | SEM/S,亚马逊PPC广告/K | Google/S | Yahoo/S | Bing/S | 英文/L | SEM/K,亚马逊PPC广告/S | Google/S | Yahoo/S | Bing/S | 英文SEM/S,,
1803-s0007,01,todo,人工智能招聘,span_mismatch,,3、对数据变化敏感，较强的数据分析和挖掘经验，熟悉使用Word，Excel，PPT等办公软件；,数据分析和挖掘经/S | 使用Word/S | Excel，PPT等办公软件/S,数据变化敏感/T | 数据分析/S | 挖掘/S | Word/S | Excel/S | PPT/S,数据分析/S | Word/S | Excel/S | PPT/S,数据分析/S | Word/S | Excel/S | PPT/S | 办公软件/S,,
1803-s0008,01,todo,人工智能招聘,span_mismatch,,4、思维敏捷有较强抗压能力，强烈的责任心和学习能力，优秀的语言沟通能力；,思维敏捷有较强抗/T,思维敏捷/T | 抗压能力/T | 责任心/T | 学习能力/T | 语言沟通能力/T,抗压能力/T | 责任心/T | 学习能力/T | 沟通能力/T,思维敏捷/T | 抗压能力/T | 责任心/T | 学习能力/T | 沟通能力/T,,
1804-s0001,01,todo,人工智能招聘,empty_mismatch,,我们希望您以坚实的技术功底和对研发的热忱，与我们一起解决京东业务上的挑战。,技术功底和对/K | 研发的热/K | 解决京/S,技术功底/K | 热忱/T,[],技术功底/K | 研发/S,,
1804-s0003,01,todo,人工智能招聘,span_mismatch,,通过基于大数据的数据分析，我们将收益管理中的定价与选品、促销优化、用户行为分析、物流库存优化、客户服务水平等电商领域内的实际业务问题，转化为计算机可识别的统计优化模型来解决。,数据分析/S | 收益管理中/K | 定价与选品/K | 促销/K | 统计优化模型来解/K,大数据/K | 数据分析/S | 收益管理/K | 定价/S | 选品/S | 促销优化/S | 用户行为分析/S | 物流库存优化/S | 电商领域/K | 统计优化模型/K,数据分析/S | 收益管理/K | 定价与选品/K | 促销优化/S | 用户行为分析/S | 物流库存优化/S | 统计优化模型/K,数据分析/S | 收益管理/K | 定价/S | 选品/S | 促销优化/S | 用户行为分析/S | 物流库存优化/S | 客户服务水平/S | 统计优化模型/K,,
1804-s0004,01,todo,人工智能招聘,empty_mismatch,,我们团队在美国硅谷拥有实验室，并且与斯坦福大学OR方向的著名教授及团队有深入合作。,斯坦福大学OR/K,OR方向/K,[],OR/K,,
1804-s0005,01,todo,人工智能招聘,span_mismatch,, 我们团队解决的问题包括动态定价、预测及促销决策、营销效果评估、 用户行为分析/选择模型，产品生命周期与管理等，我们的另一个重要的工作则是供应链基础运算平台的建设，包括常用优化算法与仿真算法的研究与应用。,动态定价/S | 预测及/S | 用户行为分析/选/S | 供应链基础运算平/S | 常用优化算法与仿/S,动态定价/S | 预测/S | 促销决策/S | 营销效果评估/S | 用户行为分析/S | 选择模型/K | 产品生命周期/K | 管理/S | 基础运算平台/S | 优化算法/K | 仿真算法/K,动态定价/S | 预测/S | 促销决策/S | 营销效果评估/S | 用户行为分析/S | 选择模型/K | 产品生命周期与管理/K | 供应链基础运算平台/S | 优化算法/K | 仿真算法/K,动态定价/S | 预测/S | 促销决策/S | 营销效果评估/S | 用户行为分析/S | 选择模型/K | 供应链基础运算平台/S | 优化算法/K | 仿真算法/K,,
1804-s0006,01,todo,人工智能招聘,span_mismatch,, 工作职责： 1. 参与JD新一代动态定价模型搭建和具体问题解决方案的设计工作，和业务团队及产品经理合作了解业务背景及需求，并为其提供理论与技术支持。,动态定价模型搭建/S | 合作了/T | 供理论与技术支持/K,动态定价模型搭建/S | 解决方案/S | 设计/S | 技术支持/S,动态定价模型/S | 理论与技术支持/S,动态定价模型搭建/S | 业务背景及需求/K | 技术支持/S,,
1804-s0007,01,todo,人工智能招聘,span_mismatch,, 2. 运用机器学习相关技术，对海量数据进行处理和分析，建立模型，挖掘相关信息与分析关键因素，为优化定价和促销相关产品提供数据基础。,运用机/S | 海量数据进行处理/S | 优化定价和促销相/S,机器学习相关技术/K | 海量数据/K | 处理/S | 分析/S | 建立模型/S | 挖掘/S | 分析关键因素/S | 优化定价/S,机器学习/K | 建立模型/S | 优化定价/S | 促销/S,机器学习/K | 分析/S | 建立模型/S | 分析关键因素/S | 优化定价/S | 促销/S,,
1804-s0008,01,todo,人工智能招聘,span_mismatch,, 3. 基于大数据平台，提取并处理业务数据，通过数据分析和数据挖掘，给出直观的结论及业务洞见。,大数据平台，提取/K | 数据分析和数据挖/S,大数据平台/S | 提取/S | 处理业务数据/S | 数据分析/S | 数据挖掘/S,大数据平台/K | 数据分析/S | 数据挖掘/S,大数据平台/S | 提取/S | 处理业务数据/S | 数据分析/S | 数据挖掘/S | 业务洞见/S,,
1804-s0010,01,todo,人工智能招聘,span_mismatch,, 4. 跟进数据挖掘、机器强化学习、优化仿真算法相关技术的业界发展，并合理的运用到实际产品中， 开发优化模型和系统，给出最优决策。,数据挖掘/K | 机器强/K | 运用到/S | 开发优/S | 系统，给出最/S,数据挖掘/K | 机器强化学习/K | 优化仿真算法/K | 开发优化模型/S | 最优决策/S,数据挖掘/K | 强化学习/K | 优化仿真算法/K | 开发/S | 优化模型/K | 系统/S,数据挖掘/K | 机器强化学习/K | 优化仿真算法/K | 开发/S | 优化模型/K | 系统/S | 最优决策/S,,
1804-s0011,01,todo,人工智能招聘,span_mismatch,, 职位要求： 1. 在统计机器学习/计算机/自动化//运筹优化/应用数学相关领域拥有硕士或博士学位。,统计机器学习/计/K | 运筹优化/K | 应用数/K,统计机器学习/K | 计算机/K | 自动化/K | 运筹优化/K | 应用数学/K | 硕士/K | 博士学位/K,统计机器学习/K | 计算机/K | 自动化/K | 运筹优化/K | 应用数学/K | 硕士/K | 博士/K,统计机器学习/K | 计算机/K | 自动化/K | 运筹优化/K | 应用数学/K,,
1804-s0015,01,todo,人工智能招聘,span_mismatch,,可独立研究学术与工程资料，对实际业务问题建模。,研究学术/S | 工程资料/K | 建模/S,独立研究/S | 工程资料/K | 建模/S,研究/S | 工程资料/K | 建模/S,研究学术与工程资料/S | 建模/S,,
1804-s0017,01,todo,人工智能招聘,span_mismatch,, 3. 熟悉统计语言，如R或Python，熟悉数据库及SQL。,统计语言/K | R或Python/S | 数据库及SQL/K,统计语言/K | Python/S | 数据库/K | SQL/S,R/S | Python/S | 数据库/K | SQL/S,R/S | Python/S | SQL/S,,
1804-s0019,01,todo,人工智能招聘,span_mismatch,," 4. 掌握常用算法编程语言，如R,Python, C等。",常用算法编程语言/S | 如R/S | C等/S,编程语言/K | Python/S,算法/K | R/S | Python/S | C/S,R/S | Python/S | C/S,,
1804-s0020,01,todo,人工智能招聘,span_mismatch,,有在大数据平台上处理大规模实时数据及应用机器学习模型经验者加分。,大数据平台上处理/K,大数据平台/S | 处理/S | 大规模实时数据/K | 机器学习模型/K,大数据平台/K | 实时数据/K | 机器学习模型/K,大数据平台/K | 处理大规模实时数据/S | 机器学习模型/K,,
1805-s0001,01,todo,人工智能招聘,type_only,, 2.根据市场指定营销计划；,[],营销计划/S,营销计划/K,[],,
1805-s0002,01,todo,人工智能招聘,span_mismatch,, 3.开拓新市场，发展新客户，增加产品销售范围；,开拓新/S | 发展新/S | 增加产/S,开拓新市场/S | 发展新客户/S | 产品销售/S,销售/S,开拓新市场/S | 发展新客户/S | 增加产品销售范围/S,,
1805-s0004,01,todo,人工智能招聘,span_mismatch,, 5.跟踪客户使用情况，及时反馈并协助处理客户使用中的技术问题，协助公 司为客户提供组装调试等技术支持以及售后问题处理。,跟踪客户使用情况/S | 反馈并协助处理客/S | 组装调试等技术/S | 售后问题处理/S,跟踪客户使用情况/S | 反馈/S | 处理/S | 技术问题/K | 组装/S | 调试/S | 技术支持/S | 售后问题处理/S,反馈/S | 组装调试/S | 技术支持/S | 售后问题处理/S,跟踪客户使用情况/S | 反馈并协助处理客户使用中的技术问题/S | 组装调试/S | 技术支持/S | 售后问题处理/S,,
1806-s0003,01,todo,人工智能招聘,span_mismatch,, 4 开发过程技术文档的编写及同行评审。,开发过程技术/S | 的编写及同行评审/S,技术文档/K | 编写/S | 同行评审/S,同行评审/S,技术文档的编写/S | 同行评审/S,,
1806-s0005,01,todo,人工智能招聘,type_only,, 2 深刻理解面向对象、熟悉设计模式、多线程和跨平台编程；,面向对象/K | 设计模式/S | 多线程/S,面向对象/S | 设计模式/K | 多线程/K | 跨平台编程/S,面向对象/K | 设计模式/K | 多线程/K | 跨平台编程/K,面向对象/K | 设计模式/K | 多线程/S | 跨平台编程/S,,
1807-s0001,01,todo,人工智能招聘,span_mismatch,,2.负责依据运营目标及用户反馈，优化核心流程转化与产品体验，提高用户活跃和留存；,优化核心流程转化/S,优化核心流程转化/S,运营/S,[],,
1807-s0003,01,todo,人工智能招聘,span_mismatch,,4.掌控运营实施情况，通过多种运营渠道采集和分析产品数据、用户数据、进行数据挖掘，对用户需求进行有效分析，并提出改良建议和推进实施；,采集和分析产/S | 数据挖掘/S | 提出改/S | 推进实施/S,运营渠道/K | 采集/S | 分析/S | 产品数据/K | 用户数据/K | 数据挖掘/S | 用户需求/K | 有效分析/S | 改良建议/S | 推进实施/S,运营/S | 数据挖掘/S | 改良建议/S | 推进实施/S,数据挖掘/S,,
1808-s0000,01,todo,人工智能招聘,span_mismatch,,岗位职责： 1、负责大数据平台的基础开发和维护，参与团队分析型可视化、算法可视化等大数据可视化产品的建设，并推动可视化技术产生更多的业务价值；,大数据平台的基础/S | 分析型可视化、算/S | 建设/S | 推动可视化技术产/S,大数据平台/S | 基础开发/S | 维护/S | 分析型可视化/K | 算法可视化/K | 大数据可视化/S | 可视化技术/K,大数据平台/S | 基础开发/S | 维护/S | 算法可视化/K | 数据可视化/S,大数据平台/K | 可视化/S | 算法可视化/S | 大数据可视化/K,,
1808-s0001,01,todo,人工智能招聘,span_mismatch,, 2、负责数据平台各类接口的开发，支持用户对数据查询、提取、新增、更新等操作；,数据平台各/K | 接口的开发/S | 数据查询/S | 提取/S,数据平台/S | 接口的开发/S | 数据查询/S | 提取/S | 新增/S | 更新/S,数据平台/K | 数据查询/S,接口的开发/S | 数据查询/S | 提取/S | 新增/S | 更新/S,,
1808-s0002,01,todo,人工智能招聘,span_mismatch,, 3、尝试各种前沿可视化技术与思想，推动团队技术继续前进，具备研究和学习新技术的能力，能够将新技术合理的应用到产品中。,尝试各种前沿可视/K | 研究和学习新/S | 将新技术合理的应/S,前沿可视化技术/K | 研究/S | 学习新技术/S | 应用/S,可视化技术/K,可视化技术/S | 研究和学习新技术/T | 新技术合理的应用/S,,
1808-s0003,01,todo,人工智能招聘,span_mismatch,, 岗位要求： 1、掌握数据可视化库，如HighCharts/DataTable/ECharts/D3.js等，有1年以上的实际项目开发经验；,数据可视化库/K | HighCharts/DataTable/ECharts/D3./K | 项目开发经验/S,数据可视化库/S | HighCharts/S | DataTable/S | ECharts/S | D3.js/S | 项目开发/S,数据可视化库/K | HighCharts/S | DataTable/S | ECharts/S | D3.js/S,数据可视化库/S | HighCharts/S | DataTable/S | ECharts/S | D3.js/S | 项目开发经验/S,,
1808-s0006,01,todo,人工智能招聘,span_mismatch,, 4、了解模块化、前端编译和构建工具，掌握常用编译工具，如 webpack／gulp等；,模块化/K | 前端编译/K | 常用编译工具/K | 如 webpack／gulp等/S,模块化/K | 前端编译/S | 构建工具/S | 编译工具/S | webpack/S | gulp/S,模块化/K | 前端编译/K | 构建工具/K | webpack/S | gulp/S,模块化/K | 前端编译/K | 构建工具/S | webpack/S | gulp/S,,
1809-s0000,01,todo,人工智能招聘,span_mismatch,,工作职责: 1. 深度理解客户需求，把握客户需求意图，并将商业需求转化为技术语言；,深度理解客户需求/T | 商业需求转化为技/S,客户需求/K | 商业需求转化/S | 技术语言/K,商业需求转化/S | 技术语言/K,深度理解客户需求/T | 商业需求转化为技术语言/S,,
1809-s0002,01,todo,人工智能招聘,span_mismatch,, 3. 将公司技术能力/产品能力转化为商业语言，协助销售进行商业产品解决方提案，并不断深挖客户需求与公司数据能力的结合点；,技术能力/K | 产品能/K | 商业语言/S | 客户需求与公/T | 数据能力的结/K,技术能力/K | 产品能力/K | 商业语言/K | 提案/S | 深挖客户需求/S | 数据能力/K,技术能力/K | 产品能力/K | 商业语言/K | 销售/S,技术能力/K | 产品能力/K | 商业语言/K | 数据能力/K,,
1809-s0003,01,todo,人工智能招聘,span_mismatch,, 4. 探索出符合市场需求的、可标准化、可落地的商业产品解决方案。,可标准化/S | 可落地/S,标准化/S | 落地/S | 商业产品解决方案/S,商业产品解决方案/S,标准化/S | 落地/S,,
1809-s0004,01,todo,人工智能招聘,span_mismatch,, 任职资格: 1. 有5年及以上工作经历（尤其是技术类商业产品售前咨询经历），计算机相关专业背景；,技术类商业产品售/K | 计算机相关专业背/K,售前咨询/S | 计算机相关专业/K,售前咨询/S,技术类商业产品售前咨询/K | 计算机相关专业/K,,
1809-s0006,01,todo,人工智能招聘,span_mismatch,, 3. 具备较强的客户导向意识、良好的客户沟通界面；,客户导向意识/T | 客户沟通界/T,客户导向意识/T | 客户沟通/T,客户导向意识/T,客户导向意识/T | 客户沟通界面/T,,
1810-s0000,01,todo,人工智能招聘,span_mismatch,,工作职责：-负责移动在线广告投放系统的策略设计与优化-应用移动定位、用户画像、机器学习、分类聚类等技术，提高广告系统的用户体验、投放能力及变现效率-主要方向：广告投放策略，CTR预估，广告匹配技术，广告相关性等职位要求：-良好的逻辑思维能力，能够从海量数据中发现有价值的规律-熟悉python等语言编程，数据结构和算法基础扎实-对解决挑战性问题充满热情，善于解决问题和分析问题-良好的团队合作精神，较强的沟通能力和学习能力-熟悉大规模数据挖掘、推荐算法、机器学习算法优化理论等技术者优先-有搜索引擎、推荐系统或广告行业相关背景者优先。,策略设计与优化-/S | 移动定位/K | 用户画/K | 技术/K | 用户体验/K | 投放能/K | 广告投放策略，CTR/K | 逻辑思维能力/T | 海量数据中/K | 规律-/K | python等语言编程，数/S | 挑战性问题充/K | 解决问题和分析问/T | 团队合作精神/T | 沟通能力和学习能/T | 大规模数据挖掘/K | 搜索引擎/K | 推荐系/K,策略设计与优化/S | 移动定位/K | 用户画像/K | 机器学习/K | 分类/S | 聚类/S | 广告投放策略/S | CTR预估/S | 广告匹配技术/K | 广告相关性/K | 逻辑思维能力/T | 发现有价值的规律/S | python/S | 编程/S | 数据结构/K | 算法/K | 解决问题/S | 分析问题/S | 团队合作精神/T | 沟通能力/T | 学习能力/T | 大规模数据挖掘/S | 推荐算法/K | 机器学习算法/K | 优化理论/K | 搜索引擎/K | 推荐系统/K | 广告行业/K,广告投放系统/S | 策略设计/S | 移动定位/K | 用户画像/K | 机器学习/K | 分类聚类/K | 广告投放策略/K | CTR预估/S | 广告匹配技术/K | 广告相关性/K | 逻辑思维能力/T | python/S | 数据结构/K | 算法/K | 解决问题/S | 分析问题/S | 团队合作精神/T | 沟通能力/T | 学习能力/T | 数据挖掘/K | 推荐算法/K | 机器学习算法/K | 优化理论/K | 搜索引擎/K | 推荐系统/K | 广告行业/K,移动定位/K | 用户画像/K | 机器学习/K | 分类聚类/K | 广告投放策略/K | CTR预估/K | 广告匹配技术/K | 广告相关性/K | 逻辑思维能力/T | python/S | 数据结构和算法/K | 解决问题/T | 分析问题/T | 团队合作精神/T | 沟通能力/T | 学习能力/T | 大规模数据挖掘/K | 推荐算法/K | 机器学习算法优化理论/K | 搜索引擎/K | 推荐系统/K,,
1811-s0001,01,todo,人工智能招聘,span_mismatch,,2、与研发、设计、产品与运营团队紧密沟通，推动内部后台产品落地并负责优化更新迭代；,研发/T | 设计/T | 产品/T | 沟通/T | 推动内/T | 落地并负责优/S | 更新迭/S,研发/S | 设计/S | 沟通/T,沟通/T | 产品落地/S | 优化/S | 更新迭代/S,沟通/T | 推动/T | 落地/S | 优化/S | 更新迭代/S,,
1811-s0002,01,todo,人工智能招聘,span_mismatch,,3、可以独立管理项目闭环，从需求评审-UI设计-技术排期-研发-测试-验收-数据检测-问题收集-持续迭代；,管理项/S | 需求评审-UI设计/S,需求评审/S,需求评审/S | UI设计/S | 技术排期/S | 研发/S | 测试/S | 验收/S | 数据检测/S | 问题收集/S | 持续迭代/S,管理项目/S | 需求评审/S | UI设计/S | 技术排期/S | 研发/S | 测试/S | 验收/S | 数据检测/S | 问题收集/S | 持续迭代/S,,
1811-s0003,01,todo,人工智能招聘,span_mismatch,,4、制定合理的数据衡量指标，定期进行数据分析并产出和商业化合作的方案，能统筹协调产品、市场、运营、商业化团队资源将项目落地。,制定合理的数据衡/S | 进行数据分析并产/S | 统筹协调产品、市/T,数据分析/S,数据分析/S | 项目落地/S,数据分析/S | 统筹协调/T | 落地/S,,
1811-s0004,01,todo,人工智能招聘,span_mismatch,,职位要求：1、本科及以上学历，3年以上产品经验，有内容型产品经验优先；,产品经验/K | 内容型产品经验优/K,本科及以上学历/K,本科及以上学历/K | 产品/K | 内容型产品/K,本科及以上学历/K | 产品经验/K | 内容型产品经验/K,,
1811-s0005,02,todo,人工智能招聘,span_mismatch,,2、较强的数据及业务分析能力，善于通过数据分析挖掘问题并制定相应运营策略；,数据及业务分析能/K | 数据分析挖/S | 制定相应/S | 运营策略/K,分析能力/T | 数据分析/S,业务分析/S | 数据分析/S | 运营策略/K,数据分析/S | 挖掘问题/S | 制定/S | 运营策略/K,,
1811-s0006,02,todo,人工智能招聘,span_mismatch,,3、出色的沟通协作和项目管理能力，抗压力强，具备解决复杂问题的能力；,沟通协/T | 项目管理能力，抗/T | 解决复杂问题的能/T,项目管理/S | 解决复杂问题/S,沟通协作/T | 项目管理/S | 解决复杂问题/S,沟通协作/T | 项目管理能力/T | 抗压力/T | 解决复杂问题/T,,
1811-s0007,02,todo,人工智能招聘,span_mismatch,,4、极致判断力和执行力，能适应快速变化和高强度工作压力。,致判断力和执行力/T | 适应快/T | 和高强度工作压力/T,执行力/T,判断力/T | 执行力/T,判断力/T | 执行力/T | 适应快速变化/T,,
1812-s0000,02,todo,人工智能招聘,span_mismatch,,岗位职责：1、智能环保机器人的控制系统设计和代码书写。,控制系统设计和代/S,系统设计/S,智能环保机器人/K | 控制系统设计/S | 代码书写/S,控制系统设计/S | 代码书写/S,,
1812-s0001,02,todo,人工智能招聘,span_mismatch,,2、固液分离系统控制设计和代码书写。,固液分离系统控制/S,固液分离系统控制/K,固液分离系统/K | 控制设计/S | 代码书写/S,固液分离系统控制设计/S | 代码书写/S,,
1812-s0002,02,todo,人工智能招聘,span_mismatch,,"岗位要求：1、计算机科学与技术、自动化、电子信息信息等专业本科以上学历2、精通C/C++,熟悉至少一种嵌入式操作系统，有Linux/Android嵌入式系统开发经验，丰富的软件代码调试经验，有良好的开发习惯文档规范以及编码习惯。",计算机科学与技术/K | C/C++/S | Linux/Android嵌入式系统/S | 软件代码调试经验/S | 开发习惯文/S | 编码习惯/S,计算机科学与技术/K | 自动化/K | 电子信息/K | 本科/K | C++/S | 操作系统/K | Linux/S | Android/S | 系统开发/S | 编码/S,计算机科学与技术/K | 自动化/K | 电子信息/K | 本科以上学历/K | C/C++/S | 嵌入式操作系统/K | Linux/S | Android/S | 嵌入式系统开发/S | 软件代码调试/S | 文档规范/K,计算机科学与技术/K | 自动化/K | 电子信息/K | 本科以上学历/K | C/C++/S | 嵌入式操作系统/K | Linux/Android嵌入式系统开发经验/S | 软件代码调试经验/S | 开发习惯/T | 文档规范/T | 编码习惯/T,,
1812-s0003,02,todo,人工智能招聘,span_mismatch,,"3、精通ARM,DSP或者mips等CPU，精通外围设备驱动的开发调试。","ARM,DSP或者mips/K | 外围设备驱动的开/S",ARM/S | DSP/S | mips/S | CPU/S | 外围设备驱动/S,ARM/K | DSP/K | mips/K,ARM/S | DSP/S | mips/S,,
1812-s0004,02,todo,人工智能招聘,span_mismatch,,4、熟练嵌入式软件设计方法，有程序架构设计经验，对软件的模块化、可移植性有深入理解，精通计算机原理，能重构代码性能。,嵌入式软件设计方/S | 程序架构设计经验/S | 软件的模块化、可/K | 计算机原理/K | 重构代码性能/S,架构设计/S | 软件的模块化/K | 计算机/K,嵌入式软件设计/S | 程序架构设计/S | 模块化/K | 可移植性/K | 计算机原理/K,嵌入式软件设计方法/S | 程序架构设计经验/S | 可移植性/K | 计算机原理/K | 重构代码性能/S,,
1812-s0005,02,todo,人工智能招聘,span_mismatch,,5、会使用GCC编译器6、熟悉modbus通信协议7、熟悉Linux/ARM系统架构（驱动、kernel、BootLoader）者优先8、具有USB/FLASH/CAN/SPI/串口开发经验者优先9、有过机器人竞赛经验者优先。,会使用GCC编译器6/S | modbus通信协议7/K | ARM系统架构（驱动/K | 串口开发经验/S,GCC/S | 编译/S | modbus/S | 通信/K | Linux/S | ARM/S | 系统架构/K | kernel/S | BootLoader/S | USB/S | FLASH/S | CAN/S | SPI/S | 串口/S,GCC编译器/S | modbus通信协议/K | Linux/S | ARM/S | 系统架构/K | kernel/S | BootLoader/S | USB/S | FLASH/S | CAN/S | SPI/S | 串口开发/S,GCC编译器/S | modbus通信协议/K | Linux/ARM系统架构/K | USB/FLASH/CAN/SPI/串口开发经验/S,,
1813-s0001,02,todo,人工智能招聘,span_mismatch,,职位描述：1根据公司业务特点设计并建立公司数据库集群2为解决业务部门问题及工作需要提供必要的数据库技术支持3通过学习使用相关软件，帮助完成业务部门相关数据处理工作流程优化4协助业务部门对公司数据进行监督管控，制定数据标准，完善分析方法5结合公司业务运作流程，通过数据分析和挖掘，为公司管理层提供决策支持6各种临时性数据的整理和分析？,设计并建立公/S | 数据库集群2/K | 数据库技术支持3/S | 学习使/T | 数据处理工作/S | 流程优化4/S | 数据进行监督管控/S | 数据分析和挖掘/S | 决策支持6/S | 数据的整理和分析/S,数据库/K | 技术支持/S | 数据处理/S | 流程优化/S | 分析/S | 数据分析/S,数据库技术支持/S | 数据处理/S | 流程优化/S | 数据分析/S | 决策支持/S,设计/S | 建立公司数据库集群/S | 数据库技术支持/S | 学习/T | 数据处理/S | 流程优化/S | 制定数据标准/S | 分析方法/S | 数据分析/S | 决策支持/S,,
1813-s0002,02,todo,人工智能招聘,empty_mismatch,,任职要求：1熟练使用sqlserver或mysql数据库2较强的学习能力和抗压能力3本科（含）以上学历，计算机相关专业4有数据分析或相关软件实施工作经验优先考虑5有银行、咨询、服务行业工作经验优先考虑发展空间：1完善的培训体系：我们为新员工提供入职培训、专业知识培训、工作技能培训等多种形式的培训活动，传统的师徒制让新员工能够快速全面的投入工作。,使用sqlserver或mysql/S | 学习能力和抗压能/T | 计算机相关专业4/K | 数据分析或相关软/K | 培训体系/K | 入职培训/K | 专业知/K,[],sqlserver/S | mysql/S | 数据库/K | 学习能力/T | 抗压能力/T | 数据分析/S | 软件实施/S,sqlserver/S | mysql数据库/S | 学习能力/T | 抗压能力/T | 计算机相关专业/K | 数据分析/K | 软件实施工作经验/S,,
1814-s0003,02,todo,人工智能招聘,span_mismatch,, 岗位职责： 1.负责调研、挖掘和分析和汇总行业/客户与3D打印相关的材料/设备需求及相应工艺标准。,调研/S | 挖掘和分析/S | 3D打印相关/K | 材料/K | 设备需求及/K | 工艺标准/K,分析/S | 3D打印/S | 设备需求/K,调研/S | 挖掘/S | 分析/S | 汇总/S | 3D打印/K | 材料/K | 设备/K | 工艺标准/K,调研/S | 挖掘/S | 分析/S | 汇总/S | 3D打印/K | 材料/K | 设备需求/K | 工艺标准/K,,
1814-s0004,02,todo,人工智能招聘,empty_mismatch,, 2.负责与研发项目负责人对接，组织协调新产品或新工艺的整体转产进度，对产品转生产和量产阶段的交付内容和时间节点负责。,组织协调新/T | 交付内容和时间节/T,[],组织协调/S,组织协调/T | 交付/T,,
1814-s0005,02,todo,人工智能招聘,empty_mismatch,, 3.负责构建新产品/新工艺转生产阶段转产流程，提升工艺团队转产能力，承接公司新产品/新工艺的转产工作。,构建新/S | 转产流程，提升工/S | 转产能力，承接公/S | 转产工作/S,[],转产工作/S,构建新产品/新工艺转生产阶段转产流程/S | 提升工艺团队转产能力/S,,
1814-s0006,02,todo,人工智能招聘,empty_mismatch,, 4.负责建立各产品线工艺标准和品质控制点。,建立各/S | 工艺标准和品质控/K,[],品质控制点/K,建立各产品线工艺标准/S | 品质控制点/S,,
1814-s0007,02,todo,人工智能招聘,empty_mismatch,, 5.负责工艺改善优化工作，对提质增效降本做出贡献。,工艺改善优/S | 提质增/S | 降本做/S,[],工艺改善/S,工艺改善优化/S | 提质增效/S | 降本/S,,
1814-s0010,02,todo,人工智能招聘,span_mismatch,, 3、具备3年以上3D打印研发、制造、工艺经验；,3D打印研/K | 制造/S | 工艺经验/S,3D打印研发/S | 制造/S,3D打印/K | 研发/S | 制造/S | 工艺/S,3D打印研发/K | 制造/S | 工艺经验/S,,
1814-s0011,02,todo,人工智能招聘,span_mismatch,, 4、熟练使用office（word、excel、PPT）、CAD绘图等软件；,使用office（word、excel/S | CAD绘图等软件/S,office/S | word/S | excel/S | PPT/S | CAD/S | 绘图/S,word/S | excel/S | PPT/S | CAD/S,office/S | word/S | excel/S | PPT/S | CAD绘图/S,,
1815-s0000,02,todo,人工智能招聘,span_mismatch,,岗位职责：1、主要负责北京总部与全国分公司的软件技术、硬件产品、销售、售前、商务、市场供应链等类职位的招聘；,软件技术/K | 硬件产/K,供应链/K | 招聘/S,招聘/S,软件技术/K | 硬件产品/K | 销售/S | 售前/S | 商务/S | 市场/S | 供应链/S,,
1815-s0001,02,todo,人工智能招聘,span_mismatch,,2、负责全部招聘流程管理，包括但不仅限于招聘需求确定、人员搜集、面试、offer谈判、背景调查、确保顺利入职和试用期维护等。,招聘流程管理/S | 招聘需求确定、人/S | 入职和试用期维护/S,招聘流程管理/S | 招聘需求/S | 人员搜集/S | 面试/S | offer谈判/S | 背景调查/S | 试用期维护/S,招聘流程管理/S | 招聘需求确定/S | 人员搜集/S | 面试/S | offer谈判/S | 背景调查/S | 试用期维护/S,招聘流程管理/S | 招聘需求确定/S | 人员搜集/S | 面试/S | offer谈判/S | 背景调查/S,,
1815-s0002,02,todo,人工智能招聘,span_mismatch,,任职要求：1、统招本科及以上学历，4年以上招聘经验，具有物联网安防行业的招聘经验优先。,招聘经验/S | 物联网安防行业的/K,本科及以上学历/K | 物联网/K,本科及以上学历/K | 招聘/S | 物联网/K | 安防行业/K,统招本科及以上学历/K | 招聘经验/S | 物联网安防行业/K,,
1815-s0003,02,todo,人工智能招聘,span_mismatch,,2、熟练掌握人力资源规划与配置方法，职位分析、招聘面试等方面的专业知识和技巧。,人力资源规划与配/S | 的专业知识和技巧/K,人力资源规划/S | 招聘/S | 面试/S | 专业知识/K,人力资源规划/S | 职位分析/S | 招聘面试/S,人力资源规划与配置方法/K | 职位分析/K | 招聘面试/S | 专业知识/K | 技巧/K,,
1815-s0008,02,todo,人工智能招聘,empty_mismatch,,3.技术优势：公司拥有完备的应用大数据、云计算、物联网和移动互联网等先进技术，综合研发软、硬件产品和应用服务的能力。,应用大数据/K | 云计/K | 研发软/S | 硬件产品/S,大数据/K | 云计算/K | 物联网/K,[],大数据/K | 云计算/K | 物联网/K | 移动互联网/K | 硬件产品/S,,
1816-s0000,02,todo,人工智能招聘,empty_mismatch,,"职位诱惑：------------初创团队氛围，一对一指导,弹性工作制,成长空间大,干货满满岗位职责：------------1.媒体平台账号运营：将撰稿团队生产的每一篇内容编辑发布到各大自媒体平台：包括微信公众号、头条号、微博、知乎专栏、百家号、腾讯网易搜狐凤凰自媒体平台等等。","指导,弹性工作制/T | 运营/S | 编辑发/S | 微信公众号/K | 头条/K | 搜狐凤/K",[],运营/S | 内容编辑/S | 微信公众号/K | 头条号/K | 微博/K | 知乎专栏/K | 百家号/K,弹性工作制/T | 运营/S | 编辑/S | 微信公众号/S | 头条号/S | 微博/S | 知乎专栏/S | 百家号/S | 腾讯/S | 网易/S | 搜狐/S | 凤凰/S,,
1816-s0002,02,todo,人工智能招聘,empty_mismatch,,2.运营第三方渠道：将文章投稿至第三方网站，维护已入驻的第三方平台，开拓新的平台和合作方。,运营第/S | 将文章投稿至/S | 维护已/S | 开拓新/S,[],运营/S | 投稿/S | 维护/S,运营/S | 投稿/S | 维护/S | 开拓/S,,
1816-s0003,02,todo,人工智能招聘,span_mismatch,,3.读者运营：维护读者群，定期进行读者沟通交流，统计分析数据用作内容创作方向参考。,维护读/S | 定期进/T | 读者沟通交流，统/T | 用作内/S,统计分析/S,读者运营/S | 维护/S | 沟通/T,维护/S | 沟通交流/T | 统计分析/S,,
1816-s0005,02,todo,人工智能招聘,span_mismatch,,任职要求：------------1.互联网深度用户，搜索引擎爱好者优先；,互联网深/K | 搜索引擎爱/K,搜索引擎/K,互联网/K | 搜索引擎/K,互联网/K | 搜索引擎/S,,
1816-s0006,02,todo,人工智能招聘,span_mismatch,,2.对运营思路逻辑清晰，表达能力强；,运营思路逻/K | 表达能力强/T,表达能力/T,运营/S | 表达能力/T,运营思路/K | 表达能力/T,,
1816-s0011,02,todo,人工智能招聘,empty_mismatch,,3.学习支持：酌情报销员工用于学习工作技能的开销（比如网络课程、线下培训之类的），鼓励自我驱动。,学习支持/T | 工作技能的开销（/S | 自我驱动/T,学习支持/T | 网络/K,[],自我驱动/T,,
1816-s0012,02,todo,人工智能招聘,empty_mismatch,,4.能力提升：对各大媒体平台特性的横向了解、掌握典型互联网思维和运营推广方法论、随时接触互联网前沿科技动态。,掌握典/K | 和运营推广方法论/K | 接触互/S,运营推广/S,[],互联网思维/K | 运营推广方法论/K,,
1817-s0000,02,todo,人工智能招聘,span_mismatch,,[岗位职责: 1.参与大数据产品的规划、需求分析和整体架构设计，承担核心功能和模块的代码编写；,大数据产品的规划/S | 核心功能和模块的/S,大数据/K | 规划/S | 需求分析/S | 架构设计/S,需求分析/S | 架构设计/S | 代码编写/S,大数据/K | 代码编写/S,,
1817-s0001,02,todo,人工智能招聘,span_mismatch,, 2.参与基于Spark StreamingStorm流式处理框架离线数据的开发与优化工作。,Spark StreamingStorm流式处理/S | 开发与优化工作/S,Spark/S | 开发/S,Spark StreamingStorm/S | 流式处理框架/K | 优化/S,Spark StreamingStorm/S | 流式处理/S | 开发/S | 优化/S,,
1817-s0002,02,todo,人工智能招聘,span_mismatch,, 3.参与流式处理框架开发离线ETL开发，结合业务的应用、处理实时数据离线数据及相应应用场景的开发;,流式处理框架开发/S | 实时数据离/K | 应用场景的开发/S,开发/S,流式处理框架开发/S | ETL开发/S,流式处理框架/S | ETL/S | 实时数据/K | 离线数据/K,,
1817-s0003,02,todo,人工智能招聘,empty_mismatch,, 4.负责处理系统的运维，保证系统的高可用性和稳定性；,处理系统的运维/S,运维/S | 稳定性/T,[],运维/S,,
1817-s0004,02,todo,人工智能招聘,span_mismatch,, 5.负责优化分布式框架，解决大并发下的各种问题. 6.参与大数据的挖掘、存储、抽取、计算、应用、整合、可视化及Rest API接口设计等研发工作；,优化分/S | 解决大/S | 大数据的挖掘、存/K,分布式/K | 大数据/K | 可视化/S,Rest API接口设计/S,分布式框架/S | 大数据/K | 存储/S | 抽取/S | 计算/S | 应用/S | 整合/S | 可视化/S | Rest API/S,,
1817-s0006,02,todo,人工智能招聘,span_mismatch,, 任职资格: 1、数学、计算机等相关专业，本科以上学历，5年以上的数据管理与数据运维经验；,数学/K | 计算机等相/K | 数据管理与数据运/S,数学/K | 计算机/K | 相关专业/K | 本科/K,数学/K | 计算机/K | 本科以上学历/K | 数据管理/S | 数据运维/S,数学/K | 计算机/K | 本科/K | 数据管理/S | 数据运维/S,,
1817-s0009,02,todo,人工智能招聘,span_mismatch,, 4、有一定的大数据项目实施、BI项目实施经验；,大数据项目实施/S,大数据/K | 项目实施/S,大数据项目实施/S | BI项目实施/S,大数据/K | BI/K,,
1818-s0002,02,todo,人工智能招聘,span_mismatch,,3、参与公司AI产品的开发、实施、测试文档编写工作。,开发/S | 实施/S | 测试/S,AI/S | 开发/S | 实施/S | 测试/S | 文档编写/S,实施/S | 测试/S | 文档编写/S,开发/S | 实施/S | 测试/S | 文档编写/S,,
1818-s0003,02,todo,人工智能招聘,span_mismatch,, 岗位要求1、计算机相关专业，全日制本科及以上学历，2年以上后端开发经验，有过运营商项目经验的更佳；,计算机相关专业/K | 后端开发经验/S | 运营商项目经验/K,计算机相关专业/K | 本科及以上学历/K | 后端开发/S,本科及以上学历/K | 后端开发/S,计算机/K | 本科/K | 后端开发/S | 运营商项目经验/K,,
1818-s0004,02,todo,人工智能招聘,span_mismatch,,2、熟练python编程语言，熟悉服务端开发流程，熟悉常见的算法和数据结构；,python编程语言/S | 服务端开发流程/S | 常见的算法和数据/S,python/S | 编程语言/K | 算法/K | 数据结构/K,python/S | 服务端开发/S | 算法/K | 数据结构/K,服务端开发/S | 算法/K | 数据结构/K,,
1818-s0005,02,todo,人工智能招聘,span_mismatch,,3、熟悉数据库开发，熟悉Mysql、Oracle、MongoDb数据库应用开发其中一种；,数据库开发/S | Mysql、Oracle、MongoDb数据/S,数据库/K | Mysql/S | Oracle/S | MongoDb/S | 应用开发/S,数据库开发/S | Mysql/S | Oracle/S | MongoDb/S,数据库开发/S | Oracle/S,,
1818-s0006,02,todo,人工智能招聘,span_mismatch,,4、熟悉Python Wed框架（Django/Flask...）代码能力优秀，熟悉编码规范和具备良好的文档编写能力）；,代码能/S | 编码规范和/K | 文档编写能/S,Python/S | 编码/S | 文档编写/S,Python/S | Django/S | Flask/S | 编码规范/K | 文档编写/S,Django/S | Flask/S | 编码规范/K | 文档编写能力/S,,
1819-s0002,02,todo,人工智能招聘,span_mismatch,, 3.产品开发管理：推动方案落地的全过程，包括UI、开发、测试和上线交付，为研发团队协调外部资源，做好进度和质量管控。,开发管/S | 推动方/S | 测试和上线交付/S | 协调外/S | 做好进/S | 管控/S,产品开发/S | 测试/S,产品开发管理/S | 开发/S | 测试/S | 上线交付/S | 质量管控/S,产品开发管理/S | UI/S | 开发/S | 测试/S | 上线交付/S | 质量管控/S,,
1819-s0004,02,todo,人工智能招聘,span_mismatch,, 任职要求 1.本科及以上学历，工业设计、人机交互、计算机等相关专业。,工业设计/K | 人机交/K,本科及以上学历/K | 工业设计/S | 计算机/K | 相关专业/K,本科及以上学历/K | 工业设计/K | 人机交互/K | 计算机/K,本科/K | 工业设计/K | 人机交互/K | 计算机/K,,
1819-s0006,02,todo,人工智能招聘,span_mismatch,, 3.具备良好的业务逻辑分析能力，能对业务部门的需求进行充分分析和梳理。,业务逻辑分析能力/S | 梳理/S,逻辑分析能力/T,业务逻辑分析/S,业务逻辑分析能力/S,,
1819-s0007,02,todo,人工智能招聘,empty_mismatch,, 4.具备良好的文档撰写能力，能编写清晰的产品文档。,文档撰写能力/S | 编写清/S | 产品文档/K,[],文档撰写/S | 产品文档/K,文档撰写能力/S | 产品文档/K,,
1819-s0008,02,todo,人工智能招聘,span_mismatch,, 5.熟练掌握Axure、墨刀等原型设计工具，以及Visio和MindManagerXMind等工具。,墨刀等原型设/S | Visio和MindManagerXMind等工具/S,Axure/S | Visio/S,Axure/S | 墨刀/S | Visio/S | MindManagerXMind/S,Axure/S | 墨刀/S | 原型设计/S | Visio/S | MindManagerXMind/S,,
1819-s0009,02,todo,人工智能招聘,span_mismatch,, 6.有公共服务、政务办事等C端产品设计经验者优先。,公共服务/K | 政务办/K,公共服务/K | 产品设计/S,公共服务/K | 政务办事/K | C端产品设计/S,公共服务/K | 政务办事/K | C端产品/K,,
1820-s0002,02,todo,人工智能招聘,span_mismatch,, 3、负责云计算相关业务的问题定位与解决工作。,问题定位与解决工/S,云计算/K,云计算/K | 问题定位/S,云计算/K | 问题定位/S | 解决/S,,
1820-s0003,02,todo,人工智能招聘,span_mismatch,, 任职条件： 1、较好的团队合作意识，良好的沟通能力与口头、书面表达能力，严谨的工作态度，良好的抗压能力；,团队合作意/T | 沟通能力与口头/T | 抗压能力/T,团队合作意识/T | 沟通能力/T | 表达能力/T | 严谨/T | 抗压能力/T,团队合作意识/T | 沟通能力/T | 表达能力/T | 工作态度/T | 抗压能力/T,团队合作意识/T | 沟通能力/T | 书面表达能力/T | 工作态度/T | 抗压能力/T,,
1820-s0005,03,todo,人工智能招聘,span_mismatch,, 3、具有Linux内核FS、Memory、Block、CPU、CGroup任意一种或多种开发经验；,Linux内核FS、Memory、Block/S | 开发经验/S,Linux/S | Memory/S | Block/S | CPU/S | 开发/S,Linux内核/S | FS/S | Memory/S | Block/S | CPU/S | CGroup/S | 开发/S,Linux内核FS/S | Memory/S | Block/S | CPU/S | CGroup/S | 开发经验/S,,
1820-s0006,03,todo,人工智能招聘,span_mismatch,, 4、熟悉常见的Linux内核调试方法；,Linux内核调试/S,Linux/S,Linux内核调试/S,Linux内核调试方法/S,,
1820-s0007,03,todo,人工智能招聘,span_mismatch,, 5、熟悉主流虚拟化技术，具备KVM的开发和实施经验者优先；,主流虚拟化技术/K | KVM的开发和实施经/S,主流虚拟化技术/K | KVM/S | 开发/S,虚拟化技术/K | KVM/S | 开发/S | 实施/S,主流虚拟化技术/K | KVM/S | 开发/S | 实施经验/S,,
1821-s0000,03,todo,人工智能招聘,empty_mismatch,,"工作职责：1.负责AI项目的系统设计和开发工作，和算法工程师、研发、交付等合作，将AI能力应用到实际客户应用中2.深入理解公司的AI平台及产品框架，并对平台进行改进、扩展，以服务更多的应用场景3.核心代码的编写、测试和评审4.参与解决方案或产品的需求设计，深入理解业务、参与需求分析并将之转换成技术实现方案5.攻克高并发、高稳定性，业务模型复杂等带来的各种挑战及技术难关6.研究相关新技术，并努力提升项目研发的效率和质量任职要求：1.计算机相关专业，本科及以上学历2.5年以上的产品研发或大型项目工程开发经验3.精通Java开发语言，熟悉jvm，web开发、缓存，分布式、高并发等核心技术4.熟悉Spring框架，熟练掌握SpirngCloud、SpringMVC、Hibernate和MyBatis等5.扎实的算法、数据结构功底以及系统设计能力，有丰富的性能调优经验6.熟悉Docker/Kubernetes相关生态并有实践经验，有集成Openstack和Docker落地经验者优先7.熟练掌握常见的关系型数据库（如Mysql）和Nosql（如Redis）数据库，熟悉常见的缓存技术与实现原理（如Memcached等）8.熟悉RPC框架（如Dubbo、Thrift等）、消息队列框架（如Kafka、RocketMQ等），熟悉Hadoop/Spark，流计算等，了解分布式协调服务Zookeeper9.熟悉权限管理、统一登录等系统的设计和实现原理，了解Oauth协议，有开放平台设计和开发经验者优先10.熟悉Linux系统原理、熟练运用Linux命令与脚本11.理解敏捷开发流程并有实践经验12.为人乐观积极，具有良好的沟通和团队协作能力福利待遇年底双薪,股票期权,带薪年假,交通补助,通讯津贴,午餐补助,绩效奖金,补充公积金",系统设计和开发工/S | 算法工程/S | 研发/S | 合作/T | 应用到/S | AI平台及产品框架/S | 改进/S | 扩展/S | 编写/S | 测试和评审/S | 需求设计/S | 需求分析并/S | 技术实现方/S | 高并发/K | 高稳定性/K | 技术难关6/K | 研究相关/S | 新技术/K | 工程开发经验/S | Java开发语言/S | jvm，web开发、缓存/S | 核心技术4/K | Spring框架/S | SpirngCloud、SpringMVC、Hibernate和MyBatis等/S | 数据结构功/K | 系统设计能力/S | 性能调优经验/S | Docker/Kubernetes相关生态并/S | Openstack和Docker/K | 落地经验/S | 关系型数据库（如/S,[],系统设计/S | 开发/S | 算法/K | AI平台/K | 产品框架/K | 改进/S | 扩展/S | 测试/S | 评审/S | 需求设计/S | 需求分析/S | 技术实现方案/S | 高并发/K | 高稳定性/K | 本科及以上学历/K | Java/S | jvm/K | web开发/S | 缓存/K | 分布式/K | Spring/S | SpringMVC/S | Hibernate/S | MyBatis/S | 数据结构/K | 系统设计/S | 性能调优/S | Docker/S | Kubernetes/S | Openstack/S | Mysql/S | Redis/S | Memcached/S | Dubbo/S | Thrift/S | 消息队列/K | Kafka/S | RocketMQ/S | Hadoop/S | Spark/S | 流计算/S | Zookeeper9/S | 权限管理/K | 统一登录/K | Oauth协议/K | 开放平台设计/S | Linux/S | Linux命令/S | 脚本/S | 敏捷开发/K | 沟通/T | 团队协作/T,算法/K | 高并发/K | 计算机相关专业/K | 本科及以上学历/K | Java开发语言/S | jvm/S | web开发/S | 缓存/S | 分布式/K | Spring框架/S | SpirngCloud/S | SpringMVC/S | Hibernate/S | MyBatis/S | 数据结构/K | 系统设计能力/S | 性能调优经验/S | Docker/S | Kubernetes/S | Openstack/S | Docker/S | 关系型数据库/S | Mysql/S | Nosql/S | Redis/S | 缓存技术/S | Memcached/S | RPC框架/S | Dubbo/S | Thrift/S | 消息队列框架/S | Kafka/S | RocketMQ/S | Hadoop/S | Spark/S | 流计算/S | Zookeeper9/S | 权限管理/S | 统一登录/S | Oauth协议/K | 开放平台设计和开发经验/S | Linux系统原理/K | Linux命令与脚本/S | 敏捷开发流程/K,,
1822-s0000,03,todo,人工智能招聘,span_mismatch,,岗位职责：1.参与设计下一代的人工智能开发和应用平台，负责结合人工智能和垂直行业场景的产品的探索、机会发现、商务洽谈与方案及产品设计，协调各方资源推动产品上线;,设计下/S | 人工智能开发/S | 垂直行业场景的产/K | 探索/S | 机会发现/S | 推动产/S,人工智能/K | 产品设计/S,人工智能/K | 垂直行业/K | 机会发现/S | 商务洽谈/S | 产品设计/S | 产品上线/S,人工智能开发和应用平台/S | 人工智能/K | 垂直行业场景/K | 商务洽谈/S | 产品设计/S,,
1822-s0001,03,todo,人工智能招聘,span_mismatch,,2.对以数据展示为核心的演示性产品的设计；,数据展示为/K | 演示性产品的设计/K,设计/S,数据展示/K,数据展示/S | 演示性产品的设计/S,,
1822-s0002,03,todo,人工智能招聘,span_mismatch,,3.对在人工智能算法的可视化应用进行产品设计工作；,人工智能算法的可/S | 产品设计工作/S,人工智能/K | 算法/K | 可视化/S | 产品设计/S,人工智能算法/K | 可视化应用/S | 产品设计/S,人工智能算法/K | 可视化应用/S | 产品设计工作/S,,
1822-s0003,03,todo,人工智能招聘,span_mismatch,,4.同研发团队紧密结合，开发AI新功能，推进技术研发创新。,研发团队紧/T | 开发AI/S | 推进技术/S | 创新/S,AI/S | 创新/T,技术研发创新/S,研发团队紧密结合/T | 开发AI新功能/S | 技术研发创新/S,,
1822-s0005,03,todo,人工智能招聘,span_mismatch,,2.工作经验-五年以上设计或产品相关经验，拥有丰富的B端产品和用户体验产品设计的经验。,设计或产品相关经/S | B端产品和用户体/K,设计/S | 产品设计/S,设计/S | 产品/K | B端产品/K | 用户体验/K | 产品设计/S,设计或产品相关经验/S | B端产品/K | 用户体验产品设计/S,,
1822-s0006,03,todo,人工智能招聘,span_mismatch,,3．能力要求-具备较强的对人工智能抽象算法进行可视化和交互式产品设计的能力；,人工智能抽象算法/S | 可视化和交互式产/S,人工智能/K | 算法/K | 可视化/S | 产品设计/S,交互式产品设计/S,人工智能抽象算法/K | 可视化/S | 交互式产品设计/S,,
1822-s0010,03,todo,人工智能招聘,span_mismatch,,-逻辑思维能力强，具备良好的合作态度及团队精神；,-逻辑思维能力强/T | 合作态度及团队精/T,逻辑思维能力/T | 团队精神/T,逻辑思维能力/T | 合作态度/T | 团队精神/T,逻辑思维能力强/T | 合作态度/T | 团队精神/T,,
1823-s0000,03,todo,人工智能招聘,span_mismatch,,职位描述：1、负责公司软件产品的UI界面设计工作；,UI界面设计工作/S,界面设计/S,UI界面设计/S,UI界面设计工作/S,,
1823-s0003,03,todo,人工智能招聘,span_mismatch,,任职要求：1、精通Photoshop、Illustrator、Flash等图形软件，html、Dreamweaver等网页制作工具，能够独立完成静态网页设计工作；,Photoshop、Illustrator、Flash等图形/S | 静态网页设计工作/S,Photoshop/S | Illustrator/S | Flash/S | html/S,Photoshop/S | Illustrator/S | Flash/S | html/S | Dreamweaver/S | 静态网页设计/S,Photoshop/S | Illustrator/S | Flash/S | html/S | Dreamweaver/S | 静态网页设计工作/S,,
1823-s0004,03,todo,人工智能招聘,span_mismatch,,2、熟练操作常用办公软件，且具备其它软件应用能力；,操作常/S | 办公软件/K | 软件应用能力/S,办公软件/K,办公软件/K | 软件应用/S,办公软件/S | 软件应用能力/S,,
1823-s0006,03,todo,人工智能招聘,span_mismatch,,4、对通用类软件或互联网应用产品的人机交互方面有自己的理解和认识；,通用类软件或互联/K,通用类软件/K,互联网应用产品/K | 人机交互/K,通用类软件/K | 互联网应用产品/K | 人机交互/K,,
1823-s0007,03,todo,人工智能招聘,span_mismatch,,5、具备良好的审美能力、深厚的美术功底，有较强的平面设计和网页设计能力；,审美能力/T | 美术功底/K | 平面设计和网页设/S,平面设计/S,审美能力/T | 美术功底/K | 平面设计/S | 网页设计/S,审美能力/T | 美术功底/K | 平面设计/S | 网页设计能力/S,,
1823-s0008,03,todo,人工智能招聘,span_mismatch,,6、具有敏锐的用户体验观察力，富有创新精神；,用户体验观/K | 创新精神/T,创新精神/T,用户体验/K | 创新精神/T,用户体验观察力/K | 创新精神/T,,
1823-s0009,03,todo,人工智能招聘,span_mismatch,,7、具有良好的团队协作及交流沟通能力，能够根据业务需求描述，独立设计出符合要求的UI界面；,团队协作及交流沟/T | 设计出/S | UI界面/S,沟通能力/T,团队协作/T | 沟通能力/T,团队协作/T | 交流沟通能力/T | UI界面/S,,
1824-s0000,03,todo,人工智能招聘,span_mismatch,,【工作职责】1.负责解决云产品现网疑难问题，深入分析，推动问题解决方案落地；,解决云/S | 分析，推动问/S | 落地/S,分析/S | 问题解决/S | 落地/S,云产品/K | 深入分析/S | 解决方案落地/S,云产品现网疑难问题/S | 深入分析/S | 问题解决方案落地/S,,
1824-s0001,03,todo,人工智能招聘,span_mismatch,,2.负责业务大数据数据分析，资源质量数据分析，提升客户跑量;,业务大数据数据分/S,大数据/K | 数据分析/S,资源质量数据分析/S,业务大数据数据分析/S | 资源质量数据分析/S,,
1824-s0004,03,todo,人工智能招聘,span_mismatch,,【岗位要求】1.本科及以上学历，计算机及相关专业，3年以上工作经验；,计算机及相关专业/K,本科及以上学历/K | 计算机/K | 相关专业/K,本科及以上学历/K,本科及以上学历/K | 计算机及相关专业/K,,
1824-s0005,03,todo,人工智能招聘,span_mismatch,,2.有云计算大规模基础服务平台的架构设计、运维经验优先；,云计算大/K | 架构设计/S | 运维经/S,云计算/K | 架构设计/S | 运维经验/S,云计算/K | 基础服务平台/K | 架构设计/S | 运维/S,云计算/K | 大规模基础服务平台/K | 架构设计/S | 运维经验/S,,
1824-s0007,03,todo,人工智能招聘,span_mismatch,,4.熟练Linux内核、docker，能够快速部署，配置及排错；,Linux内核/S | 快速部署，配置及/S,Linux/S | docker/S | 配置/S,Linux内核/S | docker/S | 部署/S | 配置/S | 排错/S,Linux内核/S | docker/S | 快速部署/S | 配置/S | 排错/S,,
1824-s0008,03,todo,人工智能招聘,span_mismatch,,5.具备并擅长Python、Perl、shell、SQL等开发能力优先；,SQL等/S,Python/S | Perl/S | shell/S | SQL/S,Python/S | Perl/S | shell/S | SQL/S | 开发/S,Python/S | Perl/S | shell/S | SQL/S | 开发能力/S,,
1824-s0009,03,todo,人工智能招聘,span_mismatch,,6.热爱技术，自我驱动，主动思考，不断钻研和探索新领域，有较好的技术敏感度、风险识别能力和全局意识。,技术，自我驱动/T | 钻研和探索新/T | 技术敏感度/T | 风险/T,自我驱动/T | 全局意识/T,自我驱动/T | 主动思考/T | 技术敏感度/T | 风险识别能力/T | 全局意识/T,热爱技术/T | 自我驱动/T | 主动思考/T | 钻研和探索新领域/T | 技术敏感度/T | 风险识别能力/T | 全局意识/T,,
1825-s0000,03,todo,人工智能招聘,span_mismatch,,工作职责：1.主要负责旷视深度学习平台的测试和质量保证工作。,深度学习平/K | 测试和质量保证工/S,深度学习/K | 测试/S,深度学习平台/K | 测试/S | 质量保证/S,深度学习平台/K | 测试/S | 质量保证工作/S,,
1825-s0003,03,todo,人工智能招聘,span_mismatch,,任职要求：1.本科及以上学历，3年以上系统软件测试经验。,系统软件测试经验/S,本科及以上学历/K | 软件测试/K,本科及以上学历/K | 系统软件测试/S,本科及以上学历/K | 系统软件测试经验/S,,
1825-s0004,03,todo,人工智能招聘,span_mismatch,,2.有一定编码能力，熟悉bash/python等至少一门脚本语言，有Go语言开发经验者优先。,编码能/S | python等至少一门脚本/S | Go语言开发/S,编码/S | bash/S | python/S | 脚本语言/K | Go/S,编码/S | bash/S | python/S | 脚本语言/S | Go语言/S | 开发/S,编码能力/S | bash/S | python/S | 脚本语言/S | Go语言开发经验/S,,
1825-s0005,03,todo,人工智能招聘,span_mismatch,,3.强烈的质量意识和测试理念，能够根据项目特点、用户需求等制定完善的项目测试计划和测试方案，善于总结项目、团队工作中存在的问题，并能够提出有效的改进办法；,质量意识和测试理/T | 制定完/S | 项目测试计划和测/K | 总结项/S | 提出有/S | 改进办法/K,质量意识/T,质量意识/T | 测试理念/K | 改进办法/S,质量意识/T | 测试理念/K | 项目测试计划/S | 测试方案/S | 总结/S | 改进办法/S,,
1825-s0006,03,todo,人工智能招聘,span_mismatch,,4.熟悉软件工程理论和方法，对各种软件测试的技术、理论、方法都有实践经验，如白盒测试、黑盒测试。,软件工程理论和方/K | 各种软件测试的技/K | 实践经验/S | 白盒测试/S | 黑盒测/S,软件工程/K | 软件测试/K,软件工程理论/K | 白盒测试/S | 黑盒测试/S,软件工程理论和方法/K | 软件测试的技术/K | 理论/K | 方法/S | 实践经验/S | 白盒测试/S | 黑盒测试/S,,
1825-s0007,03,todo,人工智能招聘,empty_mismatch,,在自动化、服务器性能、安全等专项测试技术方面有建树者优先；,自动化/K | 服务器性/K,自动化/K,[],自动化/S | 服务器性能/S | 安全/S | 专项测试技术/S,,
1825-s0008,03,todo,人工智能招聘,span_mismatch,,5.熟悉Linux基本操作和原理，在云计算、深度学习等领域者有工作实践经验优先；,Linux基本操作和原理/S | 云计算/K | 深度学习/K,Linux/S | 云计算/K | 深度学习/K,云计算/K | 深度学习/K,Linux基本操作/S | 原理/K | 云计算/K | 深度学习/K,,
1825-s0009,03,todo,人工智能招聘,span_mismatch,,具有良好的沟通能力、团队合作精神和快速的学习能力，思维敏捷、逻辑清晰、执行力强、工作责任心强。,沟通能力/T | 团队合/T | 学习能力，思维敏/T | 工作责任心强/T,沟通能力/T | 团队合作精神/T | 学习能力/T | 思维敏捷/T | 责任心强/T,沟通能力/T | 团队合作精神/T | 学习能力/T | 思维敏捷/T | 逻辑清晰/T | 执行力/T | 责任心/T,沟通能力/T | 团队合作精神/T | 学习能力/T | 思维敏捷/T | 逻辑清晰/T | 执行力强/T | 责任心强/T,,
1826-s0000,03,todo,人工智能招聘,span_mismatch,,工作内容1.负责AR相关计算机视觉算法和系统研发2.跟踪及研究AR与计算机视觉相关领域前沿技术职位要求1.计算机视觉相关专业硕士或以上学历2.在AR/VR、图像处理、图像识别分割、三维建模等方面有研发经验3.了解相关领域前沿论文及成果4.有扎实的数学功底及较强的算法分析能力5.熟练C/C++/Java/Python等编程语言，能独立编程实现算法6.熟悉OpenCV及常用深度学习框架7.有实际项目研发经历，有Android、Linux开发经验优先,AR相关/K | 系统研发2/S | 跟踪及研究AR/S | 前沿技术职/K | VR、图像处理、图/K | 维建模等方/K | 研发经验3/S | 相关/S | 前沿论文及成果4/K | 数学功底及较/K | 算法分析能力5./S | 熟练C/S | C++/S | Python等/S | 深度学习框架7./S | 研发经历/S | Android、Linux开发经验优/S,计算机视觉/K | 算法/K | 跟踪/S | 相关专业/K | 硕士/K | VR/K | 图像处理/K | 图像识别/K | 建模/S | 数学/K | 分析能力/T | 熟练C/S | C++/S | Java/S | Python/S | 编程语言/K | OpenCV/S | 深度学习/K | Android/S | Linux/S,AR/K | 计算机视觉算法/K | 系统研发/S | VR/K | 图像处理/K | 图像识别/K | 三维建模/K | 研发/S | 数学功底/K | 算法分析/S | C/S | C++/S | Java/S | Python/S | 编程/S | OpenCV/S | 深度学习框架/K | 项目研发/S | Android/S | Linux/S | 开发/S,AR/K | 计算机视觉/K | VR/K | 图像处理/K | 图像识别分割/K | 三维建模/K | C/C++/S | Java/S | Python/S | OpenCV/S | 深度学习框架/S | Android/S | Linux/S,,
1827-s0000,03,todo,人工智能招聘,span_mismatch,,[职位描述： 1、利用相关技术和算法，提供文本分析相关的基础方案与服务；,相关技术和算法/S | 基础方案与服务/S,算法/K,文本分析/S | 基础方案/S,文本分析/K,,
1827-s0004,03,todo,人工智能招聘,span_mismatch,, 任职要求： 1、熟练掌握自然语言处理NLP相关理论与技术方法；,自然语言处理NLP/K | 关理论与技术方法/K,自然语言处理/K,自然语言处理/K | NLP/K | 理论/K | 技术方法/K,自然语言处理/K | NLP/K,,
1827-s0006,03,todo,人工智能招聘,span_mismatch,, 3、熟悉中英文分词、词性标注、实体识别、句法分析、自动文本分类，关键值提取等自然语言处理技术，熟悉语义分析方法和技术（相似度计算、本体理论、语义推理等）；,中英文分词/L | 词性/L | 语义分析方法和技/K | 相似度计算/K | 本体/K,英文/L | 分类/S | 自然语言处理/K | 相似度计算/K,英文分词/S | 词性标注/S | 实体识别/S | 句法分析/S | 自动文本分类/S | 关键值提取/S | 自然语言处理技术/K | 语义分析/K | 相似度计算/K | 本体理论/K | 语义推理/K,英文/L | 分词/S | 词性标注/S | 实体识别/S | 句法分析/S | 自动文本分类/S | 关键值提取/S | 自然语言处理/K | 语义分析/K | 相似度计算/K | 本体理论/K | 语义推理/K,,
1827-s0010,03,todo,人工智能招聘,span_mismatch,, 7、具有相关项目研发经验者（项目主要参与人员）优先；,研发经验/S,研发/S,项目研发/S,项目研发经验/S,,
1827-s0011,03,todo,人工智能招聘,span_mismatch,, 8、1年经验以上（不包括实习），统招硕士学历以上。,[],硕士/K,硕士学历/K,[],,
1828-s0000,03,todo,人工智能招聘,span_mismatch,,1.精通C\C++、python语言编程至少一种，有扎实的算法及数据结构基础。,C\C++/S | python语/S | 算法及数据结构基/S,C++/S | python/S | 算法/K | 数据结构/K,C/S | C++/S | python/S | 编程/S | 算法/K | 数据结构/K,C/S | C++/S | python/S | 算法/K | 数据结构/K,,
1828-s0001,03,todo,人工智能招聘,span_mismatch,,2.熟悉Linux系统，熟悉makefile，gcc/g++等工具，有ARM平台编程经验优先；,Linux系统/S | makefile，gcc/g++等/K | ARM平台编程经验/S,Linux/S | makefile/K | gcc/S | ARM/S,Linux系统/S | makefile/S | gcc/S | g++/S | ARM平台/S | 编程/S,Linux/S | makefile/S | gcc/S | g++/S | ARM平台编程/S,,
1828-s0002,03,todo,人工智能招聘,span_mismatch,,3.熟悉至少一种深度学习框架的源代码如Tensorflow、Pytorch、Caffe者优先。,深度学习框架的源/S,深度学习/K | Tensorflow/S | Pytorch/S,深度学习框架/K | 源代码/S | Tensorflow/S | Pytorch/S | Caffe/S,深度学习框架/S | Tensorflow/S | Pytorch/S | Caffe/S,,
1829-s0000,03,todo,人工智能招聘,span_mismatch,,1．依据公司提供的客户资源，负责澳洲、泰国、新西兰、英国、美国、加拿大等海外房产客户，通过网络、电话、微信等方式进行营销开发与销售执行；,澳洲/K | 泰国/K | 新西/K | 网络/S | 电话/S | 微信/S | 营销开发与销售执/S,网络/K,海外房产/K | 营销开发/S | 销售执行/S,网络/S | 电话/S | 微信/S | 营销开发/S | 销售执行/S,,
1829-s0001,03,todo,人工智能招聘,empty_mismatch,, 2．准确理解客户需求，提供优质房产项目并详细完成客户联络记录；,确理解客户需求/T | 完成客户联络记录/S,[],客户联络/S,客户需求/T | 客户联络记录/S,,
1829-s0002,03,todo,人工智能招聘,span_mismatch,, 3．为客户提供海外购房法律法规、贷款政策、交房、租赁等环节的专业咨询（公司提供相关培训课程）；,海外购房法律法规/K | 专业咨询（/K | 培训课程）/K,法律法规/K,海外购房法律法规/K | 贷款政策/K | 专业咨询/S,海外购房法律法规/K | 贷款政策/K | 交房/K | 租赁/K,,
1829-s0014,03,todo,人工智能招聘,span_mismatch,, 4. 对投资及海外资产配置有独到的见解及较高的学习热情者，优先考虑。,投资及海外资产配/K | 学习热/T,投资/K,投资/K | 海外资产配置/K,投资/K | 海外资产配置/K | 学习热情/T,,
1830-s0000,03,todo,人工智能招聘,span_mismatch,,工作职责-负责百度智能云AI产品的Web前端研发工作-与团队配合完成项目的设计与开发职位要求-计算机及相关专业本科以上学历，有实际前端项目开发经验-熟悉Javascript、css、HTML、DOM、ajax、jquery等前端技术。,百度智能云AI产品/K | 设计与开发职/S | Javascript、css、HTML、DOM/S,AI/S | 设计/S | 计算机/K | 相关专业/K | 本科/K | 项目开发/S | Javascript/S | css/S | HTML/S | DOM/S | ajax/S | jquery/S,Web前端研发/S | 开发/S | 本科以上学历/K | 前端项目开发/S | Javascript/S | css/S | HTML/S | DOM/S | ajax/S | jquery/S | 前端技术/K,计算机及相关专业/K | 本科以上学历/K | 前端项目开发经验/S | Javascript/S | css/S | HTML/S | DOM/S | ajax/S | jquery/S,,
1830-s0001,03,todo,人工智能招聘,empty_mismatch,,"-熟悉W3C、ECMAScript、es6等相关技术标准-需要拥有至少一年React项目开发经验，熟悉ReactHooks加分-会用Webpack、Grunt、Gulp、其中任意一项构建工具的使用和配置的加分福利待遇绩效奖金,带薪年假,定期体检,管理规范,岗位晋升,五险一金,团队建设",W3C、ECMAScript、es6等相关/K | 技术标准-/K | React项目开发经验/S | ReactHooks加分-会用/K | 构建工具的使用和/S,[],W3C/K | ECMAScript/K | es6/K | 技术标准/K | React/S | 项目开发/S | ReactHooks/S | Webpack/S | Grunt/S | Gulp/S | 构建工具/K | 使用/S | 配置/S,W3C/K | ECMAScript/K | es6/K | React/S | Webpack/S | Grunt/S | Gulp/S,,
1831-s0000,03,todo,人工智能招聘,span_mismatch,,岗位职责：1、全面负责产品体系的构建，管理公司产品研发和项目管理工作，带领团队完成公司制定的产品开发任务目标;,构建，管理公/S | 项目管理工作/S | 带领团/T | 制定的产品开发任/S,构建/S | 项目管理/S | 产品开发/S,项目管理/S | 产品开发/S,产品研发/S | 项目管理/S,,
1831-s0001,03,todo,人工智能招聘,span_mismatch,,2、规划公司的技术发展路线与产品开发，建立和完善公司研发和产品体系、技术支持体系，不断推动产品技术创新和流程的优化，持续提升公司整体的产研能力;,技术发展路线与产/S | 产品体系/K | 技术支/K | 产品技术创新和流/S | 产研能力/S,产品开发/S | 技术支持/S,产品开发/S | 技术支持体系/K | 产品技术创新/S,技术发展路线/K | 产品开发/S | 产品体系/K | 技术支持体系/K | 产品技术创新/S,,
1831-s0002,04,todo,人工智能招聘,span_mismatch,,3、结合业务需求，引用前沿技术，推动平台产品技术创新开发，对新技术、行业动向保持敏锐的感知度;,结合业务需求，引/S | 新技术/K | 行业动向/K | 敏锐的感知度/T,新技术/K | 敏锐/T,平台产品技术创新/S,前沿技术/K | 平台产品技术创新/S | 新技术/K | 行业动向/K,,
1831-s0005,04,todo,人工智能招聘,span_mismatch,,任职资格：1、本科及以上学历，通信、计算机等相关专业，10年及以上相关工作经验，有项目成功案例、大型系统平台研发及架构设计经验者优先;,通信/K | 计算机等相/K | 项目成功案例、大/K,本科及以上学历/K | 通信/K | 计算机/K | 相关专业/K | 项目成功案例/K | 架构设计/S,本科及以上学历/K | 通信/K | 计算机/K | 架构设计/S,本科及以上学历/K | 通信/K | 计算机/K | 项目成功案例/K | 大型系统平台研发/S | 架构设计/S,,
1831-s0009,04,todo,人工智能招聘,span_mismatch,,4、善于把握全局，有很强的逻辑思考能力和发现问题、分析问题、解决问题的能力;,把握全局/T | 逻辑思考能力和发/T,分析问题/S | 解决问题/S,逻辑思考能力/T | 发现问题/S | 分析问题/S | 解决问题/S,把握全局/T | 逻辑思考能力/T | 发现问题/T | 分析问题/T | 解决问题/T,,
1831-s0010,04,todo,人工智能招聘,span_mismatch,,5、优秀的沟通协调及组织管理能力，具备目标设定与执行、项目管理、激励与辅导、有促进他人行动的能力，能够领导团队完成平台级别的开发任务。,沟通协/T | 组织管理能/T | 目标设定与执行/S | 促进他人行动的能/T | 领导团队完/T | 开发任/S,管理能力/T | 目标设定/S | 项目管理/S,沟通协调/T | 组织管理/T | 目标设定/S | 执行/S | 项目管理/S | 激励/T | 辅导/T,沟通协调/T | 组织管理能力/T | 目标设定与执行/S | 项目管理/S | 激励与辅导/S | 促进他人行动/T | 领导团队/T,,
1832-s0001,04,todo,人工智能招聘,span_mismatch,,2、翻译项目资源接口，参与项目管理；,翻译项目资源接口/S | 项目管理/S,翻译/S | 项目管理/S,翻译项目资源接口/S | 项目管理/S,项目管理/S,,
1832-s0002,04,todo,人工智能招聘,span_mismatch,,3、利用公司现有资源渠道，根据翻译项目需求开发储备适用资源；,利用公/S | 翻译项目需求开发/S | 储备适/S,翻译/S,翻译项目需求开发/S,开发储备/S,,
1832-s0005,04,todo,人工智能招聘,span_mismatch,,2、有翻译行业工作经验或大数据处理项目经验者优先；,翻译行/K | 工作经验/K | 大数据处理项/K,翻译/S | 大数据处理/S,翻译行业/K | 大数据处理/S,翻译行业/K | 大数据处理/K,,
1832-s0006,04,todo,人工智能招聘,span_mismatch,,3、善于有效沟通、工作思路清晰、出色的汇报意识和逻辑思维能力；,有效沟通/T | 工作思/T | 汇报意识和逻辑思/T,思路清晰/T | 汇报/S | 逻辑思维能力/T,沟通/T | 工作思路清晰/T | 汇报意识/T | 逻辑思维能力/T,有效沟通/T | 工作思路清晰/T | 汇报意识/T | 逻辑思维能力/T,,
1833-s0001,04,todo,人工智能招聘,empty_mismatch,,工作职责: 在mentor指导下，负责对话领域的先进模型技术优化及探索，形成专利或发表顶会论文。,责: 在mentor指导下/T | 先进模型技术优化/S,[],对话领域/K | 模型技术优化/S,对话领域/K | 模型技术优化/S | 专利/K | 顶会论文/K,,
1833-s0002,04,todo,人工智能招聘,span_mismatch,,要求: 1.熟悉nlp领域基本知识，了解nlp领域某一方面先进技术，对分类、匹配、生成模型、强化学习等有深入理解优先，具备相关学术研究经验或竞赛经验优先。,nlp领域基本知识/K | nlp领域某一方面先/K | 分类/K | 匹配/K | 生成/K,nlp领域基本知识/K | 分类/S | 匹配/K | 强化学习/K,nlp/K | 分类/K | 匹配/K | 生成模型/K | 强化学习/K | 学术研究/S,nlp领域基本知识/K | 分类/K | 匹配/K | 生成模型/K | 强化学习/K | 学术研究经验/K | 竞赛经验/K,,
1833-s0003,04,todo,人工智能招聘,span_mismatch,, 2.熟悉tensorflow，pytorch等深度学习框架，具备state of the art模型的复现和持续优化的能力。,tensorflow，pytorch等深度学习/S | state of the art模/K,tensorflow/S | pytorch/S | 深度学习/K,tensorflow/S | pytorch/S | 深度学习框架/K,tensorflow/S | pytorch/S | 深度学习框架/S | 持续优化/S,,
1833-s0004,04,todo,人工智能招聘,span_mismatch,, 3.性格开朗，乐于分享和交流，有意愿在nlp相关领域深入研究。,性格开朗，乐于分/T | nlp相关领域深入研/K,性格开朗/T,性格开朗/T | nlp/K,性格开朗/T | 乐于分享/T | 交流/T,,
1834-s0000,04,todo,人工智能招聘,span_mismatch,,岗位职责:1、 负责了解客户的需求，挖掘客户潜在需求，设计编制华为智能家居系统集成解决方案，并向客户充分展示技术方案；,需求，挖掘客/T | 潜在需求，设计编/T | 华为智能家居系统/K | 展示技术/S,智能家居/K,华为智能家居系统/K,智能家居系统/K,,
1834-s0002,04,todo,人工智能招聘,span_mismatch,,3、在拓展阶段根据客户的需求进行智能方案设计，引导客户使用华为全屋智能方案；,智能方案设计，引/S | 华为全屋智能方案/K,方案设计/S | 华为全屋智能方案/K,智能方案设计/S | 华为全屋智能方案/K,智能方案设计/S,,
1834-s0004,04,todo,人工智能招聘,span_mismatch,,4、针对具体的智能家居应有场景提供解决方案，跟进和推动解决方案的实施和落地；,应有场景提/K | 跟进和推动解/S,智能家居/K,解决方案/S,解决方案/S | 实施/S | 落地/S,,
1834-s0005,04,todo,人工智能招聘,empty_mismatch,,5、了解最新行业资讯，能提供前沿的智能化方案。,最新行业资讯/K | 提供前沿的智能化/S,[],行业资讯/K | 智能化方案/S,智能化方案/S,,
1834-s0006,04,todo,人工智能招聘,span_mismatch,,岗位要求： 1、熟练操作CAD、Photoshop绘图软件及Office办公软件；,操作CAD/S,CAD/S | Photoshop/S | 绘图/S | Office/S,CAD/S | Photoshop/S | Office/S,CAD/S | Photoshop/S | Office办公软件/S,,
1834-s0007,04,todo,人工智能招聘,span_mismatch,,2、熟悉弱电电气原理系统（如：监控、可视对讲、安防）；,弱电电气原理系统/K | 监控/K | 可视对讲/K,弱电电气原理系统/K | 监控/S | 可视对讲/K,弱电电气原理/K | 监控/K | 可视对讲/K | 安防/K,弱电电气原理/K | 可视对讲/K | 安防/K,,
1834-s0008,04,todo,人工智能招聘,span_mismatch,,3、具有1年以上智能家居、楼宇自控、综合布线、安防监控、家庭影院等设计经验；,智能家居/K | 楼宇自/K,智能家居/K,智能家居/K | 楼宇自控/K | 综合布线/K | 安防监控/K | 家庭影院/K | 设计/S,智能家居/K | 楼宇自控/K | 综合布线/K | 安防监控/K | 家庭影院/K,,
1834-s0009,04,todo,人工智能招聘,span_mismatch,,4、具备一定洽谈沟通能力，能够协助转化准客户，协助实现销售合同签单；,洽谈沟/T | 协助转化准/S | 协助实现销/S,沟通能力/T,洽谈沟通/T,洽谈沟通能力/T | 协助转化/S,,
1834-s0010,04,todo,人工智能招聘,empty_mismatch,,5、细心、工作负责、团队协作精神强，有热情，喜欢高科技电子产品；,工作负责/T | 团队协/T,[],细心/T | 团队协作/T,细心/T | 工作负责/T | 团队协作精神/T | 热情/T,,
1834-s0011,04,todo,人工智能招聘,span_mismatch,,6、物联网、楼宇自控、计算机信息、通讯工程、室内设计、建筑设计等相关专业，具有智能家居、智慧城市、智慧园区相关项目经验者优先。,物联网/K | 楼宇自控/K | 智能家居/K | 智慧城/K,物联网/K | 楼宇自控/K | 计算机/K | 相关专业/K | 智能家居/K | 智慧城市/K,物联网/K | 楼宇自控/K | 计算机信息/K | 通讯工程/K | 室内设计/K | 建筑设计/K | 智能家居/K | 智慧城市/K | 智慧园区/K | 项目经验/S,物联网/K | 楼宇自控/K | 计算机信息/K | 通讯工程/K | 室内设计/K | 建筑设计/K | 智能家居/K | 智慧城市/K | 智慧园区/K,,
1835-s0001,04,todo,人工智能招聘,span_mismatch,, 2、优化模型和召回，提升财经内容的分发效率，改善用户体验；,模型和召回/S | 财经内容的分发效/K | 用户体验/T,优化模型/K,用户体验/K,优化模型/S | 召回/S | 分发效率/K | 用户体验/T,,
1835-s0003,04,todo,人工智能招聘,empty_mismatch,, 4、挖掘数据，改善产品。,挖掘数据，改善产/S,挖掘数据/S,[],挖掘数据/S | 改善产品/S,,
1835-s0004,04,todo,人工智能招聘,span_mismatch,, 职位要求： 1、优秀的代码能力，掌握常用编程语言和算法；,代码能力/S | 编程语言和算法/S,编程语言/K | 算法/K,代码能力/S | 编程语言/S | 算法/K,代码能力/S | 编程语言/S | 算法/S,,
1835-s0007,04,todo,人工智能招聘,span_mismatch,, 4、有推荐、搜索 rank 等相关工作经验优先。,推荐/S | 搜索 rank/S,推荐/S | 搜索 rank/S,推荐/S | 搜索/S | rank/S,推荐/S,,
1836-s0000,04,todo,人工智能招聘,span_mismatch,,百度搜索马 克 数 据 网 岗位职责： 1、8年以上的软件行业研发经验，4年以上项目管理经验、技术管理或研发管理工作经验；,软件行业研/K | 项目管理经验/S | 技术管理或研发管/S,项目管理/S | 技术管理/S,项目管理/S | 技术管理/S | 研发管理/S,软件行业研发/K | 项目管理/S | 技术管理/S | 研发管理/S,,
1836-s0001,04,todo,人工智能招聘,span_mismatch,, 2、参与技术难题攻关，负责/参与平台技术架构设计、重构；,技术难题攻关/S | 平台技术架构设计/S,技术架构/K,技术难题攻关/S | 平台技术架构设计/S,技术难题攻关/S | 技术架构设计/S | 重构/S,,
1836-s0002,04,todo,人工智能招聘,empty_mismatch,, 3、根据业务规划及技术规划制定架构方案；,业务规划及技术规/K,[],业务规划/K | 技术规划/K,业务规划/K | 技术规划/K | 架构方案/K,,
1836-s0003,04,todo,人工智能招聘,empty_mismatch,, 4、负责基础架构组件开发和优化，负责开发和维护平台公用组件和模块；,基础架构组件开发/S | 维护平/S,[],基础架构组件开发/S,基础架构组件开发/S | 优化/S | 维护/S,,
1836-s0004,04,todo,人工智能招聘,span_mismatch,, 5、参与需求分析、概要设计、详细设计等开发过程中相关技术文档的编制及审核；,需求分析/S | 概要设/S | 编制及审核/S,需求分析/S | 技术文档/S | 审核/S,需求分析/S | 概要设计/S | 详细设计/S,需求分析/S | 概要设计/S | 详细设计/S | 审核/S,,
1836-s0006,04,todo,人工智能招聘,empty_mismatch,, 7、解决项目中的部分技术难题，并参与完成核心代码开发；,技术难题/S | 核心代码开发/S,[],核心代码开发/S,技术难题/S | 核心代码开发/S,,
1836-s0007,04,todo,人工智能招聘,span_mismatch,, 8、给予初、中级软件工程师技术指导和培训。,技术指导和培训/S,软件工程/K | 培训/S,技术指导/S,技术指导/S | 培训/S,,
1836-s0009,04,todo,人工智能招聘,span_mismatch,, 2. 具备良好的面向对象分析、设计、开发能力和思想，精通OO、AOP、OOP及设计模式；,面向对象分析、设/S | 思想，精通OO/K,面向对象/S | OO/K | 设计模式/K,面向对象分析/S | OO/K | AOP/K | OOP/K | 设计模式/K,面向对象分析/K | 设计/K | 开发能力/S | OO/K | AOP/K | OOP/K | 设计模式/K,,
1836-s0010,04,todo,人工智能招聘,span_mismatch,," 3. 具有深厚的专业技术基础，精通Java EE相关技术，熟悉微服务框架Spring boot,Spring cloud框架并有实际的项目开发经验；",技术基/K | Java EE相关技术/S | 微服务框架Spring/S | Spring cloud框架并有实/S | 项目开发经验/S,Java/S | 微服务/K | Spring/S | 项目开发/S,Java EE/S | 微服务框架/K | Spring boot/S | Spring cloud/S | 项目开发/S,专业技术基础/K | Java EE相关技术/S | 微服务框架/S | Spring boot/S | Spring cloud/S | 项目开发经验/S,,
1836-s0011,04,todo,人工智能招聘,span_mismatch,, 4. 熟悉前台框架，如bootstrap、jquery、Ext、EasyUI等；,前台框架/S | bootstrap、jquery、Ext、EasyUI等/K,前台框架/S | jquery/S | Ext/K,前台框架/K | bootstrap/S | jquery/S | Ext/S | EasyUI/S,前台框架/S | bootstrap/S | jquery/S | Ext/S | EasyUI/S,,
1836-s0012,04,todo,人工智能招聘,span_mismatch,, 5. 熟悉网络应用架构和系统架构，对分布式缓存、消息队列、大数据处理、远程调用等技术至少有2项有研究，熟悉HDFS、Mangodb、Redis、Memcached、 Kafka、Dubbo中的2项以上的技术，了解其原理和使用其优缺点，并有实战经验者优先；,网络应用架构和系/K | 分布式缓存/K | 消息/K | HDFS、Mangodb、Redis、Memcached/K | Kafka、Dubbo中的2项以/S | 原理和使/K | 优缺点/K | 实战经验者/S,网络/K | 系统架构/K | 分布式/K | 大数据处理/S | HDFS/S | Mangodb/K | Redis/S | Memcached/K | Kafka/S | 优缺点/K,网络应用架构/K | 系统架构/K | 分布式缓存/K | 消息队列/K | 大数据处理/S | 远程调用/K | HDFS/S | Mangodb/S | Redis/S | Memcached/S | Kafka/S | Dubbo/S,网络应用架构/K | 系统架构/K | 分布式缓存/K | 消息队列/K | 大数据处理/K | 远程调用/K | HDFS/S | Mangodb/S | Redis/S | Memcached/S | Kafka/S | Dubbo/S,,
1836-s0013,04,todo,人工智能招聘,span_mismatch,, 6. 熟悉掌握Maven构建工具；,Maven构建工具/S,Maven/S,Maven/S | 构建工具/K,Maven构建工具/S,,
1836-s0015,04,todo,人工智能招聘,span_mismatch,, 8. 熟练使用常用数据库MySql、Oracle、SqlServer等的备份、集群等；,使用常/S | MySql、Oracle、SqlServer等的备/S | 集群等/S,数据库/K | MySql/S | Oracle/S | SqlServer/S | 集群/S,MySql/S | Oracle/S | SqlServer/S,MySql/S | Oracle/S | SqlServer/S | 备份/S | 集群/S,,
1836-s0019,04,todo,人工智能招聘,span_mismatch,, 10. 了解php、python、go等语言，并有实际项目经验者优先 11. 做过能源、电力行业信息化项目、物联网项目者优先。,go等/K | 能源/K | 电力行业信/K,php/S | python/S | go/S | 物联网/K,php/S | python/S | go/S | 电力行业/K | 信息化项目/S | 物联网项目/S,php/S | python/S | go/S | 能源/K | 电力行业信息化项目/K | 物联网项目/K,,
1837-s0022,04,todo,人工智能招聘,empty_mismatch,,"公司致力于刷脸支付.小程序开发,网站开发等：以AI和大数据为基础，打造全球聚合新收银支付和共享综合平台，通过先进的技术和模式赋能小微企业，线下实体店，解决经营，管理，推广 销售等方面遇到的问题。",刷脸支付.小程序/S | AI和大数据为基础/K | 先进的技术和模式/K | 经营，管理，推广/K,程序开发/S | AI/S | 大数据/K | 管理/S | 推广/K,[],AI/K | 大数据/K,,
1838-s0001,04,todo,人工智能招聘,span_mismatch,,2、从广告资源组合及账户运营优化的角度对接直客广告主，指导客户广告投放及账户优化，提升广告收入。,广告资源组合及账/K | 指导客/S | 广告投放及账户优/S,广告资源组合/K | 广告投放/S,广告资源组合/K | 账户运营优化/S | 广告投放/S | 账户优化/S,广告投放/S | 账户优化/S,,
1838-s0002,04,todo,人工智能招聘,span_mismatch,,3、针对KA客户，形成一套完整的广告投放数据监测体系。,KA客户，形成一套/K | 广告投放数据监测/K,KA客户/K | 广告投放/S | 监测/S,KA客户/K | 广告投放数据监测/S,广告投放数据监测/S,,
1838-s0004,04,todo,人工智能招聘,empty_mismatch,,5、同时关注各广告平台的相关行业资讯，推动内部商业化的相关功能迭代，提升商业化收入。,时关注各/T | 资讯，推动内/K | 迭代，提升商/S | 收入/K,[],功能迭代/S,商业化/K,,
1838-s0005,04,todo,人工智能招聘,span_mismatch,,6、不定期整理及输出行业投放指导手册任职要求：1、学历背景：本科及以上学历，计算机、统计、经济、数理、信息等相关专业优先；,整理及输出行/S | 计算机、统计、经/K,本科及以上学历/K | 计算机/K | 统计/S | 相关专业/K,行业投放指导手册/S | 本科及以上学历/K | 计算机/K | 统计/K | 经济/K | 数理/K | 信息/K,本科及以上学历/K | 计算机/K | 统计/K | 经济/K | 数理/K | 信息/K,,
1838-s0007,04,todo,人工智能招聘,span_mismatch,,3、熟悉多种数据源深度诊断性组合分析、挖掘和建模、数理统计、数据分析、数据挖掘以及常用算法；,数据源深/K | 挖掘和建模/S | 数理/S | 常用算法/S,建模/S | 数理统计/K | 数据分析/S | 数据挖掘/S | 算法/K,数据源/K | 组合分析/S | 建模/S | 数理统计/K | 数据分析/S | 数据挖掘/S | 算法/K,建模/S | 数理统计/K | 数据分析/S | 数据挖掘/S | 常用算法/S,,
1838-s0008,04,todo,人工智能招聘,empty_mismatch,,4、三年以上大中型互联网公司经营或BI相关工作经验，互联网公司广告运营分析优先；,互联网公司经营或/K | BI相关/K | 广告运营分析优先/S,[],互联网公司/K | BI/K | 广告运营分析/S,BI/K | 广告运营分析/S,,
1838-s0009,04,todo,人工智能招聘,span_mismatch,,5、对商业和业务逻辑敏感，具备良好的逻辑分析能力和系统性思维能力，优秀的数据思维和数据决策意识，且思维缜密，做事认真严谨；,商业和业务逻辑敏/K | 逻辑分析能力和系/T | 数据思维和数据决/T | 思维缜密，做事认/T,逻辑分析能力/T | 严谨/T,业务逻辑敏感/T | 逻辑分析能力/T | 系统性思维/T | 数据思维/T | 数据决策意识/T | 思维缜密/T | 做事认真严谨/T,逻辑分析能力/T | 系统性思维能力/T | 数据思维/T | 数据决策意识/T | 思维缜密/T | 认真严谨/T,,
1838-s0011,04,todo,人工智能招聘,span_mismatch,,7、具备团队合作能力，能良好的沟通反馈能力，协调跨部门需求和解决问题；,团队合作能/T | 良好的沟通反/T | 协调跨/T | 解决问题/T,解决问题/S,团队合作/T | 沟通反馈/T,团队合作能力/T | 沟通反馈能力/T | 解决问题/T,,
1838-s0012,04,todo,人工智能招聘,span_mismatch,,一句话介绍工作内容：base在广告销售团队，协助销售，指导客户广告投放，优化广告效果，提升广告主的消耗以完成团队的销售目标特质：踏实、细心、有数据敏感度、抗压能力强,协助销/S | 指导客/S | 优化广/S | 提升广/S | 踏实/T | 细心/T | 有数/T,广告投放/S | 踏实/T | 细心/T | 抗压能力强/T,踏实/T | 细心/T | 数据敏感度/T | 抗压能力/T,协助销售/S | 指导客户广告投放/S | 优化广告效果/S | 踏实/T | 细心/T | 数据敏感度/T | 抗压能力/T,,
1839-s0002,05,todo,人工智能招聘,empty_mismatch,, 3、能够快速熟悉外部设备的SDK，并将设备接入现有系统平台，实现推流和拉流操作；,快速熟悉外/T | 接入现/S | 推流和拉流操/S,[],设备接入/S | 系统平台/K | 推流/S | 拉流/S,SDK/S | 推流/S | 拉流/S,,
1839-s0003,05,todo,人工智能招聘,span_mismatch,, 4、实现视频编解码功能和相关平台的优化；,实现视/S | 优化/S,优化/S,视频编解码/S,视频编解码/S | 优化/S,,
1839-s0006,05,todo,人工智能招聘,span_mismatch,,"对视频行业有深入的认识和理解 2.精通RTP/RTCP协议,有丰富的RTP/RTCP协议解析编程经验;",视频行业有/K | RTCP协议/K | 经验/S,RTCP协议/K,视频行业/K | RTCP协议/K | 协议解析/S | 编程/S,视频行业/K | RTP/RTCP协议/K | RTP/RTCP协议解析编程经验/S,,
1839-s0007,05,todo,人工智能招聘,span_mismatch,, 3.熟悉directshow，OPENGL开发;,directshow，OPENGL开发/S,directshow/S,directshow/S | OPENGL/S | 开发/S,directshow/S | OPENGL开发/S,,
1839-s0008,05,todo,人工智能招聘,span_mismatch,," 4.熟悉视频Codec，熟悉H263, H264等. 5.有语音通讯开发经验，了解语音输入输出技术，更佳 6.有流媒体或视频系统开发及优化经历者优先. 7.有视频图像识别算法开发经验 （来源 马克数据网）","视频Codec/K | H263, H264等. 5/K | 语音通讯开发经验/S | 语音输入输出技术/K | 视频系统开发及优/S | 视频图像识别算法/S",视频Codec/K | H263/K | 系统开发/S | 图像识别/K | 算法开发/S,视频Codec/K | H263/K | H264/K | 语音通讯开发/S | 语音输入输出技术/K | 视频系统开发/S | 视频图像识别算法开发/S,视频Codec/K | H263/K | H264/K | 语音通讯开发经验/S | 语音输入输出技术/K | 流媒体/K | 视频系统开发及优化经历/S | 视频图像识别算法开发经验/S,,
1840-s0000,05,todo,人工智能招聘,span_mismatch,,岗位职责：1、这个岗位主要负责公司智能交通大数据平台项目的运营工作，提升业务营运效益，带领公司的管理团队，执行公司的经营战略，完成公司的年度业务计划；,大数据平台项/K | 运营工作/S | 提升业/S | 带领公/S | 执行公/S | 经营战略，完成公/K,大数据平台/K,智能交通/K | 大数据平台/K | 运营/S,大数据平台/K | 运营工作/S | 业务营运效益/S | 管理团队/S | 经营战略/K | 年度业务计划/S,,
1840-s0001,05,todo,人工智能招聘,empty_mismatch,,2、负责公司全年整体营销策略的拟定与实施，并对营销预算进行整体预测，制定工作计划并实施；,营销策略的拟/K | 与实施/S | 营销预算进/K | 制定工作计划并实/S,实施/S,[],营销策略/K | 营销预算/K | 工作计划/S,,
1840-s0002,05,todo,人工智能招聘,span_mismatch,,3、组织分解落实市场目标、公关策略和具体实施方案，全面负责政府项目的市场营销工作；,组织分/S | 落实市/S | 市场营销工作/K,市场营销/K,公关策略/K | 实施方案/S,市场目标/K | 公关策略/K | 市场营销工作/S,,
1840-s0003,05,todo,人工智能招聘,empty_mismatch,,4、负责组建市场团队并完善管理体系和推广模式，制定和完善市场管理规范和工作流程；,组建市场团队并完/T | 推广模式，制定和/S | 市场管理规范和工/K,[],推广模式/K | 市场管理规范/K,市场团队/S | 管理体系/K | 推广模式/S | 市场管理规范/K | 工作流程/S,,
1840-s0004,05,todo,人工智能招聘,span_mismatch,,5、负责与各相关部门协调，合理调配利用资源，策划并带领团队执行市场工作计划。,协调/T | 调配利/S | 策划并带领团队执/T,协调/T,部门协调/T | 团队执行/S,协调/T | 资源/S | 策划/S | 团队/T | 市场工作计划/S,,
1841-s0001,05,todo,人工智能招聘,span_mismatch,, 2、参与策划与执行，对平台数据分析和挖掘，定期总结效果，优化解决方案；,策划与执行/S | 数据分析和挖掘/S | 总结效/S | 优化解/S,策划/S | 数据分析/S,数据分析/S,策划与执行/S | 数据分析/S | 挖掘/S | 总结效果/S | 优化解决方案/S,,
1841-s0002,05,todo,人工智能招聘,empty_mismatch,," 3、地推团队的组建与管理，拓展渠道及发展商业合作伙伴, 并对数据做分析总结；",组建与管理，拓展/S | 对数据做分析总结/S,管理/S,[],地推团队/S | 组建与管理/S | 拓展渠道/S | 商业合作伙伴/S,,
1841-s0005,05,todo,人工智能招聘,empty_mismatch,, 5、负责对员工入职后的各项工作安排，业务考核及技能指导，完善各项管理制度。,对员工入职后的各/S,[],业务考核/S | 技能指导/S,业务考核/S | 技能指导/S | 管理制度/K,,
1841-s0006,05,todo,人工智能招聘,span_mismatch,, 任职要求： 1、市场营销、电子商务、广告、专业，大专以上学历，2年以上同岗位经验，口腔医疗行业经验优先；,市场营销/K | 电子商/K,市场营销/K | 电子商务/K | 大专/K | 医疗行业/K,市场营销/K | 电子商务/K | 广告/K | 大专以上学历/K | 口腔医疗行业/K,市场营销/K | 电子商务/K | 广告/K | 大专以上学历/K | 同岗位经验/S | 口腔医疗行业经验/S,,
1841-s0007,05,todo,人工智能招聘,span_mismatch,, 2、独立思维，市场触觉敏锐，较强的沟通协调能力及商务谈判技巧；,独立思维，市场触/T | 沟通协调能力及商/T,独立思维/T | 沟通协调能力/T | 商务谈判/S,独立思维/T | 沟通协调能力/T | 商务谈判技巧/S,独立思维/T | 市场触觉敏锐/T | 沟通协调能力/T | 商务谈判技巧/S,,
1841-s0008,05,todo,人工智能招聘,span_mismatch,,团队建设管理经验，承压能力强；,团队建设管理经验/T | 承压能力强/T,承压能力强/T,团队建设管理/S | 承压能力/T,团队建设管理经验/T | 承压能力/T,,
1842-s0000,05,todo,人工智能招聘,span_mismatch,,岗位职责： 1.把握安防行业市场趋势，并根据公司的情况和产品规划，制定产品研发推广计划；,安防行业市/K | 制定产/S | 推广计划/S,产品规划/S,安防行业/K | 市场趋势/K | 产品规划/K,安防行业市场趋势/K | 产品规划/K | 产品研发推广计划/S,,
1842-s0001,05,todo,人工智能招聘,empty_mismatch,, 2.产品线内新品上市全案跟踪，新产品上市推广计划的实施和后续评估；,新品上市全案跟踪/S,[],新品上市全案跟踪/S,新品上市全案跟踪/S | 新产品上市推广计划/S | 后续评估/S,,
1842-s0003,05,todo,人工智能招聘,span_mismatch,, 4.以产品负责人的角色，协调市场、销售、生产、研发等部门，共同寻求解决方案；,协调市/T | 销售/K | 生产/K | 研发/K | 寻求解决方案/S,销售/S | 研发/S,解决方案/S,协调/T | 市场/K | 销售/K | 生产/K | 研发/K | 解决方案/S,,
1842-s0005,05,todo,人工智能招聘,type_only,, 6.协助营销中心做好各种售前、售后培训。,售前/K | 售后培训/K,售后培训/K,售后培训/S,售前/K | 售后培训/S,,
1842-s0006,05,todo,人工智能招聘,span_mismatch,, 任职要求： 1.两年以上安防行业、电子通信行业、智能家居行业产品经理经验或产品策划管理经验；,安防行业/K | 电子通/K | 产品策划管理经验/K,通信行业/K | 智能家居/K | 产品策划/S,安防行业/K | 电子通信行业/K | 智能家居行业/K | 产品经理/S | 产品策划管理/S,安防行业/K | 电子通信行业/K | 智能家居行业/K | 产品经理经验/S | 产品策划管理经验/S,,
1842-s0008,05,todo,人工智能招聘,span_mismatch,, 3.熟悉安防产品整体实现过程，包括从需求分析到产品发布，深刻理解用户需求；,安防产品整体实现/K | 需求分析到产品发/S | 用户需求/K,需求分析/S,安防产品/K | 需求分析/S | 产品发布/S,安防产品整体实现过程/K | 需求分析/S | 产品发布/S | 用户需求/K,,
1842-s0009,05,todo,人工智能招聘,span_mismatch,, 4.良好的跨部门沟通能力和团队协作能力，独立工作能力强，态度积极，有敬业精神和解决问题的能力；,跨部门沟通能力和/T | 解决问题的能力/T,沟通能力/T | 团队协作能力/T | 独立工作能力/T | 敬业精神/T | 解决问题/S,跨部门沟通/T | 团队协作/T | 独立工作能力/T | 敬业精神/T,跨部门沟通能力/T | 团队协作能力/T | 独立工作能力/T | 敬业精神/T | 解决问题的能力/T,,
1842-s0010,05,todo,人工智能招聘,span_mismatch,, 5.数据分析能力强及良好的分析、谈判能力。,数据分析能/S | 谈判能/T,数据分析/S | 谈判/S,数据分析/S | 谈判能力/T,数据分析能力/S | 谈判能力/T,,
1843-s0002,05,todo,人工智能招聘,span_mismatch,, 3、负责数据平台相关数据管理工作，如研发规范、质量规范、保障规范的制定与推动实施落地；,数据平台相关/K | 数据管理工作/K | 研发规范/K | 质量规/K,数据平台/K,数据平台/K | 数据管理/S | 研发规范/K | 质量规范/K | 保障规范/K,数据平台/K | 数据管理工作/S | 研发规范/K | 质量规范/K | 保障规范/K,,
1843-s0003,05,todo,人工智能招聘,span_mismatch,, 4、负责数据产品如用户画像等设计、研发，负责来自业务团队数据需求的研发支撑。,数据产品如用户画/K | 业务团队数/T | 研发支撑/S,用户画像/K,数据产品/K | 用户画像/K | 设计/S | 研发/S,数据产品/K | 用户画像/K | 设计/S | 研发/S | 业务团队/K | 数据需求/K | 研发支撑/S,,
1843-s0004,05,todo,人工智能招聘,span_mismatch,, 任职资格: 1、熟悉Linux开发技术，有SQL、ETL开发经验；,Linux开发技术/S | ETL开发经验/S,Linux/S | SQL/S,Linux开发/S | SQL/S | ETL开发/S,Linux开发技术/S | SQL/S | ETL开发经验/S,,
1843-s0005,05,todo,人工智能招聘,span_mismatch,, 2、了解Hadoop/Hive/Spark等大数据技术，有较丰富的HiveSQL性能调优经验，至少熟练使用Shell、Python、Perl等脚本语言之一；,Spark等/S | HiveSQL性能调优经验/S | 熟练使用Shell、Python/S,Hadoop/S | Hive/S | Spark/S | 大数据/K | Shell/S | Python/S | Perl/S | 脚本语言/K,Hadoop/S | Hive/S | Spark/S | 大数据技术/K | HiveSQL性能调优/S | Shell/S | Python/S | Perl/S | 脚本语言/S,Hadoop/S | Hive/S | Spark/S | 大数据技术/K | HiveSQL性能调优经验/S | Shell/S | Python/S | Perl/S,,
1843-s0006,05,todo,人工智能招聘,span_mismatch,, 3、了解数据仓库建设基本思路，有数据仓库建设项目经验；,数据仓库建设基本/K | 数据仓库建设项目/K,数据仓库/K,数据仓库建设/K,数据仓库建设/K | 数据仓库建设项目经验/S,,
1843-s0007,05,todo,人工智能招聘,span_mismatch,, 4、具备互联网/电商行业的数据开发经验优先考虑；,数据开发经验/S,电商行业/K,互联网/K | 电商行业/K | 数据开发/S,数据开发经验/S,,
1843-s0008,05,todo,人工智能招聘,span_mismatch,, 5、工作认真、负责、仔细，有良好的团队合作精神，良好的分析及沟通能力。,团队合作精/T | 分析及沟通能/T,团队合作精神/T | 分析/S | 沟通能力/T,工作认真/T | 负责/T | 仔细/T | 团队合作精神/T | 沟通能力/T,团队合作精神/T | 沟通能力/T,,
1844-s0002,05,todo,人工智能招聘,span_mismatch,, - 与技术团队协作，确保产品开发符合用户需求。,协作/T | 产品开发符/S,产品开发/S,技术团队协作/T | 产品开发/S | 用户需求/K,[],,
1845-s0000,05,todo,人工智能招聘,span_mismatch,,职责描述： 1、对公司运营的人工智能英语产品内容进行丰富和完善。,人工智能英/K,人工智能/K | 英语/L,人工智能英语产品/K,[],,
1845-s0001,05,todo,人工智能招聘,span_mismatch,, 2、梳理并完善完善小初高中英语知识图谱，按知识难易程度，完善考试题库。,梳理并完善完/S | 小初高中英语知识/L | 考试题库/K,高中/K | 英语/L,英语知识图谱/K | 考试题库/K,[],,
1845-s0003,05,todo,人工智能招聘,span_mismatch,, 3、教学管理：负责公司的教学产品管理工作，对中小学教学团队进行指导、改进教学质量；,教学管理/S | 教学产品管理工作/S | 教学团队进/T | 指导/S | 改进教学质/S,教学管理/S | 产品管理/S | 指导/S,教学管理/S | 教学产品管理/S,[],,
1845-s0005,05,todo,人工智能招聘,span_mismatch,, 4、运营推广：确定产品课程核心竞争力、辅助运营进行产品课程卖点提炼，并为产品课程的宣传、销售提供支持和产品课程知识培训。,确定产品课程核心/S | 宣传/S | 销售提/S | 知识培训/S,运营推广/S,卖点提炼/S | 知识培训/S,[],,
1845-s0007,05,todo,人工智能招聘,empty_mismatch,, 2、5年以上培训机构课程研发设计或者一线教学工作经验；,课程研发设计或者/S | 教学工作/S,[],课程研发设计/S | 一线教学/S,课程研发设计/S | 一线教学工作/S,,
1845-s0008,05,todo,人工智能招聘,empty_mismatch,, 3、具有较强的演说及培训能力，有课程录制经验；,演说及培训能/T | 课程录制经验/S,[],培训能力/S | 课程录制/S,培训能力/T | 课程录制经验/S,,
1845-s0009,05,todo,人工智能招聘,span_mismatch,, 4、优秀的团队建设经验，团队管理能力强，善于协调团队的工作；,团队建设经验/T | 团队管理能/T | 协调团队的工作/T,团队管理/S,团队建设/S | 团队管理/S,团队建设经验/T | 团队管理能力/T,,
1845-s0011,05,todo,人工智能招聘,span_mismatch,,逻辑性强和良好的语言表达能力；,强和良/T | 语言表达能力/T,逻辑性强/T | 表达能力/T,逻辑性强/T | 语言表达能力/T,逻辑性/T | 语言表达能力/T,,
1846-s0005,05,todo,人工智能招聘,empty_mismatch,, 薪酬：base/年＊14-16个月＋期权＋各种福利＋成长空间 各种零食、不定期outing，固定活动日 岗位职责 1、反作弊模型的设计和研发 2、异常检测算法的设计和研发 3、反作弊体系和反作弊平台建设 岗位要求 1、本科以上学历，数学、计算机相关专业 2、数学、机器学习基础扎实 3、精通常用的数据挖掘方法的理论基础及应用 4、精通C/C++或JAVA编程，会至少一门脚本语言python/matlab等 5、熟悉大规模数据挖掘、机器学习、分布式计算中一项或多项，具备实际工作经验 6、了解机器学习领域的最新进展，能够快速学习新理论和方法 简历请发：raoying@ishumei.com 欢迎加QQ交流：3042131761 【您能得到的】 o 在这里，你能接触到最新的大数据技术，解决实时数据、大数据处理、算法、数据挖掘的技术难题，了解大数据行业的价值源泉。,反作弊模型的设计/S | 异常检测算法的设/S | 反作弊体系和反作/K | 数学/K | 计算机相关/K | 机器学习基/K | 常用的数据挖/K | C/C++或/S | 大规模数据挖/K | 分布式计算中/K | 机器学习领域/K | 最新的大数据技术/S,[],反作弊平台建设/S | 本科以上学历/K | 数学/K | 计算机/K | 机器学习/K | 数据挖掘/K | C/S | C++/S | JAVA/S | 脚本语言/S | python/S | matlab/S | 大规模数据挖掘/K | 分布式计算/K,反作弊模型/K | 异常检测算法/K | 反作弊体系/K | 反作弊平台/S | 本科以上学历/K | 数学/K | 计算机相关专业/K | 机器学习/K | 数据挖掘/K | C/C++/S | JAVA/S | 大规模数据挖掘/K | 机器学习/K | 分布式计算/K | 机器学习领域/K,,
1846-s0010,05,todo,人工智能招聘,empty_mismatch,,"基于日渐成熟的大数据技术（例如：Hadoop, Spark, 机器学习，深度学习、强化学习、图像识别，搜索引擎和自然语言处理等）挖掘数据内部的价值 核心产品反欺诈SaaS云服务：Data-R 风险决策系统、Data-X垃圾文本识别引擎、Data-M垃圾图片识别引擎、Data-V欺诈账户识别引擎。",大数据技术（/K | 机器学习，深度学/K | 挖掘数/S,大数据/K | Hadoop/S | Spark/S | 机器学习/K | 深度学习/K | 强化学习/K | 图像识别/K | 搜索引擎/K | 自然语言处理/K,[],Hadoop/S | Spark/S | 机器学习/K | 深度学习/K | 强化学习/K | 图像识别/K | 搜索引擎/K | 自然语言处理/K,,
1846-s0011,05,todo,人工智能招聘,empty_mismatch,,通过领先的机器学习模型和强化学习技术，提供完整的实时反欺诈解决方案。,机器学习模型和强/K | 实时反欺诈解决方/S,机器学习/K | 强化学习/K,[],机器学习模型/K | 强化学习/K | 实时反欺诈解决方案/S,,
1847-s0000,05,todo,人工智能招聘,span_mismatch,,工作职责： 1、负责搭建以Spark技术栈为核心的大数据处理应用框架；,搭建以Spark技术栈为/S | 应用框架/S,Spark/S | 大数据处理/S,Spark技术栈/K,Spark技术栈/S | 大数据处理/K | 应用框架/S,,
1847-s0001,05,todo,人工智能招聘,empty_mismatch,, 2、根据实际的业务需求，设计出合理的金融数据处理架构和流程，助力业务高速发展；,设计出/S | 金融数据处理架构/S,数据处理/S,[],金融数据处理架构/S,,
1847-s0002,05,todo,人工智能招聘,empty_mismatch,, 任职要求： 1、计算机相关专业，本科学历以上，至少5年工作经验；,计算机相关/K,计算机相关专业/K | 本科学历/K,[],计算机相关专业/K | 本科学历以上/K,,
1847-s0003,05,todo,人工智能招聘,span_mismatch,, 2、精通Spark Streaming，对Spark有源码修改能力；,有源码修改能力/S,Spark/S,Spark Streaming/S,Spark Streaming/S | Spark/S | 源码修改能力/S,,
1847-s0006,05,todo,人工智能招聘,span_mismatch,, 5、从事过复杂事件处理（CEP）的系统设计与开发；,复杂事件处理（CEP/K | 系统设计与开发/S,系统设计/S | 开发/S,复杂事件处理/K | CEP/K | 系统设计/S,复杂事件处理（CEP）/K | 系统设计/S | 开发/S,,
1847-s0007,05,todo,人工智能招聘,span_mismatch,, 6、自我驱动，自主学习新的技术和分析方法，并勇于在业务上进行创新。,自我驱动，自主学/T | 技术和分析方法/K | 勇于在业务上进行/T,自我驱动/T,自我驱动/T | 自主学习/T | 分析方法/K,自我驱动/T | 自主学习/T | 新的技术/K | 分析方法/K | 创新/T,,
1848-s0000,05,todo,人工智能招聘,empty_mismatch,,1、负责对数据进行深度分析和挖掘，为优化产品的设计提供数据支持；,数据进行深度分析/S | 优化产品的设计提/S | 数据支持/K,[],数据支持/S,深度分析/S | 挖掘/S | 数据支持/K,,
1848-s0001,06,todo,人工智能招聘,span_mismatch,, 2、负责对业务运营的各环节进行有价值的专题研究，如对数据挖掘和预测模型的研究、完善重要数据监控流程、探索对运营工作的数据评价模型等等；,专题研究/S | 数据挖掘和预测模/S | 完善重/S | 数据监控流程、探/S | 数据评价模型等等/S,数据挖掘/S | 预测模型/K | 数据监控/S,专题研究/S | 数据挖掘/S,专题研究/S | 数据挖掘/S | 预测模型/K | 数据监控流程/S | 数据评价模型/K,,
1848-s0002,06,todo,人工智能招聘,span_mismatch,, 3、与业务团队紧密沟通和联系，解决各部门数据统计和分析需求；,业务团队紧/T | 沟通和联系，解决/T | 数据统计和分析需/S,沟通/T | 数据统计/S,数据统计/S,沟通/T | 数据统计/S | 分析/S,,
1848-s0003,06,todo,人工智能招聘,span_mismatch,, 4、探索并归纳用户标签属性及行业数据及指标，了解行业发展潮流指向及数据情况，负责跟踪数据挖掘和数据分析领域的技术发展方向，定期共享研究成果。,用户标签属性及行/K | 行业发展潮流指向/K | 数据挖掘和数据分/K | 技术发展方向/K | 研究成果/K,数据挖掘/S | 数据分析/S,用户标签属性/K | 行业数据/K | 行业发展潮流/K | 数据挖掘/K | 数据分析/K,用户标签属性/K | 行业数据/K | 数据挖掘/S | 数据分析/S | 技术发展方向/K | 研究成果/K,,
1848-s0004,06,todo,人工智能招聘,span_mismatch,, 任职要求： 1、软件电商相关专业，统计学、经济学等相关专业，硕士以上学历；,软件电商相关/K | 统计学/K | 经济学等/K,相关专业/K | 统计学/K | 经济学/K | 硕士/K,统计学/K | 经济学/K | 硕士以上学历/K,软件电商相关专业/K | 统计学/K | 经济学/K | 硕士以上学历/K,,
1848-s0005,06,todo,人工智能招聘,span_mismatch,, 2、有至少3年以上相关工作经验，有大数据分析经验者优先；,大数据分析经验/S,数据分析/S,大数据分析/S,大数据分析经验/S,,
1848-s0006,06,todo,人工智能招聘,span_mismatch,, 3、 1年以上数据分析，挖掘和建模经验，数据分析相关专业；,数据分析，挖掘和/S,数据分析/S | 建模/S | 相关专业/K,数据分析/S | 建模/S,数据分析/S | 挖掘/S | 建模经验/S | 数据分析相关专业/K,,
1848-s0007,06,todo,人工智能招聘,span_mismatch,, 4、具有优秀的数据分析能力，能快速理解业务，并设计相应的数据模型；,数据分析能力/S | 速理解业务/T | 设计相应/S | 数据模型/K,数据分析/S | 数据模型/K,数据分析能力/S,数据分析能力/S | 理解业务/T | 设计/S | 数据模型/K,,
1848-s0008,06,todo,人工智能招聘,span_mismatch,, 5、能够熟练地使用SQL，掌握SPSS、SAS、Weka、R等相关数据分析软件之一；,使用SQL，掌握SPSS/S,SQL/S | SPSS/S | SAS/S | 数据分析/S,SQL/S | SPSS/S | SAS/S | Weka/S | R/S | 数据分析软件/K,SQL/S | SPSS/S | SAS/S | Weka/S | R/S,,
1848-s0009,06,todo,人工智能招聘,span_mismatch,,熟悉数据库内分析或者Hadoop Mahout大规模并行分析者优先；,数据库内分析或者/K | Hadoop Mahout大规模并行/S,数据库/K | Hadoop/S,数据库内分析/S | Hadoop/S | Mahout/S | 大规模并行分析/S,数据库内分析/S | Hadoop Mahout大规模并行分析/S,,
1848-s0010,06,todo,人工智能招聘,span_mismatch,, 6、了解用户深度属性背景，有互联网相关行业背景，有网站用户行为研究和数据挖掘经验者优先；,用户深度属性背景/K | 互联网相关行业背/K | 网站用户行为研究/K,数据挖掘/S,用户深度属性/K | 网站用户行为研究/S | 数据挖掘/S,用户深度属性背景/K | 互联网相关行业背景/K | 网站用户行为研究/K | 数据挖掘经验/S,,
1848-s0011,06,todo,人工智能招聘,span_mismatch,, 7、工作态度认真、责任心强，热情有干劲，富于团队精神，有很强的学习能力，沟通能力。,团队精神/T | 学习能力，沟通能/T,责任心强/T | 团队精神/T | 学习能力/T | 沟通能力/T,工作态度认真/T | 责任心/T | 热情/T | 团队精神/T | 学习能力/T | 沟通能力/T,责任心/T | 团队精神/T | 学习能力/T | 沟通能力/T,,
1849-s0001,06,todo,人工智能招聘,empty_mismatch,,公司借助大数据、人工智能等金融科技，依托银行、P2P、证券和保险等近百家合作平台，致力于整合产品资源、渠道资源和技术资源，构筑多元化综合服务平台。,大数据/K | 人工智能/K | 银行/K | 证券和/K | 整合产/S | 渠道资源和技术资/K,大数据/K | 人工智能/K,[],大数据/K | 人工智能/K | 金融科技/K,,
1849-s0004,06,todo,人工智能招聘,span_mismatch,," 一．招聘职位：电话客服：通过电话沟通需求贷款人员为客户提供贷款服务, 二．招聘要求：年龄要求18-35岁，语言表达能力强：学历不限，有工作经验者优选, 三．薪资待遇：底薪2500+提成10%-15%,月综合8000以上, 四．上班时间：早上9:30-12:00，下午2:00-6:30， 周末双休，节假日带薪休假, 有什么不清楚的可以点击屏幕下方的在线交谈与我取得联系，也可以直接来电咨询",电话沟通需/T | 语言表达能/T,表达能力/T | 学历/K,电话沟通/S | 贷款服务/S | 语言表达能力/T,语言表达能力强/T,,
1850-s0000,06,todo,人工智能招聘,empty_mismatch,,"工作职责-负责跨境电商产品后台发展规划及产品设计，持续性改善产品体验-调研其他外贸类电商类产品，包括数据调研、用户行为分析竞品功能设计，以数据为核心，为产品迭代提供方向-负责产品开发质量的整体把控，包括研发的推进，测试的把控，出现问题具备快速分析并解决的能力-负责产品推进过程中与业务部门的沟通和协调，收集业务需求，完善产品方案-对产品线上效果负责任职要求-本科及以上学历-1年以上互联网电商类产品设计，熟练使用多种产品设计工具，独立完成软件交互设计、原型设计-优秀的数据分析和挖掘能力，对电商产品全生命周期了解，对各类营销模式的用户体验和特色功能有敏锐的感知力-有实体外贸商业，跨境电商设计经验优先-熟悉B2B的电商运营模式，营销资源设置，具备较高的商业敏感度-逻辑清楚，思维活跃，学习能力强,具有较好的语言文字表达能力-具备良好的组织协调能力，敏锐的市场洞察力福利待遇股票期权,弹性工作,五险一金,免费班车,岗位晋升,节日礼物,大数据,广告,工程师文化",跨境电商产品后台/K | 产品设计，持续性/S | 外贸类电商类产品/K | 数据调/K | 用户行为分析竞品/S | 产品迭代提/S | 产品开发质量的整/S | 研发的推进，测试/S | 快速分析并解决的/S | 产品推进过/S | 沟通和协调，收集/T | 产品线上效果负责/K | 互联网电商类产品/K | 使用多种产品设计/S | 软件交互设计、原/S | 数据分析和挖掘能/S | 电商产品全生命周/K | 营销模式的用户体/K | 感知力-/T | 实体外贸商业，跨/K | B2B的电商运营模式/K | 商业敏感度-逻辑/T | 语言文字表达能力/S | 组织协调能力/T | 市场洞察力福/T,[],产品设计/S | 数据调研/S | 用户行为分析/S | 竞品功能设计/S | 产品迭代/S | 本科及以上学历/K | 产品设计工具/K | 软件交互设计/S | 原型设计/S | 数据分析/S | 电商产品全生命周期/K | 营销模式/K | 用户体验/K | 实体外贸/K | 跨境电商设计/S | 营销资源设置/K | 商业敏感度/T | 逻辑清楚/T | 思维活跃/T | 学习能力/T | 语言文字表达能力/T | 组织协调能力/T | 市场洞察力/T,产品设计/S | 数据调研/S | 用户行为分析/S | 竞品功能设计/S | 产品迭代/S | 研发/S | 测试/S | 快速分析并解决的能力/S | 沟通/T | 协调/T | 本科及以上学历/K | 产品设计工具/S | 交互设计/S | 原型设计/S | 数据分析/S | 挖掘能力/S | 电商产品全生命周期/K | 营销模式/K | 跨境电商设计经验/S | B2B的电商运营模式/K | 营销资源设置/S | 商业敏感度/T | 逻辑清楚/T | 学习能力强/T | 语言文字表达能力/T | 组织协调能力/T | 市场洞察力/T,,
1851-s0001,06,todo,人工智能招聘,span_mismatch,, 2、管理和带领团队，完成嵌入式图像识别产品的整个设计、开发、产品化过程；,带领团/T | 完成嵌/T | 图像识别产/K | 设计/S | 开发/S | 产品/S,图像识别/K | 设计/S | 开发/S,嵌入式图像识别产品/K | 产品化/S,带领团队/T | 图像识别/K | 设计/S | 开发/S | 产品化/S,,
1851-s0003,06,todo,人工智能招聘,span_mismatch,, 任职资格： 1、全日制本科及以上学历，电子、计算机、自动化、图像识别、模式识别等相关专业，两年以上相关岗位工作经验；,电子、计算机、自/K,本科及以上学历/K | 电子/K | 计算机/K | 自动化/K | 图像识别/K | 模式识别/K | 相关专业/K,本科及以上学历/K | 电子/K | 计算机/K | 自动化/K | 图像识别/K | 模式识别/K,全日制本科及以上学历/K | 电子/K | 计算机/K | 自动化/K | 图像识别/K | 模式识别/K,,
1851-s0004,06,todo,人工智能招聘,span_mismatch,, 2、做过ADAS产品开发，熟悉业内成熟的软硬件方案、算法，有自主开发能力和成功的开发经验；,ADAS产品开发/S | 业内成熟的软硬件/K | 自主开发能力和成/S,产品开发/S | 业内成熟/K | 算法/K,ADAS产品开发/S | 软硬件方案/K | 算法/K | 自主开发/S,ADAS产品开发/S | 软硬件方案/K | 算法/K | 自主开发能力/S | 开发经验/S,,
1851-s0005,06,todo,人工智能招聘,span_mismatch,, 3、有责任心，能主动反馈和沟通，团队协作精神强；,反馈和沟通/T | 团队/T,责任心/T | 沟通/T,责任心/T | 主动反馈/T | 沟通/T | 团队协作/T,责任心/T | 反馈/T | 沟通/T | 团队协作精神/T,,
1852-s0000,06,todo,人工智能招聘,empty_mismatch,,职责描述 1、负责公司CC软件的开发和维护工作；,公司CC软件的开发/S,开发/S,[],CC软件/S | 开发/S | 维护/S,,
1852-s0003,06,todo,人工智能招聘,span_mismatch,, 任职要求 1、学历要求：本科及以上学历，计算机科学相关专业；,计算机科学相关专/K,本科及以上学历/K | 计算机/K | 相关专业/K,本科及以上学历/K,本科及以上学历/K | 计算机科学相关专业/K,,
1852-s0005,06,todo,人工智能招聘,span_mismatch,, 2、熟悉Linux和Windows环境下基于CC的SDK开发流程，至少能熟练使用Makefile、Ninja、CMake、AutoMake、QMake等编译工具中的一种；,Linux和Windows环境下基于/S | CC的SDK开发/S | 能熟练使用Makefile/S | QMake等/S,Linux/S | Windows/S | 编译/S,Linux/S | Windows/S | Makefile/S | Ninja/S | CMake/S | AutoMake/S | QMake/S | 编译工具/K,Linux/S | Windows/S | CC/S | SDK开发/S | Makefile/S | Ninja/S | CMake/S | AutoMake/S | QMake/S,,
1852-s0008,06,todo,人工智能招聘,span_mismatch,, 5、具备良好的沟通和协作能力，有较强的学习能力，责任心强；,沟通和协作能/T | 学习能/T,沟通/T | 学习能力/T | 责任心强/T,沟通/T | 协作/T | 学习能力/T | 责任心/T,协作能力/T | 学习能力/T | 责任心/T,,
1853-s0000,06,todo,人工智能招聘,span_mismatch,,职责描述：1、产品创新，界面视觉引导，原型设计，与开发一起推动设计实现2、可以独立工作，和团队成员合作，交流各种想法，画出原型，参与产品整个的周期。,产品创新，界面视/S | 起推动设计实现2/S | 独立工作/T | 合作，交流各种想/T,独立工作/T,产品创新/S | 原型设计/S,产品创新/S | 界面视觉引导/S | 原型设计/S | 独立工作/T | 合作/T | 交流/T | 画出原型/S,,
1853-s0003,06,todo,人工智能招聘,span_mismatch,,2、设计、人机交互、可用性专业或者可以展示对设计的理解、交互设计理论和实践的能力。,设计/K | 人机交互/K | 设计的理解/K | 交互/K,设计/S | 人机交互/K | 设计的理解/K | 交互设计/S,设计/K | 人机交互/K | 可用性/K | 交互设计理论/K,设计/K | 人机交互/K | 可用性专业/K | 设计的理解/K | 交互设计理论/K | 实践/K,,
1853-s0004,06,todo,人工智能招聘,empty_mismatch,,3、可以创造出图形元素：icon控件，窗口，边框，数据布局。,创造出图形元素/S,创造出图形元素/S,[],创造出图形元素/S | icon控件/S | 窗口/S | 边框/S | 数据布局/S,,
1853-s0005,06,todo,人工智能招聘,empty_mismatch,,4、优秀的交流技巧：书写和口头。,书写和口头/T,[],交流技巧/T,交流技巧/T | 书写/T | 口头/T,,
1854-s0000,06,todo,人工智能招聘,span_mismatch,,岗位职责：*负责企业数字化转型项目的售前咨询、项目实施和项目管理*负责帮助客户制定产业数字化转型的IT规划咨询服务*基于公司的云计算、AI及行业解决方案产品，为客户提供云原生数字化转型技术解决方案实施落地的咨询服务*侧重于云原生架构转型、工业互联网、数字化营销、金融科技、智慧政务等产业互联网解决方案*帮助客户与重点客户建立良好的伙伴关系，为客户提供高价值和高满意度的服务任职要求：*本科及以上学历，理工科专业优先*6年以上工作经验。,售前咨询/S | 项目实/S | 制定产/S | IT规划咨询服务*/S | 云计算/K | AI及行业/K | 云原生数字化转型/S | 云原生架构转型/S | 建立良/S | 高价值和高满意度/T,售前咨询/S | 项目实施/S | 项目管理/S | 云计算/K | AI/S | 本科及以上学历/K,企业数字化转型/K | 售前咨询/S | 项目实施/S | 项目管理/S | 产业数字化转型/K | IT规划咨询/S | 云计算/K | AI/K | 行业解决方案/K | 云原生数字化转型/S | 技术解决方案实施/S | 云原生架构转型/K | 工业互联网/K | 数字化营销/K | 金融科技/K | 智慧政务/K | 产业互联网解决方案/K | 本科及以上学历/K | 理工科专业/K,售前咨询/S | 项目实施/S | 项目管理/S | IT规划咨询/S | 云计算/K | AI/K | 行业解决方案/K | 云原生数字化转型技术解决方案/S | 云原生架构转型/S | 工业互联网/K | 数字化营销/S | 金融科技/K | 智慧政务/K | 建立良好的伙伴关系/T | 高价值和高满意度的服务/T | 本科及以上学历/K | 理工科专业/K,,
1854-s0001,06,todo,人工智能招聘,span_mismatch,,咨询公司、IT科技公司，或有IT规划、售前咨询及相关行业解决方案实施经验者优先*5年以上的信息化或科技类项目实施经验，有云计算、容器、微服务架构项目经验者优先*3年以上的项目管理经验。,IT规划/K | 售前咨询/K | 解决方案实施经验/S | 项目实施经验/S | 云计算、容器、微/K | 项目管理经验/S,IT规划/K | 售前咨询/S | 项目实施/S | 云计算/K | 容器/K | 微服务/K | 项目管理/S,IT规划/K | 售前咨询/K | 行业解决方案实施/S | 云计算/K | 容器/K | 微服务架构/K | 项目管理/S,IT规划/S | 售前咨询/S | 解决方案实施经验/S | 项目实施经验/S | 云计算/K | 容器/K | 微服务架构/K | 项目管理经验/S,,
1854-s0002,06,todo,人工智能招聘,span_mismatch,,有敏捷或DevOps项目管理经验者优先，具有PMP证书者优先*具有一定的行业分析能力、商业敏感性及前沿确实洞察力*具有优秀的语言表达能力、逻辑能力、学习能力和创新能力*具有很强的工作主动性、自我驱动力、抗压能力和团队工作意识*可以接受频繁或长期出差的工作安排,敏捷或DevOps项目管理/K | PMP证书者/K | 行业分析能力、商/S | 语言表达能力、逻/T | 工作主动性/T | 自我/T,敏捷/K | 项目管理/S | 证书/K | 分析能力/T | 表达能力/T | 学习能力/T | 主动性/T | 抗压能力/T,敏捷/K | DevOps/K | 项目管理/S | PMP证书/K | 行业分析能力/S | 商业敏感性/T | 洞察力/T | 语言表达能力/T | 逻辑能力/T | 学习能力/T | 创新能力/T | 工作主动性/T | 自我驱动力/T | 抗压能力/T | 团队工作意识/T,敏捷/K | DevOps项目管理/S | PMP证书/K | 行业分析能力/S | 商业敏感性/T | 语言表达能力/T | 逻辑能力/T | 学习能力/T | 创新能力/T | 工作主动性/T | 自我驱动力/T | 抗压能力/T | 团队工作意识/T,,
1855-s0002,06,todo,人工智能招聘,span_mismatch,, 2. 负责研究人工智能在制造业、物流等领域的应用；,研究人/S | 制造业/K | 物流等领/K | 应用/S,人工智能/K | 制造业/K,人工智能/K | 制造业/K | 物流/K,制造业/K | 物流/K,,
1855-s0003,06,todo,人工智能招聘,span_mismatch,, 3. 负责汽车行业大数据挖掘算法的研究、设计和实现。,大数据挖掘算法的/S,数据挖掘/S | 算法/K,汽车行业/K | 大数据挖掘算法/S,大数据挖掘算法/S | 设计/S | 实现/S,,
1855-s0004,06,todo,人工智能招聘,span_mismatch,, 岗位要求： 1、硕士及以上学历，计算机软件，数学及应用相关专业；,计算机软件，数学/K,硕士/K | 计算机/K | 数学/K | 相关专业/K,硕士及以上学历/K | 计算机软件/K | 数学/K,硕士及以上学历/K | 计算机软件/K | 数学及应用/K,,
1855-s0006,06,todo,人工智能招聘,span_mismatch,, 2、机器学习方面较为深厚的理论研究背景，深入理解机器学习的各种算法；,机器学习方/K | 的理论研究背/K | 入理解机/K | 各种算法/S,机器学习/K | 算法/K,机器学习/K | 理论研究/K,机器学习/K | 理论研究背景/K | 机器学习的各种算法/K,,
1855-s0008,06,todo,人工智能招聘,span_mismatch,,能独立从事大数据和人工智能方面的研究工作，精通软件编程，可熟练使用C/C++编程语言，具备软件系统设计能力，能独立定义各种协议；,大数据和人工智能/K | 研究工作/S | 软件编程/S | 熟练使用C/S | C+/S | 软件系统设计能力/S | 定义各种协议/S,大数据/K | 人工智能/K | 软件编程/S | C++/S | 编程语言/K | 系统设计/S,大数据/K | 人工智能/K | 研究/S | 软件编程/S | C/S | C++/S | 软件系统设计/S,大数据/K | 人工智能/K | 软件编程/S | C/C++/S | 编程语言/S | 软件系统设计能力/S | 定义各种协议/S,,
1855-s0009,06,todo,人工智能招聘,empty_mismatch,, 3、对数据的预处理，分类，预测等方面有实践经验。,数据的预处理，分/S,数据的预处理/S | 分类/S,[],数据的预处理/S | 分类/S | 预测/S,,
1855-s0010,06,todo,人工智能招聘,span_mismatch,,熟练使用Python，C/C++，Matlab等编程语言中至少一种。,C/C++/S,Python/S | C++/S | Matlab/S | 编程语言/K,Python/S | C/S | C++/S | Matlab/S | 编程语言/S,Python/S | C/C++/S | Matlab/S | 编程语言/S,,
1855-s0012,06,todo,人工智能招聘,span_mismatch,,常规的识别、语音识别算法、统计分类、模式识别、神经网络等算法；,识别/S | 语音识别算/S,算法/K | 分类/S | 模式识别/K | 神经网络/K,识别算法/K | 统计分类/K | 模式识别/K | 神经网络/K | 算法/K,语音识别算法/K | 统计分类/K | 模式识别/K | 神经网络/K,,
1855-s0013,06,todo,人工智能招聘,span_mismatch,, 4、熟悉常规的数据库、Web技术等编程工作；,数据库/S | Web技术等/S,数据库/K,数据库/K | Web技术/K | 编程/S,数据库/S | Web技术/S,,
1856-s0000,06,todo,人工智能招聘,empty_mismatch,,大数据分析师 上岗要求：1、年龄20 -28 之间2、学历：全日制大专及以上学历岗位内容：1、深入理解业务与管理优化方向，创建数据分析模型和数据采集整理方案2、基于目前市场的前景，为产品提供更专业的分析3、无经验者，可由项目经理带福利待遇：1、上班时间 早九晚六2、国家法定节假日放假 周末双休【温馨提示】每日简历投递量非常大，欢迎主动与我联系。,深入理解业务与管/T | 提供更专业的分析/K | 主动与我联系/T,[],管理优化/S,分析/S | 全日制大专及以上学历/K | 数据分析模型/S | 数据采集整理方案/S,,
1857-s0000,06,todo,人工智能招聘,span_mismatch,,岗位职责 1.深入理解业务，参与风控策略分析及开发上线，识别交易中的恶意欺诈用户，确保正常交易秩序 2.构建机器学习模型，规则推理系统，图论挖掘等方法完善风控算法系统 3.参与基础数据收集整理，及特征工程建设，用户商户欺诈信用评级等。,理解业务，参与风/T | 开发上线，识别交/S | 构建机器学习模型/S | 完善风控算法系统/S | 基础数据收集整理/S | 特征工程建设，用/S,机器学习/K | 算法/K,风控策略分析/S | 规则推理系统/K | 图论挖掘/S | 基础数据收集/S | 特征工程建设/S | 欺诈信用评级/S,风控策略分析/S | 开发上线/S | 机器学习模型/K | 规则推理系统/K | 图论挖掘/K | 数据收集整理/S | 特征工程/S | 用户商户欺诈信用评级/S,,
1857-s0001,06,todo,人工智能招聘,span_mismatch,," 职位要求 1.计算机，数学，电子类等相关专业研究生以上学历，1年以上工作经验 2.具有机器学习/数据挖掘/自然语言处理等应用开发经验，并掌握常用方法原理及思想 3.熟悉linux開發環境，熟悉Java/C++開發語言 4.熟悉Hadoop/Spark/Hive/等分布式計算框架 有如下经验者可加分 1.具有用户商户消费信贷反欺诈，信用评级方法等经验 ,Boss Sophia 25k-35k 诚聘",计算机，数学，电/K | 机器学习/K | 数据挖/K | 开发经验/S | C++開發語/S | 等分/S | 用户商户消费信贷/K,计算机/K | 数学/K | 相关专业/K | 研究生/K | 机器学习/K | 数据挖掘/S | 自然语言处理/K | 应用开发/S | linux/S | Java/S | C++/S | Hadoop/S | Spark/S | Hive/S | 分布式/K,计算机/K | 数学/K | 电子/K | 机器学习/K | 数据挖掘/K | 自然语言处理/K | 应用开发/S | Java/S | C++/S | Hadoop/S | Spark/S | Hive/S | 消费信贷反欺诈/K | 信用评级方法/K,计算机/K | 数学/K | 电子类/K | 机器学习/K | 数据挖掘/K | 自然语言处理/K | 应用开发经验/S | Java/S | C++/S | Hadoop/S | Spark/S | Hive/S | 反欺诈/S | 信用评级方法/S,,
1858-s0002,06,todo,人工智能招聘,span_mismatch,, 【岗位职责】 1、配合销售负责与行业客户沟通专业知识，准确了解客户需求。,与行业客户沟通专/T | 客户需求/T,专业知识/K,行业客户沟通/T | 专业知识/K,沟通专业知识/S | 了解客户需求/T,,
1858-s0005,06,todo,人工智能招聘,empty_mismatch,, 3、负责对项目进行技术引导、售前支持，跟随销售前往客户所在地进行产品讲解与演示。,技术引导/S | 售前支/S | 行产品讲解与演示/S,[],技术引导/S | 售前支持/S | 产品讲解/S,技术引导/S | 售前支持/S | 产品讲解/S | 演示/S,,
1858-s0008,06,todo,人工智能招聘,span_mismatch,, 2、具备一定的计算机网络基础知识，有云计算售前产品知识优先。,计算机网络基础知/K | 云计算售前产品知/K,计算机网络/K | 云计算/K,计算机网络基础知识/K | 云计算/K | 售前产品知识/K,计算机网络基础知识/K | 云计算售前产品知识/K,,
1858-s0009,06,todo,人工智能招聘,empty_mismatch,, 3、对销售前技术支持岗位有强烈的兴趣和发展意愿；,技术支持岗/K,技术支持/S,[],技术支持岗位/S,,
1858-s0010,06,todo,人工智能招聘,span_mismatch,, 4、良好的沟通能力、培训演讲能力、信息收集及分析能力、文档撰写能力。,沟通能力/T | 培训演/T,沟通能力/T | 演讲/S | 分析能力/T,沟通能力/T | 培训演讲能力/T | 信息收集/S | 文档撰写/S,沟通能力/T | 培训演讲能力/T | 信息收集及分析能力/T | 文档撰写能力/S,,
1859-s0000,06,todo,人工智能招聘,span_mismatch,,1、精通SQL SERVER数据库，SQL编写及数据清洗ETL能力 2、具有数据业务建模能力，对主流OLAP及DATA MINING 工具及服务器有实操能力。,SQL SERVER数据/S | SQL编写及数据清洗/S | 数据业务建模能力/S | 主流OLAP及DATA MINING/K | 服务器有实操能力/K,SQL/S | 数据库/K | SQL编写/S | 数据清洗/S | 建模/S | 主流OLAP/K,SQL SERVER数据库/S | SQL编写/S | 数据清洗/S | ETL/S | 数据业务建模/S | OLAP/K | DATA MINING/K,SQL SERVER/S | SQL/S | 数据清洗/S | ETL/S | 数据业务建模/S | OLAP/K | DATA MINING/K,,
1859-s0001,06,todo,人工智能招聘,span_mismatch,, 3、BI工作经验三年以上，具有医疗大数据分析经验优先。,BI工作经验三年以/K | 医疗大数据分析经/K,数据分析/S,BI/K | 医疗大数据分析/S,BI/S | 医疗大数据分析/K,,
1860-s0000,06,todo,人工智能招聘,span_mismatch,,岗位要求：1.负责产品三维建模，满足客户评审需求和内部设计与工艺的需要；,产品三维建模/S | 客户评审需/S | 设计与工艺的需要/S,建模/S | 设计/S,产品三维建模/S | 客户评审/S | 内部设计/S | 工艺/K,产品三维建模/S | 客户评审/S | 设计/S | 工艺/K,,
1860-s0003,06,todo,人工智能招聘,span_mismatch,,4.负责完成图纸的校对、工艺、标准化、审核流程；,图纸的校对/S | 工艺/S,工艺/S | 标准化/S,工艺/S | 标准化/S | 审核/S,图纸的校对/S | 工艺/K | 标准化/K,,
1860-s0006,07,todo,人工智能招聘,span_mismatch,,了解非标或自动化设备项目管理流程；,非标或自动化设备/K,自动化/K | 项目管理/S,自动化设备/K | 项目管理流程/K,非标或自动化设备/K | 项目管理/S,,
1860-s0007,07,todo,人工智能招聘,empty_mismatch,,了解机械加工工艺基础知识；,机械加工工艺基础/K,[],机械加工工艺/K,机械加工工艺基础/K,,
1860-s0010,07,todo,人工智能招聘,span_mismatch,,3.熟练使用三维及二维制图软件；,使用三/S | 维制图软件/S,制图/S,二维制图软件/S,三维/S | 二维制图软件/S,,
1860-s0011,07,todo,人工智能招聘,empty_mismatch,,善于优化机械设计方案；,优化机/S,机械设计/S,[],优化机械设计方案/S,,
1860-s0012,07,todo,人工智能招聘,span_mismatch,,具有现场自动化设备安装、调试技能；,现场自动化设备安/S,自动化/K,自动化设备安装/S,自动化设备安装/S | 调试/S,,
1861-s0002,07,todo,人工智能招聘,span_mismatch,,3、负责下级人员调配、奖惩、任免的提名和考核评价。,调配/S | 奖惩/S | 任免/S,奖惩/S | 任免/S,人员调配/S | 奖惩/S | 任免/S | 考核评价/S,调配/S | 奖惩/S | 任免/S | 考核评价/S,,
1861-s0004,07,todo,人工智能招聘,empty_mismatch,,5、根据公司发展战略，改变、优化部门职能。,改变/S | 优化部/S,改变/S,[],优化部门职能/S,,
1861-s0006,07,todo,人工智能招聘,span_mismatch,,2、5年以上智能化工程项目团队管理经验，精通弱电、智能家居、智慧安防、智慧工地等工程项目管理3、良好的跨部门沟通协调能力，抗压能力强 （来源 马克数据网）,智能化工程项目团/K | 管理经验/S | 弱电/K | 智能家居/K | 项目管理3/S | 跨部门沟通协/T | 抗压能/T,团队管理/S | 弱电/K | 智能家居/K | 项目管理/S | 沟通协调能力/T | 抗压能力强/T,弱电/K | 智能家居/K | 智慧安防/K | 智慧工地/K | 跨部门沟通协调/T | 抗压能力/T,智能化工程项目/K | 团队管理/S | 弱电/K | 智能家居/K | 智慧安防/K | 智慧工地/K | 工程项目管理/S | 跨部门沟通协调/T | 抗压能力/T,,
1862-s0000,07,todo,人工智能招聘,empty_mismatch,,薪资：30-60k 作为公司的算法工程师，您将与团队合作，设计和实现高效的算法，以解决点云数据处理中的挑战，如点云配准、分割、分类、目标检测和重建等。,算法工程/S | 合作，设计和实现/T | 点云数据处理中的/K | 点云配准/K | 分割/K,[],点云数据处理/K | 点云配准/K | 分割/K | 分类/K | 目标检测/K | 重建/K,算法/K | 点云数据处理/K | 点云配准/K | 分割/K | 分类/K | 目标检测/K | 重建/K,,
1862-s0001,07,todo,人工智能招聘,span_mismatch,, 您还将负责评估和优化算法的性能，并与其他团队成员合作，将算法集成到实际应用中。,评估和优化算法的/S | 与其他团队成员合/T | 算法集成到/S,评估/S | 优化算法/K,算法集成/S,评估/S | 算法集成/S,,
1862-s0005,07,todo,人工智能招聘,empty_mismatch,, 岗位职责： 1. 负责三维点云处理算法的设计和实现；,维点云处理算法/S,算法/K,[],三维点云处理算法/K,,
1862-s0006,07,todo,人工智能招聘,span_mismatch,, 2. 参与3D视觉相关项目方案制定及后续项目研发；,3D视觉相关/K | 方案制定及后/S | 研发/S,研发/S,3D视觉/K | 项目方案制定/S | 项目研发/S,3D视觉/K | 方案制定/S | 项目研发/S,,
1862-s0007,07,todo,人工智能招聘,empty_mismatch,, 3. 整理维护算法开发相关的文档。,整理维护/S | 算法开发相关/S | 文档/K,算法开发/S,[],整理维护/S | 算法开发/S,,
1862-s0010,07,todo,人工智能招聘,span_mismatch,,（研究生可放宽到2年） 3.熟悉常用的点云处理库和工具，如PCL（Point Cloud Library）、Open3D 4. 熟练掌握Tensorflow、Opencv或Halcon等框架；,常用的点云处/K | Open3D 4./K | 熟练掌握Tensorflow、Opencv或/S,研究生/K | Open3D 4/K | Tensorflow/S | Opencv/S,点云处理库/K | PCL/K | Open3D/K | Tensorflow/S | Opencv/S | Halcon/S | 框架/K,点云处理库/S | PCL/S | Point Cloud Library/S | Open3D/S | Tensorflow/S | Opencv/S | Halcon/S,,
1862-s0011,07,todo,人工智能招聘,empty_mismatch,, 5. 有3D点云项目研发经验者优先；,3D点云项目研发/K,[],3D点云项目研发/S,3D点云项目研发/K,,
1862-s0012,07,todo,人工智能招聘,span_mismatch,, 6. 有GPU.CPU多线程计算经验者优先；,GPU.CPU多线程计算/K,GPU/S | CPU/S | 多线程/K,GPU/S | CPU/S | 多线程计算/K,GPU/S | CPU多线程计算/S,,
1862-s0013,07,todo,人工智能招聘,span_mismatch,,（非必须项） 7. 有从0-1搭建算经验者优先 8. 有较强的学习能力和英文文献阅读能力，工作认真负责.积极主动.责任心强，具有良好的团队协作能力和沟通能力；,从0-1搭建算经/S | 学习能力和英文文/L | 团队协作能力和沟/T,学习能力/T | 英文/L | 认真负责/T | 责任心强/T | 团队协作能力/T | 沟通能力/T,学习能力/T | 英文/L | 文献阅读/S | 工作认真/T | 积极主动/T | 责任心/T | 团队协作/T | 沟通/T,学习能力/T | 英文文献阅读/L | 责任心/T | 团队协作能力/T | 沟通能力/T,,
1863-s0000,07,todo,人工智能招聘,span_mismatch,,岗位职责： 1、 负责集团IT解决方案制定和执行，主导IT建设发展规划和战略制定，组织和管理技术、产品开发与创新；,IT解决方案制定和/S | 和战略制定/S,产品开发/S,IT解决方案制定/S | IT建设发展规划/S | 产品开发/S,IT解决方案/S | IT建设发展规划/S | 战略制定/S,,
1863-s0001,07,todo,人工智能招聘,empty_mismatch,, 2、 负责集团信息系统建设、管理和维护，确保商业信息系统稳定运行；,信息系统建设、管/S | 商业信息系统稳定/K,[],信息系统建设/S | 商业信息系统稳定运行/S,信息系统建设/S | 管理/S | 维护/S,,
1863-s0002,07,todo,人工智能招聘,span_mismatch,, 3、 负责集团软硬件系统、数据分析和应用、线上化和智能化系统的建设、管理和维护；,软硬件系统/K | 数据/K,数据分析/S,软硬件系统/K | 数据分析/S,软硬件系统/K | 数据分析/S | 应用/S | 线上化/K | 智能化系统/K,,
1863-s0003,07,todo,人工智能招聘,span_mismatch,, 4、有效运用IT科技技术手段、信息系统、互联网及移动互联网发展趋势，实施在商业中心项目的创新化应用以提升业绩及顾客体验。,运用IT/S | 信息系统/K | 互联网/K | 实施在/S | 创新化应用以提升/S,信息系统/K | 互联网/K,信息系统/K | 互联网/K | 移动互联网/K,IT科技技术手段/S | 信息系统/K | 互联网/K | 移动互联网/K | 创新化应用/S,,
1863-s0004,07,todo,人工智能招聘,empty_mismatch,, 任职要求： 1、3年以上商业地产相关IT工作经验，至少有2年以上商业购物中心、百货IT经理工作经历；,商业地产相关/K | IT工作/K | 商业购物中心、百/K,[],商业地产/K | IT工作/S | 商业购物中心/K | 百货/K | IT经理/S,商业地产/K | IT/S | 商业购物中心/K | 百货/K,,
1863-s0005,07,todo,人工智能招聘,span_mismatch,, 2、 具有开阔的视野，创新的思维，对商业购物中心技术发展趋势和管理现状具有准确的判断；,开阔的视野，创新/T | 商业购物中心技术/K,开阔的视野/T | 创新/T,商业购物中心技术发展趋势/K,开阔的视野/T | 创新的思维/T | 商业购物中心技术/K,,
1863-s0006,07,todo,人工智能招聘,span_mismatch,, 3、 熟悉商业中心的常用信息化的软、硬件系统，了解互联网及移动互联网对于商业的系统应用；,商业中心的常用信/K | 互联网及移动互联/K | 系统应用/K,商业中心/K,互联网/K | 移动互联网/K,信息化/K | 互联网/K | 移动互联网/K | 系统应用/K,,
1863-s0007,07,todo,人工智能招聘,empty_mismatch,, 4、 能完成商业中心智能化、信息化综合解决方案；,商业中心智能化/S,[],信息化综合解决方案/S,智能化/S | 信息化/S,,
1864-s0000,07,todo,人工智能招聘,span_mismatch,,岗位职责： 1、负责公司自研的日志采集、告警、分析、自然语言处理、聚类，进行告警聚合、智能降噪、通知升级分派等 2、参与公司的trace数据、exporter指标数据等进行时间序列异常检测、多指标关联分析、时间序列预测、日志异常检测 3、参与公司的APM体系的丰富和完善，在istio的日志之上构建以OpenTelemetry或者OpenTrace规范落地的监控体系 4、负责打通从故障监控、预警、告警到根因分析、故障自愈的全流程中落地AIOps，包括但不限于智能检测、告警聚合、诊断归因、自动恢复、风险可视化、知识库构建等核心功能 5、负责智能监控系统的设计、开发及迭代优化，能快速识别、定位出异常问题，提高异常检测的准确性和时效性并减轻运维人力成本 6、参与到公司其他sre相关系统的建设和落地中，包括但不限于容量管理、流量管理、故障演练，容灾系统和其他稳定性相关系统，提升业务可用性 职位要求： 1、计算机相关专业，有至少4年以上后端开发经验，有中间件相关设计经验 2、了解AIOps基本概念、能力分级、能力框架、团队角色、常见应用场景等 3、对jdk1.8比较精通，深入了解nio、多线程、jvm、jmm模型，有扎实的编码能力，注重代码质量 4、对AIOps领域和应用机器学习解决运维问题有强烈兴趣和技术热情 5、有时序数据产品或APM的开发经验，熟悉压测、降级、流控、熔断等稳定性保障手段 6、具有良好的沟通能力，有较强的独立工作能力和解决问题的能力 7、熟悉AIOPS相关算法，异常检测、趋势预测、根因分析、告警收敛等算法，能够根据场景选择合适算法，并进行优化，提高准确性和时效性 8、在运维自动化领域有丰富经验和案例，有AIOps生产落地经验者优先,日志采集/S | 告警/S | 告警聚合/S | 智能降/S | trace数据、exporter指标数/K | 时间序列异常检测/S | APM体系的丰富和完/K | istio的日志之上构建/K | OpenTelemetry或者OpenTrace/K | 监控体系/S | 从故障监控/S | 预警/S | 根因分析/S | 故障自/S | 智能检测/S | 诊断归因/S | 自动恢/S | 智能监控系统的设/S | 开发及迭代优化/S | 识别/S | 定位出/S | sre相关系统的建设/K | 容量管理/S | 流量管/S | 稳定性相关系统/K,告警/S | 自然语言处理/K | 聚类/S | 时间序列/K | OpenTelemetry/K | 从故障监控/S | 预警/S | 诊断归因/S | 可视化/S | 开发/S | 稳定性/T | 计算机相关专业/K | 后端开发/S | 多线程/K | 编码/S | 机器学习/K | 沟通能力/T | 独立工作能力/T | 解决问题/S | 算法/K | 自动化/K,日志采集/S | 告警/S | 分析/S | 自然语言处理/K | 聚类/K | 告警聚合/S | 智能降噪/S | 通知升级分派/S | trace数据/K | exporter指标数据/K | 时间序列异常检测/S | 多指标关联分析/S | 时间序列预测/S | 日志异常检测/S | APM体系/K | istio/K | OpenTelemetry/K | OpenTrace/K | 监控体系/S | 故障监控/S | 预警/S | 根因分析/S | 故障自愈/S | AIOps/K | 智能检测/S | 诊断归因/S | 自动恢复/S | 风险可视化/S | 知识库构建/S | 迭代优化/S | 异常检测/K | sre/K | 容量管理/S | 流量管理/S | 故障演练/S | 容灾系统/S | 后端开发/S | AIOps基本概念/K | jdk1.8/S | nio/K | 多线程/K | jvm/K | jmm模型/K | 编码/S | 代码质量/S | 机器学习/K | 时序数据产品/S | 压测/S | 降级/S | 流控/S | 熔断/S | 稳定性保障/S | 沟通/T | 独立工作/T | 趋势预测/K | 告警收敛/K | 运维自动化/K | AIOps生产落地/S,日志采集/S | 告警/S | 分析/S | 自然语言处理/K | 聚类/K | 告警聚合/S | 智能降噪/S | trace数据/S | exporter指标数据/S | 时间序列异常检测/S | 多指标关联分析/S | 时间序列预测/S | 日志异常检测/S | APM体系/K | istio/S | OpenTelemetry/S | OpenTrace/S | 监控体系/S | 故障监控/S | 预警/S | 告警/S | 根因分析/S | 故障自愈/S | AIOps/K | 智能检测/S | 诊断归因/S | 自动恢复/S | 风险可视化/S | 知识库构建/S | 智能监控系统/S | 设计/S | 开发/S | 迭代优化/S | 异常检测/S | sre/K | 容量管理/S | 流量管理/S | 故障演练/S | 容灾系统/S | 稳定性/K | 计算机相关专业/K | 后端开发/S | 中间件/S | AIOps/K | jdk1.8/S | nio/S | 多线程/S | jvm/S | jmm模型/K | 编码能力/S | 机器学习/K | 时序数据产品/S | APM/K | 压测/S | 降级/S | 流控/S | 熔断/S | 沟通能力/T | 独立工作能力/T | AIOPS相关算法/K | 异常检测/S | 趋势预测/S | 根因分析/S | 告警收敛/S | 运维自动化/S,,
1865-s0000,07,todo,人工智能招聘,span_mismatch,,高级java要求： 1. 至少5年的使用Java / J2EE技术业软件开发经验 2. 具备解决各种复杂问题的能力，在分布式计算、高容量交易过程和大规模系统设计方面 3. 熟悉 SaaS 平台架构以及相关项目实践 4. 具备优秀的编程、单元测试、调试和代码编写能力 5. 精通Struts / Spring 等框架开发，熟练使用Eclipse，MyEclipse；,Java //S | J2EE技术业软件开发/S | 解决各种复杂问题/S | 分布式计算/K | 高容/K | SaaS 平台架构以及/K | 编程/S | 单元测试/S | Spring 等框架开发/S | Eclipse，MyEclipse/S,java/S | Java/S | 软件开发/S | 解决各种复杂问题/S | 分布式/K | 系统设计/S | 编程/S | 单元测试/S | Spring/S | Eclipse/S | MyEclipse/S,Java/S | J2EE/S | 软件开发/S | 分布式计算/K | 高容量交易/K | 大规模系统设计/K | 编程/S | 单元测试/S | 调试/S | 代码编写/S | Struts/S | Spring/S | 框架开发/S | Eclipse/S | MyEclipse/S,Java/S | J2EE/S | 软件开发/S | 分布式计算/K | 高容量交易/K | 大规模系统设计/K | 编程/S | 单元测试/S | 调试/S | 代码编写/S | Struts/S | Spring/S | Eclipse/S | MyEclipse/S,,
1865-s0001,07,todo,人工智能招聘,span_mismatch,, 6. 精通web mvc框架，熟悉JSP/Servlet、JavaScript、Ajax、Jquery等WEB开发技术，熟悉spring，Spring MVC（Struts2）和ibatis等主流的开发框架；,web mvc框架，熟悉/S | JSP/Servlet、JavaScript、Ajax/S | spring，Spring MVC（Struts2/S | ibatis等主流的开发/S,web mvc框架/S | JSP/S | Servlet/S | JavaScript/S | Ajax/S | Jquery/S | 开发/S | spring/S | Spring/S,web mvc框架/S | JSP/S | Servlet/S | JavaScript/S | Ajax/S | Jquery/S | WEB开发技术/K | spring/S | Spring MVC/S | Struts2/S | ibatis/S | 开发框架/K,web mvc框架/S | JSP/Servlet/S | JavaScript/S | Ajax/S | Jquery/S | WEB开发技术/S | spring/S | Spring MVC/S | Struts2/S | ibatis/S | 开发框架/S,,
1866-s0000,07,todo,人工智能招聘,span_mismatch,,职位定义：在深入理解商业产品各个业务发展的战略目标与业务规划的基础上，全链条调查、诊断、分析、评估、建模业务管理和业务流程以及产品现状，产出系统化的、多层次的、具体的分析报告，持续推动产品迭代，完成营收目标。,深入理解商/T | 调查/S | 诊断/S | 分析/S | 产出系统化的/T | 多层次的/T | 具体的分/T | 持续推动产/S,诊断/S | 分析/S | 建模/S | 产出系统化/T | 多层次的/T,业务规划/K | 业务管理/K | 业务流程/K | 产品现状/K | 分析报告/S | 产品迭代/S,调查/S | 诊断/S | 分析/S | 评估/S | 建模/S,,
1866-s0001,07,todo,人工智能招聘,span_mismatch,,工作职责：1.负责商业化运营业务的数据管理、统一、分析等工作，对问题预警、产品效果、营收目标负责，定期从产品、行业、客户等纬度分析发现业务增长点；,商业化运营业务的/K | 管理/S | 统一/S | 分析/S | 预警/S,管理/S | 统一/S | 分析/S,商业化运营/K | 数据管理/S | 问题预警/S | 产品效果/S,数据管理/S | 预警/S,,
1866-s0002,07,todo,人工智能招聘,empty_mismatch,,2.对现有产品及业务数据进行梳理和重塑，对各产品业务运营指标层层拆解量化，还原业务现场事实，及时发现缺陷和机会，为业务决策提供动力；,业务数据进/K | 梳理和重塑/S | 运营指标层/K | 量化/S,[],业务决策/S,量化/S,,
1866-s0003,07,todo,人工智能招聘,empty_mismatch,,3.根据部门产品业务发展战略，不断拓展商业数据捕获和应用场景，打通全域数据链路建立企业级数据框架体系，为内部/外部客户提供更加全面的商业数据服务；,拓展商/S | 数据捕获和应用场/S | 数据链路建/S | 数据框架体系/S | 提供更/S | 数据服务/S,[],商业数据捕获/S | 全域数据链路/S | 企业级数据框架体系/S | 商业数据服务/S,数据捕获/S | 数据链路/S | 数据框架体系/K | 数据服务/S,,
1866-s0004,07,todo,人工智能招聘,span_mismatch,,4.搭建自动化、系统化、精细化的业务数据看板并不断优化，帮助业务在产能优化、流量规划、用户体验方面进行精细化运营；,搭建自/S | 业务数据看板并不/K | 优化/S | 产能优化/K | 流量规/K | 精细化运营/S,自动化/K | 优化/S,产能优化/S | 流量规划/S | 用户体验/K | 精细化运营/S,自动化/S | 系统化/S | 精细化/S | 数据看板/S | 优化/S | 产能优化/S | 流量规划/S | 用户体验/K | 精细化运营/S,,
1866-s0005,07,todo,人工智能招聘,span_mismatch,,5.对销售、产品、运营、BI、技术等岗位横向合作，对问题穷追不舍且能确保在规定时间出色完成方案任务，输出准确结论保证业务效率。,销售/K | 产品/K | 运营/K | 横向合作/T | 穷追不舍且/T | 确保在规定时间出/T | 方案任务，输出准/S,销售/S | 运营/K,横向合作/T | 业务效率/S,横向合作/T,,
1866-s0006,07,todo,人工智能招聘,span_mismatch,,任职要求：1.全日制本科及以上学历，7年以上数据分析、运营经验，应用数学、统计学、机器学习或计算机等相关专业优先；,数据分析/S | 运营经/S | 应用数学/K | 统计学/K,本科及以上学历/K | 数据分析/S | 应用数学/K | 统计学/K | 机器学习/K | 计算机/K | 相关专业/K,本科及以上学历/K | 数据分析/S | 运营/S | 应用数学/K | 统计学/K | 机器学习/K | 计算机/K,全日制本科及以上学历/K | 数据分析/S | 运营经验/S | 应用数学/K | 统计学/K | 机器学习/K | 计算机/K,,
1866-s0007,07,todo,人工智能招聘,span_mismatch,,2.清晰的分析逻辑以及良好的业务洞察能力，能快速发现问题、拆解问题并定位到影响业务的关键点3.有很强的数据敏感度，能从海量数据中提炼核心结果，有丰富的数据挖掘，信息采集整理，项目分析经验优先；,分析逻辑以/T | 业务洞察能力/T | 发现问题/S | 拆解问/S | 数据敏感度/T | 提炼核心结果/S | 数据挖掘，信息采/S,数据挖掘/S,分析逻辑/T | 业务洞察/T | 数据敏感度/T | 数据挖掘/S | 信息采集/S | 项目分析/S,分析逻辑/T | 业务洞察能力/T | 发现问题/S | 拆解问题/S | 定位/S | 数据敏感度/T | 数据挖掘/S | 信息采集整理/S | 项目分析/S,,
1866-s0008,07,todo,人工智能招聘,span_mismatch,,4.精通Excel、PPT，熟练使用SQL、tableau、hive等数据分析工具，并可以独立编写商业数据分析报告，熟悉python或R者优先；,hive等数据/S | 编写商业数据分析/S | python或R者优先/S,Excel/S | PPT/S | SQL/S | tableau/S | hive/S | 数据分析/S | python/S,Excel/S | PPT/S | SQL/S | tableau/S | hive/S | 数据分析工具/K | python/S | R/S,Excel/S | PPT/S | SQL/S | tableau/S | hive/S | 数据分析工具/S | 商业数据分析报告/S | python/S | R/S,,
1866-s0009,07,todo,人工智能招聘,span_mismatch,,5.有丰富的跨多业务团队、部门沟通能力，通过获取、整合、分析、清洗和建模输出有效结论和衡量方案，抗压能力强。,沟通能力/T | 获取/S | 整合/S | 分析/S | 抗压能力强/T,沟通能力/T | 整合/S | 分析/S | 建模/S | 抗压能力强/T,部门沟通/T | 衡量方案/S | 抗压能力/T,沟通能力/T | 抗压能力/T,,
1867-s0000,07,todo,人工智能招聘,span_mismatch,,职位描述：任职条件：1.学历及专业：大学本科及以上学历，计算机相关专业。,[],本科及以上学历/K | 计算机相关专业/K,本科及以上学历/K,大学本科及以上学历/K | 计算机相关专业/K,,
1867-s0002,07,todo,人工智能招聘,span_mismatch,,3.专业知识及技能要求：精通Windows、Linux等服务器系统日常管理，熟悉并理解WindowsADDNSDHCP等基础架构的管理；,Linux等服务/S | 日常管理，熟悉并/S,专业知识/K | Windows/S | Linux/S,Windows/S | Linux/S | WindowsADDNSDHCP/K,Windows/S | Linux/S | WindowsADDNSDHCP/S,,
1867-s0004,07,todo,人工智能招聘,span_mismatch,,具备良好的语言表达能力和书写能力，具备英文阅读能力；,语言表达能/T | 书写能/T | 英文阅读能/L,表达能力/T | 英文/L,语言表达/T | 书写/T | 英文/L | 阅读/S,语言表达能力/T | 书写能力/T | 英文阅读能力/L,,
1867-s0005,07,todo,人工智能招聘,span_mismatch,,4、持证要求：具备相关专业资格认证（如MCSE等）优先。,资格认证（/K | MCSE等）/K,相关专业/K,专业资格认证/K | MCSE/K,MCSE/K,,
1868-s0004,07,todo,人工智能招聘,span_mismatch,,任职资格：1、本科及以上学历，3年以上数据分析、商业分析、业务运营等岗位经验或知名咨询公司、互联网公司战略或分析部门工作；,数据分析/S | 商业分/S | 战略或分/K,本科及以上学历/K | 数据分析/S | 商业分析/S,本科及以上学历/K | 数据分析/S | 商业分析/S | 业务运营/S | 咨询公司/K | 互联网公司/K | 战略/K | 分析部门/K,本科及以上学历/K | 数据分析/S | 商业分析/S | 业务运营/S | 咨询公司/K | 互联网公司/K,,
1868-s0005,07,todo,人工智能招聘,span_mismatch,,2、有良好的信息和数据获取和提炼的能力，丰富的商业分析经验，具备极强的商业和数据敏感度，全局分析视角和细节处理兼备，并能结合内外部数据深度剖析商业问题；,信息和数据获取和/S | 商业和数据敏感度/T | 深度剖析商/S,商业分析/S,数据获取/S | 商业分析/S | 数据敏感度/T | 全局分析视角/T | 细节处理/T,数据获取/S | 商业分析/S | 数据敏感度/T | 全局分析/T | 细节处理/T,,
1869-s0000,07,todo,人工智能招聘,span_mismatch,,岗位职责：OTT电视领域行业分析师，主要负责智能大屏行业的产业信息搜集、大数据分析、目标公司调研、撰写相关报告等工作。,领域行/K | 分析师/S | 搜集/S | 调研/S | 报告等工作/S,数据分析/S,OTT电视/K | 智能大屏行业/K | 产业信息搜集/S | 大数据分析/S | 目标公司调研/S,产业信息搜集/S | 大数据分析/S | 目标公司调研/S,,
1869-s0001,07,todo,人工智能招聘,span_mismatch,,任职要求：1、熟悉科技行业，对于各类新兴互联网技术和业务有天然的喜好与热情；,科技行业/K | 新兴互联网技术和/K,科技行业/K,科技行业/K | 新兴互联网技术/K,科技行业/K | 互联网技术/K,,
1869-s0002,07,todo,人工智能招聘,span_mismatch,,2、了解OTT电视领域的情况，并且具有智能电视、电视盒子、智能投影仪的使用习惯；,OTT电视领域的/K | 智能电视/S | 电视盒/S,智能电视/S,OTT电视领域/K | 智能电视/S | 电视盒子/S | 智能投影仪/S,OTT电视/K | 智能电视/K | 电视盒子/K | 智能投影仪/K,,
1869-s0005,07,todo,人工智能招聘,span_mismatch,,5、在科技媒体编辑记者岗位或互联网公司产品经理岗位具有从业经验的优先；,从业经验/S,编辑/S,科技媒体编辑/S | 记者/S | 产品经理/S,科技媒体编辑/K | 记者/K | 产品经理/K,,
1870-s0000,07,todo,人工智能招聘,span_mismatch,,工作职责： 1.理解互联网企业在研发、运营工作中对网络、计算、存储等基础设施的需求，分析其快速发展过程中，在基础设施层面所遇到的挑战和未来的方向；,.理解互/T | 研发/S | 运营工作/S | 对网络、计算、存/K | 挑战和未来的方向/T,研发/S | 运营工作/S | 网络/K | 计算/K,互联网企业/K | 研发/S | 运营/S | 网络/K | 计算/K | 存储/K | 基础设施/K,研发/S | 运营/S | 网络/K | 计算/K | 存储/K | 基础设施/K,,
1870-s0001,07,todo,人工智能招聘,span_mismatch,, 2.向客户提供物理设备到云的方案和建议，针对客户业务场景，向客户推荐腾讯云平台所提供的互联网开放能力，并出具可行的、包含应用迁移和数据迁移的上云落地方案；,向客户提供物理设/S | 出具可行的/S | 包含/S,云平台/K | 包含/S | 数据迁移/S,腾讯云平台/K | 互联网开放能力/K | 应用迁移/S | 数据迁移/S | 上云落地方案/S,腾讯云平台/S | 互联网开放能力/K | 应用迁移/S | 数据迁移/S | 上云落地方案/S,,
1870-s0002,08,todo,人工智能招聘,empty_mismatch,, 3.在客户迁云过程中，根据项目本身的需要，协助研发团队或实施团队（客户或合作伙伴）完成Demo系统搭建，PoC测试及最终迁移工作；,迁云过/K | 研发团/K | 实施团/K | Demo系统搭建，PoC测/S,[],客户迁云/S | Demo系统搭建/S | PoC测试/S | 最终迁移/S,迁云/S | 研发团队/S | 实施团队/S | Demo系统搭建/S | PoC测试/S | 迁移工作/S,,
1870-s0003,08,todo,人工智能招聘,empty_mismatch,, 4.负责上云案例、技术方案的更新维护，及相关的布道工作。,上云案例/K | 技术方/K | 布道工作/S,[],上云案例/S | 布道/S,技术方案/S | 维护/S,,
1870-s0004,08,todo,人工智能招聘,span_mismatch,, 任职要求： 1.本科以上学历，5年以上互联网产品运维或开发、架构设计工作经验；,互联网产品运维或/S,本科/K | 架构设计/S,本科以上学历/K | 互联网产品运维/S | 架构设计/S,本科以上学历/K | 互联网产品运维/S | 开发/S | 架构设计/S,,
1870-s0006,08,todo,人工智能招聘,span_mismatch,, 熟悉负载均衡、各类VPN网关（支持IPsec、SSL等）、路由器等网络产品；,负载均衡/K | 各类VPN/K | 支持IPsec/K | SSL等）/K | 路由器等网络产品/K,负载均衡/K | 支持IPsec/K | 路由器/K | 网络/K,负载均衡/K | VPN网关/K | IPsec/K | SSL/K | 路由器/K | 网络产品/K,负载均衡/K | VPN网关/K | IPsec/S | SSL/S | 路由器/K | 网络产品/K,,
1870-s0007,08,todo,人工智能招聘,span_mismatch,," 3.有管理及配置经验,熟悉关系型数据库，如mysql\sqlserver以及非关系型数据库，如Redis\MongoDB；",管理及配置经验/S | mysql\sqlserver以及非关系/S | Redis\MongoDB/K,管理/S | 配置/S | 数据库/K | mysql/S | sqlserver/S | Redis/S | MongoDB/S,管理/S | 配置/S | 关系型数据库/K | mysql/S | sqlserver/S | 非关系型数据库/K | Redis/S | MongoDB/S,关系型数据库/K | mysql/S | sqlserver/S | 非关系型数据库/K | Redis/S | MongoDB/S,,
1870-s0008,08,todo,人工智能招聘,span_mismatch,," 4.有管理和简单配置的经验,熟悉云服务体系，包括Iaas、Paas和Saas.或者有一定的开发或者运维经验，极强的问题解决能力，习惯于寻找创新方法来达成目标；",管理和简单配置的/S | 云服务体系/K | Iaas、Paas和Saas./K | 开发或者/S | 运维经验/S | 问题解决能力/T | 寻找创新方法来达/T,管理/S | 云服务体系/K | 开发/S | 运维/S | 问题解决/S,管理/S | 配置/S | 云服务体系/K | Iaas/K | Paas/K | Saas/K | 开发/S | 运维/S | 问题解决/T | 创新方法/T,云服务体系/K | Iaas/K | Paas/K | Saas/K | 开发/S | 运维/S | 问题解决能力/T | 创新方法/T,,
1870-s0009,08,todo,人工智能招聘,span_mismatch,, 5.优良的客户服务意识，严谨的工作态度和强烈的责任心；,客户服务意识/T | 工作态度和强/T | 责任心/T,客户服务/S | 严谨/T | 责任心/T,客户服务意识/T | 责任心/T,客户服务意识/T | 工作态度/T | 责任心/T,,
1870-s0011,08,todo,人工智能招聘,span_mismatch,, 7.熟悉某一领域互联网产品（如游戏、电商、视频、物流、出行等）的技术体系、了解知名互联网公司典型产品的技术架构；,技术体系/K | 了解知/K | 技术架构/K,技术架构/K,互联网产品/K | 游戏/K | 电商/K | 视频/K | 物流/K | 出行/K | 技术体系/K | 互联网公司/K | 典型产品/K | 技术架构/K,技术体系/K | 技术架构/K,,
1870-s0012,08,todo,人工智能招聘,empty_mismatch,," 8.具备与客户的CEO,CTO、运维负责人等关键人员的沟通能力和技巧。",的沟通能力和技巧/T,沟通能力/T,[],沟通能力/T | 技巧/T,,
1871-s0000,08,todo,人工智能招聘,span_mismatch,,岗位职责： 1. 负责智能客服算法，相关研究，提升算法效果 2. 从事人工智能领域前沿算法的研发，技术驱动，探索人工智能的创新应用 3. 从具体的场景和问题出发，研发算法系统，产出解决方案 任职要求： 1. 本科及以上，3年以上互联网从业经验，2年以上NLP、智能对话相关工作经验 2. 算法相关工作经验丰富，对算法原理有独到见解，包括但不限于深度学习，常规机器学习算法 3. 有语音技术实际经验优先，包括但不限于：语音识别，语音合成，语音角色分离等等 4. 有智能投顾，搜索引擎，风控项目，推荐系统，行为分析系统，用户画像等研发经验优先,智能客服算法/S | 研究，提升算法效/S | 人工智能领域前沿/K | 研发，技术驱动/S | 研发算法系统，产/S | 互联网从业经验/K | 智能对话相关/K | 工作经验/K | 算法相关工作经验/S | 算法原理有/S | 深度学习，常规机/K | 语音技术实/K | 语音识别，语音合/K | 智能投顾，搜索引/K,算法/K | 研究/S | 人工智能/K | 研发/S | 技术驱动/S | 研发算法系统/S | 本科/K | 深度学习/K | 机器学习/K | 语音识别/K | 智能投顾/K | 搜索引擎/K | 推荐系统/K | 用户画像/K,智能客服算法/S | 人工智能/K | 研发/S | 技术驱动/S | 本科及以上/K | NLP/K | 智能对话/K | 算法原理/K | 深度学习/K | 机器学习算法/K | 语音技术/K | 语音识别/K | 语音合成/K | 语音角色分离/K | 智能投顾/K | 搜索引擎/K | 风控项目/K | 推荐系统/K | 行为分析系统/K | 用户画像/K,智能客服算法/K | 算法/K | 人工智能/K | NLP/K | 智能对话/K | 深度学习/K | 机器学习算法/K | 语音技术/K | 语音识别/K | 语音合成/K | 语音角色分离/K | 智能投顾/K | 搜索引擎/K | 风控/K | 推荐系统/K | 行为分析系统/K | 用户画像/K,,
1872-s0000,08,todo,人工智能招聘,span_mismatch,empty_process,详见官网：www.macrodatas.cn 工作地点:遂宁 岗位职责: 1、负责云平台日常维护，协同公司二线工程师保障云平台正常运行。,[],云平台/K,云平台日常维护/S,[],,
1872-s0003,08,todo,人工智能招聘,span_mismatch,, 4、熟悉计算机网络软硬件及相关应用:精通网络原理熟悉服务器、存储硬件配置;,计算机网络软硬件/K | 网络原理熟/K | 服务器/K | 存储硬件/K,计算机网络/K | 服务器/K,计算机网络软硬件/K | 网络原理/K | 服务器/K | 存储硬件/K,计算机网络/K | 网络原理/K | 服务器/K | 存储硬件/K,,
1872-s0004,08,todo,人工智能招聘,span_mismatch,,熟悉路由器、交换机、防火墙、入侵检测、数据库审计等网络安全设备的设置和管理:掌握局域网组网技术，理解局域网和广域网基本技术。,路由器/K | 交换机/K | 理解局/K | 广域网基本技术/K,路由器/K | 交换机/K | 防火墙/K | 数据库/K | 审计/S | 网络安全/K,路由器/K | 交换机/K | 防火墙/K | 入侵检测/K | 数据库审计/K | 网络安全设备/K | 局域网组网技术/K | 局域网/K | 广域网/K | 基本技术/K,路由器/K | 交换机/K | 防火墙/K | 入侵检测/K | 数据库审计/K | 网络安全设备/K | 局域网组网技术/K | 局域网/K | 广域网/K,,
1872-s0005,08,todo,人工智能招聘,empty_mismatch,, 5、服从主管领导安排和调度，完成专业的项目服务任务，包括重要时期和节假日的值班备岗，非工作时间的应急抢修，现场支持等。,安排和调度，完成/T | 值班备岗/S | 应急抢修，现场支/S,[],项目服务/S | 值班备岗/S | 应急抢修/S | 现场支持/S,值班备岗/S | 应急抢修/S | 现场支持/S,,
1872-s0006,08,todo,人工智能招聘,span_mismatch,, 职位要求： 1、大专以上学历，计算机相关专业，1年以上工作经验。,计算机相关/K,大专/K | 计算机相关专业/K,大专以上学历/K,大专以上学历/K | 计算机相关专业/K,,
1872-s0007,08,todo,人工智能招聘,span_mismatch,,能力出众者可另议 2、熟悉机房建设、服务器部署、网络通信、系统安全等工作，熟悉windowsserver、linux(redhat/centos/coreos等)操作系统，熟练掌握常用的linux命令 3、熟悉交换机、路由器、防火墙、门禁、监控等网络设备的安装、配置，熟悉TCP/IP、HTTP、VRRP等常用协议;,机房建设/S | 服务器/S | windowsserver、linux(redhat/K | 操作系统/K | 常用的linux命令 3/S | 交换机/K | 路由器/K | VRRP等/K,网络/K | 通信/K | 系统安全/K | windowsserver/K | linux/S | 操作系统/K | 交换机/K | 路由器/K | 防火墙/K | TCP/IP/S | HTTP/S,机房建设/S | 服务器部署/S | 网络通信/S | 系统安全/S | linux/S | redhat/S | centos/S | coreos/S | 操作系统/K | linux命令/S | 交换机/K | 路由器/K | 防火墙/K | 门禁/K | 监控/K | 网络设备/K | TCP/IP/K | HTTP/K | VRRP/K | 常用协议/K,机房建设/S | 服务器部署/S | 网络通信/S | 系统安全/S | windowsserver/S | linux/S | redhat/S | centos/S | coreos/S | linux命令/S | 交换机/K | 路由器/K | 防火墙/K | 门禁/K | 监控/K | TCP/IP/K | HTTP/K | VRRP/K,,
1872-s0008,08,todo,人工智能招聘,empty_mismatch,,能独立完成网络环境的管理、配置、排错、维护。,管理/S | 配置/S | 排错/S,网络/K | 管理/S | 配置/S | 排错/S,[],管理/S | 配置/S | 排错/S | 维护/S,,
1872-s0012,08,todo,人工智能招聘,span_mismatch,, 6、有网络、安全、PMP、软考项目经理等专业认证优先。,网络/K | 安全/K,网络/K | 安全/K,网络/K | 安全/K | PMP/K | 软考项目经理/K | 专业认证/K,网络/K | 安全/K | PMP/K | 软考项目经理/K,,
1873-s0000,08,todo,人工智能招聘,span_mismatch,,岗位职责：1. 基于图像和点云的三维重建算法研发；,图像和点云的三维/S,算法/K,图像/K | 点云/K | 三维重建算法研发/S,图像/K | 点云/K | 三维重建算法/K,,
1873-s0001,08,todo,人工智能招聘,span_mismatch,, 2. 工作包括但不限于多传感器（激光雷达、编码器、相机等）的时间同步与数据融合算法研发；,时间同步与数据融/S,编码/S | 算法/K,多传感器/K | 激光雷达/K | 编码器/K | 相机/K | 数据融合算法研发/S,多传感器/K | 激光雷达/K | 编码器/K | 相机/K | 时间同步/S | 数据融合算法/K,,
1873-s0002,08,todo,人工智能招聘,span_mismatch,,3. 影像多帧拼接、融合、降噪、优化等算法研发。,影像多帧拼接、融/S,影像多帧拼接/S | 算法/K,影像多帧拼接/S | 算法研发/S,影像多帧拼接/S | 融合/S | 降噪/S | 优化/S,,
1873-s0004,08,todo,人工智能招聘,span_mismatch,,1. 1年以上激光雷达相关算法研发工作经验；,激光雷达相关算法/S,算法/K,激光雷达/K | 算法研发/S,激光雷达/K | 算法研发/K,,
1873-s0005,08,todo,人工智能招聘,span_mismatch,,2. 熟悉基于图像和点云的特征提取、匹配和重建算法；,图像和点云的特征/S,算法/K,图像/K | 点云/K | 特征提取/S | 重建算法/S,图像/K | 点云/K | 特征提取/S | 匹配/S | 重建算法/K,,
1873-s0006,08,todo,人工智能招聘,span_mismatch,,3. 熟悉数据分析、误差理论、坐标系转换、；,数据分析/K | 误差理/K,数据分析/S,数据分析/S | 误差理论/K | 坐标系转换/K,数据分析/K | 误差理论/K | 坐标系转换/K,,
1874-s0000,08,todo,人工智能招聘,empty_mismatch,,职位描述：1、分析数据，分析广告投放效果并提出有建设性的改进意见；,分析数据，分析广/S | 改进意见/S,分析数据/S | 广告投放/S,[],广告投放效果/K,,
1874-s0001,08,todo,人工智能招聘,empty_mismatch,,2、挖掘数据，能从纷繁复杂的数据中发掘规律，并挖掘出数据核心价值；,挖掘数据/S | 中发掘规律/S | 挖掘出数据核心价/S,挖掘数据/S,[],发掘规律/S | 数据核心价值/K,,
1874-s0003,08,todo,人工智能招聘,empty_mismatch,,4、建立模型，能够针对不同的渠道、用户和推广方式，建立适应的数据模型；,建立模/S,建立模型/S | 数据模型/K,[],数据模型/K,,
1874-s0004,08,todo,人工智能招聘,span_mismatch,,职位要求：1、计算机、统计学、数学、信息技术等相关专业研究生或特别优秀的本科;,计算机/K | 统计学/K,计算机/K | 统计学/K | 数学/K | 相关专业/K | 研究生/K | 本科/K,计算机/K | 统计学/K | 数学/K | 信息技术/K | 研究生/K | 本科/K,计算机/K | 统计学/K | 数学/K | 信息技术/K,,
1874-s0005,08,todo,人工智能招聘,span_mismatch,,2、三年以上广告数据挖掘分析经验，能够使用SQL，Python/R，了解HadoopHive等大数据相关技术者优先；,分析经验/S | 够使用SQL，Python/R/S | HadoopHive等大数据/S | 技术者/K,数据挖掘/S | 分析/S | SQL/S | Python/S | 大数据/K,广告数据挖掘/S | SQL/S | Python/S | R/S | HadoopHive/S,广告数据挖掘分析/S | SQL/S | Python/S | R/S | HadoopHive/S | 大数据/K,,
1874-s0006,08,todo,人工智能招聘,span_mismatch,,3、较强的逻辑思维能力，具有良好的自学能力和解决问题的能力。,逻辑思维能力/T | 自学能力和解决问/T,逻辑思维能力/T | 自学能力/T | 解决问题/S,逻辑思维/T | 自学能力/T,逻辑思维能力/T | 自学能力/T | 解决问题/T,,
1875-s0000,08,todo,人工智能招聘,span_mismatch,,1、维护公司网络平台日常运营，有一定的站内优化经验。,维护公/S | 日常运营/S | 站内优化经验/S,网络/K,网络平台日常运营/S | 站内优化/S,站内优化/S,,
1875-s0001,08,todo,人工智能招聘,type_only,, 2、有B2B商铺维护与运营经验。,B2B商铺维护/K | 运营经验/S,B2B商铺维护/K,B2B商铺维护/S,B2B商铺维护/S | 运营/S,,
1875-s0002,08,todo,人工智能招聘,span_mismatch,, 3、大专以上学历，从事网络平台运营工作2年以上或外贸网络运营1年以上，具备一定的英语读写能力。,网络平台运营工作/S | 外贸网络运营1年/S | 英语读写能力/L,大专/K | 网络/K | 平台运营/S | 英语读写/L,大专以上学历/K | 网络平台运营/S | 外贸网络运营/S | 英语/L,网络平台运营/S | 外贸网络运营/S | 英语/L,,
1875-s0003,08,todo,人工智能招聘,span_mismatch,, 4、熟悉SEO优化原理，具备SEM竞价账户投放经验和一定的数据挖掘与分析能力。,SEO优化原理/K | SEM竞价账户投放经/S | 数据挖掘与分析能/S,SEO/S | SEM/S | 数据挖掘/S | 分析能力/T,SEO优化原理/K | SEM竞价账户投放/S | 数据挖掘/S,SEO优化原理/K | SEM竞价账户投放/S | 数据挖掘/S | 分析能力/T,,
1876-s0009,08,todo,人工智能招聘,empty_mismatch,,结业颁发工业和信息化部软件与集成电路促进中心职业技能等级证书，行业内畅通无阻。,软件与集成电路促/K | 职业技能等级证书/K,证书/K,[],职业技能等级证书/K,,
1876-s0011,08,todo,人工智能招聘,empty_mismatch,,3-4个月实训课程学习影视后期包含剪辑，动画制作，特效合成，电影调色等课程。,影视后期包/K | 剪辑，动画制作/S,剪辑/S | 动画制作/S,[],剪辑/S | 动画制作/S | 特效合成/S | 电影调色/S,,
1876-s0015,08,todo,人工智能招聘,empty_mismatch,,3、适合人群：初高中、大专或以上学历，18至35周岁，对短视频剪辑，栏目包装，影视特效制作感兴趣的人士！,短视频剪辑，栏目/S,高中/K | 大专/K | 剪辑/S,[],短视频剪辑/S | 栏目包装/S | 影视特效制作/S,,
1877-s0001,08,todo,人工智能招聘,span_mismatch,,2.负责金融产品，包括产品版本计划、产品功能设计、产品发布跟进、产品优化升级等工作；,金融产品/K | 产品版本计划、产/S,产品优化/S,金融产品/K | 产品版本计划/S | 产品功能设计/S | 产品发布跟进/S | 产品优化升级/S,产品版本计划/S | 产品功能设计/S | 产品发布跟进/S | 产品优化升级/S,,
1877-s0002,08,todo,人工智能招聘,empty_mismatch,,3.负责行业及竞品跟踪分析，根据市场反馈和用户需求，不断调整策略，优化业务逻辑；,行业及竞品跟踪分/S | 调整策略，优化业/S,[],竞品跟踪分析/S,行业及竞品跟踪分析/S | 调整策略/S | 优化业务逻辑/S,,
1877-s0003,08,todo,人工智能招聘,span_mismatch,,4.通过用户调研、竞品分析、数据分析，学习和了解业界最新动态，善于发现商业运营角度的特性和趋势，通过分析和挖掘增长点提出符合需求的产品演进方向并有节奏的推动项目落地；,用户调研/S | 竞品分/S | 挖掘增长点提/S | 产品演进方向并有/K,数据分析/S | 商业运营/S,用户调研/S | 竞品分析/S | 数据分析/S | 产品演进方向/K,用户调研/S | 竞品分析/S | 数据分析/S | 挖掘增长点/S | 产品演进方向/K,,
1877-s0004,08,todo,人工智能招聘,empty_mismatch,,5.构建并监测各渠道和路径转化漏斗，分析用户行为，洞察转化的驱动因素，优化和提升后续转化效率；,构建并监测各/S | 分析用/S | 洞察转/S | 优化和提升后/S,监测/S | 优化/S,[],构建并监测各渠道和路径转化漏斗/S | 分析用户行为/S | 洞察转化的驱动因素/S | 优化和提升后续转化效率/S,,
1877-s0005,08,todo,人工智能招聘,empty_mismatch,,6.协同技术团队、运营团队、业务团队，共同推进项目落地，达成产品目标，拿到结果。,协同技术团队/T | 推进项目落地，达/S,协同技术团队/T,[],协同技术团队/T | 运营团队/T | 业务团队/T | 推进项目落地/S | 达成产品目标/S,,
1877-s0006,08,todo,人工智能招聘,span_mismatch,,任职要求：1.大学本科及以上学历，3年以上金融产品或互联网产品的工作经验，了解目前行业趋势，对用户有深刻洞察，能站在用户角度思考；,对用户有深刻洞察/T | 站在用户角度思考/T,本科及以上学历/K | 对用户有深刻洞察/T,本科及以上学历/K | 金融产品/K | 互联网产品/K | 行业趋势/K | 用户角度思考/T,大学本科及以上学历/K | 金融产品/K | 互联网产品/K | 用户角度思考/T,,
1877-s0007,08,todo,人工智能招聘,span_mismatch,,2.独立负责过产品线，具备系统思考能力，数据敏感，对数据指标、口径敏感，善于从数据中找到业务问题并推动解决；,独立负责过产品线/T | 系统思考能力，数/T | 数据指标/K | 口径敏/K | 从数据中找到业务/S,系统思考能力/T | 数据指标/K,系统思考/T | 数据敏感/T | 数据指标/K,系统思考能力/T | 数据敏感/T | 数据指标/K | 口径/K | 从数据中找到业务问题并推动解决/S,,
1877-s0008,08,todo,人工智能招聘,span_mismatch,,3.有扎实的产品设计能力，懂得交互和心理，懂得在用户角度实现商业价值，平衡商业目标和用户体验，有完善的产品工作方法论；,产品设计能力，懂/S | 的产品工作方法论/K,产品设计/S,产品设计/S | 交互/K | 心理/K | 产品工作方法论/K,产品设计能力/S | 交互/K | 心理/K | 商业价值/K | 商业目标/K | 用户体验/K | 产品工作方法论/K,,
1877-s0009,08,todo,人工智能招聘,span_mismatch,,4.乐观、激情、谦虚、善于且乐于学习新知识，具有好奇心和自我驱动；,学习新/T | 好奇心和自我驱动/T,谦虚/T,乐观/T | 激情/T | 谦虚/T | 学习/T | 好奇心/T | 自我驱动/T,学习新知识/T | 好奇心/T | 自我驱动/T,,
1877-s0010,08,todo,人工智能招聘,empty_mismatch,,5.了解银行和创新金融的业务特点及运作模式者优先。,银行和创新金融的/K,[],运作模式/K,银行/K | 创新金融/K | 业务特点/K | 运作模式/K,,
1878-s0000,08,todo,人工智能招聘,span_mismatch,,"职责：1.参与日均数百万PV，数万订单的电商系统的研发工作2.参与多种微信及LBS相关功能模块的研发工作3.参与覆盖全国的数百家连锁店的经营管理系统及O2O、供应链管理系统的研发工作4.参与数亿量级数据的大数据分析和挖掘系统的研发工作5.参与千万量级用户的CRM系统的研发工作我们希望你：1、拥有2年及以上PHP语言开发经验，熟悉HTML,CSS,JavaScript及AJAX等前端技术；","电商系统的研发工/S | 微信及LBS相关功能/S | 经营管理系统及O2O/S | 大数据分析和挖掘/S | CRM系统的研发工作/S | PHP语言开发经验/S | HTML,CSS,JavaScript及AJAX等/S",供应链管理/S | 数据分析/S | CRM/S | PHP/S | HTML/S | CSS/S | JavaScript/S | AJAX/S,PHP/S | HTML/S | CSS/S | JavaScript/S | AJAX/S | 前端技术/K,PHP语言开发/S | HTML/S | CSS/S | JavaScript/S | AJAX/S,,
1878-s0001,08,todo,人工智能招聘,empty_mismatch,,2、熟悉MySQL等数据库的使用3、熟悉版本控制工具4、善于表达，具有良好的沟通能力和团队协作精神5、有技术博客者优先公司简介：水果生鲜行业领导者，全国首创免费加盟水果店模式，一年内开近百家加盟店，数千万投资的O2O项目高速扩张中。,MySQL等数据库的使用/S | 版本控制工具4/K | 表达/T | 沟通能力和团队协/T,[],MySQL/S | 版本控制工具/K | 表达/T | 沟通/T | 团队协作/T,MySQL/S | 数据库/S | 版本控制工具/S | 沟通能力/T | 团队协作精神/T,,
1879-s0000,08,todo,人工智能招聘,span_mismatch,,岗位要求：扎实的机器学习基础，能够运用LR、GBDT、SVM等传统模型解决实际的业务问题，了解深度学习及其在工业界的一些典型应用案例。,机器学习基础/K | 运用LR/S | SVM等/S | 解决实际的业务问/S | 应用案例/K,机器学习/K | 深度学习/K,机器学习基础/K | LR/K | GBDT/K | SVM/K | 传统模型/K | 深度学习/K,机器学习基础/K | LR/S | GBDT/S | SVM/S | 深度学习/K,,
1879-s0001,09,todo,人工智能招聘,span_mismatch,,熟悉hadoop、hive、storm等常用的大数据处理平台，熟悉python、C++、scala等至少一门编程语言。,storm等常用/S | C++/S | scala等/S | 编程语言/S,hadoop/S | hive/S | 数据处理平台/K | python/S | C++/S | scala/S | 编程语言/K,hadoop/S | hive/S | storm/S | 大数据处理平台/K | python/S | C++/S | scala/S | 编程语言/K,hadoop/S | hive/S | storm/S | 大数据处理平台/S | python/S | C++/S | scala/S | 编程语言/S,,
1879-s0003,09,todo,人工智能招聘,span_mismatch,,较好的沟通能力、团队协作能力，积极主动，愿意接受挑战岗位职责：负责手机浏览器FEED流相关推荐算法研发，通过算法优化提升整体推荐的点击率、关注转化率。,沟通能力/T | 团队协/T | FEED流相关推荐算法/S | 算法优化提/S,沟通能力/T | 团队协作能力/T | 推荐算法/K | 算法优化/S,沟通/T | 团队协作/T | 积极主动/T | 算法优化/S,沟通能力/T | 团队协作能力/T | 积极主动/T | 接受挑战/T | 推荐算法研发/S | 算法优化/S,,
1879-s0004,09,todo,人工智能招聘,span_mismatch,,针对消费场景特征，对用户、Item信息进行建模，抽象业务场景，制定有效的召回算法，同时从样本、特征、模型等维度不断优化排序算法。,特征/K | 用户/K | Item信息进行/K | 建模，抽象业务场/S | 样本/K | 模型等维度/K | 优化排序算法/S,建模/S | 算法/K | 样本/K,消费场景特征/K | 样本/K | 特征/K | 模型/K,建模/S | 召回算法/S | 排序算法/S,,
1879-s0005,09,todo,人工智能招聘,span_mismatch,,紧跟学术界、工业界的前沿技术，结合实际的业务场景进行算法开发、落地，实现团队技术和业务的共同发展。,学术界/K | 工业界的/K | 行算法开发/S | 落地/S | 同发展/S,工业界的/K | 算法开发/S | 落地/S,算法开发/S,算法开发/S | 落地/S,,
1880-s0000,09,todo,人工智能招聘,span_mismatch,,岗位职责： 1、基于最新一代车路协同无人驾驶解决方案，领导开发具备L4级自动驾驶能力的感知算法，包括但不限于3D视觉算法、激光点云算法、融合感知算法等；,领导开发具/S | 感知算法/S | 3D视觉算法/S | 激光/S,算法/K,车路协同/K | 无人驾驶/K | L4级自动驾驶/K | 3D视觉算法/K | 激光点云算法/K | 融合感知算法/K,感知算法/S | 3D视觉算法/S | 激光点云算法/S | 融合感知算法/S,,
1880-s0001,09,todo,人工智能招聘,empty_mismatch,, 2.、基于自动驾驶前沿技术趋势以及中智行的技术路线，建设适合大规模商用的感知模块的最优技术方案；,自动驾驶前沿技术/K | 技术路线，建设适/K | 感知模块的最/K | 技术方案/K,[],自动驾驶前沿技术/K | 技术路线/K | 感知模块/K,自动驾驶前沿技术/K | 技术路线/K | 感知模块/K | 技术方案/K,,
1880-s0002,09,todo,人工智能招聘,span_mismatch,, 3、感知模块的架构设计、算法框架预研、代码开发等；,感知模块的架构设/S,感知模块/S | 架构设计/S | 算法/K,算法框架预研/S | 代码开发/S,架构设计/S | 算法框架预研/S | 代码开发/S,,
1880-s0003,09,todo,人工智能招聘,span_mismatch,, 岗位要求： 1、985/211硕士（或同等）及以上学历，机器人/计算机/自动化等相关专业；,机器人/K | 计算机/K,硕士/K | 机器人/K | 计算机/K | 自动化/K | 相关专业/K,机器人/K | 计算机/K | 自动化/K,985/211硕士/K | 机器人/K | 计算机/K | 自动化/K,,
1880-s0005,09,todo,人工智能招聘,empty_mismatch,, 3、具备5年以上自动驾驶领域的从业经验，有过L3级以上自动驾驶技术工程实践经验，并有独立负责感知技术方向领导的经验；,自动驾驶领域的从/K | L3级以上自动驾驶/S | 感知技术方向领导/S,[],自动驾驶领域/K | 工程实践/S | 感知技术方向领导/S,自动驾驶领域/K | L3级以上自动驾驶技术/K | 感知技术方向/K,,
1880-s0007,09,todo,人工智能招聘,span_mismatch,, 5、有机器学习、机器人、优化理论等相关领域顶会或者国际高水平期刊论文者优先；,机器学习/K | 机器人/K,机器学习/K | 机器人/K,机器学习/K | 机器人/K | 优化理论/K | 国际高水平期刊论文/K,机器学习/K | 机器人/K | 优化理论/K,,
1880-s0008,09,todo,人工智能招聘,empty_mismatch,, 6、有ACM或同级别大赛获奖者优先，具备行业头部自动驾驶公司的大项目经验者优先；,行业头部自动/K,[],ACM/K | 行业头部自动驾驶公司/K | 大项目经验/S,ACM/K | 自动驾驶/K,,
1881-s0000,09,todo,人工智能招聘,span_mismatch,,岗位职责： 1、参与公司战略计划的制定，负责系统技术架构、项目开发管理的最高决策，对公司整体技术实现负责；,参与公/S | 战略计划的制定/S | 技术架构/S | 项目开/S | 技术实现负/S,技术架构/K | 项目开发/S,系统技术架构/S | 项目开发管理/S | 技术实现/S,技术架构/K | 项目开发管理/S,,
1881-s0001,09,todo,人工智能招聘,span_mismatch,, 2、负责系统架构设计、数据库结构设计、业务逻辑抽象、核心代码等设计及实现；,系统架构设计、数/S,系统架构/K | 数据库/K | 结构设计/S,系统架构设计/S | 数据库结构设计/S | 业务逻辑抽象/S,系统架构设计/S | 数据库结构设计/S | 业务逻辑抽象/S | 核心代码/S,,
1881-s0004,09,todo,人工智能招聘,empty_mismatch,, 5、负责对技术开发团队建设，包括专业培训、技术指导等，全面提升团队的技术水平；,技术开发团/S | 建设/T | 专业培训/K | 技术指/K | 提升团/S | 技术水平/K,[],技术开发团队建设/S | 专业培训/S | 技术指导/S,技术开发/S | 专业培训/S | 技术指导/S | 技术水平/K,,
1881-s0006,09,todo,人工智能招聘,span_mismatch,, 任职资格： 1、全日制本科及以上学历，计算机、软件工程等相关专业；,计算机/K | 软件工程/K,本科及以上学历/K | 计算机/K | 软件工程/K | 相关专业/K,本科及以上学历/K | 计算机/K | 软件工程/K,全日制本科及以上学历/K | 计算机/K | 软件工程/K,,
1881-s0007,09,todo,人工智能招聘,span_mismatch,, 2、8年以上互联网产品或平台开发经验，5年以上研发、产品团队管理经验；,平台开发经验/S | 产品团队管理经验/T,团队管理/S,平台开发/S | 产品团队管理/S,[],,
1881-s0008,09,todo,人工智能招聘,span_mismatch,, 3、精通JAVA开发语言；,JAVA开发语言/S,JAVA/S,JAVA/S | 开发语言/K,JAVA开发语言/S,,
1881-s0011,09,todo,人工智能招聘,span_mismatch,, 6、具备优秀的开发能力、判断能力和规划能力，能够在团队中培养技术人员。,开发能力/S | 判断能/S | 培养技术人员/S,判断能力/T,开发能力/S | 判断能力/S | 规划能力/S,开发能力/S | 判断能力/T | 规划能力/T | 培养技术人员/S,,
1881-s0012,09,todo,人工智能招聘,span_mismatch,, 加分项： 1、 精通系统的架构设计、性能优化、数据分析、安全防护，具备大流量、大访问量、高负载环境下的系统开发及优化经验；,系统的架构设计/S | 系统开发及优化经/S,架构设计/S | 性能优化/S | 数据分析/S | 系统开发/S,性能优化/S | 数据分析/S | 安全防护/S,性能优化/S | 数据分析/S | 安全防护/S | 系统开发/S | 优化经验/S,,
1881-s0013,09,todo,人工智能招聘,span_mismatch,, 2、 精通MySQL数据库的架构原理，能熟练进行数据库设计、开发、维护和调优；,MySQL数据库的架构原/S | 数据库设计/S | 开发/S,MySQL/S | 数据库/K | 数据库设计/S | 开发/S,数据库设计/S,MySQL数据库/S | 数据库设计/S,,
1881-s0015,09,todo,人工智能招聘,span_mismatch,, 3、具有机器学习相关算法应用及实践经验者优先；,机器学习相关算法/S,机器学习/K | 算法/K,机器学习/K | 算法应用/S,机器学习/K | 相关算法应用/S,,
1882-s0001,09,todo,人工智能招聘,empty_mismatch,, 对运营效果进行数据分析，挖掘用户浏览行为及内容偏好，持续优化文案及美编工作；,数据分析，挖掘用/S | 浏览行为及内容偏/K | 优化文/S,数据分析/S,[],数据分析/S | 用户浏览行为/K | 内容偏好/K | 文案/S | 美编/S,,
1882-s0002,09,todo,人工智能招聘,empty_mismatch,, 2. 负责主站、APP、微信等多端内容规划、方案制定，建立内容体系 3. 根据用户关注的内容热点进行图文、视频等内容创造及专题策划，建立内容运作流程；,主站/K | 微信等/K | 内容规划/S | 方案制/S | 用户关注的内容热/K | 专题策划，建立内/S,[],多端内容规划/S | 方案制定/S | 专题策划/S,内容规划/S | 方案制定/S | 内容体系/K | 图文/S | 视频/S | 内容创造/S | 专题策划/S | 内容运作流程/K,,
1882-s0003,09,todo,人工智能招聘,span_mismatch,, 4. 对运营效果进行数据分析，挖掘用户内容偏好，持续优化；,数据分析，挖掘用/S | 优化/S,数据分析/S | 优化/S,持续优化/S,数据分析/S | 用户内容偏好/K | 优化/S,,
1882-s0004,09,todo,人工智能招聘,span_mismatch,, 5. 对内容负责，通过内容运营策略带动产品核心指标的提升，制定用户互动方案，提升用户活跃。,内容运营策略带动/S | 提升，制定用户互/S,内容运营/S,内容运营策略/S,内容运营策略/S | 用户互动方案/S | 用户活跃/K,,
1882-s0005,09,todo,人工智能招聘,span_mismatch,, 任职要求： 1、统招本科以上学历，三年以上移动互联网内容、社区运营经验经验；,内容/K | 社区运营经/K,本科/K,本科以上学历/K | 社区运营/S,统招本科以上学历/K | 社区运营/S,,
1882-s0007,09,todo,人工智能招聘,span_mismatch,, 2、有较强内容创造能力，能够独自选题、策划，较强的文字功底和创意能力，耐心细致，精益求精；,内容创造能力/S | 够独自选题/S | 策划/S | 文字功底和创意能/T | 精益求精/T,策划/S | 耐心细致/T | 精益求精/T,内容创造/S | 选题/S | 策划/S | 文字功底/T | 创意能力/T | 耐心细致/T | 精益求精/T,内容创造能力/S | 选题/S | 策划/S | 文字功底/T | 创意能力/T | 耐心细致/T | 精益求精/T,,
1882-s0009,09,todo,人工智能招聘,span_mismatch,, 4、有丰富的移动互联网内容、社区运营经验，对新媒体运营和社会化营销有一定了解；,移动互联网内容/K | 新媒体运营和社会/K,新媒体运营/S,社区运营/K | 新媒体运营/K | 社会化营销/K,移动互联网内容/K | 社区运营/S | 新媒体运营/S | 社会化营销/K,,
1882-s0011,09,todo,人工智能招聘,span_mismatch,, 6、较强的团队组织协调能力，能承担较大工作压力。,团队组织协调能力/T | 承担较大工作压力/T,协调能力/T,团队组织协调/T,团队组织协调能力/T,,
1883-s0009,09,todo,人工智能招聘,span_mismatch,,岗位职责：主要负责重庆各大一手楼盘商业门面，住房的销售任职资格：在20-35岁之间高中及以上学历，反应敏捷，表达能力强，具有较强的沟通能力以及交际技巧，具有亲和力。,销售任/S | 沟通能力以/T | 交际技巧/T | 亲和力/T,高中/K | 学历/K | 表达能力/T | 沟通能力/T | 亲和力/T,反应敏捷/T | 表达能力/T | 沟通能力/T | 交际技巧/T | 亲和力/T,销售/S | 高中及以上学历/K | 反应敏捷/T | 表达能力强/T | 沟通能力/T | 交际技巧/T | 亲和力/T,,
1883-s0010,09,todo,人工智能招聘,span_mismatch,,（应届毕业生优先）工作内容：一手商业楼盘销售（电话、网络、布展）。,商业楼盘销售（电/S | 布展）/S,网络/K | 布展/S,一手商业楼盘销售/S,商业楼盘销售/S | 电话/S | 网络/S | 布展/S,,
1884-s0001,09,todo,人工智能招聘,empty_mismatch,,2.负责项目技术难点攻关；,项目技术难点攻关/S,[],项目技术难点攻关/S,技术难点攻关/S,,
1884-s0004,09,todo,人工智能招聘,type_only,,5.配合测试人员进行自动化测试。,配合测/T | 自动化测试/S,自动化测试/K,自动化测试/S,配合测试/T | 自动化测试/S,,
1884-s0005,09,todo,人工智能招聘,span_mismatch,,职位要求：1.投入敬业，良好的沟通协作意识，较强的问题解决能力；,沟通协/T | 问题解决能/T,敬业/T | 协作意识/T | 问题解决/S,投入敬业/T | 沟通协作/T | 问题解决/T,沟通协作意识/T | 问题解决能力/T,,
1884-s0007,09,todo,人工智能招聘,span_mismatch,,3.良好的编程习惯，精通数据结构和面向对象程序设计，有兴趣和能力编写高效而整洁的代码；,编程习惯/S | 数据结构和面向对/K,数据结构/K | 面向对象/S | 程序设计/S,编程习惯/S | 数据结构/K | 面向对象程序设计/K,编程习惯/T | 数据结构/K | 面向对象程序设计/K,,
1884-s0008,09,todo,人工智能招聘,span_mismatch,,4.精通Android平台及框架原理以及应用程序的设计和开发；,Android平台及框架原理/S | 设计和开发/S,Android/S | 设计/S | 开发/S,Android平台/K | 框架原理/K,Android平台及框架原理/K | 应用程序的设计和开发/S,,
1884-s0009,09,todo,人工智能招聘,empty_mismatch,,5.精通Android自定义UI的实现；,Android自定义UI的实现/S,Android/S,[],Android自定义UI/S,,
1884-s0010,09,todo,人工智能招聘,empty_mismatch,,6.熟悉AndroidApp的性能优化；,AndroidApp的性能优化/S,AndroidApp/S | 性能优化/S,[],AndroidApp的性能优化/S,,
1884-s0012,09,todo,人工智能招聘,span_mismatch,,8.了解hybirdapp研发，熟悉html和ja *** ；,ja ***/K,html/S,hybirdapp研发/S | html/S,hybirdapp研发/S | html/S | ja ***/S,,
1885-s0000,09,todo,人工智能招聘,span_mismatch,,岗位描述： 1.负责公司大数据产品规划和设计，制定符合公司战略的产品路线图；,公司大数据产品规/S,大数据/K | 产品规划/S,大数据产品规划/S,大数据产品规划和设计/S,,
1885-s0001,09,todo,人工智能招聘,span_mismatch,, 2.负责参与设计创新产品业务系统，系统研发及业务管理，制定产品业务规范，整理、完善产品文档、业务流程及相关内容；,设计创/S | 业务系统，系统研/K | 整理/S | 完善产/S | 业务流程及相关内/K,整理/S | 业务流程/K,系统研发/S | 业务管理/S,设计创新产品业务系统/S | 系统研发/S | 业务管理/S | 整理/S | 完善产品文档/S | 业务流程/K,,
1885-s0004,09,todo,人工智能招聘,span_mismatch,, 岗位要求： 1.5年以上产品设计、规划和管理的工作经验，对产品有深刻认识；,产品设计/S | 规划和/S,产品设计/S | 规划/S,产品设计/S,产品设计/S | 规划/S | 管理/S,,
1885-s0005,09,todo,人工智能招聘,empty_mismatch,, 2.具有丰富的前后台产品经验、B端产品经验；,丰富的前/S,[],前后台产品/S | B端产品/S,前后台产品经验/S | B端产品经验/S,,
1885-s0006,09,todo,人工智能招聘,span_mismatch,, 3.具备良好的产品分析能力，较好地逻辑思维能力，对用户的体验度模型善于总结和归纳；,产品分析能力/S | 逻辑思维能力/T | 用户的体验度模型/K | 总结和归纳/S,分析能力/T | 逻辑思维能力/T,产品分析/S | 逻辑思维/T | 总结/S | 归纳/S,产品分析能力/S | 逻辑思维能力/T | 总结和归纳/S,,
1885-s0008,09,todo,人工智能招聘,span_mismatch,,"工作踏实、态度积极,能承受压力；","踏实/T | 积极,能承受压力/T",踏实/T | 积极/T | 能承受压力/T,工作踏实/T | 态度积极/T,工作踏实/T | 态度积极/T | 能承受压力/T,,
1885-s0011,09,todo,人工智能招聘,span_mismatch,, 5.可以承受压力，结果为导向，超高执行力与解决问题能力，适应互联网公司氛围；,承受压力，结果为/T,承受压力/T | 解决问题能力/T,执行力/T,承受压力/T | 结果为导向/T | 执行力/T | 解决问题能力/T,,
1885-s0012,09,todo,人工智能招聘,span_mismatch,, 6.有大型数据或人工智能平台产品工作经验者优先考虑。,产品工作/K,人工智能/K,人工智能平台产品/S,大型数据或人工智能平台产品工作/S,,
1886-s0000,09,todo,人工智能招聘,span_mismatch,,"职位描述： ▪ 代表公司参加各种有关机器学习的商业Hackthon比赛 ▪ 与数据分析师一起，应用机器学习算法在需求规划、销量预测、动态定价等商业领域创造价值 ▪ 定期与组内分享机器学习算法知识及应用经验 岗位要求： ▪ 计算机或相关专业本科以上学历 ▪ 对机器学习以及如何在行业内应用有浓厚的兴趣 ▪ 熟悉C/C++/Python/Java中的一种开发语言 ▪ 理解机器学习基本算法的设计思想和求解手段，如SVM, LR, RF, Boosting等 ▪ 拥有机器学习实操经验，参加过线上比如Kaggle、天池比赛者优先 ▪ 较强的自主学习能力，良好的英语沟通能力者优先 职位诱惑： ▪ 提供充足的时间让您打磨自己的技术，参加线上或线下比赛 ▪ 提供足够的工作自主性，自我安排学习计划 ▪ 提供最接近商业应用的机器学习落地机会，提升自身价值 关于我们： ▪ 我们是一个年轻的数据科学团队，希望使用技术改变商业世界，实现数据驱动的精细化研究、运营与决策。",C/C+/S,机器学习/K | 数据分析/S | 算法/K | 计算机/K | 相关专业/K | 本科/K | C++/S | Python/S | Java/S | 学习能力/T | 英语/L | 沟通能力/T,机器学习/K | 需求规划/S | 销量预测/S | 动态定价/S | C/S | C++/S | Python/S | Java/S | 开发语言/K | 机器学习基本算法/K | SVM/K | LR/K | RF/K | Boosting/K | 机器学习实操/S | 天池比赛/S | 自主学习/T | 英语/L,机器学习/K | C/C++/S | Python/S | Java/S | SVM/K | LR/K | RF/K | Boosting/K | 英语沟通能力/L,,
1887-s0001,09,todo,人工智能招聘,empty_mismatch,, 2、优化模型和召回，提升财经内容的分发效率，改善用户体验；,优化模型和召回/S,优化模型/K,[],优化模型/S | 召回/S,,
1888-s0000,09,todo,人工智能招聘,span_mismatch,,岗位要求1.人工智能图像识别移动SDK开发，支持android，IOS2.工程化研究算法，人工智能识别算法3.优化算法性能，提升SDK稳定性任职要求1.本科及以上学历，3年及以上开发经验；,人工智能图像识别/S | 优化算法性能，提/S | 开发经验/S,人工智能/K | 图像识别/K | 开发/S | android/S | 算法/K | 优化算法/K | 稳定性/T | 本科及以上学历/K,人工智能图像识别移动SDK开发/S | android/S | IOS2/S | 人工智能识别算法/K | 本科及以上学历/K,人工智能图像识别移动SDK开发/S | android/S | IOS2/S | 工程化研究算法/S | 人工智能识别算法/K | 优化算法性能/S | 提升SDK稳定性/S | 本科及以上学历/K,,
1888-s0001,10,todo,人工智能招聘,span_mismatch,,2.精通C/C++编程语言，至少参与过一个较大型项目的开发；,C/C++编程语/S | 项目的开发/S,C++/S | 编程语言/K,C/S | C++/S | 编程语言/K,C/C++编程语言/S,,
1888-s0005,10,todo,人工智能招聘,span_mismatch,,6.具有良好的沟通理解能力，喜欢技术方面的工作。,沟通理/T,理解能力/T,沟通理解/T,沟通理解能力/T,,
1889-s0000,10,todo,人工智能招聘,span_mismatch,,[工作职责:3、精通自然语言处理领域的1到2项底层技术，有实际成果并发表在自然语言处理国际***会议、期刊者优先，有在相关的自然语言处理竞赛中获得优异成绩者优先；,到2项底层技术/S | 实际成果并发表在/S | 获得优异成绩者优/S,自然语言处理/K | 到2项底层技术/S,自然语言处理/K | 底层技术/S | 自然语言处理竞赛/K,自然语言处理/K | 底层技术/K,,
1890-s0000,10,todo,人工智能招聘,empty_mismatch,,负责美团云产品在目标行业的客户销售工作，并达成达成销售目标协助制定企业的销售战略、具体销售计划和进行销售预测；,客户销售工作/T | 达成销售目标协助/S | 制定企/S | 销售战略/K | 销售计划和进行销/K,[],销售预测/S,客户销售/S | 销售战略/K | 销售预测/K,,
1890-s0001,10,todo,人工智能招聘,span_mismatch,,云计算潜在客户资料收集，分析挖掘客户资源，进行电话沟通，制定客户拜访计划通过和客户进行有效的沟通，挖解决客户需求，和售前工程师一同为客户提供解决方案统筹协调公司内部产品、研发、运维等资源，高效推动项目落地，并主导项目的实施和控制工作完成商务谈判，协助制定合同并进行审核、签约，跟进客户的回款配合售后部门，保证高质量的解决客户使用美团云产品出现的问题，并进行客户关系维护总结客户案例和使用建议等，向市场及产品部门输出有价值的需求信息岗位要求：3-8年工作经验，至少有1-2年IDC、CDN或云计算产品相关销售经验，对云计算行业有比较深的了解顾问式销售，学习能力强，能跟进获取分析客户需求，并提供解决方案较强的商务谈判能力、沟通协调能力、语言表达能力；,资料收集，分析挖/S | 电话沟通，制定客/T | 解决方案统/S | 高效推动项目落地/S | 主导项目的实施和/S | 商务谈判/S | 审核/S | 签约/S | 客户关系维护总结/S | 案例和使用建议等/S | 需求信息岗/S | 云计算行业有/K | 学习能力强/T | 获取分/S | 商务谈判能力、沟/T,云计算/K | 实施/S | 商务谈判/S | 审核/S | 签约/S | 学习能力强/T | 沟通协调能力/T | 表达能力/T,云计算潜在客户资料收集/S | 电话沟通/S | 商务谈判/S | 客户关系维护/S | IDC/K | CDN/K | 云计算产品/K | 云计算行业/K | 顾问式销售/S | 学习能力/T | 商务谈判/T | 沟通协调/T | 语言表达/T,资料收集/S | 分析挖掘客户资源/S | 电话沟通/T | 制定客户拜访计划/S | 解决方案/K | 统筹协调/T | 高效推动项目落地/S | 商务谈判/T | 审核/S | 签约/S | 客户关系维护/T | 总结客户案例/S | 使用建议/S | 云计算行业/K | 学习能力强/T | 获取分析客户需求/S | 商务谈判能力/T | 沟通协调能力/T | 语言表达能力/T,,
1890-s0002,10,todo,人工智能招聘,empty_mismatch,,能在项目关键时间点抗压推动项目实施；,抗压推/T,项目实施/S,[],抗压/T | 推动项目实施/S,,
1890-s0003,10,todo,人工智能招聘,span_mismatch,,需要有团队合作的能力，责任心和创造力。,团队合作的能/T | 责任心和创造力/T,团队合作/T | 责任心/T,团队合作/T | 责任心/T | 创造力/T,责任心/T | 创造力/T,,
1890-s0004,10,todo,人工智能招聘,span_mismatch,,计算机、通讯、电子等相关专业优先，大学本科学历,[],计算机/K | 相关专业/K | 本科学历/K,计算机/K | 通讯/K | 电子/K | 本科学历/K,计算机/K | 通讯/K | 电子/K | 大学本科学历/K,,
1891-s0002,10,todo,人工智能招聘,span_mismatch,, 3、组织和带领公司各部门资源推动阿里云解决方案在公安行业政府客户落地，满足客户的业务和技术需求；,组织和带领公/S | 推动阿/S | 在公安行业政/K | 落地，满足客/S | 技术需求/K,落地/S,公安行业政府客户落地/S,[],,
1891-s0003,10,todo,人工智能招聘,span_mismatch,, 4、商务合同的拟定、谈判和内部流程跟进；,商务合同的拟定/S,商务合同/S | 谈判/S,内部流程跟进/S,[],,
1891-s0005,10,todo,人工智能招聘,span_mismatch,, 任职要求： 1、具有良好的沟通表达能力和组织协调能力。,沟通表达能力和组/T,表达能力/T | 协调能力/T,沟通表达/T | 组织协调/T,沟通表达能力/T | 组织协调能力/T,,
1891-s0006,10,todo,人工智能招聘,span_mismatch,,团队意识强，抗压能力强，有激情，勇于接受挑战，善于开拓创新；,意识强/T | 抗压能力强/T | 激情/T | 接受挑战/T | 开拓创/T,团队意识/T | 抗压能力强/T | 激情/T,团队意识/T | 抗压能力/T | 激情/T | 开拓创新/T,团队意识/T | 抗压能力/T | 激情/T | 接受挑战/T | 开拓创新/T,,
1891-s0008,10,todo,人工智能招聘,span_mismatch,, 3、有敏锐的商业意识和自主决策能力，能够独立和部委客户中高层打交道；,商业意识和自/T | 决策能力/T | 独立和部/T,商业意识/T | 决策能力/T,商业意识/T | 自主决策/T | 部委客户中高层打交道/T,商业意识/T | 自主决策能力/T | 独立/T,,
1891-s0012,10,todo,人工智能招聘,empty_mismatch,, 5、可以承受高节奏的工作强度，能接受频繁的外地出差安排，外地工作时间比例为50到80；,承受高节奏的工作/T,承受高节奏/T,[],承受高节奏的工作强度/T,,
1891-s0013,10,todo,人工智能招聘,empty_mismatch,, 6、具有跟行业大型客户打交道的经验，有互联网从业背景者优先；,跟行业大/S,[],行业大型客户打交道/S | 互联网从业/S,跟行业大型客户打交道的经验/S,,
1892-s0000,10,todo,人工智能招聘,span_mismatch,,利用物联网平台及相关业务数据，进行以下工作：岗位职责：1、面向电力调度和电力市场领域，研究相关发电、负荷预测，调度优化以及智能决策算法，开展能源与电力系统业务中的算法应用开发、调试；,面向电力调度和电/K | 研究相关/S | 发电/K | 负荷预测/K | 智能决策算法，开/S | 开发/S | 调试/S,物联网/K | 负荷预测/K | 算法/K | 应用开发/S | 调试/S,物联网平台/K | 电力调度/K | 电力市场/K | 发电/K | 负荷预测/K | 调度优化/K | 智能决策算法/K,电力调度/K | 电力市场/K | 发电/K | 负荷预测/K | 调度优化/K | 智能决策算法/K | 算法应用开发/S | 调试/S,,
1892-s0001,10,todo,人工智能招聘,span_mismatch,,2、跟踪优化算法、随机优化、机器学习等前沿技术，改进现有算法，提升产品性能；,跟踪优/S | 随机优化/K | 机器学/K | 改进现/S | 提升产/S,优化算法/K | 随机优化/K | 机器学习/K,随机优化/K | 机器学习/K,优化算法/K | 随机优化/K | 机器学习/K | 改进现有算法/S | 提升产品性能/S,,
1892-s0002,10,todo,人工智能招聘,empty_mismatch,,3、调研客户需求，建立资源数据模型，解决生产和运行中的实际问题；,调研客户需求，建/S,调研客户需求/S | 数据模型/K,[],调研客户需求/S | 建立资源数据模型/S,,
1892-s0003,10,todo,人工智能招聘,empty_mismatch,,4、对算法部分工作生成报告，注释代码，存档。,算法部分工作/S | 生成报告，注释代/S,算法/K,[],生成报告/S | 注释代码/S | 存档/S,,
1892-s0004,10,todo,人工智能招聘,span_mismatch,,任职要求：1、电力系统、计算机等相关专业毕业，本科以上学历，具有三年以上电力系统或人工智能算法工作经验者优先；,电力系统/K | 计算机/K | 人工智能算法工作/S,电力系统/K | 计算机/K | 相关专业/K | 本科/K | 人工智能/K | 算法/K,电力系统/K | 计算机/K | 本科以上学历/K | 人工智能算法工作/S,电力系统/K | 计算机/K | 本科以上学历/K | 人工智能算法工作经验/S,,
1892-s0005,10,todo,人工智能招聘,span_mismatch,,2、熟练掌握机器学习、综合能源等技术的基础理论和方法，熟练使用至少一种机器学习框架，掌握深度学习算法、框架及调参实现等能力；,基础理论和方法/K | 使用至/S | 机器学习框架/S | 调参实现等能/S,机器学习/K | 深度学习/K | 算法/K,机器学习/K | 综合能源/K | 基础理论/K | 方法/K | 机器学习框架/S | 深度学习算法/K | 调参实现/S,机器学习/K | 综合能源/K | 基础理论和方法/K | 机器学习框架/S | 深度学习算法/K | 框架/S | 调参实现/S,,
1892-s0006,10,todo,人工智能招聘,span_mismatch,,3、独立思考，具有完善的分析问题，收集信息，解决问题和执行能力；,分析问题，收集信/S,分析问题/S | 解决问题/S | 执行能力/T,独立思考/T | 执行能力/S,独立思考/T | 分析问题/S | 收集信息/S | 解决问题/S | 执行能力/S,,
1892-s0007,10,todo,人工智能招聘,span_mismatch,,4、具备业务抽象和信息建模能力，能够将复杂的业务场景分解、抽象成标准化的业务模型；,业务抽象和信息建/S | 将复杂的业务场景/S,建模/S | 标准化/S,业务抽象/S | 信息建模/S | 业务场景分解/S,业务抽象/S | 信息建模能力/S | 抽象成标准化的业务模型/S,,
1892-s0008,10,todo,人工智能招聘,span_mismatch,,"5、熟练掌握至少一门编程语言 （如Python,C/C++,MATLAB等），具备Linux 环境下软件或系统的开发经验。",编程语言/S | C/C++/S | Linux 环境下软件/S,编程语言/K | Python/S | C++/S | MATLAB/S | Linux/S,编程语言/K | Python/S | C/S | C++/S | MATLAB/S,编程语言/S | Python/S | C/C++/S | MATLAB/S | Linux 环境下软件或系统的开发经验/S,,
1893-s0000,10,todo,人工智能招聘,empty_mismatch,,岗位职责：1、岗前培训后，依据每项课程标准讲授专业软件课程；,课程标准讲/K | 专业软件课程/K,[],课程标准/K,专业软件课程/K,,
1893-s0003,10,todo,人工智能招聘,empty_mismatch,,4、参与课程的教研工作，反馈、评估、改进教学效果。,反馈/S | 评估/S | 改进/S,反馈/S | 评估/S,[],教研工作/S | 反馈/S | 评估/S | 改进教学效果/S,,
1893-s0005,10,todo,人工智能招聘,span_mismatch,,2.熟练掌握Unity、Unreal4、等设计软件、程序语言基础：C#语言开发、C++语言开发3.对项目有整体把控能力，对项目可行性与制作时间有准确判断4.有较强的学习能力，吃苦耐劳。,熟练掌握Unity/S | 设计软件/S | 程序语/S | 项目有整体把控能/T | 项目可行性与制作/T | 较强的学习能力/T,熟练掌握Unity/S | C#/S | C++语言/K | 学习能力/T | 吃苦耐劳/T,Unity/S | Unreal4/S | 设计软件/K | 程序语言基础/K | C#语言开发/S | C++语言开发/S | 学习能力/T | 吃苦耐劳/T,Unity/S | Unreal4/S | 设计软件/S | 程序语言基础/K | C#语言开发/S | C++语言开发/S | 项目有整体把控能力/T | 项目可行性与制作时间有准确判断/T | 学习能力/T,,
1893-s0006,10,todo,人工智能招聘,span_mismatch,,到岗后能短期学会并熟练操作新软件5.口齿清晰、表达力强，敬业，有责任感6.完成领导交办的其他工作。,短期学会并熟练操/T | 表达力强/T | 完成领/S,表达力强/T | 敬业/T | 责任感/T,口齿清晰/T | 表达力/T | 敬业/T | 责任感/T,短期学会并熟练操作新软件/S | 口齿清晰/T | 表达力强/T | 敬业/T | 有责任感/T,,
1894-s0000,10,todo,人工智能招聘,span_mismatch,,机器人的系统搭建 路径规划 图像识别 手臂控制 运动算法 语音识别 云端交互,系统搭建 路径规/S | 控制 运动算法/S | 交互/S,图像识别/K | 算法/K,路径规划/S | 图像识别/K | 手臂控制/S | 运动算法/K | 语音识别/K | 云端交互/S,系统搭建/S | 路径规划/S | 图像识别/S | 手臂控制/S | 运动算法/S | 语音识别/S | 云端交互/S,,
1895-s0000,10,todo,人工智能招聘,span_mismatch,,工作内容：1.负责银行企业信贷Al策略相关特征工程开发2.负责银行企业信贷营销方向数据分析3.负责自然语言相关特征的特征工程开发岗位要求：1.掌握SQL开发，能够对Hive数据库使用SQI进行数据分析2掌握python和spark，能够使用pyspark进行大数据特征工程开发3.有大数据特征工程开发经验4.熟悉NLP算法，能够使用NLP算法进行自然语言相关特征工程开发（可选，有加分)5.了解常见机器学习模型，例如LR、树模型、Bert等（可选，有加分),特征工程开发2./S | 数据分析3/S | SQL开发/S | Hive数据库使用SQI进/S | python和spark/S | pyspark进行大数据特征/S | NLP算法/S | NLP算法进行自然语/S | 机器学习模型/K | 树模型/K | Bert等/K,数据分析/S | SQL/S | Hive/S | 数据库/K | python/S | spark/S | 大数据/K | 算法/K | 机器学习/K | 树模型/K,数据分析/S | SQL开发/S | Hive数据库/S | python/S | spark/S | pyspark/S | 大数据特征工程开发/S | NLP算法/K | 自然语言相关特征工程开发/S | 机器学习模型/K | LR/K | 树模型/K | Bert/K,特征工程开发/S | 数据分析/S | SQL开发/S | Hive数据库/S | python/S | spark/S | pyspark/S | 大数据特征工程开发/S | NLP算法/K | 机器学习模型/K | LR/K | 树模型/K | Bert/K,,
1896-s0000,10,todo,人工智能招聘,span_mismatch,,岗位职责：1、负责项目需求调研，解决方案设计，招投标工作，配合销售团队提案及参与竞标；,项目需求调研，解/S,需求调研/S | 方案设计/S | 提案/S,项目需求调研/S | 解决方案设计/S | 招投标工作/S,项目需求调研/S | 解决方案设计/S,,
1896-s0002,10,todo,人工智能招聘,empty_mismatch,,3、负责项目售前全生命周期的管理，使项目售前方案及技术服务满足项目各阶段的进度、质量和目标要求；,项目售前全生命周/S | 项目售前方案及技/S,[],项目售前方案/S | 技术服务/S,项目售前全生命周期的管理/S | 技术服务/S,,
1896-s0003,10,todo,人工智能招聘,empty_mismatch,,4、保持与客户良好的技术交流与沟通，并积极挖掘客户痛点与潜在需求，并推动技术满足这些需求。,沟通/T | 积极挖掘客/T | 技术满足这/S,沟通/T,[],沟通/T | 挖掘客户痛点与潜在需求/T | 推动技术满足这些需求/S,,
1896-s0004,10,todo,人工智能招聘,span_mismatch,,任职资格：1、统招本科及以上学历，计算机应用基础知识，了解大数据、云计算等新型技术及应用；,计算机应用基础知/K,本科及以上学历/K | 计算机/K | 大数据/K | 云计算/K,本科及以上学历/K | 计算机应用基础知识/K | 大数据/K | 云计算/K | 新型技术/K,统招本科及以上学历/K | 计算机应用基础知识/K | 大数据/K | 云计算/K,,
1896-s0005,10,todo,人工智能招聘,span_mismatch,,2、5年以上售前顾问或项目管理经验，有一定数量的大项目售前经验；,售前顾/T | 项目管理经验/S,项目管理/S,售前顾问/S | 项目管理/S | 大项目售前/S,售前顾问/S | 项目管理经验/S,,
1896-s0006,10,todo,人工智能招聘,span_mismatch,,3、良好的沟通表达能力，具备较强的理解和演讲能力，具有信息梳理、整合、总结、编撰能力；,良好的沟通表达能/T | 的理解和演讲能力/T | 信息梳理/S | 整合/S,表达能力/T | 演讲/S | 信息梳理/S | 整合/S,沟通表达/T | 理解/T | 演讲/T | 信息梳理/S,沟通表达能力/T | 演讲能力/T | 信息梳理/S | 整合/S | 总结/S | 编撰能力/S,,
1896-s0007,10,todo,人工智能招聘,span_mismatch,,4、逻辑清晰，善于思辨和抽象，善于发现和解决问题；,逻辑清晰，善于思/T,逻辑清晰/T | 解决问题/S,逻辑清晰/T | 思辨/T | 抽象/T,逻辑清晰/T | 思辨/T | 抽象/T | 发现和解决问题/S,,
1896-s0008,10,todo,人工智能招聘,span_mismatch,,5、具有较强的工作责任心、学习能力、团队合作精神，具有客户导向和服务意识，具备管理客户预期、在压力场景的沟通应变的能力。,较强的工作责任心/T | 客户导向和服务意/T | 管理客户预期、在/T,责任心/T | 学习能力/T | 团队合作精神/T | 客户导向/T | 服务意识/T | 管理客户预期/T,工作责任心/T | 学习能力/T | 团队合作精神/T | 客户导向/T | 服务意识/T,工作责任心/T | 学习能力/T | 团队合作精神/T | 客户导向/T | 服务意识/T | 管理客户预期/T | 沟通应变的能力/T,,
1897-s0000,10,todo,人工智能招聘,span_mismatch,,[岗位职责：负责线上推广渠道的新媒体运营与宣传推广跟进！,线上推广渠道的新/S | 运营与宣传推广跟/S,新媒体运营/S,宣传推广跟进/S,新媒体运营/S | 宣传推广/S,,
1897-s0001,10,todo,人工智能招聘,span_mismatch,,（可在项目经理的带领下共同完成）任职资格：1、大专以上学历（能力突出可降低至高中），年龄在18-28岁之间；,带领下共/T,大专/K | 高中/K,大专以上学历/K,[],,
1897-s0002,10,todo,人工智能招聘,empty_mismatch,,2、对计算机行业感兴趣，专业不限，热爱互联网工作（非销售、非保险岗位）；,对计算机行业感/K | 专业不/K | 热爱互联网工作（/T,计算机/K | 热爱互联网工作/T,[],计算机行业/K | 互联网工作/K,,
1897-s0005,10,todo,人工智能招聘,span_mismatch,,5、学习能力强，工作热情高，富有责任感，工作认真、细致、敬业，责任心强；,学习能力强/T | 工作热情高/T | 责任感/T | 认真/T | 细致/T | 敬业/T,学习能力强/T | 工作热情高/T | 责任感/T | 细致/T | 敬业/T | 责任心强/T,学习能力/T | 工作热情/T | 责任感/T | 工作认真/T | 敬业/T | 责任心/T,学习能力强/T | 工作热情高/T | 责任感/T | 认真/T | 细致/T | 敬业/T | 责任心强/T,,
1897-s0006,10,todo,人工智能招聘,span_mismatch,,6、对湖南省发展大数据、云计算、互联网等产业有一定的了解和认识。,湖南省发展大数据/K,大数据/K | 云计算/K,大数据/K | 云计算/K | 互联网/K | 产业/K,[],,
1898-s0000,10,todo,人工智能招聘,empty_mismatch,,职责描述： 1、负责开发项目的系统分析、研发与组织实施；,开发项/S | 系统分析/S | 研发与/S,研发/S,[],系统分析/S | 研发/S,,
1898-s0004,10,todo,人工智能招聘,empty_mismatch,, 5、提供技术指导，促进系统操作技术和译码编程的有效使用；,提供技术指导，促/S | 译码编程的有效使/S,[],技术指导/S | 系统操作技术/S | 译码编程/S,技术指导/T | 译码编程/S,,
1898-s0005,10,todo,人工智能招聘,empty_mismatch,, 6、跟踪it技术进展，做好技术储备；,跟踪it/S | 进展，做好技术/K,[],技术储备/S,技术/K,,
1898-s0006,10,todo,人工智能招聘,empty_mismatch,, 7、推广完善公司系统，完成项目接口、开发工作；,推广完/S | 完成项/S | 开发工作/S,[],项目接口/S | 开发工作/S,开发工作/S,,
1898-s0008,10,todo,人工智能招聘,span_mismatch,, 任职要求： 1、本科及以上学历，计算机软件相关专业；,计算机软件相关专/K,本科及以上学历/K | 计算机/K | 相关专业/K,本科及以上学历/K,本科及以上学历/K | 计算机软件相关专业/K,,
1898-s0013,10,todo,人工智能招聘,span_mismatch,, 6、热爱设计编写程序，对计算机IT行业充满激情，有独立的用代码解决问题的能力，能与公司长期发展；,设计编写程序/S | 计算机IT行业充满/K | 用代码解决问题的/S | 长期发展/T,计算机/K | 解决问题/S,计算机IT行业/K | 公司长期发展/T,设计编写程序/S | 计算机IT行业/K | 用代码解决问题/S,,
1898-s0014,10,todo,人工智能招聘,span_mismatch,, 7、对基础建模软件（如：3DsMax，Maya）有了解，熟练掌握虚拟现实程序开发模式，熟悉Javascript或相关软件。,基础建模软件（如/K | 虚拟现实程序开发/S | Javascript或相关软件/S,建模/S | 程序开发/S | Javascript/S,基础建模软件/K | 3DsMax/S | Maya/S | 虚拟现实程序开发/S | Javascript/S,基础建模软件/S | 3DsMax/S | Maya/S | 虚拟现实程序开发/S | Javascript/S,,
1899-s0006,11,todo,人工智能招聘,span_mismatch,, 2、邀约客户、接待及谈判合同签订；,[],谈判/S,合同签订/S,[],,
1899-s0007,11,todo,人工智能招聘,empty_mismatch,, 3、维护客户关系，第二次开发；,维护客户关系，第/S,维护客户关系/S | 二次开发/S,[],维护客户关系/S | 第二次开发/S,,
1899-s0012,11,todo,人工智能招聘,empty_mismatch,," 5.工作时间：9：30--18.30 公司介绍： 四川太清信息是一家高科技服务型企业,专注于应用开发/网络运营/云计算和大数据/企业服务等。",应用开发/S | 网络运/S,应用开发/S | 网络/K | 云计算/K | 大数据/K,[],应用开发/S | 网络运营/S | 云计算/S | 大数据/S | 企业服务/S,,
1899-s0013,11,todo,人工智能招聘,empty_mismatch,,公司自主研发-跨境电商供应链系统 - 集团化连锁商业零售系统 - 企业电商平台 - 虚拟化与云应用平台。,跨境电商供应链系/K | 集团化连锁商业零/K | 企业电商平台/K | 虚拟化与云应用平/K,供应链/K | 企业电商平台/K | 虚拟化/K,[],跨境电商供应链系统/K | 集团化连锁商业零售系统/K | 企业电商平台/K | 虚拟化与云应用平台/K,,
1900-s0000,11,todo,人工智能招聘,span_mismatch,,工作内容: 1 负责大数据平台的规划，架设和实施 2 负责基于大数据平台的数据呈现、报表展示、数据查询和对外数据的接口提供 3 参与大数据平台的容量规划、持续交付、业务监控、应急响应，保证平台正常运行。,大数据平台的规划/S | 基于大数据平台的/S | 大数据平台的容量/S,大数据平台/K | 规划/S | 数据查询/S,数据呈现/S | 报表展示/S | 数据查询/S | 持续交付/S | 业务监控/S | 应急响应/S,大数据平台/K | 规划/S | 架设/S | 实施/S | 数据呈现/S | 报表展示/S | 数据查询/S | 对外数据的接口提供/S | 容量规划/S | 持续交付/S | 业务监控/S | 应急响应/S,,
1900-s0001,11,todo,人工智能招聘,span_mismatch,, 4 利用大数据相关技术实现对数据的加工、分析、挖掘、处理及数据可视化等相关工作 岗位要求: 1 计算机相关专业，本科及以上学历 2 3年以上Java开发工作经验，学习能力突出；,实现对数据的加工/S,大数据/K | 数据可视化/S | 计算机相关专业/K | 本科及以上学历/K | Java开发/S | 学习能力/T,大数据相关技术/K | 数据可视化/S | 本科及以上学历/K | Java开发/S | 学习能力/T,数据可视化/S | 计算机相关专业/K | 本科及以上学历/K | Java开发/S | 学习能力突出/T,,
1900-s0002,11,todo,人工智能招聘,span_mismatch,," 3 熟悉基于阿里云的大数据平台的架设，并有实际的项目操作经验，熟悉实时采集和数据同步(flume，sqoop，kafka)， 大数据平台（Hive/Hadoop，hdfs），实时处理（spark，storm）等 4 极强的学习能力和动力，对未知领域能快速掌握并实践,具备一定的英文文档阅读能力",阿里云的大/K | 架设/S | 项目操作经验/S | 实时采集和数据同/K | 台（Hive/Hadoop，hdfs）/S | 实时处理（spark，storm/K | 的学习能力和动力/T | 并实践/S | 英文文档阅读能力/L,大数据平台/K | kafka/S | Hive/S | Hadoop/S | hdfs/S | spark/S | storm/K | 学习能力/T | 并实践/S | 英文/L,大数据平台/K | 实时采集/S | 数据同步/S | flume/S | sqoop/S | kafka/S | Hive/S | Hadoop/S | hdfs/S | 实时处理/K | spark/S | storm/S | 学习能力/T | 英文/L,阿里云的大数据平台/K | 架设/S | 实时采集/S | 数据同步/S | flume/S | sqoop/S | kafka/S | Hive/S | Hadoop/S | hdfs/S | spark/S | storm/S | 学习能力/T | 英文文档阅读能力/L,,
1901-s0000,11,todo,人工智能招聘,empty_mismatch,,此岗位需要外派到阿里巴巴-阿里妈妈项目组上班业务介绍：阿里妈妈短视频广告生产职位介绍：负责短视频生产流程的日常维护，包括接口变更，实时服务调用逻辑修改，逻辑节点新增、修改。,短视频生产流程的/S | 接口变更，实时服/S,[],接口变更/S | 实时服务调用逻辑修改/S | 逻辑节点新增/S,短视频生产流程/K | 维护/S | 接口变更/S | 实时服务调用逻辑修改/S | 逻辑节点新增/S,,
1901-s0001,11,todo,人工智能招聘,empty_mismatch,,理解生产流程中各服务节点内部逻辑，在员工指导下，根据实际需求调整。,生产流程中各服务/K | 调整/S,[],实际需求调整/S,服务节点内部逻辑/K | 调整/S,,
1901-s0002,11,todo,人工智能招聘,span_mismatch,,技能要求：1.熟练使用Python2.掌握计算机视觉（图像）基础知识，掌握使用OpenCV等API者优先，掌握深度学习优先。,使用Python2./S | 使用OpenCV等API者优先/S | 深度学习优/K,计算机视觉/K | OpenCV/S | 深度学习/K,Python2/S | 计算机视觉/K | OpenCV/S | API/S | 深度学习/K,Python2/S | 计算机视觉/K | OpenCV/S | 深度学习/K,,
1902-s0000,11,todo,人工智能招聘,span_mismatch,,1大专以上学历，电子相关专业毕业。,[],大专/K | 相关专业/K,大专以上学历/K,大专以上学历/K | 电子相关专业/K,,
1902-s0001,11,todo,人工智能招聘,empty_mismatch,,2工作经验3年以上，2年以上pcblayout经验，有独立硬件设计能力。,pcblayout经验/K | 硬件设计能/S,[],独立硬件设计/S,pcblayout/S | 硬件设计能力/S,,
1902-s0002,11,todo,人工智能招聘,span_mismatch,,3必须精通模拟和数字电路设计，芯片的基础知识。,数字电路设计，芯/S,电路设计/S,数字电路设计/S,数字电路设计/S | 芯片的基础知识/K,,
1902-s0003,11,todo,人工智能招聘,span_mismatch,,4具备电路原理分析，有一定的产品硬件调试能力。,电路原理分析/K | 产品硬件调试能力/S,电路原理分析/K,电路原理分析/K | 产品硬件调试/S,电路原理分析/K | 硬件调试能力/S,,
1902-s0004,11,todo,人工智能招聘,span_mismatch,,5熟练使用pads绘图软件，cad软件，有多层线路板设计经验。,pads绘图软件，cad软/S | 多层线路板设计经/S,绘图/S | cad/S,pads绘图软件/S | cad软件/S | 多层线路板设计/S,pads/S | cad/S | 多层线路板设计经验/S,,
1902-s0005,11,todo,人工智能招聘,span_mismatch,,6有在安防和智能家居行业工作经验者优先考虑。,工作经验者/K,智能家居/K,智能家居行业/K,安防和智能家居行业工作经验/K,,
1902-s0006,11,todo,人工智能招聘,span_mismatch,,工作内容：1、负责产品pcb设计2、负责产品相关资料的制作及技术文件的移交3、研发样品制作及配合产品调试,产品pcb设计2/S | 产品相关资料的制/S | 研发样品制作及配/S,研发样品制作/S,产品pcb设计/S | 研发样品制作/S,pcb设计/S | 相关资料的制作/S | 技术文件的移交/S | 研发样品制作/S | 配合产品调试/S,,
1903-s0000,11,todo,人工智能招聘,span_mismatch,,1. 海量交通领域大数据的分析/处理，包括海量数据的存储、计算和检索 2. 基于分布式平台（MR/storm/Spark/flink）的业务数据分析和逻辑job的开发 3. 开发数据统计系统、数据可视化系统等。,交通领域大/K | 分析/S | 处理/S | 海量数据的存储/K | 数据分析和逻辑job/S | 数据统计系统、数/S,大数据/K | 分析/S | 处理/S | 分布式/K | Spark/S | flink/S | 数据分析/S | 数据统计/S | 数据可视化/S,交通领域大数据/K | 分布式平台/K | MR/S | storm/S | Spark/S | flink/S | 业务数据分析/S,交通领域大数据/K | 分析/S | 处理/S | 海量数据的存储/S | 计算/S | 检索/S | 分布式平台/S | MR/S | storm/S | Spark/S | flink/S | 业务数据分析/S | 逻辑job的开发/S | 数据统计系统/S | 数据可视化系统/S,,
1903-s0001,11,todo,人工智能招聘,span_mismatch,, 1. 计算机、数学或统计学相关专业本科以上学历；,计算机/K | 数学或统/K,计算机/K | 数学/K | 统计学/K | 相关专业/K | 本科/K,计算机/K | 数学/K | 统计学/K | 本科以上学历/K,计算机/K | 数学/K | 统计学/K | 相关专业本科以上学历/K,,
1903-s0002,11,todo,人工智能招聘,span_mismatch,,3年以上数据的开发相关经验，特别是(1) 离线领域hadoop的ETL开发经验 或者 (2)实时计算领域包括storm、spark、flink等的开发经验 其中之一经验者；,数据的开发相关经/S | 离线领域hadoop的ETL开/S | 实时计算领域包括/K | flink等的开/S,hadoop/S | spark/S | flink/S,离线领域/K | hadoop/S | ETL开发/S | 实时计算领域/K | storm/S | spark/S | flink/S,hadoop/S | ETL开发/S | 实时计算/K | storm/S | spark/S | flink/S,,
1903-s0003,11,todo,人工智能招聘,empty_mismatch,, 2. 有很好的海量数据开发经验，理解元数据管理。,海量数据开发经验/S | 理解元/K,[],海量数据开发/S | 元数据管理/K,海量数据开发经验/S | 元数据管理/K,,
1903-s0004,11,todo,人工智能招聘,span_mismatch,,具有一定数据模型和数据架构基础；,数据模型和数/K,数据模型/K,数据模型/K | 数据架构/K,数据模型/K | 数据架构基础/K,,
1903-s0006,11,todo,人工智能招聘,span_mismatch,, 3. 熟悉unix或者linux，具备优秀的编程能力，熟练掌握java或者scala开发，有MR、storm、spark、flink等等语言中的一种或几种经验者优先；,unix或者linux/S | 编程能力，熟练掌/S | scala开发/S | flink等/S,unix/S | linux/S | java/S | scala/S | spark/S | flink/S,unix/S | linux/S | 编程能力/S | java/S | scala/S | MR/S | storm/S | spark/S | flink/S,unix/S | linux/S | 编程能力/T | java/S | scala/S | MR/S | storm/S | spark/S | flink/S,,
1904-s0000,11,todo,人工智能招聘,span_mismatch,,任职要求： 1、计算机相关专业，大专以上学历；,计算机相关专业/K,计算机相关专业/K | 大专/K,大专以上学历/K,计算机相关专业/K | 大专以上学历/K,,
1904-s0001,11,todo,人工智能招聘,span_mismatch,, 2、熟悉项目施工流程，有系统集成项目实施和管理经验，5年以上从事IT领域技术支持工作经验；,项目施工流程/K | 系统集成项目实施/S | IT领域技术支持工/S,项目施工流程/K | 项目实施/S | 技术支持/S,项目施工流程/K | 系统集成项目实施/S | IT领域技术支持/S,项目施工流程/K | 系统集成项目实施/S | 管理经验/T | IT领域技术支持/S,,
1905-s0000,11,todo,人工智能招聘,empty_mismatch,,岗位职责：1、搜集整理网站相关流量、运营数据，将相关数据汇总、分析，为运营决策提供数据支持依据；,搜集整理网站相关/S | 运营决策提/K | 数据支持依/S,[],数据汇总/S,搜集整理/S | 运营数据/K | 汇总/S | 分析/S | 运营决策/K | 数据支持/S,,
1905-s0001,11,todo,人工智能招聘,span_mismatch,,监控日常数据，为部门、项目提供专业的数据分析报告；,日常数据/K | 数据分析报/S,数据分析/S,数据分析报告/S,监控日常数据/S | 数据分析报告/S,,
1905-s0002,11,todo,人工智能招聘,span_mismatch,,2、对网站数据进行跟踪和分析，对网站设计、用户体验和市场营销提出专业分析意见，建立客户分析体系，包括客户画像、客户需求、流失分析等；,网站数据进行跟踪/S | 网站设计/K | 用户体/K | 建立客户分析体系/S | 客户画像/K | 客户需/K,网站设计/K | 市场营销/K,网站设计/K | 用户体验/K | 市场营销/K | 客户画像/K | 客户需求/K | 流失分析/K,跟踪和分析/S | 网站设计/K | 用户体验/K | 市场营销/K | 客户分析体系/K | 客户画像/K | 客户需求/K | 流失分析/S,,
1905-s0003,11,todo,人工智能招聘,span_mismatch,,"3、负责拉新、留存, 基于对用户和产品的了解，针对不同类型用户设计有效激励机制；",拉新/S | 留存/S | 于对用户和产品的/K | 设计有/S | 激励机制/K,留存/S,拉新/S | 留存/S,拉新/S | 留存/S | 用户和产品/K | 激励机制/K,,
1905-s0004,11,todo,人工智能招聘,empty_mismatch,,维护活跃用户，激活沉默用户，提高用户活跃度和黏着度，用户留存和生命周期管理；,维护活跃用户，激/S,维护活跃用户/S,[],维护活跃用户/S | 激活沉默用户/S | 提高用户活跃度/S | 黏着度/K | 用户留存/S | 生命周期管理/S,,
1905-s0006,11,todo,人工智能招聘,span_mismatch,,4、可以策划和执行线上专题活动，并对各类专题分析，如潜在市场、营销评估、推广策略、运营诊断等；,策划和执行线上专/S | 专题分析/S | 潜在市场/K | 营销评/K,策划/S,专题分析/S | 潜在市场/K | 营销评估/K | 推广策略/K | 运营诊断/K,策划和执行/S | 线上专题活动/S | 专题分析/S | 潜在市场/K | 营销评估/K | 推广策略/K | 运营诊断/S,,
1905-s0008,11,todo,人工智能招聘,span_mismatch,,根据数据做出运营调整，提升活动的参与度、转化率等6、技术数据分析的基础上，参与制定销售相关的客户管理制度，销售考核制度，标准制定等工作；,运营调整/S | 活动的参与度、转/T | 数据分析的基/K | 制定销售相关的客/S,数据分析/S | 客户管理/S,运营调整/S | 技术数据分析/S | 标准制定/S,运营调整/S | 参与度/K | 转化率/K | 数据分析/S | 客户管理制度/K | 销售考核制度/K | 标准制定/S,,
1905-s0010,11,todo,人工智能招聘,span_mismatch,,2、互联网行业平台型网站相关岗位3年以上工作经历；,[],互联网行业/K,互联网行业/K | 平台型网站/K,[],,
1905-s0011,11,todo,人工智能招聘,span_mismatch,,3、极强的数据敏感性、逻辑能力，有中大型电商、金融方面互联网网站运营经验者优先；,数据敏感性/T | 逻辑/T | 电商/K | 金融方/K | 网站运营经验/S,逻辑/T,数据敏感性/T | 逻辑能力/T | 中大型电商/K | 金融/K | 互联网网站运营/S,数据敏感性/T | 逻辑能力/T | 电商/K | 金融/K | 互联网网站运营经验/S,,
1905-s0013,11,todo,人工智能招聘,span_mismatch,,5、具有较强的沟通表达能力，能简明扼要的说明分析过程和结论，善于交流，善于发现问题和解决问题；,沟通表达能力/T | 简明扼要的说明分/T | 善于交流，善于发/T,表达能力/T | 善于交流/T | 解决问题/S,沟通表达能力/T | 交流/T,沟通表达能力/T | 说明分析过程和结论/S | 交流/T | 发现问题/T | 解决问题/T,,
1905-s0014,11,todo,人工智能招聘,span_mismatch,,6、具备非常强的责任心和原则心，敏锐的洞察力，思路清晰、缜密，抗压能力强；,责任心和原则心/T,责任心/T | 思路清晰/T | 抗压能力强/T,责任心/T | 原则心/T | 洞察力/T | 思路清晰/T | 抗压能力/T,责任心/T | 原则心/T | 敏锐的洞察力/T | 思路清晰/T | 缜密/T | 抗压能力/T,,
1905-s0015,11,todo,人工智能招聘,span_mismatch,,7、 具有一定的数据分析和逻辑判断能力，能独立分析和处理问题，并有很好的前瞻性和全局观。,数据分析和逻辑判/S | 独立分析和处理问/S | 的前瞻性和全局观/T,数据分析/S | 判断能力/T,数据分析/S | 逻辑判断/S | 前瞻性/T | 全局观/T,数据分析/S | 逻辑判断能力/T | 独立分析和处理问题/S | 前瞻性/T | 全局观/T,,
1906-s0000,11,todo,人工智能招聘,span_mismatch,,岗位职责：1.根据调研数据，为公司提供专业的统计方法和技术支持，搭建数据分析模型2.数据挖掘，从多种数据维度进行分析，提供项目项目报告3.整理编写数据分析报告，为业务发展提供决策支持4.为运营细节建立数据模型，以用于验证和预测实际运营问题5.为公司运营的各方面作出合理的数据支持和调整依据6.完成临时交办的其他工作任职要求：1.本科以上学历，最好是数学专业、统计专业或者数据处理相关专业2.有过数据建模、数据处理等相关工作经验者优先考虑3.精通excel、PPT，熟练使用SPSSSASR等统计分析软件4.熟悉一定的统计知识和基本的数据处理方法5.极具数据敏感度，具备建较强发现问题和解决问题的能力6.具备较强的责任心和合作意识，能够承受一定的压力7.具有运营数据挖掘经验的优先,调研数据/K | 提供专业的统计方/K | 数据挖掘/S | 数据维度进行分析/S | 数据分析报告/S | 提供决策支持4./S | 建立数据模型/S | 数据支持和调整依/S | 数学专业/K | 统计专/K | 数据处理相关/S | 数据建模/S | PPT，熟练/S | 一定的统计知/K | 数据处理方法5./S | 发现问题和解决问/T | 责任心和合作意识/T | 承受一定的压力7/T | 运营数据挖掘经验/S,技术支持/S | 数据分析/S | 数据挖掘/S | 数据模型/K | 本科/K | 数学/K | 数据处理/S | 相关专业/K | 数据建模/S | excel/S | PPT/S | 统计分析/S | 一定/K | 解决问题/S | 责任心/T,调研数据/K | 统计方法/K | 技术支持/S | 数据挖掘/S | 项目报告/S | 数据支持/S | 调整依据/S | 本科以上学历/K | 数学专业/K | 统计专业/K | 数据处理/S | 数据建模/S | excel/S | PPT/S | SPSSSASR/S | 统计分析软件/K | 统计知识/K | 数据处理方法/K | 数据敏感度/T | 责任心/T | 合作意识/T | 运营数据挖掘/S,统计方法/K | 技术支持/S | 数据分析模型/S | 数据挖掘/S | 数据维度/K | 数据分析报告/S | 决策支持/S | 数据模型/S | 验证和预测/S | 本科以上学历/K | 数学专业/K | 统计专业/K | 数据处理相关专业/K | 数据建模/S | 数据处理/S | excel/S | PPT/S | SPSSSASR/S | 统计分析软件/S | 统计知识/K | 数据处理方法/S | 数据敏感度/T | 发现问题和解决问题的能力/T | 责任心/T | 合作意识/T | 运营数据挖掘经验/S,,
1907-s0000,11,todo,人工智能招聘,span_mismatch,,岗位职责： 1、参与大数据系统平台架构，设计，开发与管理；,参与大/S | 设计，开发与管理/S,大数据/K | 设计/S | 开发/S | 管理/S,大数据系统平台架构/S,大数据系统平台架构/K | 设计/S | 开发/S | 管理/S,,
1907-s0002,11,todo,人工智能招聘,empty_mismatch,, 3、参与构建丰富多样的大数据应用的解决方案；,构建丰/S | 大数据应用的解决/K,大数据/K,[],大数据应用/K | 解决方案/K,,
1907-s0003,11,todo,人工智能招聘,span_mismatch,, 4、参与实时数据处理系统平台架构，设计，开发；,实时数据处理系统/S,实时数据处理/S,实时数据处理系统平台架构/S,实时数据处理系统平台架构/K | 设计/S | 开发/S,,
1907-s0004,11,todo,人工智能招聘,span_mismatch,, 5、参与DW架构，设计，开发；,DW架构，设计，开/S,设计/S,DW架构/S,DW架构/K | 设计/S | 开发/S,,
1907-s0005,11,todo,人工智能招聘,span_mismatch,, 任职要求： 1、精通Hadoop、Hive、Spark、Storm等开源大数据系统的原理和使用；,Storm等/S | 原理和使用/K,Hadoop/S | Hive/S | Spark/S | 大数据/K,Hadoop/S | Hive/S | Spark/S | Storm/S,Hadoop/S | Hive/S | Spark/S | Storm/S | 原理和使用/K,,
1907-s0006,11,todo,人工智能招聘,span_mismatch,, 2、精通数据存储系统，数据处理系统，搜索系统的架构，设计，开发，有相关经验者优先；,数据存储系统，数/S,数据存储系统/S | 数据处理/S,数据存储系统/S | 数据处理系统/S | 搜索系统/S,数据存储系统/S | 数据处理系统/S | 搜索系统/S | 架构/K | 设计/S | 开发/S,,
1907-s0007,11,todo,人工智能招聘,span_mismatch,, 3、熟悉Spring技术生态圈，Mybatis，Bootstrap，AngularJS2等Web开发的前后端框架和技术，有实际项目的经验；,Spring技术生态圈，Mybatis/S | 经验/T,Spring/S | Mybatis/S | Web开发/S,Spring技术生态圈/S | Mybatis/S | Bootstrap/S | AngularJS2/S,Spring/S | Mybatis/S | Bootstrap/S | AngularJS2/S | Web开发/S | 前后端框架/K,,
1907-s0008,11,todo,人工智能招聘,span_mismatch,, 4、熟悉Linux系统，熟练使用shell、Python、Perl 脚本处理工具；,Linux系统/S | 使用shell/S,Linux/S | shell/S | Python/S | Perl/S,Linux系统/S | shell/S | Python/S | Perl/S | 脚本处理工具/K,Linux系统/S | shell/S | Python/S | Perl/S,,
1907-s0009,11,todo,人工智能招聘,span_mismatch,, 5、良好的Java编程能力，熟悉Java开发工具和调试工具；,Java编程能力/S | Java开发工具和调试/S,Java/S | Java开发/S | 调试/S,Java编程能力/S | Java开发工具/S,Java编程能力/S | Java开发工具/S | 调试工具/S,,
1907-s0010,11,todo,人工智能招聘,empty_mismatch,, 6、有良好的产品思维能力，能够根据用户需要设计简单，易用的产品；,产品思维能力/T | 用户需要设/K,[],产品思维能力/T | 用户需要/K,产品思维能力/T | 用户需要/K | 设计/S,,
1907-s0011,11,todo,人工智能招聘,span_mismatch,, 7、有良好的逻辑思维能力及解决问题的能力；,逻辑思维能力及解/T,逻辑思维能力/T | 解决问题/S,逻辑思维能力/T,逻辑思维能力/T | 解决问题的能力/T,,
1908-s0001,11,todo,人工智能招聘,empty_mismatch,,2、负责带领团队完成客户生产系统的应用部署、问题处理及工单处理工作；,带领团队完/T | 应用部署/S | 问题处/S,[],问题处理/S | 工单处理/S,应用部署/S | 问题处理/S | 工单处理/S,,
1908-s0002,12,todo,人工智能招聘,empty_mismatch,,3、基于客户环境及流程，制定运维标准化流程，并监督执行；,制定运/S | 监督执/S,标准化/S,[],运维标准化流程/S | 监督执行/S,,
1908-s0003,12,todo,人工智能招聘,empty_mismatch,,4、代表团队负责与客户的沟通管理工作，负责周例会、月度例会的客户汇报工作；,沟通管/T | 周例会/T | 月度例会/T | 汇报工作/T,月度例会/T | 汇报/S,[],沟通管理/T,,
1908-s0004,12,todo,人工智能招聘,span_mismatch,,任职要求：1、3年以上J2EE开发/运维项目经验，了解微服务架构；,J2EE开发/S | 运维项目/S | 微服务架构/K,微服务/K,J2EE开发/S | 运维项目/S | 微服务架构/K,J2EE/S | 运维/S | 微服务架构/K,,
1908-s0005,12,todo,人工智能招聘,span_mismatch,,2、精通Linux系统，熟悉Mysql、Redis、Nginx、Kafka等基础组件，熟悉Docker等容器化技术3、了解各类服务器设备、网络设备、安全设备、存储设备；,Linux系统，熟悉/S | Docker等容器化技/S | 各类服务器设/K,Linux/S | Mysql/S | Redis/S | Nginx/S | Kafka/S | Docker/S | 网络/K,Linux系统/S | Mysql/S | Redis/S | Nginx/S | Kafka/S | 基础组件/K | Docker/S | 容器化技术/K | 服务器设备/K | 网络设备/K | 安全设备/K | 存储设备/K,Linux/S | Mysql/S | Redis/S | Nginx/S | Kafka/S | Docker/S | 容器化技术/S | 服务器设备/K | 网络设备/K | 安全设备/K | 存储设备/K,,
1908-s0006,12,todo,人工智能招聘,span_mismatch,,4、熟悉云计算平台，如华为云、阿里云等；,云计算平/K | 华为云/K | 阿里云等/K,云计算/K | 阿里云/K,云计算平台/K | 华为云/K | 阿里云/K,云计算平台/K | 华为云/S | 阿里云/S,,
1908-s0007,12,todo,人工智能招聘,span_mismatch,,5、具有运维流程经验，具有实施自动化运维工具项目的经验者优先；,运维流程经验/S | 实施自动化运维工/S,自动化/K,运维流程/S,运维流程/S | 自动化运维工具/S,,
1908-s0009,12,todo,人工智能招聘,span_mismatch,,7、英文读写能力强，可与客户进行英文邮件的沟通与英文文档的撰写；,英文读写能力强/L | 英文邮件的沟通与/L,英文读写能力/L | 沟通/T,英文/L,英文/L | 英文/L,,
1908-s0010,12,todo,人工智能招聘,span_mismatch,,8、大学本科或以上学历。,[],本科/K,大学本科或以上学历/K,大学本科/K,,
1909-s0002,12,todo,人工智能招聘,span_mismatch,, 3、熟悉Hadoop、Storm、HBase、Hive等框架者优先；,Hive等/S,Hadoop/S | HBase/S | Hive/S,Hadoop/S | Storm/S | HBase/S | Hive/S | 框架/K,Hadoop/S | Storm/S | HBase/S | Hive/S,,
1909-s0003,12,todo,人工智能招聘,span_mismatch,, 4、具备良好的团队意识及创新思维、自我激励能力，善于与人合作；,团队意识及创新思/T | 与人合作/T,团队意识/T,团队意识/T | 创新思维/T | 自我激励/T | 与人合作/T,团队意识/T | 创新思维/T | 自我激励能力/T | 与人合作/T,,
1909-s0004,12,todo,人工智能招聘,span_mismatch,, 5、具有良好的表达与沟通能力以及独立思考并解决问题的能力。,表达与沟通能力以/T | 独立思考并解决问/T,沟通能力/T | 解决问题/S,沟通能力/T | 独立思考/T,沟通能力/T | 独立思考/T | 解决问题/T,,
1910-s0000,12,todo,人工智能招聘,span_mismatch,,招聘智能家居推广业务建材/装饰/房地产所在的渠道开展，发展和维护渠道，分享渠道带来的收益分享。,开展，发展和维护/S,智能家居/K | 维护/S,智能家居推广/S,发展和维护渠道/S,,
1910-s0001,12,todo,人工智能招聘,empty_mismatch,,新楼盘智能化推广，可小区设展位推广，电话推广，享受建材圈比较有竞争力的业务提成。,设展位推广，电话/S,[],新楼盘智能化推广/S | 电话推广/S,设展位推广/S | 电话推广/S,,
1910-s0006,12,todo,人工智能招聘,span_mismatch,,工装网络建设,建设/S,网络/K,工装网络建设/S,网络建设/S,,
1911-s0000,12,todo,人工智能招聘,span_mismatch,,工作职责岗位工作重点1、集市侧需求对接沟通2、参与履约侧业务报表开发、分层开发、应用功能开发，代码优化、sql优化岗位关键挑战1、业务中台在探索开发的背景下，数据中台的模型随之存在较高的不稳定性2、工作强度较大，需候选人具备较强的抗压能力具备较强的数据分析，问题分析，逻辑思维能力，团队协作能力，有良好的沟通能力和责任感，能够承担工作压力，独立分析和解决问题者优先;,需求对接沟/S | 业务报表开发、分/S | 模型随/K | 抗压能力具/T | 逻辑思维能力，团/T | 沟通能力和责任感/T | 工作压力，独立分/T,sql/S | 稳定性/T | 抗压能力/T | 数据分析/S | 问题分析/S | 逻辑思维能力/T | 团队协作能力/T | 沟通能力/T | 责任感/T | 解决问题/S,集市侧需求对接沟通/S | 履约侧业务报表开发/S | 分层开发/S | 应用功能开发/S | 代码优化/S | sql优化/S | 抗压能力/T | 数据分析/S | 问题分析/S | 逻辑思维/T | 团队协作/T | 沟通能力/T | 责任感/T,需求对接沟通/S | 业务报表开发/S | 分层开发/S | 应用功能开发/S | 代码优化/S | sql优化/S | 抗压能力/T | 数据分析/S | 问题分析/S | 逻辑思维能力/T | 团队协作能力/T | 沟通能力/T | 责任感/T | 独立分析/T | 解决问题/T,,
1911-s0002,12,todo,人工智能招聘,span_mismatch,,知识:1、具备金融方面学科知识2、具备大数据相关知识3、英文读写能力较佳技能:1、熟悉sql2、熟悉java关键历练:业务:从事金融相关行业技术:从事大数据相关项目开发经验，具备独立完成报表设计到落地的经验任职资格1.计算机相关专业本科以上学历，数据开发工作经验一年以上，有保险行业数据开发工作经验优先考虑2.熟练掌握Java/Python/Scala等至少一门编程语言;,金融方面学科知识/K | 大数据相关知识3/K | 英文读写能力较佳/L | java关键/S | 金融相关行业技术/K | 大数据相关项目开/S | 独立完成报表设计/S | 数据开发工作经验/S | 保险行业数据开发/S | Scala等至少/S,金融方面学科知识/K | 大数据/K | 英文读写能力/L | java/S | 项目开发/S | 计算机相关专业/K | 本科/K | Java/S | Python/S | Scala/S | 编程语言/K,英文/L | sql2/S | java/S | 本科以上学历/K | 数据开发/S | 保险行业数据开发/S | Java/S | Python/S | Scala/S | 编程语言/K,金融/K | 大数据/K | 英文/L | sql2/S | java/S | 金融/K | 大数据/K | 报表设计/S | 计算机相关专业/K | 数据开发/S | 保险行业数据开发/S | Java/S | Python/S | Scala/S,,
1911-s0004,12,todo,人工智能招聘,span_mismatch,,3.掌握数据库知识，较强的SQL/ETL开发能力4.有大数据分布式计算平台开发经验，熟悉Hadoop.Hive，Storm，Spark，Flink，Kafka等大数据框架原理及应用，有阿里大数据生态Maxcompute，dataworks项目经验的优先考虑;,数据库知/K | ETL开发/S | 大数据分布式计算/S | Hadoop.Hive/S | Kafka等/S | 阿里大数据生态Maxcompute/K,数据库/K | SQL/S | 大数据/K | 分布式/K | Hadoop/S | Hive/S | Spark/S | Flink/S | Kafka/S | 阿里大数据生态Maxcompute/K,数据库知识/K | SQL/S | ETL开发/S | 大数据分布式计算平台开发/S | Hadoop/S | Hive/S | Storm/S | Spark/S | Flink/S | Kafka/S | 大数据框架原理/K | 阿里大数据生态/K | Maxcompute/S | dataworks/S,数据库/K | SQL/S | ETL开发/S | 大数据分布式计算平台/S | Hadoop/S | Hive/S | Storm/S | Spark/S | Flink/S | Kafka/S | Maxcompute/S | dataworks/S,,
1912-s0000,12,todo,人工智能招聘,empty_mismatch,,岗位职责：1、基于运营数据和用户行为，对产品提出有效的优化需求并推动落地，并能针对每项优化需求量化去评估效果；,运营数据和用户行/K | 优化需求并推动落/S | 求量化去评估效果/S,[],运营数据/K | 用户行为/K,运营数据/K | 用户行为/K | 优化需求/S | 评估效果/S,,
1912-s0001,12,todo,人工智能招聘,empty_mismatch,,2、负责APP积分系统的整体运营，能通过有效运营手段提升项目用户参与数和粘度；,运营/S | 通过有效运营手段/S,[],运营手段/S,运营/S | 运营手段/S,,
1912-s0003,12,todo,人工智能招聘,span_mismatch,,4、能配合用户运营各项交互玩法，搭建完善的产品功能，支撑拉新、促活需求；,配合用/T | 各项交互玩法，搭/S | 支撑拉/S | 促活需/K,用户运营/S,拉新/S | 促活/S,用户运营/S | 交互玩法/S | 拉新/S | 促活/S,,
1912-s0004,12,todo,人工智能招聘,empty_mismatch,,5、负责APP资源位规划配置，对APP资源位合理性和流量产出负责。,APP资源位规划配置/S | APP资源位合理性和/K,[],APP资源位规划/S | APP资源位合理性/K | 流量产出/K,资源位规划配置/S,,
1912-s0005,12,todo,人工智能招聘,span_mismatch,,任职要求：1、大专以上学历，有两年以上平台运营或产品运营工作经验，男女不限；,平台运营或产品运/S,大专/K | 平台运营/S | 产品运营/S,大专以上学历/K | 平台运营/S | 产品运营/S,平台运营/S | 产品运营/S,,
1912-s0006,12,todo,人工智能招聘,span_mismatch,,2、良好的逻辑思维能力，善于通过数据分析去挖掘用户需求和判断用户动向；,逻辑思维能力/T | 数据分析去挖掘用/S | 判断用/S,逻辑思维能力/T | 数据分析/S,逻辑思维/T | 数据分析/S,逻辑思维能力/T | 数据分析/S | 挖掘用户需求/S | 判断用户动向/S,,
1912-s0007,12,todo,人工智能招聘,span_mismatch,,3、对互联网产品始终保持敏度和好奇心，有及时分析问题及解决问题能力；,分析问题及解决问/S,分析问题/S | 解决问题能力/T,好奇心/T,分析问题/T | 解决问题/T,,
1912-s0008,12,todo,人工智能招聘,span_mismatch,,4、能熟悉淘宝、京东、拼多多等主流电商平台优势特色，了解淘宝客CPS业务逻辑者更佳；,淘宝/K | 京东/K | 淘宝客CPS业务/K,淘宝/K,淘宝/K | 京东/K | 拼多多/K | 主流电商平台/K | 淘宝客CPS业务逻辑/K,淘宝/K | 京东/K | 拼多多/K | 淘宝客CPS业务/K,,
1913-s0000,12,todo,人工智能招聘,empty_mismatch,,●面向酒店、地产行业客户，配合上级领导和工程部完成售前/售后 的技术支持工作。,上级领导和工程部/T | 售前/S | 售后/S | 技术支持工作/S,售后/S | 技术支持/S,[],技术支持/S,,
1913-s0001,12,todo,人工智能招聘,empty_mismatch,, ●负责与客户的售前方案沟通，并能够参与技术方案的编写。,售前方案沟通/T | 技术方案的编写/K,[],售前方案沟通/S,方案沟通/T,,
1913-s0003,12,todo,人工智能招聘,empty_mismatch,, ●负责配合大区运营中心经理，完成相关项目招投标工作。,配合大/T | 完成相关/T,[],项目招投标/S,配合/T | 招投标/S,,
1913-s0007,12,todo,人工智能招聘,span_mismatch,, ●具备良好的沟通和业务理解能力，能够不断地自我学习，能承受较强的工作压力，能适应较为频繁的出差。,沟通和业/T,沟通/T | 理解能力/T,沟通/T | 业务理解/S | 自我学习/T,业务理解能力/T | 自我学习/T,,
1913-s0008,12,todo,人工智能招聘,span_mismatch,, ●具备较好的口头及书面表达能力和逻辑思维能力，可以清晰的给客户传达公司产品或项目解决方案的功能和亮点，具备要求控制和需求引导能力。,书面表达能力和逻/T | 传达公/S | 需求引导能力/T,表达能力/T | 逻辑思维能力/T,书面表达/T | 逻辑思维/T | 需求引导/S,书面表达能力/T | 逻辑思维能力/T | 需求引导能力/T,,
1914-s0000,12,todo,人工智能招聘,span_mismatch,,职责 1、负责网站C端用户运营团队建设及管理；,网站C端用户运营/S,用户运营/S,网站C端用户运营团队建设/S,用户运营/S | 团队建设/S | 管理/S,,
1914-s0003,12,todo,人工智能招聘,empty_mismatch,, 4、结合业务需求，提出产品改进方向并协助研发打点，监控效果持续改进；,提出产品改进方向/S,[],持续改进/S,产品改进/S | 研发/S | 监控/S,,
1914-s0004,12,todo,人工智能招聘,empty_mismatch,, 5、协助市场运营，分析推广效果，制定有效的推广策略，保证流量/用户增长。,分析推广效果，制/S,分析推广效果/S,[],市场运营/S | 分析推广效果/S,,
1914-s0007,12,todo,人工智能招聘,span_mismatch,, 3、有大数据分析、大数据挖掘及大数据计算工具等工作经验优先考虑 4、独立负责过一款以上产品增长经验优先考虑；,大数据分析/K | 大数/K | 独立负责过一款以/S,数据分析/S | 数据挖掘/S,大数据分析/S | 大数据挖掘/S | 大数据计算工具/K | 产品增长/S,大数据分析/K | 大数据挖掘/K | 大数据计算工具/S | 产品增长/S,,
1915-s0000,12,todo,人工智能招聘,empty_mismatch,,"（因为boss上人较多，无法一一回复，如有意向可以直接发送简历到此邮箱：951670258＠qq.com，谢谢） 职位描述： 1. 参与产品后台服务端开发, 和高并发高压力服务端性能调优;",产品后台服务端开/S | 高并发高/K,[],产品后台服务端开发/S | 高压力服务端性能调优/S,服务端开发/S | 高并发/K | 高压力/K | 性能调优/S,,
1915-s0002,12,todo,人工智能招聘,span_mismatch,, 任职要求: 1. 本科以上学历，计算机及其相关专业，2年以上JAVA相关开发工作经验;,JAVA相关/S | 开发工作/S,本科/K | 计算机/K | 相关专业/K | JAVA/S,本科以上学历/K,本科以上学历/K | 计算机/K | JAVA/S | 开发/S,,
1915-s0003,12,todo,人工智能招聘,span_mismatch,," 2. 熟练掌握Spring, Mybatis, Struts等相关技术, 能独立完成项目开发;",Struts等/S | 能独立完成项目开/S,Spring/S | Mybatis/S | 项目开发/S,Spring/S | Mybatis/S | Struts/S | 相关技术/K,Spring/S | Mybatis/S | Struts/S | 项目开发/S,,
1915-s0004,12,todo,人工智能招聘,span_mismatch,," 3. 熟悉MySQL和mongodb, redis等NOSQL DB, 要求有高并发, 高压力处理经验优先;","MySQL和mongodb, redis等NOSQL/S | 高并发/S | 高压力处理经验/S",MySQL/S | mongodb/S | redis/S | 高并发/S,MySQL/S | mongodb/S | redis/S | NOSQL DB/K | 高压力处理/S,MySQL/S | mongodb/S | redis/S | NOSQL/K | 高并发/K | 高压力处理/S,,
1915-s0006,12,todo,人工智能招聘,span_mismatch,," 5.善于学习, 有良好的逻辑思维, 具有很强的分析问题和解决问题的能力, 具备良好的表达和沟通能力及团队合作精神;",学习/T | 有良好的逻辑思维/T | 分析问题和解决问/S | 表达和沟通能力及/T,有良好/T | 分析问题/S | 解决问题/S | 沟通能力/T | 团队合作精神/T,学习/T | 逻辑思维/T | 沟通能力/T | 团队合作精神/T,逻辑思维/T | 分析问题/S | 解决问题/S | 沟通能力/T | 团队合作精神/T,,
1916-s0000,12,todo,人工智能招聘,span_mismatch,,公司以家具体验共享直购模式为基础，结合图像识别和增强现实技术，开拓现实场景购物市场，急需有远见卓识的专业人员加入！,图像识别和增强现/K | 有远见卓识的专业/K,图像识别/K,图像识别/K | 增强现实技术/K,图像识别/K | 增强现实/K,,
1916-s0001,12,todo,人工智能招聘,span_mismatch,,算法工程师：1.负责大数据应用项目的算法规划、数据挖掘和模型设计，涉及到的技术包括深度学习、人工智能、文本处理等。,算法规划/S | 数据挖/S | 深度学习/K | 人工智/K,算法/K | 大数据/K | 数据挖掘/S | 深度学习/K | 人工智能/K,数据挖掘/S | 模型设计/S | 深度学习/K | 人工智能/K | 文本处理/K,算法规划/S | 数据挖掘/S | 模型设计/S | 深度学习/K | 人工智能/K | 文本处理/S,,
1916-s0002,12,todo,人工智能招聘,empty_mismatch,,2.与业务结合，能深入理解行业需求与客户痛点；,与业务结合/T | 深入理解行/T | 客户痛点/K,[],业务结合/S | 客户痛点/K,深入理解/T | 行业需求/K,,
1916-s0003,12,todo,人工智能招聘,span_mismatch,,通过算法和模型解决业务问题并验证。,算法和模型解/S | 业务问题并/K,算法/K,模型解决业务问题/S,算法/K | 模型/K,,
1916-s0005,12,todo,人工智能招聘,span_mismatch,,4.与数据开发、应用开发、产品开发人员配合联调，做模型上线和运维工作，需要持续跟踪和优化模型。,开发/S | 联调/S | 上线和运维工作/S | 跟踪和优化模/S,开发/S | 应用开发/S | 产品开发/S | 联调/S | 上线/S | 优化模型/K,联调/S | 模型上线/S,联调/S | 上线/S | 运维/S | 跟踪/S | 优化模型/S,,
1916-s0006,12,todo,人工智能招聘,span_mismatch,,职位要求：1.计算机或相关专业本科及以上学历，两年以上相关工作经验；,[],计算机/K | 相关专业/K | 本科及以上学历/K,本科及以上学历/K,计算机/K | 本科及以上学历/K,,
1916-s0008,12,todo,人工智能招聘,span_mismatch,,3.熟练使用常见的协同过滤、矩阵分解、关联算法；,使用常/S | 协同过滤/S | 矩阵分/S,算法/K,协同过滤/K | 矩阵分解/K | 关联算法/K,协同过滤/S | 矩阵分解/S | 关联算法/S,,
1917-s0000,12,todo,人工智能招聘,empty_mismatch,,职责描述： 1、负责对接小家电或者智能3C品类产品并制定销售策略和规划，确保渠道目标达成；,对接小/S | 制定销售策略和规/S,[],渠道目标达成/S,对接/S | 制定销售策略/S | 规划/S,,
1917-s0001,12,todo,人工智能招聘,span_mismatch,, 2、负责渠道每日、周、月监控的数据：营销数据、商品管理、顾客管理，对各种销售数据进行统计和分析，提出建设性意见；,营销数据/K | 商品管/K | 销售数据进行统计/S,营销数据/K,营销数据/K | 商品管理/S | 顾客管理/S,营销数据/K | 商品管理/S | 顾客管理/S | 统计/S | 分析/S,,
1917-s0002,12,todo,人工智能招聘,empty_mismatch,, 3、制订完整的线上京东、天猫等平台产品规划和策略，针对竞品制定应对措施；,制订完/S | 产品规划和策略/S | 制定应/S,产品规划/S,[],产品规划/S | 策略/S | 制定应对措施/S,,
1917-s0004,12,todo,人工智能招聘,span_mismatch,, 任职要求： 1.本科以上学历，京东或者天猫等平台运营经验或者品牌销售经验3年以上，智能和小家电类目工作经验者优先；,京东或者/K | 天猫等平台运营经/K | 品牌销售经验/S,本科/K | 平台运营/S,本科以上学历/K | 品牌销售/S | 小家电类目工作/S,本科以上学历/K | 平台运营经验/S | 品牌销售经验/S,,
1917-s0005,13,todo,人工智能招聘,empty_mismatch,, 2.年GMV过亿品牌操盘经营优先；,品牌操盘经营优先/S,[],品牌操盘/S,品牌操盘/S | 经营/S,,
1918-s0004,13,todo,人工智能招聘,span_mismatch,,【特别提示】搜狗欢迎专情的你，所以提醒你只能选择两个项目，请慎重投递【岗位职责】1.负责网页搜索开放平台产品策划和运营；,网页搜索开放平台/K | 运营/S,产品策划/S,网页搜索开放平台产品策划/S,网页搜索开放平台/K | 产品策划/S | 运营/S,,
1918-s0005,13,todo,人工智能招聘,span_mismatch,,2.深入分析市场需求、竞争态势和用户需求，合理规划产品开发计划，通过运营不断提升使用量；,分析市场需求/S | 规划产品开发计划/S | 运营不/S | 提升使用量/S,产品开发/S,运营/S,分析市场需求/S | 规划产品开发计划/S | 运营/S,,
1918-s0007,13,todo,人工智能招聘,span_mismatch,,4.开放平台产品创新和探索。,创新和探索/S,创新/T,开放平台产品创新/S,产品创新/S | 探索/S,,
1918-s0008,13,todo,人工智能招聘,span_mismatch,,【任职条件】1.计算机或相关专业本科以上学历；,[],计算机/K | 相关专业/K | 本科/K,本科以上学历/K,计算机/K | 本科以上学历/K,,
1918-s0010,13,todo,人工智能招聘,span_mismatch,,3.有丰富的产品规划经验，强烈的互联网用户需求意识，良好的文字和语言表达能力；,产品规划经验/S | 互联网用户需求意/K | 语言表达能力/T,产品规划/S | 表达能力/T,产品规划/S | 互联网用户需求意识/T | 语言表达能力/T,产品规划经验/S | 互联网用户需求意识/T | 语言表达能力/T,,
1918-s0011,13,todo,人工智能招聘,span_mismatch,,4.优秀的沟通协作和业务管理能力，逻辑思维能力强；,沟通协/T | 业务管理能/T | 逻辑思维能/T,管理能力/T | 逻辑思维能力/T,沟通协作/T | 业务管理/S | 逻辑思维/T,沟通协作/T | 业务管理能力/T | 逻辑思维能力强/T,,
1919-s0002,13,todo,人工智能招聘,empty_mismatch,,3、有渠道相关资源及区域市场销售经验者优先。,区域市场销售经验/K,[],区域市场销售/S,渠道相关资源/K | 区域市场销售经验/K,,
1920-s0000,13,todo,人工智能招聘,span_mismatch,,岗位职责: 1、协助工程师完成电路板焊接、调试、测试等工作;,电路板焊接/S | 调试/S,调试/S,电路板焊接/S,电路板焊接/S | 调试/S | 测试/S,,
1920-s0001,13,todo,人工智能招聘,empty_mismatch,, 2、熟悉公司各种仪器设备，完成测试并写出测试报告;,公司各种仪器/K,[],测试/S,仪器设备/S | 测试/S,,
1920-s0002,13,todo,人工智能招聘,span_mismatch,, 3、学习公司产品设计，逐步成为一名优秀的电子工程师;,学习公/S | 产品设计，逐步成/K,产品设计/S | 逐步成/K,电子工程师/S,产品设计/K | 电子工程师/K,,
1920-s0003,13,todo,人工智能招聘,span_mismatch,, 4、配合硬件工程师完成硬件设计文档资料及相关生产资料的整合(如制作BOM表、规格书、物料替代）等。,配合硬/T | 完成硬/S | 制作BOM/S | 规格书/S | 物料替代/S,BOM/S | 规格书/S | 物料替代/S,物料替代/S,硬件设计/S | BOM表/S | 规格书/S | 物料替代/S,,
1920-s0005,13,todo,人工智能招聘,empty_mismatch,, 2、能够看懂电路原理图，熟练焊接各种元器件;,够看懂电路原理图/S | 练焊接各种元器件/S,练焊接各种元器件/S,[],电路原理图/K | 焊接/S | 元器件/S,,
1920-s0006,13,todo,人工智能招聘,span_mismatch,," 3、2年以上相关工作经验，熟练使用PADS,AD等硬件工具,能看得懂英文资料，能写;",使用PADS/S | 等硬件工具/K | 能写/S,英文/L | 能写/S,PADS/S | AD/S | 硬件工具/K,PADS/S | AD/S | 英文资料/L,,
1920-s0007,13,todo,人工智能招聘,span_mismatch,, 4、工作积极主动，责任感强，能吃苦耐劳;,积极主/T | 责任感强/T | 吃苦耐劳/T,责任感/T | 吃苦耐劳/T,工作积极主动/T | 责任感/T | 吃苦耐劳/T,积极主动/T | 责任感强/T | 吃苦耐劳/T,,
1920-s0009,13,todo,人工智能招聘,span_mismatch,, 6、有智能音箱，蓝牙音箱电子产品设计、测试及电子维修相关经验优先。,电子产品设计、测/S,产品设计/S,智能音箱/K | 蓝牙音箱/K | 电子产品设计/S | 电子维修/S,电子产品设计/S | 测试/S | 电子维修/S,,
1921-s0000,13,todo,人工智能招聘,empty_mismatch,,岗位职责： 1. 参与项目的需求分析，负责产品后台系统的设计、开发、调试和维护工作；,需求分析/S | 产品后台系统的设/S,需求分析/S,[],需求分析/S | 开发/S | 调试/S | 维护/S,,
1921-s0001,13,todo,人工智能招聘,span_mismatch,, 2. 负责DevOps、日志监控等研发效率平台的研发和运维 3. 推动优秀软件工程方法、流程和规范在团队落地；,日志监控等研/S | 运维/S | 推动优/S | 方法/K | 流程和规范/K | 落地/S,运维/S | 软件工程/K | 落地/S,DevOps/S | 日志监控/S | 软件工程方法/K,DevOps/S | 日志监控/S | 研发/S | 运维/S | 软件工程方法/K | 流程和规范/K,,
1921-s0002,13,todo,人工智能招聘,span_mismatch,, 4. 负责设计文档编写、自动化测试工具编写和代码审查 5. 负责相关软件的维护完善和升级 任职要求： 1. 本科或以上学历，具有3年以上后端工作经验。,设计文档编写、自/S | 维护完/S | 和升级/S,文档编写/S | 自动化测试/K | 本科/K,设计文档编写/S | 自动化测试工具编写/S | 代码审查/S | 本科或以上学历/K,设计文档编写/S | 自动化测试工具编写/S | 代码审查/S | 维护完善/S | 升级/S,,
1921-s0003,13,todo,人工智能招聘,empty_mismatch,, 2. 熟练掌握CCGolang开发；,CCGolang开发/S,[],CCGolang开发/S,CCGolang/S,,
1921-s0004,13,todo,人工智能招聘,span_mismatch,, 3. 熟悉后端系统的基础架构设计，有Beego使用经验优先;,后端系统的基础架/K | Beego使用经验/S,后端系统/K | 架构设计/S,Beego/S,后端系统/K | 基础架构设计/K | Beego/S,,
1921-s0006,13,todo,人工智能招聘,span_mismatch,, 5. 熟悉网络编程，掌握TCP、UDP和HTTP等通讯协议；,网络编程/S | TCP、UDP和HTTP等通讯/K,网络/K | TCP/K | UDP/K | HTTP/S,网络编程/S | TCP/K | UDP/K | HTTP/K | 通讯协议/K,网络编程/S | TCP/K | UDP/K | HTTP/K,,
1921-s0007,13,todo,人工智能招聘,span_mismatch,, 6. 数据结构基础扎实，逻辑思维清晰；,数据结构基/K | 逻辑思维清/T,数据结构/K,数据结构/K | 逻辑思维/T,数据结构/K | 逻辑思维清晰/T,,
1921-s0008,13,todo,人工智能招聘,span_mismatch,, 7. 具有高度的责任感，工作积极主动、学习能力强、善于总结，有良好的文档编写能力；,责任感/T | 积极主动/T | 学习能/T | 总结/T | 文档编写能力/S,责任感/T | 学习能力强/T | 文档编写/S,责任感/T | 工作积极主动/T | 学习能力/T | 总结/T | 文档编写能力/S,责任感/T | 积极主动/T | 学习能力强/T | 善于总结/T | 文档编写能力/S,,
1921-s0010,13,todo,人工智能招聘,span_mismatch,, b. 熟悉运营商的公有云平台(电信、联通、移动)；,运营商的公有云平/K | 联通/K | 移动)/K,运营商/K | 云平台/K | 联通/K | 移动/K,电信/K | 联通/K | 移动/K,公有云平台/K | 电信/K | 联通/K | 移动/K,,
1922-s0001,13,todo,人工智能招聘,span_mismatch,,2、未来日志分析需要和大数据分析，人工智能领域结合起来。,大数据分析，人工/K,数据分析/S | 人工智能/K,日志分析/K | 大数据分析/K | 人工智能/K,大数据分析/K | 人工智能/K,,
1922-s0003,13,todo,人工智能招聘,span_mismatch,,岗位技能要求：1.熟练掌握c++语法，命令，常用开发工具，掌握stl等核心API，对代码有极致要求;,命令，常用开发工/S | stl等核/S | 代码有/S,c++/S | 命令/S,c++语法/S | 常用开发工具/S | stl/S | 核心API/S,c++/S | 开发工具/S | stl/S | 核心API/K,,
1922-s0004,13,todo,人工智能招聘,span_mismatch,,2.对测试有基本概念，有良好自测习惯；,对测试有基本概念/K | 自测习惯/T,对测试有基本概念/K,自测习惯/T,测试/K | 自测习惯/T,,
1922-s0007,13,todo,人工智能招聘,span_mismatch,,能用工具分析识别未知网络协议;,工具分析识/S,网络协议/K,工具分析/S,工具分析/S | 识别未知网络协议/S,,
1922-s0008,13,todo,人工智能招聘,span_mismatch,,能够看懂并修改类似ntopng源码，4.了解操作系统原理，熟悉常用操作系统api;,看懂并修改类/S | 操作系统api/K,操作系统/K | 操作系统api/K,操作系统原理/K | 常用操作系统api/K,ntopng源码/S | 操作系统原理/K | 操作系统api/K,,
1923-s0000,13,todo,人工智能招聘,span_mismatch,,职责描述： 1. 负责用户研究分析，为用户提供有效洞察数据，为业务输出有效模型数据 2. 以用户为中心、以数据为导向，产出策略并有效拆解、实施和控制 3. 负责数据策略相关架构设计与实现，搭建数据策略分析模型，实现数据策略产品化、自动化，提高业务问题解决效率 4. 构建可视化的数据分析平台，指导各个业务线的数据和策略优化 5. 基于用户行为的数据挖掘、模型构建、策略效果分析和落地应用 任职要求： 1. 硕士及以上学历，计算机、统计学或相关专业，有扎实的统计学功底，4年及以上数据分析、数据挖掘、策略等相关经验 2. 了解基本的挖掘算法，有相关工程落地经验者优先 3. 至少精通一门编程语言，熟练使用常用算法和数据结构，并具有优秀的编码能力，熟练使用SQL，掌握python或多种数据分析工具 4. 具有优秀的数据分析能力，对运营数据敏感 5. 强策略思考及结构化分析方法，强自驱、主动思考与优秀的项目推动经验 6. 对解决挑战性问题充满热情，善于解决问题和分析问题，擅长就业务和数据进行有效沟通协同，梳理业务逻辑，推动数据分析策略落地 7. 有在线教育、教育数据分析等方面工作经验的优先，会python、SQL、 jubyter的优先 马 克 数 据 网,用户研究分析/S | 提供有/S | 输出有/S | 产出策略并有效拆/S | 数据策略相关架构/S | 构建可视化的数据/S | 优化/S | 数据挖掘/S | 模型构/S | 落地应/S | 统计学或相关/K | 编程语言，熟练使/S | 编码能力，熟练使/S | 数据分析能力/S | 运营数据敏/K | 结构化分析方法/S | 主动思考与优/T | 项目推动经验/T | 解决问题和分析问/S,架构设计/S | 自动化/K | 问题解决/S | 可视化/S | 数据分析/S | 优化/S | 数据挖掘/S | 硕士/K | 计算机/K | 统计学/K | 相关专业/K | 算法/K | 编程语言/K | 数据结构/K | 编码/S | SQL/S | python/S | 分析能力/T | 主动思考/T | 解决问题/S | 分析问题/S,用户研究分析/S | 策略/S | 数据策略产品化/S | 问题解决/S | 数据分析/S | 数据挖掘/S | 模型构建/S | 策略效果分析/S | 硕士及以上学历/K | 计算机/K | 统计学/K | 统计学功底/K | 挖掘算法/K | 工程落地/S | 编程语言/S | 常用算法/K | 数据结构/K | 编码能力/S | SQL/S | python/S | 数据分析工具/K | 数据分析能力/S | 运营数据敏感/T | 策略思考/T | 结构化分析方法/K | 自驱/T | 主动思考/T | 项目推动/S | 在线教育/K | 教育数据分析/S | jubyter/S,用户研究分析/S | 数据挖掘/S | 模型构建/S | 策略效果分析/S | 落地应用/S | 统计学/K | 算法/K | 编程语言/S | 数据结构/K | 编码能力/S | SQL/S | python/S | 数据分析工具/S | 数据分析能力/S | 运营数据/K | 策略思考/T | 结构化分析方法/S | 自驱/T | 主动思考/T | 项目推动经验/T | 解决问题/T | 分析问题/T | 有效沟通协同/T | 业务逻辑/K | 在线教育/K | 教育数据分析/K | jubyter/S,,
1924-s0000,13,todo,人工智能招聘,empty_mismatch,,【岗位要求】：1、负责公司互联网用户运营平台的整体运营管理，包括平台上线产品与行业竞争对手的情况进行综合分析，及时制定应对策略；,公司互联网用户运/S | 平台上线产品与行/S | 制定应对策略/S,用户运营/S | 运营管理/S,[],互联网用户运营/S | 综合分析/S | 应对策略/S,,
1924-s0001,13,todo,人工智能招聘,span_mismatch,,2、负责业务产品运营及推广工作，并进行产品的长期运营规划和短期计划执行；,业务产品运营及推/S | 产品的长期运营规/S,产品运营/S,业务产品运营/S,产品运营/S | 推广/S | 运营规划/S | 计划执行/S,,
1924-s0002,13,todo,人工智能招聘,empty_mismatch,,3、适时作为项目负责人，策划并执行各种互联网运营活动，主动推进并协调UI、BD开发等各方资源；,策划并执行各/S | 运营活/S | 推进并协调UI/S | BD开发等各/S,[],项目负责人/S,策划/S | 执行/S | 运营活动/S | 协调/S,,
1924-s0003,13,todo,人工智能招聘,span_mismatch,,4、负责跟踪平台运营数据，运用大数据分析，精准分析用户行为，推进完善用户体验；,跟踪平台运营数据/S | 分析用户行为，推/S,平台运营/S | 数据分析/S,大数据分析/S,运营数据/K | 大数据分析/K | 分析用户行为/S,,
1924-s0004,13,todo,人工智能招聘,span_mismatch,,5、为公司开发新社群并维护原有社群，负责适时线上社群活动策划及执行。,开发新/S | 维护原/S | 策划及执行/S,策划/S,线上社群活动策划/S,开发新社群/S | 维护原有社群/S | 社群活动策划/S | 执行/S,,
1924-s0005,13,todo,人工智能招聘,span_mismatch,,【任职资格】：1、本科以上学历，信息、管理、经营等相关专业 ；,[],本科/K | 相关专业/K,本科以上学历/K,本科以上学历/K | 信息/K | 管理/K | 经营/K,,
1924-s0006,13,todo,人工智能招聘,span_mismatch,,2、2年以上互联网策划运营管理经验，对互联网行业有深刻的认识与敏感度，有丰富的专业知识；,互联网行业有/K | 认识与敏感度/K | 专业知识/K,运营管理/S | 互联网行业/K | 专业知识/K,互联网策划运营管理/S | 专业知识/K,互联网行业/K | 认识/K | 敏感度/T | 专业知识/K,,
1924-s0007,13,todo,人工智能招聘,span_mismatch,,对互联网的商业模式有深入、成功的实战经验；,互联网的商业模式/K,互联网/K,实战经验/S,商业模式/K | 实战经验/S,,
1924-s0008,13,todo,人工智能招聘,span_mismatch,,"3、能够独立维护公司日常互联网平台,具有较强的语言组织能力和营销文案撰写能力；",维护公司日常互联/S | 语言组织能力和营/T,组织能力/T,语言组织能力/T | 营销文案撰写/S,维护/S | 互联网平台/S | 语言组织能力/T | 营销文案撰写能力/S,,
1924-s0009,13,todo,人工智能招聘,empty_mismatch,,4、良好的沟通协调与推动项目的能力，有清晰的运营规划理念；,沟通协调与推动项/T | 运营规划理/K,[],沟通协调/T | 运营规划理念/K,沟通协调/T | 推动项目/S | 运营规划理念/K,,
1924-s0010,13,todo,人工智能招聘,span_mismatch,,"5、热爱本职工作,认真细致,逻辑清晰，执行力&amp;","认真细致,逻辑清/T",认真细致/T,热爱本职工作/T | 认真细致/T | 逻辑清晰/T | 执行力/T,认真细致/T | 逻辑清晰/T | 执行力/T,,
1925-s0000,13,todo,人工智能招聘,span_mismatch,,1、负责电商业务数据采集整理，对数据进行深度分析、挖掘和建模；,电商业务数据采集/S | 深度分析/S | 挖掘和/S,数据采集/S | 建模/S,电商业务数据采集/S,数据采集/S | 整理/S | 深度分析/S | 挖掘/S | 建模/S,,
1925-s0001,13,todo,人工智能招聘,empty_mismatch,,2、对用户行为数据进行分析和挖掘，建立数据分析体系及各项报表，并撰写分析报告；,用户行为数据进行/S | 建立数据分析体系/S | 撰写分析报告/S,数据分析/S,[],分析和挖掘/S | 数据分析体系/K | 报表/S | 撰写分析报告/S,,
1925-s0002,13,todo,人工智能招聘,empty_mismatch,,3、为公司电商运营决策、产品方向提供数据支持。,电商运营决/K | 产品方向提/K | 数据支持/S,电商运营/S,[],电商运营决策/K | 产品方向/K | 数据支持/S,,
1925-s0005,13,todo,人工智能招聘,span_mismatch,,任职要求：1、本科学历，统计学、数学、计算机语言等相关专业，英语4级或以上；,统计学、数学、计/K | 英语4级或以/L,本科学历/K | 统计学/K | 数学/K | 计算机/K | 相关专业/K | 英语/L,本科学历/K | 统计学/K | 数学/K | 计算机语言/K | 英语4级/K,统计学/K | 数学/K | 计算机语言/K | 英语/L,,
1925-s0006,13,todo,人工智能招聘,span_mismatch,,2、良好的沟通能力，能熟练完成抽取数据、制作图表、完成数字展示等流程，良好的适应能力及学习能力；,良好的沟通能力/T | 完成抽取数据、制/S | 良好的适应能力及/T,沟通能力/T | 良好的适应能力/T | 学习能力/T,沟通能力/T | 数字展示/S | 适应能力/T | 学习能力/T,沟通能力/T | 抽取数据/S | 制作图表/S | 数字展示/S | 适应能力/T | 学习能力/T,,
1925-s0008,13,todo,人工智能招聘,span_mismatch,,4、熟悉数据分析与数据挖掘理论，熟悉常用的数据库，熟练地使用SQL，至少能熟练地使用1种统计和数据挖掘软件；,数据分析与数据挖/K | 常用的数据库/K | 使用SQL/S | 使用1种统计和数/S,数据分析/S | 数据挖掘/S | 数据库/K | SQL/S,数据挖掘理论/K | SQL/S | 数据挖掘软件/S,数据分析/K | 数据挖掘理论/K | 数据库/K | SQL/S | 统计/K | 数据挖掘软件/S,,
1925-s0010,13,todo,人工智能招聘,span_mismatch,,6、逻辑思维严密，具备敏锐的洞察力和独立分析能力，较强的分析报告撰写能力和团队沟通协调能力。,逻辑思维严/T | 洞察力和独立分析/T | 分析报告撰写能力/T,分析能力/T | 沟通协调能力/T,逻辑思维严密/T | 洞察力/T | 独立分析能力/T | 分析报告撰写能力/S | 团队沟通协调能力/T,逻辑思维/T | 洞察力/T | 独立分析能力/T | 分析报告撰写能力/S | 团队沟通协调能力/T,,
1925-s0011,13,todo,人工智能招聘,span_mismatch,,7、对电子商务有浓厚兴趣，对工作有较强的责任心，能承受一定的工作压力，有电商数据分析工作经验者尤佳。,电子商务有/K | 有较强的责任心/T | 电商数据分析工作/K,电子商务/K | 责任心/T | 数据分析/S,责任心/T | 电商数据分析/S,电子商务/K | 责任心/T | 电商数据分析/K,,
1925-s0012,14,todo,人工智能招聘,span_mismatch,,8、无实际外贸相关工作经验者，根据面试情况，安排上岗前熟悉店铺运营等项目实操。,店铺运营等项目实/K,面试/S,店铺运营/S | 项目实操/S,店铺运营/K,,
1926-s0000,14,todo,人工智能招聘,span_mismatch,,工作职责： 1. 负责冷热钱包模块及开发工作，快速实现功能并保证代码质量 2. 负责对接区块链公链和联盟链，以及钱包的对接 3. 保障系统稳定性同时，能够通过改造提升系统性能 4. 负责研究比特币、以太坊等众多区块链钱包功能特性，协议，算法和优劣;,冷热钱包模块及开/S | 代码质量/S | 对接区/S | 联盟链/K | 钱包的对接/S | 系统稳定性同/S | 改造提/S | 系统性能/S | 研究比/S | 以太坊等众/K | 区块链钱包功能特/K,区块链/K | 稳定性/T | 算法/K,联盟链/K | 以太坊/K | 区块链钱包功能特性/K,冷热钱包模块/K | 开发/S | 代码质量/T | 区块链公链/K | 联盟链/K | 系统稳定性/S | 系统性能/S | 比特币/K | 以太坊/K | 区块链钱包功能特性/K | 协议/K | 算法/K,,
1926-s0001,14,todo,人工智能招聘,empty_mismatch,, 5. 跟踪区块链领域相关技术变化，并应用于具体业务中。,跟踪区/S | 应用于/S,区块链/K,[],跟踪/S | 应用于/S,,
1926-s0002,14,todo,人工智能招聘,span_mismatch,, 任职要求： 1. 全日制本科及以上学历，计算相关专业，五年以上软件开发经验，两年以上区块链相关开发经验;,计算相关专业/K | 软件开发经验/S | 区块链相关开发经/S,本科及以上学历/K | 相关专业/K | 软件开发/S | 区块链/K,全日制本科及以上学历/K | 计算相关专业/K | 软件开发/S | 区块链相关开发/S,计算相关专业/K | 软件开发/S | 区块链相关开发/S,,
1926-s0003,14,todo,人工智能招聘,span_mismatch,, 2. 两年以上区块链相关技术研发经验;,区块链相关/K | 技术研发经验/S,区块链/K,区块链相关技术研发/S,区块链相关技术/K | 研发/S,,
1926-s0004,14,todo,人工智能招聘,span_mismatch,,"精通java,python, c/c++, go , node.js等主流区块链系统开发语言两种;",[],java/S | python/S | c++/S | go/S | node.js/S | 区块链/K | 系统开发/S,java/S | python/S | c/c++/S | go/S | node.js/S | 区块链系统开发语言/K,java/S | python/S | c/c++/S | go/S | node.js/S,,
1926-s0005,14,todo,人工智能招聘,span_mismatch,, 3. 熟悉区块链底层技术原理，熟悉p2p网络和分布式存储，熟悉主流的共识机制;,区块链底层技术原/K | p2p网络和分布式存/K | 主流的共识机制/K,区块链/K | 网络/K | 分布式/K | 主流/K,区块链底层技术原理/K | p2p网络/K | 分布式存储/K,区块链底层技术原理/K | p2p网络/K | 分布式存储/K | 共识机制/K,,
1926-s0006,14,todo,人工智能招聘,span_mismatch,, 4. 深入理解区块链原理，数字货币机制和主流数字货币主流区块链开源项目的实现机制及运行原理;,区块链原理，数字/K,区块链/K,区块链原理/K | 数字货币机制/K | 主流数字货币/K,区块链原理/K | 数字货币机制/K | 主流数字货币/K | 区块链开源项目/K,,
1926-s0008,14,todo,人工智能招聘,span_mismatch,, 7.精通solidity 8.熟练搭建主流币种(btc、eth、trx、txz、xrp、eos...)的节点。,solidity 8./S | 搭建主/S | 节点/S,solidity 8/S,solidity/S | btc/S | eth/S | trx/S | txz/S | xrp/S | eos/S,solidity/S | 搭建/S | 节点/S,,
1927-s0000,14,todo,人工智能招聘,span_mismatch,,岗位描述：1、负责计算机网络、监控、考勤、报警、门禁、广播等信息化及智能化设备的安装调试，技术支持；,计算机网络/K | 监控/K | 安装调试，技术支/S,计算机网络/K | 监控/S | 技术支持/S,计算机网络/K | 监控/K | 考勤/K | 报警/K | 门禁/K | 广播/K | 技术支持/S,计算机网络/K | 监控/K | 考勤/K | 报警/K | 门禁/K | 广播/K | 安装调试/S | 技术支持/S,,
1927-s0002,14,todo,人工智能招聘,empty_mismatch,,2、项目现场的材料使用、保管及材料报验等工作；,材料使用/S,[],材料报验/S,材料使用/S | 保管/S | 材料报验/S,,
1927-s0003,14,todo,人工智能招聘,span_mismatch,,3、懂CAD绘图基本操作；,CAD绘图基/S,CAD/S | 绘图/S,CAD绘图基本操作/S,CAD绘图/S,,
1927-s0004,14,todo,人工智能招聘,empty_mismatch,,4、负责项目的售后维护服务，提供系统技术咨询服务，现场技术的支持；,售后维护服务/S | 系统技术咨询服务/S,[],系统技术咨询服务/S,售后维护服务/S | 系统技术咨询服务/S,,
1927-s0006,14,todo,人工智能招聘,span_mismatch,,2.中专以上学历，智能化、计算机、物联网等相关专业；,智能化/K | 计算机/K,中专/K | 学历/K | 智能化/K | 计算机/K | 物联网/K | 相关专业/K,中专以上学历/K | 智能化/K | 计算机/K | 物联网/K,智能化/K | 计算机/K | 物联网/K,,
1928-s0000,14,todo,人工智能招聘,empty_mismatch,,职位描述： 1. 负责公司智能投顾产品的方案设计开发；,方案设计开发/S,方案设计/S,[],方案设计开发/S,,
1928-s0001,14,todo,人工智能招聘,empty_mismatch,, 2. 组织协调研发研究资源，确保产品按质交付；,组织协调研/T | 产品按质交付/T,[],产品按质交付/S,组织协调/T | 产品按质交付/T,,
1928-s0008,14,todo,人工智能招聘,span_mismatch,, 2. 动手能力强，熟悉SQL，excel，能够将各式各样的数据（金融产品数据，用户行为数据等）通过算法模型进行有效组织，生成可落地的解决方案；,能力强/S | SQL，excel/S | 将各式各样的数据/K | 算法模型进/S | 有效组织/S,SQL/S | excel/S | 算法/K,动手能力/T | SQL/S | excel/S | 金融产品数据/K | 用户行为数据/K | 算法模型/S,动手能力强/T | SQL/S | excel/S | 算法模型/S | 有效组织/S,,
1928-s0010,14,todo,人工智能招聘,empty_mismatch,, 4. 具有一定的金融背景知识，熟悉资产管理行业；,金融背景知识，熟/K,[],金融背景知识/K | 资产管理行业/K,金融背景知识/K | 资产管理/K,,
1929-s0003,14,todo,人工智能招聘,span_mismatch,,2、拥有流程机器人开发和实施经验，使用UiPath或UiBot等优先，熟悉rpa框架(如python-rpa)者优先；,流程机器人开发和/S | 使用UiPath或UiBot等优先/S | rpa框架(/S | 如python-rpa)者优先/S,rpa框架/S | python/S,流程机器人开发/S | UiPath/S | UiBot/S | rpa框架/K | python-rpa/S,流程机器人开发/S | UiPath/S | UiBot/S | rpa框架/S | python-rpa/S,,
1929-s0005,14,todo,人工智能招聘,span_mismatch,,"3、熟悉软件开发流程和方法,掌握至少一种编程语言，例如Java,C#,Python等;",和方法/K,软件开发/S | 编程语言/K | Java/S | C#/S | Python/S,软件开发流程/K | 编程语言/S | Java/S | C#/S | Python/S,软件开发流程/S | 编程语言/S | Java/S | C#/S | Python/S,,
1929-s0010,14,todo,人工智能招聘,span_mismatch,,7、熟悉常见的Python框架，熟练运用pandas处理数据，熟悉常见的数据库，熟练掌握Mysql，Mongodb，Redis者优先；,常见的Python框架/S | 运用pandas处理数据/S | 常见的数据库/K | Redis者优先/S,常见/S | Python/S | 数据库/K | Mysql/S | Mongodb/S | Redis/S,Python框架/K | pandas/S | Mysql/S | Mongodb/S | Redis/S,Python框架/S | pandas/S | 处理数据/S | 数据库/K | Mysql/S | Mongodb/S | Redis/S,,
1929-s0011,14,todo,人工智能招聘,span_mismatch,,岗位职责：1、负责机器人流程自动化RPA产品国产linux桌面版的程序开发及文档撰写工作；,程序开发及文档撰/S,自动化/K | linux/S | 程序开发/S,文档撰写/S,程序开发/S | 文档撰写/S,,
1929-s0012,14,todo,人工智能招聘,empty_mismatch,,2、负责关键技术探索、指导、培训；,关键技术探索、指/S,[],关键技术探索/S,关键技术探索/S | 指导/T | 培训/S,,
1930-s0000,14,todo,人工智能招聘,span_mismatch,,岗位职责： 1、负责交通大数据分析模块的需求分析、算法设计和代码实现 2、参与系统稳定性、扩展性提升和性能调试 岗位要求： 1. 本科及以上学历，计算机或数学相关专业；,需求分析/S | 算法设/S | 系统稳定性/S | 扩展/S | 计算机或数学相关/K,数据分析/S | 需求分析/S | 算法/K | 稳定性/T | 本科及以上学历/K | 计算机/K | 数学/K | 相关专业/K,本科及以上学历/K | 计算机/K | 数学/K,需求分析/S | 算法设计/S | 代码实现/S | 系统稳定性/S | 扩展性/S | 性能调试/S | 本科及以上学历/K | 计算机/K | 数学/K,,
1930-s0001,14,todo,人工智能招聘,span_mismatch,, 2. 熟悉常用数据结构，算法和数组操作；,数据结构，算法和/S,数据结构/K | 算法/K,常用数据结构/K | 算法/K | 数组操作/S,数据结构/K | 算法/K | 数组操作/S,,
1930-s0004,14,todo,人工智能招聘,span_mismatch,, 5. 关注新业务和新技术，学习能力强，具有一定的创造力和承压能力。,学习能力强/T | 创造力和承压能力/T,学习能力强/T,学习能力/T | 创造力/T | 承压能力/T,学习能力强/T | 创造力/T | 承压能力/T,,
1931-s0001,14,todo,人工智能招聘,span_mismatch,,） 1. 计算机或相关专业本科以上学历，3年以上工作经验；,或相关专业本/K,计算机/K | 相关专业/K | 本科/K,本科以上学历/K,计算机/K | 相关专业/K,,
1931-s0002,14,todo,人工智能招聘,span_mismatch,, 2. 熟悉常见的图像处理、图像分析、图像识别基本算法，有实际项目经验者优先；,图像处理/K | 图像分/K,图像处理/K | 图像识别/K | 算法/K,图像处理/K | 图像分析/K | 图像识别/K | 基本算法/K,图像处理/K | 图像分析/K | 图像识别/K,,
1931-s0003,14,todo,人工智能招聘,span_mismatch,, 3. 熟练掌握CC和C编程语言者优先；,CC和C编程语言者/S,编程语言/K,C编程语言/S,CC/S,,
1931-s0005,14,todo,人工智能招聘,span_mismatch,, 5. 有撰写文档的能力，有设备实时通信系统经验者优先。,撰写文档的能/S | 设备实时通信系统/K,撰写文档/S | 通信/K,设备实时通信系统/S,撰写文档/S | 设备实时通信系统/K,,
1931-s0008,14,todo,人工智能招聘,span_mismatch,, 2. 完成视觉算法的实现，主要包括基于深度学习的图像识别、物体识别，同时结合业务需求进行相应算法优化；,完成视觉算法的实/S | 基于深度学习的图/S | 业务需求进/K | 算法优化/S,算法/K | 深度学习/K | 图像识别/K | 算法优化/S,物体识别/S | 算法优化/S,视觉算法/K | 深度学习/K | 图像识别/K | 物体识别/K | 算法优化/S,,
1931-s0009,14,todo,人工智能招聘,span_mismatch,, 3. 参与工业领域的机器视觉技术研发项目的开发：图片特征处理、外观识别、零件分类等；,机器视觉技术研发/K | 开发：图片特征处/S,分类/S,工业领域/K | 机器视觉技术/K | 图片特征处理/S | 外观识别/S | 零件分类/S,机器视觉技术研发/K | 图片特征处理/S | 外观识别/S | 零件分类/S,,
1931-s0010,14,todo,人工智能招聘,empty_mismatch,, 负责软件项目软件设计及开发工作；,软件项目软/K | 开发工作/S,[],软件项目软件设计/S,软件设计/S | 开发/S,,
1932-s0001,14,todo,人工智能招聘,empty_mismatch,,2、负责与客户沟通，前期调研并根据客户需求，设计定制化的解决方案，并负责客户的解决方案交流。,与客户沟通，前期/T | 设计定/S | 客户的解决方/S,[],客户沟通/S | 前期调研/S | 客户需求/K,与客户沟通/T | 设计/S | 解决方案/S | 解决方案交流/S,,
1932-s0002,14,todo,人工智能招聘,empty_mismatch,,根据客户需求设计落地性方案，并负责整个项目的管理以及具体方案落地实施；,设计落/S | 项目的管理以/S | 具体方案落地实施/S,[],客户需求/K | 具体方案落地实施/S,设计/S | 方案落地实施/S,,
1932-s0003,14,todo,人工智能招聘,span_mismatch,,4、负责不同场景下模型开发工作，包括但不局限于营销模型、个贷风控模型（ABC卡开发）、小微企业评级模型及各类深度学习算法的等开发；,模型开发工作/S | 营销模型/K | 个贷风/K | 小微企业评级模型/K | 深度学习算法的等/S,模型开发/S | 小微企业评级模型/K | 深度学习/K | 算法/K,营销模型/K | 个贷风控模型/K | ABC卡开发/S | 小微企业评级模型/K | 深度学习算法/K,模型开发/S | 营销模型/K | 个贷风控模型/K | 小微企业评级模型/K | 深度学习算法/K,,
1932-s0004,14,todo,人工智能招聘,span_mismatch,,5、熟悉并掌握各类机器学习算法包括但不限于传统计量模型及深度学习算法，并应用到实际场景中，同时根据业务需求探索新的机器学习模型算法；,机器学习算法包括/S | 传统计量模型及深/K | 应用到实际场景中/S | 探索新/S | 机器学习模型算法/S,机器学习/K | 算法/K | 深度学习/K,机器学习算法/K | 传统计量模型/K | 深度学习算法/K | 业务需求/K,机器学习算法/K | 传统计量模型/K | 深度学习算法/K | 机器学习模型算法/K,,
1932-s0007,14,todo,人工智能招聘,span_mismatch,,2、熟悉统计模型和机器学习技术，同时熟悉信贷场景下的业务流程；,统计模型和机器学/K | 信贷场景下的业务/K,统计模型/K | 机器学习/K | 信贷场景下/K,统计模型/K | 机器学习技术/K,统计模型/K | 机器学习技术/K | 信贷场景/K | 业务流程/K,,
1932-s0008,14,todo,人工智能招聘,span_mismatch,,3、熟练掌握一到两个以下统计分析软件：Python、SAS、R；,统计分析软件：Python/S,统计分析/S | Python/S | SAS/S,统计分析软件/K | Python/S | SAS/S | R/S,统计分析软件/S | Python/S | SAS/S | R/S,,
1932-s0010,14,todo,人工智能招聘,span_mismatch,,5、有模型团队管理、项目管理或方案设计经验者优先；,模型团队管理、项/T,团队管理/S | 项目管理/S | 方案设计/S,模型团队管理/S | 项目管理/S | 方案设计/S,模型团队管理/T | 项目管理/S | 方案设计/S,,
1933-s0000,14,todo,人工智能招聘,empty_mismatch,,岗位描述： 1、负责公司相关安全设备的安装、配置、调试等实施工作 2、负责客户已部署设备的安全策略更新。,安装/S | 配置/S | 调试/S | 安全策略更新/S,安装/S | 配置/S | 调试/S,[],安装/S | 配置/S | 调试/S | 安全策略更新/S,,
1933-s0002,14,todo,人工智能招聘,empty_mismatch,, 4、协助云业务应用厂商，制定安全合理的业务部署方案，并进行必要的安全设备厂商配合工作。,制定安全合理的业/S | 进行必要的安全设/S,[],安全设备厂商配合/S,制定/S | 业务部署方案/S,,
1933-s0003,14,todo,人工智能招聘,empty_mismatch,, 5、定期向项目经理汇报项目进展及工作成果。,项目经理汇/T | 项目进展及工作成/T,汇报/S,[],汇报/T | 项目进展/S | 工作成果/S,,
1933-s0006,14,todo,人工智能招聘,span_mismatch,, 3、掌握TCP/IP、Internet及其应用原理，熟悉常见的各种路由交换协议（如：RIP，OSPF，IS-IS，BGP等协议），熟悉主流网络安全产品；,TCP/IP、Internet及其应/K | 常见的各种路由交/K | RIP，OSPF，IS-IS/K | 主流网络安全产品/K,TCP/IP/S | Internet/K | 常见/K | RIP/K | OSPF/K | IS-IS/K | 网络安全/K,TCP/IP/K | Internet/K | 应用原理/K | 路由交换协议/K | RIP/K | OSPF/K | IS-IS/K | BGP/K | 主流网络安全产品/K,TCP/IP/K | Internet/K | 路由交换协议/K | RIP/K | OSPF/K | IS-IS/K | BGP/K | 网络安全产品/K,,
1933-s0007,14,todo,人工智能招聘,span_mismatch,, 4、熟悉路由器，交换机，防火墙等网络及安全设备的工作原理和特性，并能熟练配置国内一线厂商的各类安全设备（如：防火墙、防病毒网关、流控、堡垒机等），熟悉H3C，HuaWei，Cisco者优先；,路由器，交换机/K | 的工作原理和特性/K | 配置国/S | 各类安全设备（如/K | 防病毒网关/K | 流控/K | H3C，HuaWei，Cisco者优先/K,路由器/K | 交换机/K | 防火墙/K | 网络/K | 防病毒网关/K | 流控/K | H3C/K | HuaWei/K | Cisco者优先/K,路由器/K | 交换机/K | 防火墙/K | 防病毒网关/K | 流控/K | 堡垒机/K | H3C/K | HuaWei/K | Cisco/K,路由器/K | 交换机/K | 防火墙/K | 安全设备/K | 工作原理/K | 特性/K | 配置/S | 防病毒网关/K | 流控/K | 堡垒机/K | H3C/K | HuaWei/K | Cisco/K,,
1933-s0008,14,todo,人工智能招聘,span_mismatch,, 6、具备UNIX、Linux、Windows操作系统的系统管理经验者优先考虑；,UNIX、Linux、Windows操作系/S,UNIX/S | Linux/S | Windows/S | 操作系统/K,UNIX/S | Linux/S | Windows/S,UNIX/S | Linux/S | Windows/S | 系统管理/S,,
1933-s0009,14,todo,人工智能招聘,empty_mismatch,, 7、了解等级保护三级相关安全要求，并能对应到具体的实施项目中；,等级保护三级相关/K | 对应到具体的实施/S,实施/S,[],等级保护三级/K | 安全要求/K,,
1933-s0011,14,todo,人工智能招聘,span_mismatch,, 9、为人正直、诚实，具有高度的责任感和进取心，具备优秀的沟通能力和强烈的团队合作精神；,沟通能力和强/T | 团队合作精神/T,正直/T | 责任感/T | 进取心/T | 沟通能力/T | 团队合作精神/T,为人正直/T | 诚实/T | 责任感/T | 进取心/T | 沟通能力/T | 团队合作精神/T,正直/T | 诚实/T | 责任感/T | 进取心/T | 沟通能力/T | 团队合作精神/T,,
1934-s0002,14,todo,人工智能招聘,empty_mismatch,, 岗位职责 1、负责指定区域公司产品的销售与推广，管理维护客户关系；,销售与推广，管理/S | 客户关系/T,销售/S | 管理/S,[],销售/S | 推广/S | 客户关系/T,,
1934-s0003,14,todo,人工智能招聘,span_mismatch,, 2、根据公司市场营销计划，推动并完成区域销售指标；,市场营销计划，推/K | 销售指标/K,市场营销/K,公司市场营销计划/K,市场营销/K | 销售指标/S,,
1934-s0005,15,todo,人工智能招聘,empty_mismatch,, 4、负责销售区域市场信息的收集及竞争对手的分析，并制订产品销售推广策略；,市场信息的收集及/S | 制订产品销售推广/S,销售推广/S,[],产品销售推广策略/S,,
1934-s0006,15,todo,人工智能招聘,empty_mismatch,, 5、负责销售区域内公司市场推广活动的策划和执行；,策划和执行/S,市场推广/S | 策划/S,[],执行/S,,
1934-s0009,15,todo,人工智能招聘,span_mismatch,, 3、做事积极主动，能吃苦耐劳，有良好的营销职业道德和素质；,做事积极主动，能/T | 良好的营销职业道/T,做事积极主动/T | 吃苦耐劳/T,做事积极主动/T | 吃苦耐劳/T | 营销职业道德/T,积极主动/T | 吃苦耐劳/T | 营销职业道德/T | 素质/T,,
1935-s0001,15,todo,人工智能招聘,span_mismatch,, 2、负责云计算管理平台开发及持续优化。,云计算管理平台开/S,云计算/K,云计算管理平台开发/S,云计算管理平台开发/S | 持续优化/S,,
1935-s0002,15,todo,人工智能招聘,span_mismatch,, 任职资格： 1、本科（学士）以上学历，计算机软件相关专业；,计算机软件相关专/K,本科/K | 学士/K | 计算机/K | 相关专业/K,计算机软件相关专业/K,本科/K | 学士/K | 以上学历/K | 计算机软件/K | 相关专业/K,,
1935-s0003,15,todo,人工智能招聘,span_mismatch,, 2、2年以上Python开发经验，熟悉linux平台，熟悉shell；,Python开发经验/S,Python开发/S | linux/S | shell/S,Python开发/S | linux平台/S | shell/S,Python/S | linux平台/S | shell/S,,
1935-s0004,15,todo,人工智能招聘,span_mismatch,, 3、熟悉Django等常用开发框架，具备良好的软件技术文档编写能力；,Django等常用开发/S | 软件技术文档编写/S,技术文档/S,Django/K | 常用开发框架/K | 软件技术文档编写能力/S,Django/S | 开发框架/S | 技术文档编写/S,,
1935-s0006,15,todo,人工智能招聘,span_mismatch,, 5、熟悉nginx、apache等多种WEB服务器的配置及优化；,nginx、apache等多种WEB/K | 配置及优化/S,nginx/S | apache/S | 配置/S | 优化/S,nginx/S | apache/S | WEB服务器/K,nginx/S | apache/S | WEB服务器/S | 配置/S | 优化/S,,
1935-s0008,15,todo,人工智能招聘,empty_mismatch,, 7、有开发高品质产品、编写高质量代码的自我要求；,开发高/S | 编写高/S,[],自我要求/T,开发高品质产品/S | 编写高质量代码/S,,
1935-s0009,15,todo,人工智能招聘,span_mismatch,, 8、有过大数据、高并发系统开发经验优先。,大数据/S | 高并发系/S,大数据/K | 系统开发/S,大数据/K | 高并发系统开发/S,大数据/S | 高并发系统开发/S,,
1936-s0001,15,todo,人工智能招聘,span_mismatch,,任职资格：1．硕士或以上学历，计算机、数学等相关专业；,计算机/K | 数学等相/K,硕士/K | 计算机/K | 数学/K | 相关专业/K,硕士或以上学历/K | 计算机/K | 数学/K,硕士或以上学历/K | 计算机/K | 数学等相关专业/K,,
1936-s0002,15,todo,人工智能招聘,span_mismatch,,"2．具有强化学习，LSTM, Neural Networks, CNN, RNN等相关经验者优先；","强化学习，LSTM/K | Neural Networks, CNN/K | RNN等相关/K",强化学习/K | LSTM/K | Neural Networks/K | CNN/K,强化学习/K | LSTM/K | Neural Networks/K | CNN/K | RNN/K,强化学习/K | LSTM/S | Neural Networks/S | CNN/S | RNN/S,,
1936-s0003,15,todo,人工智能招聘,span_mismatch,,3．精通C/C++、python编程，有一定的项目开发经验 ；,C/C++、python编/S | 项目开发经验/S,C++/S | python/S | 项目开发/S,C/C++/S | python/S | 编程/S | 项目开发/S,C/C++/S | python/S | 项目开发经验/S,,
1937-s0000,15,todo,人工智能招聘,empty_mismatch,,职责描述： 1、配合公司及智能信息化战略，推动数据治理体系建设，协同多方需求，负责制定数据质量标准、数据管理体系相关制度和流程，规范相关工作程序；,推动数/S | 制定数/S | 数据管理体系相关/K,[],智能信息化战略/K,数据治理体系建设/S | 制定数据质量标准/S | 数据管理体系/K,,
1937-s0002,15,todo,人工智能招聘,empty_mismatch,, 3、依据统筹共享协同的原则，开展大数据平台、数据中台等方面的系统建设规划、应用推广等工作；,开展大数据平台/S | 系统建设规划、应/S,大数据平台/K,[],大数据平台/S | 数据中台/S | 系统建设规划/S | 应用推广/S,,
1937-s0003,15,todo,人工智能招聘,empty_mismatch,, 4、梳理业务及数据架构，健全覆盖监管、客户、业务、管理等各方面的统一数据标准，推动数据标准和数据字典建设。,梳理业务及数据架/S,梳理业务/S,[],梳理业务及数据架构/S | 统一数据标准/K | 数据标准和数据字典建设/S,,
1937-s0005,15,todo,人工智能招聘,span_mismatch,, 6、跟踪大数据行业进展及市场动态，不断创新完善设计方法论和解决方案，能够突破创新。,跟踪大/S | 市场动态/K | 创新完/S | 设计方法论和解决/S | 突破创/S,大数据/K,突破创新/S,大数据/K | 设计方法论/K | 解决方案/K,,
1937-s0006,15,todo,人工智能招聘,span_mismatch,, 任职要求： 1、大学本科及以上学历，5年以上工作经验，2年以上数据管理或应用开发经验，熟悉数据架构相关知识，对大数据有较深理解和认识；,数据管理或应用开/S | 大数据有/K,本科及以上学历/K | 应用开发/S | 大数据/K,大学本科及以上学历/K | 数据管理/S | 应用开发/S,大学本科及以上学历/K | 数据管理/K | 应用开发/S | 数据架构/K | 大数据/K,,
1937-s0007,15,todo,人工智能招聘,span_mismatch,,具有银行证券保险等金融行业IT系统开发经验优先录用；,银行证券保险等金/K,金融行业/K | 系统开发/S,银行/K | 证券/K | 保险/K | 金融行业/K | IT系统开发/S,银行证券保险等金融行业/K | IT系统开发/S,,
1937-s0009,15,todo,人工智能招聘,span_mismatch,, 3、具备良好的计算机专业知识，具备较高水平的解决方案编制、交流撰写能力，有数据治理、数据仓库、大数据平台建设经验者优先考虑。,的计算机专业/K | 交流撰写能/S | 数据治理/S | 数据仓/S,计算机专业/K | 数据治理/S | 数据仓库/K | 大数据平台/K,计算机专业知识/K | 数据治理/S | 数据仓库/S | 大数据平台建设/S,计算机专业知识/K | 解决方案编制/S | 交流撰写能力/T | 数据治理/K | 数据仓库/S | 大数据平台建设/S,,
1937-s0010,15,todo,人工智能招聘,span_mismatch,, 4、具备至少1个大型数据库或大数据实施项目经验，有团队合作精神;,大型数据库或大数/K | 团队合作精/T,数据库/K | 大数据/K | 团队合作精神/T,大型数据库/K | 大数据实施项目/S | 团队合作精神/T,大型数据库/S | 大数据实施/S | 团队合作精神/T,,
1937-s0011,15,todo,人工智能招聘,span_mismatch,, 5、具有较强的工作责任心，良好的沟通和协调能力，严谨、细致、踏实的工作作风和积极主动的工作态度；,沟通和协调能力/T,责任心/T | 沟通/T | 协调能力/T | 严谨/T,工作责任心/T | 协调能力/T | 严谨/T | 细致/T | 踏实/T | 工作作风/T | 积极主动/T | 工作态度/T,工作责任心/T | 沟通和协调能力/T | 工作作风/T | 工作态度/T,,
1937-s0012,15,todo,人工智能招聘,span_mismatch,,语言表达能力强，逻辑思维能力强，思路清晰；,语言表达能力强/T | 逻辑思维能力强/T,表达能力/T | 逻辑思维能力/T | 思路清晰/T,语言表达能力/T | 逻辑思维能力/T | 思路清晰/T,语言表达能力强/T | 逻辑思维能力强/T | 思路清晰/T,,
1937-s0013,15,todo,人工智能招聘,span_mismatch,, 6、英文CET-4及以上，具有PMP等认证优先。,英文CET-4及以上/L,英文/L,英文CET-4/K,英文/L | CET-4/K | PMP/K,,
1938-s0005,15,todo,人工智能招聘,span_mismatch,, 任职资格： 1.热爱销售工作，13年销售经验优先，较强的市场洞察力；,热爱销售工作/T | 市场洞察力/T,热爱销售工作/T,市场洞察力/T,热爱销售工作/T | 市场洞察力/T,,
1938-s0007,15,todo,人工智能招聘,span_mismatch,, 3.企业高端项目渠道相关课程或产品推广经验优先；,产品推广经验/S,产品推广/S,企业高端项目渠道/K | 产品推广/S,产品推广经验/S,,
1938-s0008,15,todo,人工智能招聘,span_mismatch,, 4.性格开朗，思维敏捷，喜欢与人交流，具有良好的语言表达及沟通能力；,交流/T | 良好的语言表达及/T,性格开朗/T | 思维敏捷/T | 良好的语言表达/T | 沟通能力/T,性格开朗/T | 思维敏捷/T | 与人交流/T | 沟通能力/T,性格开朗/T | 思维敏捷/T | 语言表达/T | 沟通能力/T,,
1939-s0000,15,todo,人工智能招聘,span_mismatch,,岗位职责： 1、需求设计：进行业务需求分析以及系统架构、业务交互以及应用流程设计；,业务需求分析以及/S | 系统架构/S | 业务交/S | 应用流程设计/S,需求分析/S | 系统架构/K,业务需求分析/S | 应用流程设计/S,业务需求分析/S | 系统架构/K | 业务交互/S | 应用流程设计/S,,
1939-s0001,15,todo,人工智能招聘,empty_mismatch,, 2、开发测试：平台系统前后端代码编写、与关联系统接口集成开发、系统测试；,开发测试：平台系/S | 集成开发/S | 系统测/S,[],平台系统前后端代码编写/S | 关联系统接口集成开发/S | 系统测试/S,前后端代码编写/S | 接口集成开发/S | 系统测试/S,,
1939-s0002,15,todo,人工智能招聘,span_mismatch,, 3、项目实施：联络中心平台和智能语音平台规划建设和系统上线、系统资源规划与协调、项目管理；,联络中心平台和智/S,项目实施/S | 项目管理/S,智能语音平台规划建设/S | 系统上线/S | 系统资源规划/S | 项目管理/S,联络中心平台/S | 智能语音平台/S | 系统资源规划与协调/S | 项目管理/S,,
1939-s0003,15,todo,人工智能招聘,span_mismatch,, 4、产品运营：联络中心平台产品和智能语音等产品的业务效果优化分析、业务流程优化设计、用户量提升方案策划等，持续优化产品，提升竞争力；,业务效果优化分析/S | 持续优化产/S,产品运营/S | 流程优化/S,业务流程优化设计/S | 用户量提升方案策划/S,业务效果优化分析/S | 业务流程优化设计/S | 用户量提升方案策划/S,,
1939-s0004,15,todo,人工智能招聘,empty_mismatch,, 5、新技术引入：根据业务需求及行业最新发展，进行呼叫中心平台和智能语音新技术/新产品调研，POC验证及引入可行性评估；,呼叫中心平台和智/S,[],业务需求/K | 行业最新发展/K | POC验证/S | 引入可行性评估/S,呼叫中心平台/S | 智能语音/S | POC验证/S,,
1939-s0007,15,todo,人工智能招聘,empty_mismatch,, 2、有保险金融行业的背景知识更优；,保险金融行业的背/K,金融行业/K,[],保险金融行业/K | 背景知识/K,,
1939-s0008,15,todo,人工智能招聘,span_mismatch,," 3、有IT系统相关产品（如：呼叫中心平台、智能语音）研发、调研选型、规划建设等工作经验者优先 4、良好的沟通与表达能力,思维活跃，有较强逻辑分析能力与创新能力",研发/S | 调研选型/S | 沟通与表达能/T | 逻辑分析能力与创/T,研发/S | 调研选型/S | 沟通/T | 表达能力/T | 思维活跃/T | 逻辑分析能力/T,呼叫中心平台/K | 智能语音/K | 表达能力/T | 思维活跃/T | 逻辑分析能力/T | 创新能力/T,呼叫中心平台/S | 智能语音/S | 研发/S | 调研选型/S | 规划建设/S | 沟通与表达能力/T | 逻辑分析能力/T | 创新能力/T,,
1940-s0001,15,todo,人工智能招聘,span_mismatch,, 2、负责底盘电子EPS等电子控制单元与整车CAN接口设计，诊断相关的协同工作；,底盘电子EPS等电子/S | 协同工作/T,CAN/S,底盘电子EPS/K | 电子控制单元/K | 整车CAN接口设计/S,底盘电子EPS/S | 电子控制单元/S | 整车CAN接口设计/S,,
1940-s0002,15,todo,人工智能招聘,span_mismatch,, 3、负责EPS，集成ADAS，APA横向控制功能的标定匹配，测试验证，开发过程中的问题改善，售后问题协助；,APA横向控制功能的/S,试验/S,EPS/K | 集成ADAS/K | 测试验证/S | 售后问题协助/S,EPS/S | ADAS/S | APA横向控制功能/S | 标定匹配/S | 测试验证/S,,
1940-s0003,15,todo,人工智能招聘,span_mismatch,, 4、负责对标车型底盘电控系统的整车架构设计的对标研究；,底盘电控系统的整/K,架构设计/S,对标车型底盘电控系统/K,底盘电控系统/K | 整车架构设计/K,,
1940-s0004,15,todo,人工智能招聘,span_mismatch,, 5、负责建立自动驾驶的决策执行解决方案，底盘冗余执行方案设计。,建立自/S | 决策执行解/K | 底盘冗余执行方案/K,方案设计/S,底盘冗余执行方案设计/S,自动驾驶/K | 决策执行解决方案/K | 底盘冗余执行方案/K,,
1940-s0006,15,todo,人工智能招聘,empty_mismatch,, 2、熟悉底盘电控产品的开发模式及验证流程；,底盘电控产品的开/K,底盘电控产品/K,[],底盘电控产品/K | 开发模式/S | 验证流程/S,,
1940-s0007,15,todo,人工智能招聘,span_mismatch,, 3、熟悉整车CAN规范及底盘零部件的基本设计；,整车CAN规范及底盘/K,CAN/S,整车CAN规范/K,整车CAN规范/K | 底盘零部件的基本设计/K,,
1940-s0008,15,todo,人工智能招聘,span_mismatch,, 4、至少5年以上底盘电控转向系统项目开发经验，有在主流OEM从事完整的底盘电控开发项目的经历；,底盘电控转向系统/S | 底盘电控开发项目/S,项目开发/S,底盘电控转向系统项目开发/S,底盘电控转向系统项目开发/S | 底盘电控开发项目/S,,
1941-s0000,15,todo,阿里云公开数据集,empty_mismatch,,['1.负责设备生命周期管理，提高设备资产综合效率；,设备生命周期管理/S | 设备资产综合效率/S,[],设备生命周期管理/S,设备生命周期管理/S | 设备资产综合效率/K,,
1941-s0001,15,todo,阿里云公开数据集,span_mismatch,,"', '2.负责设备投入前期管理，主要跟进设备规划、设计、选型、购置、安装、调试(试车)、验收、试运行或投入运行、接管等工作；",跟进设/S | 规划/S | 设计/S | 选型/S,规划/S | 设计/S | 选型/S,设备投入前期管理/S,设备规划/S | 设计/S | 选型/S | 购置/S | 安装/S | 调试/S | 验收/S | 试运行/S,,
1941-s0002,15,todo,阿里云公开数据集,span_mismatch,,"', ' 3.负责设备运维管理，主要跟进设备使用、保养防护、检查（点检、巡视、岗检）、系统升级、维修、故障（事故）应急、更新改造（变更）、再制造、报废处置等工作。",设备运维管理/S | 设备使用/S | 保养防/S | 系统升级/S | 维修/S | 更新改造（变更）/S | 再制造/S | 报废处置/S,运维管理/S | 系统升级/S | 维修/S | 更新改造（变更/S | 再制造/S | 报废处置/S,设备运维管理/S,设备运维管理/S | 设备使用/S | 保养防护/S | 点检/S | 巡视/S | 岗检/S | 系统升级/S | 维修/S | 更新改造/S | 再制造/S | 报废处置/S,,
1941-s0004,15,todo,阿里云公开数据集,span_mismatch,,"', ' 2.持相关职业资格证书或相关工作经验优先。",[],资格证/K,职业资格证书/K,[],,
1942-s0000,15,todo,阿里云公开数据集,span_mismatch,,['\xa0\xa0 2）负责车载智能装备方案制定，包括与车载设备的接口、传感器安装、布线、硬件设备选型等。,车载智能装备方案/S | 接口/K | 传感器安装/K,传感器安装/K,车载智能装备方案制定/S | 传感器安装/S | 布线/S | 硬件设备选型/S,车载智能装备方案/S | 接口/S | 传感器安装/S | 布线/S | 硬件设备选型/S,,
1942-s0001,15,todo,阿里云公开数据集,empty_mismatch,,负责现场实施及后续运维。,现场实施及后续运/S,[],现场实施/S | 后续运维/S,现场实施/S | 运维/S,,
1942-s0003,15,todo,阿里云公开数据集,span_mismatch,,"\xa0\xa0', '\xa0\xa0 1）了解图像处理、机器视觉、模式识别等方面专业知识，有图形、图像软件方面实际使用经验；",图像处理/K | 图像软件方面实际/S,图像处理/K | 模式识别/K | 专业知识/K,图像处理/K | 机器视觉/K | 模式识别/K,图像处理/K | 机器视觉/K | 模式识别/K | 图形/K | 图像软件/S,,
1943-s0003,15,todo,阿里云公开数据集,empty_mismatch,,同时为线上线下商家提供小程序和专业商城系统；,小程序和专业商城/K,[],小程序/K | 专业商城系统/K,小程序/S | 商城系统/S,,
1943-s0005,15,todo,阿里云公开数据集,span_mismatch,,"', '1、有跨境电商行业招商或销售或代购的（有母婴、化妆品、保健品、轻奢品、个护用品）行业销售经验优先', '2、通过公司提供的营销工具、客户资源及网络渠道，获取潜在的平台客户、实体店客户、微商客户', '3、根据客户需要，为客户提供优质的进口商品（母婴、化妆品、保健品、轻奢品、个护用品）；",跨境电商行业招商/S | 销售经验优/K | 提供的营销工具/S | 实体店客户/K | 微商/K,电商行业/K | 网络/K | 实体店客户/K,跨境电商行业招商/S | 母婴/K | 化妆品/K | 保健品/K | 轻奢品/K | 个护用品/K | 营销工具/K | 客户资源/K | 网络渠道/K | 客户需要/K,跨境电商行业招商/S | 销售/S | 代购/S,,
1944-s0000,16,todo,阿里云公开数据集,span_mismatch,,['我司诚聘IT运维主管，要求为人正直正派，对工作有强烈的责任感，认真细致的工作作风，具有较好的沟通能力，抗压力能力，认真负责的工作态度。,沟通能力/T | 抗压力/T,正直/T | 责任感/T | 沟通能力/T | 抗压力/T | 认真负责/T,IT运维主管/S | 为人正直/T | 责任感/T | 认真细致/T | 工作作风/T | 沟通能力/T | 抗压力能力/T | 工作态度/T,沟通能力/T,,
1944-s0001,16,todo,阿里云公开数据集,span_mismatch,,"', '职责：', '1、 负责网站搭建和优化，熟悉阿里云ECS等系统；",网站搭建和优化/S | 阿里云ECS等系统/K,优化/S | 阿里云ECS等系统/K,网站搭建/S,网站搭建/S | 优化/S | 阿里云ECS/S,,
1944-s0002,16,todo,阿里云公开数据集,span_mismatch,," ', '2、 运维自动化部署开发与测试；",运维自动化部署开/S,自动化部署/S,运维自动化部署开发/S,运维自动化部署开发/S | 测试/S,,
1944-s0003,16,todo,阿里云公开数据集,empty_mismatch,," ', '3、 管控公司阿里云平台，独立站等；",管控公司阿里云平/S,云平台/K,[],阿里云平台/S | 独立站/S,,
1944-s0007,16,todo,阿里云公开数据集,empty_mismatch,," ', '7、 根据客户需求和市场的变化，对公司的产品和服务提出改进意见。",市场的变化/K | 产品和服务提/K,[],客户需求/K,改进意见/T,,
1945-s0001,16,todo,阿里云公开数据集,empty_mismatch,,"', '2、 负责新的信息化项目的推进及各信息系统规划和技术维护；",项目的推进及各信/S,[],各信息系统规划/S,信息系统规划/S | 技术维护/S,,
1945-s0002,16,todo,阿里云公开数据集,empty_mismatch,,"', '3、管理、维护公司的ERP、CRM、PDS、HR系统；",管理/S | 维护公/S | HR系/K,管理/S | ERP/S | CRM/S,[],ERP/S | CRM/S | PDS/S | HR系统/S,,
1945-s0005,16,todo,阿里云公开数据集,span_mismatch,,负责依据公司实际需求，修改、完善信息系统。,修改/S | 完善信/S,修改/S,公司实际需求/K,修改/S | 完善信息系统/S,,
1945-s0006,16,todo,阿里云公开数据集,empty_mismatch,,"', '5、 负责公司各信息系统数据库的备份、信息系统的技术安全；",信息系统数/K | 信息系统的技术安/S,信息系统/S | 数据库/K,[],数据库的备份/S | 技术安全/K,,
1945-s0008,16,todo,阿里云公开数据集,span_mismatch,,"', '\xa0', '任职要求：', '本科以上学历，网络、信息管理、计算机相关专业，有多年相关工作经验；",网络/K | 信息管理/K,本科/K | 网络/K | 信息管理/K | 计算机相关专业/K,本科以上学历/K | 网络/K | 信息管理/K | 计算机/K,本科以上学历/K | 网络/K | 信息管理/K | 计算机相关专业/K,,
1946-s0001,16,todo,阿里云公开数据集,empty_mismatch,,"', '任职资格：', '1、掌握充换电柜设备的原理及实际操作；",充换电柜设备的原/K,充换电柜设备/K,[],充换电柜设备/K | 实际操作/S,,
1947-s0000,16,todo,阿里云公开数据集,span_mismatch,,"['岗位职责：', '1、负责系统硬件和软件的安装、测试及网络维护；",系统硬件和软件的/S,网络/K,网络维护/S,安装/S | 测试/S | 网络维护/S,,
1947-s0001,16,todo,阿里云公开数据集,span_mismatch,,"', '2、负责ERP系统数据库管理和数据备份；",ERP系统数据库管理/S,ERP/S | 数据库/K,ERP系统数据库管理/S,ERP系统数据库管理/S | 数据备份/S,,
1947-s0003,16,todo,阿里云公开数据集,empty_mismatch,,"', '4、负责系统网络以及数据的安全管理；",系统网络以/K | 数据的安全管理/S,网络/K | 安全管理/S,[],数据的安全管理/S,,
1947-s0004,16,todo,阿里云公开数据集,span_mismatch,,"', '5、负责监控系统、温湿度等相关设备的运行和维护管理；",监控系统/K | 温湿度/K | 运行和维护管理/S,温湿度/K,监控系统/K,监控系统/S | 温湿度/K | 运行/S | 维护管理/S,,
1947-s0006,16,todo,阿里云公开数据集,empty_mismatch,,"', '7、负责对各岗位用户权限的使用情况进行检查与监督；",检查与监督/S,监督/S,[],检查与监督/S,,
1947-s0007,16,todo,阿里云公开数据集,empty_mismatch,,"', '8、负责机房的人员进出管理、设备、安全、卫生管理。",机房的人员进出管/S | 卫生管理/S,卫生管理/S,[],人员进出管理/S | 设备/S | 安全/S | 卫生管理/S,,
1947-s0011,16,todo,阿里云公开数据集,span_mismatch,,"', '4、了解ERP软件、服务器、安全设备等的安装、调试、运维，能进行基本安装调试；",ERP软件/K | 服务器/K | 安装/S | 调试/S | 运维/S | 基本安装调/S,ERP/S | 服务器/K | 安装/S | 调试/S | 运维/S,ERP软件/K | 服务器/K | 安全设备/K | 安装/S | 调试/S | 运维/S | 基本安装调试/S,ERP软件/S | 服务器/S | 安全设备/S | 安装/S | 调试/S | 运维/S | 基本安装调试/S,,
1947-s0012,16,todo,阿里云公开数据集,span_mismatch,,"', '5、熟悉计算机硬件及日常故障排查；",计算机硬件及日常/K,计算机/K | 故障排查/S,计算机硬件/K | 日常故障排查/S,计算机硬件/K | 故障排查/S,,
1947-s0013,16,todo,阿里云公开数据集,empty_mismatch,,"', '6、能独立安装电脑及周边设备，打印机、扫描仪等；",安装电脑及周/S,[],打印机/K | 扫描仪/K,安装/S | 电脑及周边设备/S,,
1948-s0000,16,todo,阿里云公开数据集,span_mismatch,,['1、全面组织及管理公司IT、运维和信息化技术工作，包括技术层面的整体运营，系统运维及体制搭建、技术指导、支持和管理；,组织及管理公/S | 信息化技术工作/K | 技术层面的整体运/S,系统运维/S,系统运维/S | 体制搭建/S | 技术指导/S,管理/S | IT/K | 运维/S | 信息化技术/K | 技术指导/S | 支持/S,,
1948-s0001,16,todo,阿里云公开数据集,empty_mismatch,,"', '2、参与公司信息化项目的决策，指导、审核项目总体技术方案，对项目进行质量评估；",项目的决策，指导/S | 质量评估/S,指导/S | 质量评估/S,[],技术方案/K | 质量评估/S,,
1948-s0002,16,todo,阿里云公开数据集,empty_mismatch,,"', '3、建立和完善公司IT相关的规章制度和工作流程，不断推动信息技术创新和流程优化，持续提升公司整体技术能力；",IT相关的规章制度/K | 信息技术创新和流/S | 技术能力/K,流程优化/S,[],IT相关的规章制度/K | 信息技术创新/S | 流程优化/S | 技术能力/K,,
1948-s0004,16,todo,阿里云公开数据集,empty_mismatch,,"', '5、负责公司的整体信息安全性，编制和完善公司数据标准及信息保密制度，制定信息系统安全及灾难恢复的政策和程序，并监督公司及分公司的信息系统设备、网络设备的保护保养；",编制和完善公/S | 数据标准及信息保/K | 灾难恢复的政策和/K | 监督公/S | 信息系统设备、网/K,信息安全/K | 系统安全/K | 网络/K,[],数据标准/K | 信息保密制度/K | 灾难恢复/K | 信息系统设备/S | 网络设备/S,,
1948-s0005,16,todo,阿里云公开数据集,empty_mismatch,,"', '6、负责团队建设与管理，以及团队成员的培养；",团队建设与管理/T | 及团队成员的培养/T,管理/S | 培养/S,[],团队建设/T | 团队成员的培养/T,,
1948-s0007,16,todo,阿里云公开数据集,empty_mismatch,,"', '2、5年以上工作经验，3年以上IT经理工作经验，机械等制造行业优先；",工作经验/T | IT经理工作/K | 机械等制/K,[],IT经理工作/S,IT经理/K | 机械等制造行业/K,,
1948-s0008,16,todo,阿里云公开数据集,span_mismatch,,"', '3、有较强的信息规划能力，能提出合理化建议，成为IT方面的设计、执行和决策者，对信息技术市场具有一定敏锐度，对公司信息化技术发展提供决策性的建议；",信息规划能力/S | 能提出合理化建议/S | 设计/S | 执行和决策/S | 信息技术市/K | 敏锐度/T | 信息化技术发/K | 提供决策性的建议/S,设计/S,信息规划能力/S,信息规划能力/S | 设计/S | 执行/S | 决策/S | 信息技术市场/K | 敏锐度/T | 信息化技术发展/K,,
1948-s0009,16,todo,阿里云公开数据集,empty_mismatch,,"', '4、熟悉公司运营业务及相关流程，主导过大、中型系列产品及技术开发；",运营业务及相关流/K | 技术开发/S,[],公司运营业务/K | 相关流程/K,运营业务/K | 相关流程/K | 技术开发/S,,
1948-s0010,16,todo,阿里云公开数据集,span_mismatch,,"', '5、有较强的信息系统开发、维护管理和分析能力；",信息系统开发、维/S,系统开发/S | 分析能力/T,信息系统开发/S,信息系统开发/S | 维护管理/S | 分析能力/S,,
1948-s0011,16,todo,阿里云公开数据集,type_only,,"', '6、有ERP相关经验优先；",ERP相关/K,ERP/S,ERP/K,ERP相关经验/K,,
1949-s0000,16,todo,阿里云公开数据集,empty_mismatch,,"[' ', ' ', ' ', '\xa0 \xa0 协助客服团队订单处理', ' ', ' ', '\xa0 \xa0\xa0 协助采购和物流团队的团队的订单处理和发货安排', ' ', ' ', '\xa0 \xa0 协助客户订单状态更新，库存分析，预测合并，发货跟进。",订单处理'/S | 和发货安排'/S | 订单状态更新，库/S,采购/S,[],订单处理/S | 发货安排/S | 订单状态更新/S | 库存分析/S | 预测合并/S | 发货跟进/S,,
1949-s0002,16,todo,阿里云公开数据集,empty_mismatch,,"', ' ', ' ', '\xa0 \xa0\xa0 更新客户价格表和样品表', ' ', ' ', '\xa0 \xa0\xa0 处理一些紧急任务如：投诉日志更新，工艺验证和与运维团队和客户的跟踪等。",更新客/S | 处理一/S | 投诉日志更新，工/S | 和客户的跟踪等/S,[],投诉日志更新/S | 工艺验证/S,更新/S | 客户价格表/S | 样品表/S | 投诉日志更新/S | 工艺验证/S | 跟踪/S,,
1949-s0003,16,todo,阿里云公开数据集,span_mismatch,,"', ' ', ' ', ' ', ' ', '本科以上学历，有', '年客户服务', '订单处理经验优先，优秀应届毕业生、毕业生也可以。",客户服务'/K | 订单处理经验/S,本科/K | 客户服务/S,本科以上学历/K | 客户服务/S | 订单处理/S,本科以上学历/K | 客户服务/K | 订单处理经验/S,,
1950-s0000,16,todo,阿里云公开数据集,span_mismatch,,"['岗位职责：', '1、负责微软相关系统（AD、Office365、Shell、Exchange、Ca认证等）的提案、设计、实施以及后续维护', '2、配合营业一起向客户说明O365的技术、用途、优点等。",AD、Office365、Shell、Exchange/S | 提案/S | 设计/S | 实施/S | 后续维护'/S | 营业一/T | 说明O365的技术、用/S,AD/S | Office365/S | Shell/S | Exchange/S | 提案/S | 设计/S | 实施/S,微软相关系统/K | AD/S | Office365/S | Shell/S | Exchange/S | Ca认证/K | 提案/S | 设计/S | 实施/S | 后续维护/S,AD/S | Office365/S | Shell/S | Exchange/S | Ca认证/K | 提案/S | 设计/S | 实施/S | 后续维护/S,,
1950-s0001,16,todo,阿里云公开数据集,span_mismatch,,"', '岗位要求：', '1、熟悉微软相关系统及应用，如域控、Exchange、O365的应用、部署等；",微软相关系统及应/K | 域控/K | O365的应/K,微软相关系统/K | O365/K,微软相关系统/K | 应用/K | 域控/K | Exchange/K,微软相关系统及应用/K | 域控/K | Exchange/S | O365/S | 应用/S | 部署/S,,
1950-s0002,16,todo,阿里云公开数据集,empty_mismatch,,"', '2、对云服务有深入的了解，有相关的实施经验优先。",云服务有/K | 了解/K | 经验优/S,[],云服务/K,云服务/K | 实施经验/S,,
1950-s0003,16,todo,阿里云公开数据集,span_mismatch,,"', '3、了解当前流行IT技术，如信息安全、云服务、等。",当前流行IT技/K | 信息安全/K | 云服务/K,信息安全/K | 云服务/K,当前流行IT技术/K | 信息安全/K | 云服务/K,IT技术/K | 信息安全/K | 云服务/K,,
1951-s0000,16,todo,阿里云公开数据集,empty_mismatch,,['1、负责中间件日常运维规范及标准的制定和完善（包括但不限于配置参数、监控阈值）；,中间件日常运维规/S | 配置参数/K | 监控阈/K,[],配置参数/K | 监控阈值/K,中间件日常运维/S | 配置参数/K | 监控阈值/K,,
1951-s0002,16,todo,阿里云公开数据集,empty_mismatch,,"', '3、负责中间件组件的故障原因定位、故障处理、闭环管理；",故障原因定位、故/S,故障处理/S,[],故障原因定位/S | 故障处理/S | 闭环管理/S,,
1951-s0003,16,todo,阿里云公开数据集,empty_mismatch,,"', '4、负责对中间件进行性能容量数据分析、评估优化；",数据分析/S | 优化/S,数据分析/S | 优化/S,[],性能容量数据分析/S | 评估优化/S,,
1951-s0005,16,todo,阿里云公开数据集,span_mismatch,,"', '【任职要求】：', '1、全日制本科（含）以上，计算机软件或计算机相关专业；",计算机软件或计算/K,本科/K | 计算机/K | 计算机相关专业/K,计算机软件/K | 计算机相关专业/K,全日制本科（含）以上/K | 计算机软件/K | 计算机相关专业/K,,
1951-s0007,16,todo,阿里云公开数据集,span_mismatch,,"', '3、熟练使用Linux操作系统，具备良好的系统性能调优和排障经验；",使用Linux操作系统/S | 系统性能调优和排/S,Linux/S | 操作系统/K,Linux操作系统/S | 系统性能调优/S,Linux操作系统/S | 系统性能调优/S | 排障/S,,
1951-s0008,16,todo,阿里云公开数据集,span_mismatch,,"', '4、熟悉Nginx、MQ、ES、Redis、Kafka、keepalived、haproxy、', '5、熟悉容器docker、k8s技术；",容器docker/S | k8s技术/S,Nginx/S | MQ/S | Redis/S | Kafka/S | docker/S | k8s/S,Nginx/S | MQ/S | ES/S | Redis/S | Kafka/S | keepalived/S | haproxy/S | 容器docker/S | k8s/S,Nginx/S | MQ/S | ES/S | Redis/S | Kafka/S | keepalived/S | haproxy/S | docker/S | k8s/S,,
1951-s0011,16,todo,阿里云公开数据集,span_mismatch,,"', '8、抗压能力强，能从容应急处理突发事件，快速恢复业务。",抗压能力强/T | 应急处理突/S | 快速恢复业/S,抗压能力强/T,抗压能力/T,抗压能力/T | 应急处理/S | 快速恢复业务/S,,
1951-s0012,16,todo,阿里云公开数据集,empty_mismatch,,"', '9、具有事件根本原因深度探究的精神和能力，能够彻底解决问题。",事件根本原因深度/T | 能力/T | 解决问题/S,解决问题/S,[],深度探究的精神/T | 能力/T | 解决问题/S,,
1952-s0000,16,todo,阿里云公开数据集,empty_mismatch,,['1、配合用户对IDC机房服务器、存储、网络及其他运营设备进行安装、维护、故障处理等工作；,服务器、存储、网/K | 安装/S | 维护/S | 故障/S,存储/K | 网络/K | 安装/S | 维护/S | 故障处理/S,[],服务器/K | 存储/K | 网络/K | 安装/S | 维护/S | 故障处理/S,,
1952-s0001,16,todo,阿里云公开数据集,span_mismatch,,"', '2、负责IDC机房设备上/下架，服务器的系统安装（windows、linux）、应用安装等；",IDC机房/K | 服务器的系统安装/S | 应用安装等/S,服务器/S | windows/S | linux/S | 应用安装/S,windows/S | linux/S | 应用安装/S,系统安装/S | windows/S | linux/S | 应用安装/S,,
1952-s0004,16,todo,阿里云公开数据集,empty_mismatch,,"', '4、负责IDC、网络和服务器运行状况的监控和分析；",监控和分析/S,网络/K | 监控/S | 分析/S,[],监控/S | 分析/S,,
1952-s0006,16,todo,阿里云公开数据集,span_mismatch,,"', '任职条件：', '1、计算机相关专业，一年以上相关工作经验者优先', '2、熟知Windows、Linux服务器操作系统的安装,维护', '3、熟悉思科华为等交换机的基本配置', '4、熟知服务器、网络设备的故障排查，备件的更新和保修', '5、吃苦耐劳热爱网络相关工作，打算今后从事网络相关工作', '选择网科的理由', '1)、个性化培训体系:企业将为每个新入职成员提供为期一周的培训;",相关专业/K | 相关工作经验/K | 熟知Windows/K | 服务器操作系统的/K | 维护'/S | 的基本配置'/S | 的故障排查，备件/S | 热爱网/T | 打算今/T | 从事网/T | 培训体/S,计算机相关专业/K | Windows/S | Linux/S | 操作系统/K | 维护/S | 交换机/K | 网络/K | 故障排查/S | 备件/S | 吃苦耐劳/T | 打算今/T,计算机相关专业/K | 吃苦耐劳/T,计算机相关专业/K | Windows/S | Linux/S | 服务器操作系统/K | 安装/S | 维护/S | 思科/K | 华为/K | 故障排查/S | 保修/S,,
1953-s0000,16,todo,阿里云公开数据集,span_mismatch,,"['职位描述：', '1. 负责网络以及服务器的网络设置、维护和优化、网络的安全监控 、系统性能管理和优化、网络性能管理和优化', '2. 负责设计和部署生产，测试环境（包含大数据生产环境），监控预警和持续优化；",网络设置/S | 维护和/S | 系统性能管理和优/S | 网络性能管理和优/S | 设计和部署生/S | 大数据生产环境）/K | 监控预警和持续优/S,网络/K | 维护/S | 设计/S | 大数据/K,网络设置/S | 系统性能管理/S | 网络性能管理/S | 大数据生产环境/K | 监控预警/S | 持续优化/S,网络设置/S | 维护/S | 优化/S | 安全监控/S | 系统性能管理/S | 网络性能管理/S | 设计/S | 部署/S | 大数据/K | 监控预警/S,,
1953-s0001,17,todo,阿里云公开数据集,span_mismatch,,"', '3. 负责生产环境的应用安全，数据安全和网络安全，确保生产环境有7*24小时的持续运作能力', '4. 负责IT故障、疑难问题排查处理，编制汇总故障、问题，定期提交汇总报告；",生产环境的应用安/K | 的持续运作能力'/S | IT故障/K | 疑难问题/K | 定期提交汇总报告/S,数据安全/K | 网络安全/K | 定期提交汇总报告/S,疑难问题排查处理/S,应用安全/K | 数据安全/K | 网络安全/K,,
1953-s0002,17,todo,阿里云公开数据集,empty_mismatch,,"', '5.负责日常桌面运维和IT固定资产维护及监控，提供IT软硬件方面的服务和支持，保证系统稳定。",日常桌面运维和IT/S | IT软硬件方面的服/S,[],日常桌面运维/S | IT固定资产维护/S,桌面运维/S | IT固定资产维护/S | 监控/S,,
1953-s0004,17,todo,阿里云公开数据集,empty_mismatch,,"', '2.1年以上网络系统集成相关技术支撑，维护经验；",网络系统集成相关/K | 技术支撑，维护经/S,网络/K,[],网络系统集成/K | 技术支撑/S | 维护/S,,
1953-s0007,17,todo,阿里云公开数据集,empty_mismatch,,"', '4. 具备网络故障的分析、判断、解决能力；",判断/S | 解决能/S,网络/K | 判断/S,[],判断/S | 解决能力/S,,
1953-s0009,17,todo,阿里云公开数据集,span_mismatch,,"', '6. 持有CCNP、CCIE证书者优先；",CCIE证书/K,证书/K,CCIE证书/K,CCNP/K | CCIE证书/K,,
1954-s0000,17,todo,阿里云公开数据集,span_mismatch,,"['工作职责：', '1、全日制正规院校中专以上学历，通信、电子工程、自动化、计算机等相关工科专业；",通信/K | 电子工程/K,中专/K | 学历/K | 通信/K | 电子工程/K | 自动化/K | 计算机/K,中专以上学历/K | 通信/K | 电子工程/K | 自动化/K | 计算机/K | 相关工科专业/K,全日制正规院校中专以上学历/K | 通信/K | 电子工程/K | 自动化/K | 计算机/K | 工科专业/K,,
1954-s0001,17,todo,阿里云公开数据集,span_mismatch,,"', '2、能够独立组织项目技术管理，并能做好项目协调、安装工作；",组织项/S | 技术管理/K | 做好项/S | 协调/T | 安装工作/T,项目协调/S | 安装工作/T,项目协调/S,项目技术管理/K | 项目协调/T | 安装/S,,
1954-s0002,17,todo,阿里云公开数据集,span_mismatch,,"', '4、具有电工证或UPS安装调试经验，掌握电气知识、能够看懂线路图纸者优先；",电工证或UPS安装调/S | 电气知识/K | 看懂线路图纸者优/S,电工证/S | 电气知识/K,电工证/K | UPS安装调试/S | 电气知识/K,电工证/K | UPS安装调试/S | 电气知识/K | 看懂线路图纸/S,,
1955-s0000,17,todo,阿里云公开数据集,empty_mismatch,,"['岗位职责：', '1、\xa0建立公司IT网络管理操作规范，建立和管理公司计算机及IT设备技术档案；",建立公/S | 管理操/S,网络/K | 计算机/K,[],IT网络管理/S | 计算机/K,,
1955-s0001,17,todo,阿里云公开数据集,span_mismatch,,"', '2、\xa0根据公司发展战略，逐步拓展信息系统管理规范和深度，充分发挥信息化在企业管理中的积极作用；",拓展信/S | 分发挥信/S,企业管理/K,公司发展战略/K,[],,
1955-s0004,17,todo,阿里云公开数据集,span_mismatch,,"', '5、\xa0面向公司内部，提供标准化IT服务（桌面服务、技术咨询、会议支持等）；",标准化IT服务（桌/S,标准化/S,桌面服务/S | 技术咨询/S | 会议支持/S,[],,
1955-s0006,17,todo,阿里云公开数据集,span_mismatch,,"', '任职要求：', '1、计算机相关专业本科毕业，5年以上IT运维工作经验，3年以上团队管理经验（大型互联网企业背景优先）；",计算机相关专业本/K | IT运维工作/K | 团队管理经验/T,计算机相关专业/K | 本科/K | 团队管理/S,计算机相关专业/K | 本科毕业/K | IT运维工作/S | 团队管理/S | 大型互联网企业背景/K,计算机相关专业/K | 本科/K | IT运维/S | 团队管理/T,,
1955-s0007,17,todo,阿里云公开数据集,span_mismatch,,"', 'f2、熟悉Linux操作系统、常用命令，流行开源软件安装部署和运维；",Linux操作系统、常用/S | 运维/S,Linux/S | 操作系统/K | 运维/S,Linux操作系统/S | 常用命令/S | 流行开源软件安装部署/S,Linux/S | 操作系统/K | 常用命令/S | 开源软件安装部署/S | 运维/S,,
1955-s0009,17,todo,阿里云公开数据集,span_mismatch,,"', '4、面对问题能独立思考指导团队快速解决并事后复盘的能力，逻辑清晰沟通能力优秀。",独立思考指/T | 解决并事后复盘的/S | 逻辑清晰沟/T,沟通能力/T,独立思考/T | 事后复盘/S | 逻辑清晰/T | 沟通能力/T,独立思考/T | 复盘/T | 逻辑清晰/T | 沟通能力/T,,
1956-s0001,17,todo,阿里云公开数据集,empty_mismatch,,"', '2、对公司管理系统、app及网站进行测试与维护；",系统/K | app及网站进/K | 测试与维护/S,app/K | 测试/S | 维护/S,[],测试/S | 维护/S,,
1956-s0002,17,todo,阿里云公开数据集,span_mismatch,,"', '3、建立监控系统和备份体系，对服务器和各业务系统进行状态监控、数据监控、实施备份、启动预警机制、故障处理等；",监控系统和备份体/S | 服务器和各业务系/K | 状态监控/S | 数据监/S,数据监控/S | 故障处理/S,故障处理/S,监控系统/S | 备份体系/S | 状态监控/S | 数据监控/S | 备份/S | 预警机制/S | 故障处理/S,,
1956-s0003,17,todo,阿里云公开数据集,span_mismatch,,"', '4、负责公司内部IT资源的运营管理，IT运维（设备，服务/应用，数据库，资产，信息安全）等；",IT资源的运营管理/S,运营管理/S | 数据库/K | 信息安全/K,IT运维/S | 设备/K | 服务/应用/K | 数据库/K | 资产/K | 信息安全/K,IT运维/S,,
1956-s0004,17,todo,阿里云公开数据集,span_mismatch,,"', '5、日常桌面系统维护、桌面基础网络支持、桌面终端的硬件维护；",桌面系统维护、桌/S,网络/K,日常桌面系统维护/S | 桌面基础网络支持/S,桌面系统维护/S | 桌面基础网络支持/S,,
1956-s0005,17,todo,阿里云公开数据集,span_mismatch,,"', '6、视频会议、电话会议运维及维护等会议支持服务。",视频会议/S | 电话会/S,视频会议/S,电话会议运维/S | 会议支持服务/S,视频会议/S | 电话会议运维/S | 会议支持服务/S,,
1956-s0008,17,todo,阿里云公开数据集,empty_mismatch,,"', '3、熟悉桌面终端设备的安装，配置，调试和故障处理；",桌面终端设备的安/S,桌面终端设备/S | 故障处理/S,[],配置/S | 调试/S | 故障处理/S,,
1956-s0009,17,todo,阿里云公开数据集,span_mismatch,,"', '4、有一定的网络基础，能处理诊断并处理小型局域网的故障；",网络基础/K | 诊断并处理小型局/S,网络/K,网络基础/K,网络基础/K | 诊断/S,,
1956-s0010,17,todo,阿里云公开数据集,span_mismatch,,"', '5、强烈的责任心，面对压力具备分析和解决问题的能力，较强的沟通能力和协作精神。",分析和解决问题的/T | 沟通能力和协作精/T,责任心/T | 分析/S | 解决问题/S | 沟通能力/T,责任心/T | 沟通能力/T | 协作精神/T,责任心/T | 分析/S | 解决问题/S | 沟通能力/T | 协作精神/T,,
1957-s0000,17,todo,阿里云公开数据集,span_mismatch,,"['岗位职责：', '1、负责公司运维项目的系统升级、扩容需求与资源落实,配合开发需求,测试、调整运维平台', '2、网络以及服务器的网络设置、维护和优化、网络的安全监控、系统性能管理和优化。","系统升级/S | 扩容需/S | 开发需求,测试/S | 网络设置/S | 维护和/S | 安全监控/S | 系统性/S",测试/S | 网络/K | 维护/S,网络设置/S | 系统性能管理/S,[],,
1957-s0001,17,todo,阿里云公开数据集,span_mismatch,,"\xa0', '任职资格：', '\xa01、精通Linux/Unix等操作系统', '2、熟悉zabbix、nagios等常用监控系统，熟悉ELK等日志系统；",等操作系统'/K | nagios等常用监控/S,Linux/S | Unix/S | 操作系统/K | zabbix/S | nagios/S,zabbix/S | nagios/S | 常用监控系统/K | ELK/S | 日志系统/K,Linux/S | Unix/S | 操作系统/K | zabbix/S | nagios/S | 监控系统/S | ELK/S | 日志系统/S,,
1957-s0003,17,todo,阿里云公开数据集,empty_mismatch,,"', '4、能够熟练排查运维过程中出现的服务故障、系统故障、网络故障；",排查运/S | 系统故障/K | 网络故/K,系统故障/K | 网络/K,[],服务故障/K | 系统故障/K | 网络故障/K,,
1957-s0004,17,todo,阿里云公开数据集,span_mismatch,,"', '5、熟练掌握nginx/tomcat/MySQL/php等常见应用软件的部署、管理和维护以及相关知识.', '6、3年以上工作经验', '7、掌握docker常用操作，对docker的网络、存储、安全有深入的理解；",php等常见/S | 部署/S | 管理和维护/S | 相关知识./K | docker常用操作/S | 网络/K | 存储/K | 安全/K,nginx/S | tomcat/S | MySQL/S | php/S | 部署/S | 管理/S | 维护/S | docker/S | 网络/K | 存储/K | 安全/K,nginx/S | tomcat/S | MySQL/S | php/S | docker常用操作/S,nginx/S | tomcat/S | MySQL/S | php/S | 部署/S | 管理/S | 维护/S | docker/S,,
1957-s0005,17,todo,阿里云公开数据集,span_mismatch,,"熟悉kubernetes平台，并有部署、维护和\xa0\xa0 调优经验者优先', '8、对网络安全的基本防护措施和相关技术有一定了解者优先\xa0 \xa0 \xa0 \xa0']",kubernetes平台/S | 部署/S | 维护和\xa0/S | 调优经验/S | 网络安全的基本防/K | 技术有/K,kubernetes/S | 部署/S | 维护/S | xa0/S | 网络安全/K,kubernetes平台/S,kubernetes/S | 部署/S | 维护/S | 调优/S | 网络安全/K | 防护措施/K | 技术/K,,
1958-s0000,17,todo,阿里云公开数据集,span_mismatch,,['1、大专学历，计算机专业，1年以上生产型企业ERP推动或互联网运维工作，程式开发经验。,计算机专业/K | ERP推动或互联网运/S | 程式开发经验/S,大专/K | 计算机专业/K | ERP/S,大专学历/K | 计算机专业/K | 生产型企业ERP推动/S | 互联网运维工作/S | 程式开发/S,大专学历/K | 计算机专业/K | ERP推动/S | 互联网运维/S | 程式开发/S,,
1959-s0000,17,todo,阿里云公开数据集,span_mismatch,,['1.\xa0负责根据公司智慧水务平台需求，设计、协助开发平台功能模块的工作并撰写相关技术文档；,智慧水务平台需求/K | 设计/S | 开发平/S | 撰写相关/S | 技术文档/K,设计/S | 开发平台/K | 技术文档/S,智慧水务平台需求/K,智慧水务平台/K | 设计/S | 开发平台功能模块/S,,
1959-s0005,17,todo,阿里云公开数据集,empty_mismatch,,"', '6.\xa0参与装备自动化改造方案的评审和验收工作；",装备自动化改造方/K,自动化/K,[],装备自动化改造方案/K | 评审/S | 验收/S,,
1959-s0008,17,todo,阿里云公开数据集,span_mismatch,,"', '2.\xa0五年以上同行业同岗位工作经验，具有智慧城市、智慧水务项目实施经验者优先考虑；",智慧城市/K | 智慧水/K,智慧城市/K | 项目实施/S,智慧城市/K | 智慧水务项目实施/S,智慧城市/K | 智慧水务/K | 项目实施/S,,
1959-s0009,17,todo,阿里云公开数据集,span_mismatch,,"', '3.\xa0熟悉流域治理运营管理过程，熟悉智慧水务功能模块，熟悉相关测试工具和方法；",流域治理运营管理/K | 智慧水务功能模块/K | 相关测试工具和方/K,运营管理/S | 智慧水务功能模块/K,流域治理运营管理过程/K | 智慧水务功能模块/K | 相关测试工具/K,流域治理运营管理/K | 智慧水务功能模块/K | 测试工具/S,,
1960-s0000,17,todo,阿里云公开数据集,empty_mismatch,,"['岗位职责：', '1、协助负责系统集成项目售前售中工作：新项目洽谈、技术需求方案编写；",协助负/S | 系统集成项目售前/S,[],新项目洽谈/S | 技术需求方案编写/S,系统集成/S | 技术需求方案编写/S,,
1960-s0002,17,todo,阿里云公开数据集,empty_mismatch,,"', '3、协助项目售前售中等技术方案、施工、验收文件编写；",售前售/K | 技术方案/K | 施工/K,施工/S,[],技术方案/K | 施工/S | 验收文件编写/S,,
1960-s0003,17,todo,阿里云公开数据集,empty_mismatch,,"', '4、协助技术负责人或总经理共同推进新项目的商务谈判及项目落地前期工作；",推进新/S | 项目落地前期工作/S,商务谈判/S,[],商务谈判/S | 项目落地前期工作/S,,
1960-s0004,17,todo,阿里云公开数据集,span_mismatch,,"', '任职资格：', '1、计算机或相关专业，本科以上学历；",计算机或相关/K | 专业/K,计算机/K | 相关专业/K | 本科/K,本科以上学历/K,计算机/K | 相关专业/K | 本科以上学历/K,,
1960-s0005,17,todo,阿里云公开数据集,span_mismatch,,"', '2、懂计算机网络原理，熟悉路由器、交换机、防火墙等网络设备的工作原理；",懂计算机网络原理/K | 路由器/K | 交换机/K,计算机网络/K | 路由器/K | 交换机/K | 防火墙/K,计算机网络原理/K | 路由器/K | 交换机/K | 防火墙/K,计算机网络原理/K | 路由器/S | 交换机/S | 防火墙/S,,
1960-s0006,17,todo,阿里云公开数据集,empty_mismatch,,"', '3、了解系统集成工程规划、施工及验收流程；",系统集成工程/K,[],系统集成工程规划/K,系统集成工程规划/K | 施工/S | 验收流程/K,,
1960-s0009,17,todo,阿里云公开数据集,span_mismatch,,"', '6、具有良好的沟通能力、学习能力，工作主动性强、责任心强、有良好的服务意识者优先；",沟通能力/T | 学习能/T | 主动性强/T | 责任心强/T | 服务意识者/T,沟通能力/T | 学习能力/T | 主动性强/T | 责任心强/T | 服务意识/T,沟通能力/T | 学习能力/T | 工作主动性/T | 责任心/T | 服务意识/T,沟通能力/T | 学习能力/T | 工作主动性强/T | 责任心强/T | 服务意识/T,,
1960-s0011,17,todo,阿里云公开数据集,span_mismatch,,"', '8、技术证书:具体CCNA、HCNA、MCSE、电工等与网络系统及强弱电相关认证者优先；",电工/K,证书/K | 电工/K | 网络/K,强弱电相关认证/K,CCNA/K | HCNA/K | MCSE/K | 电工/K | 网络系统/K | 强弱电/K,,
1961-s0003,17,todo,阿里云公开数据集,empty_mismatch,," ', ' ', '任职要求：', '1、 掌握标准、流利的普通话，思维和语言表达的逻辑清晰；",普通话/L | 思维和语/L,普通话/L,[],普通话/L | 思维和语言表达的逻辑清晰/T,,
1961-s0004,17,todo,阿里云公开数据集,span_mismatch,," ', '2、 熟练电脑，能熟练操作office办公软件,打字速度40字/分钟起；",操作office办公软件/S,office/S,打字速度/S,office办公软件/S,,
1963-s0000,17,todo,阿里云公开数据集,span_mismatch,,"['岗位职责：', '负责公司运维平台的研发，包括自动化部署、监控平台等，确保公司在线服务可靠、稳定、高效运行；",运维平台的研发/K | 自动化部署/S | 监控/S | 在线服务可/K,研发/S | 自动化部署/S | 监控/S,自动化部署/S | 监控平台/S,运维平台/K | 自动化部署/S | 监控平台/S,,
1963-s0001,17,todo,阿里云公开数据集,empty_mismatch,,"', '参与Kubernetes及底层容器平台的关键技术研究与开发工作；",Kubernetes及底层容器平台/S | 与开发工作/S,Kubernetes/S,[],Kubernetes/S | 底层容器平台/K | 关键技术研究/K | 开发工作/S,,
1963-s0002,17,todo,阿里云公开数据集,empty_mismatch,,"', '参与云平台资源和账单的管理及成本优化工作；",云平台资源和账单/S,云平台/K,[],云平台资源/K | 成本优化/S,,
1963-s0003,17,todo,阿里云公开数据集,empty_mismatch,,"', '探索运维自动化和智能化的技术和方向。",运维自动化和智能/K,自动化/K,[],运维自动化/K | 智能化/K,,
1963-s0004,17,todo,阿里云公开数据集,empty_mismatch,,"', '任职要求：', '三年以上基于Linux系统的大规模集群实战运维经验，熟练掌握LVS、Nginx、Tomcat、PHP、Python的配置调优；",Linux系统的大规模集/S | 运维经验/S | 配置调/S,Linux/S | 运维/S | Nginx/S | Tomcat/S | PHP/S | Python/S,[],Linux系统/K | 大规模集群/K | 运维经验/S | LVS/S | Nginx/S | Tomcat/S | PHP/S | Python/S | 配置调优/S,,
1963-s0005,17,todo,阿里云公开数据集,empty_mismatch,,"', '熟练掌握Puppet/SaltStack/Ansible中的任意一种配置管理工具，熟悉Jenkins的配置和优化；",Puppet/SaltStack/Ansible中的任/S | Jenkins的配置和优化/S,Puppet/S | SaltStack/S | 配置/S | Jenkins/S | 优化/S,[],Puppet/S | SaltStack/S | Ansible/S | 配置管理工具/S | Jenkins/S | 配置和优化/S,,
1963-s0006,17,todo,阿里云公开数据集,span_mismatch,,"', '了解TCP/IP协议，能够使用抓包工具分析和定位简单的网络问题；",IP协议/K | 使用抓包工具分析/S,TCP/IP/S | 网络/K,TCP/IP协议/K,TCP/IP协议/K | 抓包工具/S | 分析和定位/S | 网络问题/K,,
1963-s0007,17,todo,阿里云公开数据集,span_mismatch,,"', '两年以上Kubernetes开发或使用经验，熟练掌握Docker容器技术，对文件系统、网络、cgroups等有深入的理解；",Kubernetes开发或使用经验/S | Docker容器技术/S | 文件系统/K | 网络/K,Kubernetes/S | Docker/S | 文件系统/K | 网络/K,Kubernetes开发/S | Docker容器技术/S | 文件系统/K | 网络/K | cgroups/K,Kubernetes/S | Docker/S | 容器技术/S | 文件系统/K | 网络/K | cgroups/K,,
1963-s0008,18,todo,阿里云公开数据集,span_mismatch,,"', '具备研发能力，熟悉软件开发和系统架构，掌握C/Golang/Python中至少一种编程语言，能够胜任运维平台的研发工作，对Kubernetes和Docker社区有贡献者优先；",研发能/S | 系统架构/K | C/Golang/Python中至少/S | 编程语言/S | 胜任运/T | Kubernetes和Docker社区有贡献/S,软件开发/S | 系统架构/K | Golang/S | Python/S | 编程语言/K | Kubernetes/S | Docker/S,研发能力/S | 软件开发/S | 系统架构/K,研发能力/S | 软件开发/S | 系统架构/K | C/S | Golang/S | Python/S | 编程语言/K | 运维平台/K | 研发工作/S,,
1963-s0009,18,todo,阿里云公开数据集,span_mismatch,,"', '有较强的自我驱动和学习能力，良好的外语沟通能力，能够快速掌握新的技术知识并加以应用，具备海外工作经验者优先；",自我驱动和学习能/T | 外语沟通能力/T | 技术知识并加以应/K,学习能力/T | 沟通能力/T | 技术知识/K,自我驱动/T | 学习能力/T | 外语沟通能力/T,自我驱动/T | 学习能力/T | 外语沟通能力/T | 技术知识/K,,
1964-s0000,18,todo,阿里云公开数据集,empty_mismatch,,['1、熟练打印机、电脑等设备的维修与维护，准确的判断其故障；,打印机/S | 电脑等设/S | 维修与维护/S | 判断其/S,维修/S | 维护/S,[],打印机/S | 电脑等设备/S | 维修与维护/S,,
1964-s0001,18,todo,阿里云公开数据集,empty_mismatch,,"', '2、网络故障的处理；",故障的处理/S,网络/K,[],网络故障/K | 处理/S,,
1964-s0002,18,todo,阿里云公开数据集,empty_mismatch,,"', '3、监控的安装调试及其故障的分析；",监控的安装调试及/S | 故障的分析/S,监控/S | 故障的分析/S,[],监控/S | 安装调试/S,,
1965-s0000,18,todo,阿里云公开数据集,span_mismatch,,"['岗位职责：', '1、驻场客户现场，负责针对公司软件产品提供现场技术支持，快速定位问题并协助客户解决；",驻场客/S | 针对公司软件产品/S,技术支持/S,驻场客户现场/S,驻场/S | 技术支持/S | 定位问题/S | 协助客户解决/S,,
1965-s0001,18,todo,阿里云公开数据集,empty_mismatch,,"', '2、负责软件系统bug问题定位解决，对于无法解决的问题，需要协调配合项目经理和开发人员解决；",软件系统bug问题定/S | 无法解决的问题/T | 协调配合项目经理/T,[],软件系统bug问题定位解决/S,软件系统bug问题定位解决/S | 协调配合/T,,
1965-s0003,18,todo,阿里云公开数据集,empty_mismatch,,"', '4、负责参与开发及客户需求实现等方面的技术交流，沟通编写解决方案；",开发及客户需求实/S | 技术交流，沟通编/T,开发/S,[],开发/S | 客户需求实现/S | 技术交流/S | 沟通/T | 编写解决方案/S,,
1965-s0004,18,todo,阿里云公开数据集,empty_mismatch,,"', '5、负责深入学习了解产品及相关技术知识，了解各行业核心业务流程，根据客户需求和实际情况调整优化技术方案，协助客户更好的应用系统；",深入学习了/S | 相关技术知识，了/K | 调整优化技术方案/S | 应用系统/S,技术知识/K,[],产品/K | 相关技术知识/K | 各行业核心业务流程/K | 调整优化技术方案/S | 应用系统/S,,
1965-s0006,18,todo,阿里云公开数据集,empty_mismatch,,"', '7、负责在技术支持过程中收集的产品缺陷及修改意见，形成改进方案反馈内部，为产品的改进提出指导和建议。",反馈内/S | 产品的改进提出指/S,技术支持/S,[],收集/S | 形成改进方案/S | 反馈/S | 提出指导和建议/S,,
1965-s0008,18,todo,阿里云公开数据集,span_mismatch,,"', '2、1-2年软件行业技术支持工作经验；",软件行业技术/K,技术支持/S,软件行业技术支持工作/S,软件行业技术支持/S,,
1965-s0009,18,todo,阿里云公开数据集,span_mismatch,,"', '3、具有良好的沟通协调能力，分析及处理问题的能力和文档编写能力；",沟通协/T | 分析及处理问题的/S | 文档编写能/S,沟通协调能力/T | 分析/S | 文档编写/S,沟通协调能力/T | 文档编写能力/S,沟通协调能力/T | 分析及处理问题的能力/S | 文档编写能力/S,,
1965-s0011,18,todo,阿里云公开数据集,span_mismatch,,如：数据库、中间件、操作系统Windows／linux环境基本操作维护／硬件及操作系统知识；,数据库/K | 中间件/K | 基本操作维护／硬/S,数据库/K | 中间件/K | 操作系统/K | Windows/S | linux/S,数据库/K | 中间件/K | 操作系统/K | linux环境基本操作维护/S | 操作系统知识/K,数据库/K | 中间件/K | 操作系统/K | Windows/S | linux环境基本操作维护/S | 硬件及操作系统知识/K,,
1965-s0012,18,todo,阿里云公开数据集,span_mismatch,,"', '5、具有一定的java/.net开发基础者优先；",java/./S,java/S | .net/S,.net开发基础/S,java/S | .net开发/S,,
1965-s0013,18,todo,阿里云公开数据集,empty_mismatch,,"', '6、具有软件行业运维工作经验者优先；",运维工作/S,[],软件行业运维工作/S,运维/S,,
1965-s0014,18,todo,阿里云公开数据集,empty_mismatch,,"', '7、具有国产化软件产品运维工作经验者优先；",运维工作/S,[],国产化软件产品运维工作/S,国产化软件产品运维/S,,
1966-s0000,18,todo,阿里云公开数据集,span_mismatch,,"['岗位职责：', '1、按照运维规程和监控工作规范，进行7*24小时值班，对业务服务所涉及的基础设置、网络、服务器、存储等相关服务和设备进行监控工作，并做好监控值班交接班和相关值班日志记录等各类值班报表的填写工作；",运维规程和监控工/K | 行7*24小时值班/S | 业务服务所涉及的/K | 监控值班交接班和/S | 值班日志记录等各/S | 值班报表的填写工/S,业务服务所涉/K | 网络/K,运维规程/K | 监控工作规范/K | 7*24小时值班/S | 监控值班交接班/S | 值班日志记录/S,监控/S | 值班/S,,
1966-s0001,18,todo,阿里云公开数据集,span_mismatch,,"', '2、在规定时限内完成故障申告集中受理、故障预处理、传报、故障升级，配合运维工程师进行信息有效收集、传递和进行相应配合操作，对故障处理全过程进行管控，并在故障修复后做好闭环工作；",故障申告集中受理/S | 故障处理全过程进/S | 闭环工作/S,故障处理/S,故障申告集中受理/S | 故障预处理/S | 故障升级/S | 信息有效收集/S | 配合操作/S,故障申告集中受理/S | 故障预处理/S | 故障升级/S | 信息有效收集/S | 闭环工作/S,,
1966-s0002,18,todo,阿里云公开数据集,empty_mismatch,,"', '3、按照作业计划指导书，完成日常例行作业计划，确保作业计划执行完成率、及时率、准确率；",按照作业计划指导/K | 确保作/S | 执行完成率/K | 及时/K,[],作业计划指导书/K,作业计划指导书/K | 日常例行作业计划/S | 执行完成率/K | 及时率/K | 准确率/K,,
1966-s0006,18,todo,阿里云公开数据集,span_mismatch,,"', '3、学习能力强、逻辑思维能力强，进取心强；",学习能力强/T | 逻辑思维能力强/T | 进取心强/T,学习能力强/T | 逻辑思维能力/T | 进取心/T,学习能力/T | 逻辑思维能力/T | 进取心/T,学习能力强/T | 逻辑思维能力强/T | 进取心强/T,,
1967-s0000,18,todo,阿里云公开数据集,empty_mismatch,,['1.负责与各区域项目负责人对接及完成系统软件平台的常规运维、及安全整改相关工作;,完成系/S | 安全整改相关/S,[],各区域项目负责人对接/S | 安全整改相关工作/S,安全整改/S,,
1967-s0001,18,todo,阿里云公开数据集,empty_mismatch,,"', '2.能理解复杂业务逻辑，并负责核心业务代码的迭代、重构与优化工作;",理解复杂业务逻辑/S | 重构与优化工作/S,重构/S,[],理解复杂业务逻辑/S | 重构/S | 优化/S,,
1967-s0003,18,todo,阿里云公开数据集,empty_mismatch,,"', '4.负责应用系统相关技术文档、及交付资料的编写与准备;",文档/K | 编写与准备/S,技术文档/S,[],技术文档/K | 交付资料/K | 编写/S | 准备/S,,
1967-s0007,18,todo,阿里云公开数据集,span_mismatch,,"', '3.熟悉Tomcat、Weblogic、Jetty等主流应用服务器的安装和web应用部署；",Jetty等主流/K | 安装和web应用部署/S,Tomcat/S | Jetty等主流/K | 安装/S,Tomcat/S | Weblogic/S | Jetty/S | web应用部署/S,Tomcat/S | Weblogic/S | Jetty/S | 安装/S | web应用部署/S,,
1967-s0008,18,todo,阿里云公开数据集,span_mismatch,,"', '4.熟悉HTML/HTML5、CSS/CSS3、Bootstrap、JS/jQuery等前端页面技术；",[],HTML/S | HTML5/S | CSS/S | CSS3/S | jQuery/S,HTML/S | HTML5/S | CSS/S | CSS3/S | Bootstrap/S | JS/S | jQuery/S | 前端页面技术/K,HTML/S | HTML5/S | CSS/S | CSS3/S | Bootstrap/S | JS/S | jQuery/S,,
1967-s0010,18,todo,阿里云公开数据集,span_mismatch,,"', '6.熟悉Oracle/MySQL等主流数据库表设计，精通SQL语言，对SQL性能调优有一定经验；",Oracle/MySQL等主流数据/S | 表设计，精通SQL语/S | SQL性能调优有一定/S,Oracle/S | MySQL/S | 数据库/K,Oracle/S | MySQL/S | 主流数据库表设计/S | SQL语言/S | SQL性能调优/S,Oracle/S | MySQL/S | 数据库表设计/S | SQL语言/S | SQL性能调优/S,,
1967-s0011,18,todo,阿里云公开数据集,span_mismatch,,"', '7.熟悉Maven，SVN版本控制及管理工具；",Maven，SVN版本控制及/S,Maven/S | SVN/S,Maven/S | SVN版本控制/S,Maven/S | SVN/S | 版本控制/S | 管理工具/S,,
1967-s0012,18,todo,阿里云公开数据集,empty_mismatch,,"', '8.具备良好规范的程序编写设计能力，有一定代码洁癖；",程序编写设/S,[],程序编写设计能力/S,程序编写设计能力/S | 代码洁癖/T,,
1967-s0013,18,todo,阿里云公开数据集,span_mismatch,,"', '9.思路清晰、善于思考、能独立分析和解决问题；",思路清晰/T | 善于思/T | 独立分析和解决问/S,思路清晰/T | 解决问题/S,思路清晰/T | 善于思考/T,思路清晰/T | 善于思考/T | 独立分析/S | 解决问题/S,,
1967-s0014,18,todo,阿里云公开数据集,span_mismatch,,"', '10.有分布式集群项目经验、JAVA性能调优经验优先；",分布式集群项目经/K | JAVA性能调优经验/S,分布式/K | JAVA/S,分布式集群项目/K | JAVA性能调优/S,分布式集群/K | JAVA性能调优/S,,
1968-s0000,18,todo,阿里云公开数据集,span_mismatch,,"['工作职责', '1、负责游戏项目的日常运维，包括：新服部署、更新、合服、故障处理等；",日常运维/S | 新服部署/S | 更新/S,新服部署/S | 故障处理/S,新服部署/S | 更新/S | 合服/S | 故障处理/S,日常运维/S | 新服部署/S | 更新/S | 合服/S | 故障处理/S,,
1968-s0004,18,todo,阿里云公开数据集,span_mismatch,,"', '5、负责游戏运维相关文档编写，技术推广。",游戏运维相关文档/S,文档编写/S,游戏运维相关文档编写/S | 技术推广/S,文档编写/S | 技术推广/S,,
1968-s0005,18,todo,阿里云公开数据集,span_mismatch,,"', '任职要求', '1.有游戏行业，开服合服经验。",[],游戏行业/K,游戏行业/K | 开服/S | 合服/S,[],,
1968-s0008,18,todo,阿里云公开数据集,empty_mismatch,,"', '4.熟悉Linux、Windows的系统管理，对系统性能有一定的认识；",Linux、Windows的系统/S | 系统性能有/K,Linux/S | Windows/S,[],Linux/S | Windows/S | 系统管理/S | 系统性能/K,,
1968-s0012,18,todo,阿里云公开数据集,empty_mismatch,,"', '8.有云服务(阿里、腾讯、亚马逊)维护经验优先。",维护经验/S,维护/S,[],云服务/K | 维护/S,,
1969-s0000,18,todo,阿里云公开数据集,empty_mismatch,,"['岗位职责：', '\xa0一、软件测试方面', ' 1、参与业务调研、流程讨论和需求分析工作，了解项目需求及业务流程。",业务调研/S | 流程讨/S | 项目需求及业/K,软件测试/K | 需求分析/S,[],业务调研/S | 流程讨论/S | 需求分析/S,,
1969-s0002,18,todo,阿里云公开数据集,span_mismatch,,"', ' 3、按照测试流程、计划，沟通确认测试的范围、重点，策划、编写测试用例，设计测试用数据及预期结果，做好测试前的准备工作，确保测试目的的达成。",测试流程/T | 计划/T | 测试的范围/S | 重点/S | 测试前的准备工作/S | 保测试目的的达成/T,计划/T | 重点/S,测试流程/K,测试用例/S | 测试用数据/S,,
1969-s0003,18,todo,阿里云公开数据集,empty_mismatch,,"', ' 4、搭建测试环境，保证测试环境的独立和维护测试环境的更新，确保测试环境的稳定。",搭建测试环境，保/S,搭建测试环境/S,[],搭建测试环境/S | 维护测试环境/S,,
1969-s0004,18,todo,阿里云公开数据集,empty_mismatch,,"', ' 5、执行测试，根据测试计划及测试案例，执行测试，实施单元测试、集成测试、系统测试等，及时发现软件缺陷。",执行测试/S | 测试计划及测试案/K | 实施单元测试、集/S | 软件缺陷/K,执行测试/S | 单元测试/S | 集成测试/K,[],单元测试/S | 集成测试/S | 系统测试/S,,
1969-s0007,18,todo,阿里云公开数据集,span_mismatch,,"', ' 二、系统运维方面', ' 8、负责系统的上线准备、用户培训、现场指导等实施工作。",系统的上线准备/S,系统运维/S,用户培训/S | 现场指导/S | 实施工作/S,上线准备/S | 用户培训/S | 现场指导/S,,
1969-s0008,18,todo,阿里云公开数据集,empty_mismatch,,"', ' 9、响应及解决客户的技术要求、疑问以及系统使用过程中遇到的各种问题，登记并提交开发组形成问题处理工单。",响应及解决客/S | 技术要求/K | 疑问以/K | 系统使用过/K | 登记并提交开发/S,响应/S,[],技术要求/K | 系统使用/K,,
1969-s0011,18,todo,阿里云公开数据集,span_mismatch,,"\xa0\xa0', '任职要求：', '\xa01、计算机应用、计算机软件、信息工程等相关专业本科及以上学历\xa0 ；",计算机软件/K,计算机/K | 计算机软件/K | 相关专业/K | 本科及以上学历/K,计算机应用/K | 计算机软件/K | 信息工程/K | 相关专业/K | 本科及以上学历/K,计算机应用/K | 计算机软件/K | 信息工程/K | 本科及以上学历/K,,
1970-s0000,18,todo,阿里云公开数据集,empty_mismatch,,"['岗位职责：', '1. 负责变配电站整个运行管理。",变配电站整个运行/S,[],变配电站整个运行管理/S,运行管理/S,,
1970-s0002,18,todo,阿里云公开数据集,empty_mismatch,,"', '3. 完成变配电站的许可、验收工作。",许可/S | 验收工作/S,验收工作/S,[],许可/S | 验收/S,,
1970-s0005,18,todo,阿里云公开数据集,span_mismatch,,如有丰富管理实践经验者或具有变电站值班工等级证书者可优先考虑。,管理实/S | 变电站值班工等级/S,证书/K,管理实践经验/S | 变电站值班工等级证书/K,变电站值班工等级证书/K,,
1971-s0002,18,todo,阿里云公开数据集,empty_mismatch,,"', '3)\xa0负责组织开展设备日常巡检、日常维护及大小修工作，确保设备零缺陷运行。",开展设/S | 巡检/S | 维护及大/S | 修工作/S,维护/S,[],大小修/S,,
1971-s0003,18,todo,阿里云公开数据集,empty_mismatch,,"', '4)\xa0负责严格执行《电气设备预防性试验》，能够及时发现设备安全隐患。",严格执行《电气设/S | 及时发现设备安全/S,试验/S,[],电气设备预防性试验/K | 发现设备安全隐患/S,,
1971-s0004,18,todo,阿里云公开数据集,empty_mismatch,,"', '5)\xa0负责实现年度设备维护成本控制目标，不断降低设备维护成本。",实现年/S | 设备维护成/K | 降低设/S,成本控制/S,[],设备维护成本/K | 降低设备维护成本/S,,
1971-s0005,18,todo,阿里云公开数据集,empty_mismatch,,"', '6)\xa0负责审核年度检修、试验计划。",审核年/S | 试验计划/K,试验/S,[],审核/S | 试验计划/S,,
1971-s0006,18,todo,阿里云公开数据集,empty_mismatch,,"', '7)\xa0负责监督电站人员严格执行《安全规程》、《检修规程》和《两票三制》等制度，严格遵守劳动纪律。",《安全规程》、《/K,安全规程/K,[],安全规程/K | 检修规程/K | 两票三制/K,,
1971-s0007,19,todo,阿里云公开数据集,empty_mismatch,,"', '8)\xa0负责建立健全各种设备管理制度和技术标准，并实时引进先进技术，改造现有电站，提升电站经济效益。",技术标准/K | 引进先进技术，改/S,设备管理/S,[],设备管理制度/K | 技术标准/K | 引进先进技术/S | 改造现有电站/S,,
1971-s0012,19,todo,阿里云公开数据集,span_mismatch,,"', '3.熟悉电气设备原理，熟悉电气设备检修工艺规程，能独立编写电气相关设备的检修作业指导书；",电气设备原理/K | 电气设备检修工艺/K | 编写电气相关设备/S,电气设备原理/K,电气设备原理/K | 电气设备检修工艺规程/K,电气设备原理/K | 电气设备检修工艺规程/K | 编写电气相关设备的检修作业指导书/S,,
1971-s0013,19,todo,阿里云公开数据集,span_mismatch,,"', '4.熟悉继电保护、二次设备调试及自动化能力特长的优先；",继电保护/S | 二次设/S | 特长的优/T,继电保护/S | 自动化/K,继电保护/S | 二次设备调试/S | 自动化能力/S,继电保护/S | 二次设备调试/S | 自动化/S,,
1972-s0000,19,todo,阿里云公开数据集,empty_mismatch,,"['工作职责：', '1.\xa0负责开发、测试、生产环境的部署、运维工作；",开发/S | 测试/S | 生产/S,开发/S | 测试/S,[],部署/S | 运维/S,,
1972-s0001,19,todo,阿里云公开数据集,empty_mismatch,,"', '2.\xa0负责系统日常维护、变更、优化；",系统日常维护、变/S,[],系统日常维护/S,变更/S | 优化/S,,
1972-s0002,19,todo,阿里云公开数据集,empty_mismatch,,"', '3.\xa0参与公司运维自动化平台的建设。",运维自动化平台的/S,自动化/K,[],运维自动化平台/S | 建设/S,,
1972-s0004,19,todo,阿里云公开数据集,span_mismatch,,"', '2.\xa0熟悉Linux操作系统，熟练使用Shell、Python等脚本语言；",Linux操作系统/S | 使用Shell/S | 脚本语言/S,Linux/S | 操作系统/K | Shell/S | Python/S | 脚本语言/K,Linux操作系统/S | Shell/S | Python/S | 脚本语言/S,Linux操作系统/S | Shell/S | Python/S,,
1972-s0005,19,todo,阿里云公开数据集,span_mismatch,,"', '3.\xa0熟悉主流Web运维所需技术：如负载均衡、HAProxy、Nginx；",负载均衡/K,负载均衡/K | Nginx/S,主流Web运维所需技术/K | 负载均衡/K | HAProxy/S | Nginx/S,负载均衡/S | HAProxy/S | Nginx/S,,
1972-s0006,19,todo,阿里云公开数据集,span_mismatch,,"', '4.\xa0熟悉常用的消息队列如RabbitMQ，Cache组件如Redis；",常用的消息队/K,Redis/S,RabbitMQ/S | Cache组件/K | Redis/S,消息队列/K | RabbitMQ/S | Cache组件/K | Redis/S,,
1972-s0007,19,todo,阿里云公开数据集,span_mismatch,,"', '5.\xa0熟悉常用的数据库，包括MySQL、MongoDB等，熟悉其应用场景和高级配置；",常用的数据库/K | 包括MySQL/S | MongoDB等/S | 应用场景和高级配/K,数据库/K | MySQL/S | MongoDB/S,MySQL/S | MongoDB/S | 应用场景/K | 高级配置/S,MySQL/S | MongoDB/S,,
1972-s0008,19,todo,阿里云公开数据集,span_mismatch,,"', '6.\xa0善于沟通，有良好的文档写作能力，较强的跨团队沟通能力、表达能力及团队合作能力。",沟通/T | 文档写作能力/T | 跨团队沟通能力/T,沟通/T | 写作能力/S | 沟通能力/T | 表达能力/T,沟通/T | 文档写作能力/T | 跨团队沟通能力/T | 表达能力/T | 团队合作能力/T,文档写作能力/T | 沟通能力/T | 表达能力/T | 团队合作能力/T,,
1973-s0006,19,todo,阿里云公开数据集,span_mismatch,,"', '4、会聊天，有服务意识，善于与人沟通，具备较好的协调、沟通能力；",聊天/T | 服务意识/T | 沟通/T | 协调/T | 沟通能力/T,聊天/T | 服务意识/T | 沟通/T | 协调/T | 沟通能力/T,服务意识/T | 与人沟通/T | 沟通能力/T,服务意识/T | 沟通能力/T,,
1973-s0007,19,todo,阿里云公开数据集,span_mismatch,,"', '5、有相关用户运营，粉丝运营，社群运营经验或售前客服经验优先考虑；",用户运营，粉丝运/K | 售前客服经验/K,用户运营/S | 社群运营/S,用户运营/S | 粉丝运营/S | 社群运营/S | 售前客服/S,用户运营/K | 粉丝运营/K | 社群运营/K | 售前客服经验/K,,
1973-s0008,19,todo,阿里云公开数据集,empty_mismatch,,"', '6、需要有销售的经验（纯文员，纯行政类的经验不合适）', '7', '、', '1、具有竞争力的薪酬：底薪（根据学历，沟通能力，经验，专业特长和面试表现）+月度提成（根据销售额梯度不同比例提成4%-8%）+额外绩效（1000元—2000元），平均综合月薪', '2、给力的奖励机制（年底双薪、不定期设置额外的激励奖金机制、每年 2 次考核晋升机会）；",销售的经验（/S | 沟通能力/T,学历/K | 沟通能力/T | 面试/S,[],沟通能力/T,,
1974-s0001,19,todo,阿里云公开数据集,span_mismatch,,"', '2、\xa0熟悉IT行业系统集成、运维服务、信息安全服务业务，三年以上同行业销售经验；",系统集成/K | 运维服/K,信息安全/K,IT行业系统集成/K | 运维服务/K | 信息安全服务业务/K | 同行业销售/S,系统集成/K | 运维服务/K | 信息安全服务/K,,
1974-s0011,19,todo,阿里云公开数据集,span_mismatch,,"', '6、具备公安，交警行业，智慧交通项目经验，视频监控项目经验优', '职能类别：销售经理']",公安，交警行业/K,公安/K | 交警行业/K,交警行业/K | 智慧交通项目经验/S | 视频监控项目经验/S,公安，交警行业/K | 智慧交通项目经验/K | 视频监控项目经验/K,,
1975-s0000,19,todo,阿里云公开数据集,empty_mismatch,,"['岗位职责：', '1、协助机电设备日常电气运维，解决电气故障（指导和诊断）；",协助机/S | 解决电/S | 指导和诊断）/S,指导/S | 诊断/S,[],电气运维/S | 电气故障/K | 指导/S | 诊断/S,,
1975-s0001,19,todo,阿里云公开数据集,span_mismatch,,"', '2、负责客户开发、客户需求，能对产品研发和改进方向提出建议；",客户开发/S | 客户需/S | 产品研发和改进方/S,客户开发/S,客户开发/S | 客户需求/S,客户开发/S | 产品研发/S | 改进方向/S,,
1975-s0002,19,todo,阿里云公开数据集,span_mismatch,,"', '3、新产品发掘，市场情报、竞争对手的技术调查；",新产品发掘，市场/S,新产品发掘/S,新产品发掘/S | 市场情报/S,新产品发掘/S | 市场情报/S | 技术调查/S,,
1975-s0004,19,todo,阿里云公开数据集,span_mismatch,,"', '岗位要求：', '1、本科及以上学历，2年以上设备电气维修管理工作经验；",管理工作经验/S,本科及以上学历/K | 管理/S,本科及以上学历/K | 设备电气维修管理/S,本科及以上学历/K | 设备电气维修/S,,
1975-s0006,19,todo,阿里云公开数据集,span_mismatch,,"', '3、为人诚实，责任心强，工作踏实，具有良好的团队合作精神；",团队合作精/T,责任心强/T | 团队合作精神/T,为人诚实/T | 责任心/T | 工作踏实/T | 团队合作精神/T,诚实/T | 责任心强/T | 工作踏实/T | 团队合作精神/T,,
1976-s0003,19,todo,阿里云公开数据集,empty_mismatch,,"', '4、维护期内收集客户的需求，完成需求实施，按照运维标准规范做好服务工作；",收集客/S | 需求，完成需/K | 运维标准规范做好/K,[],运维标准规范/K | 服务工作/S,需求实施/S | 运维标准规范/K,,
1976-s0007,19,todo,阿里云公开数据集,span_mismatch,,"', '1、计算机相关专业毕业，或有项目开发经验；",计算机相关专业毕/K | 项目开发经验/S,计算机相关专业/K | 项目开发/S,计算机相关专业/K | 项目开发经验/S,计算机相关专业/K | 项目开发经验/K,,
1976-s0010,19,todo,阿里云公开数据集,span_mismatch,,", '3、能够熟练配置主流服务器、路由器、交换机、防火墙等网络设备；",练配置主流服务器/S | 网络设备/K,练配置主流服务器/S | 路由器/K | 交换机/K | 防火墙/K | 网络/K,网络设备/K,配置主流服务器/S | 路由器/S | 交换机/S | 防火墙/S,,
1976-s0011,19,todo,阿里云公开数据集,span_mismatch,,"', '4、具备数据库相关的基础知识，有mysql，sqlserver等数据库知识的优先；",数据库相关/K | 基础知识/K | mysql，sqlserver等数据库知/S,数据库/K | mysql/S | sqlserver/S,mysql/K | sqlserver/K | 数据库知识/K,数据库相关的基础知识/K | mysql/S | sqlserver/S | 数据库知识/K,,
1976-s0013,19,todo,阿里云公开数据集,empty_mismatch,,具备良好的客户服务意识及敬业精神，工作责任心强，有良好的团队协作精神和人际关系处理能力，表达和应变能力强；,客户服务意识及敬/T | 责任心强/T | 团队协作精神和人/T | 应变能力强/T,[],客户服务意识/T | 敬业精神/T | 工作责任心/T | 团队协作精神/T | 人际关系处理能力/T | 应变能力/T,客户服务意识/T | 敬业精神/T | 责任心强/T | 团队协作精神/T | 人际关系处理能力/T | 表达/T | 应变能力强/T,,
1976-s0014,19,todo,阿里云公开数据集,span_mismatch,,"', '6、具备良好的学习能力，能不断接受新知识、新观念、新方法，并善于共享；",学习能力/T | 接受新知识/S | 共享/S,学习能力/T,学习能力/T | 共享/S,学习能力/T | 新知识/K | 新观念/K | 新方法/S | 共享/T,,
1977-s0000,19,todo,阿里云公开数据集,span_mismatch,,['1. 负责公司全线产品技术支持工作，主要包含前期沟通、售前咨询、技术支持，引导客户需求并提出建议方案；,技术支持工作/S | 前期沟通/T | 售前咨/T | 引导客户需求并提/T,技术支持/S | 售前咨询/S,公司全线产品技术支持/S | 前期沟通/S | 售前咨询/S | 技术支持/S,技术支持/S | 前期沟通/T | 售前咨询/S | 技术支持/S | 引导客户需求/T | 建议方案/S,,
1977-s0001,19,todo,阿里云公开数据集,span_mismatch,,"', '2. 负责网络监控态势感知，实时监察网络状态，保障稳定运行；",网络监控态势感知/S,网络/K,网络监控态势感知/S,网络监控/S | 态势感知/K,,
1977-s0002,19,todo,阿里云公开数据集,span_mismatch,,"', '3. 负责IDC产品设计，公司骨干网络的规划，预案，优化管理，保障骨干网可用率；",IDC产品设计，公司/S,产品设计/S | 网络/K,IDC产品设计/S,IDC产品设计/S | 骨干网络的规划/S | 预案/S | 优化管理/S,,
1977-s0004,19,todo,阿里云公开数据集,empty_mismatch,,"', '5. 规划网络及ICT环境的运维计划；",规划网络及ICT环境/S,网络/K,[],规划网络/S | ICT环境/K | 运维计划/S,,
1977-s0005,19,todo,阿里云公开数据集,span_mismatch,,"', '【岗位要求】', '1.\xa0精通Cisco的全系列产品，包括路由、交换、安全和语音等;",全系列产品/K | 路由/K | 交换/K | 安全/K,交换/K,路由/K | 交换/K | 安全/K | 语音/K,Cisco/S | 路由/K | 交换/K | 安全/K | 语音/K,,
1977-s0006,19,todo,阿里云公开数据集,empty_mismatch,,"', '2.\xa0了解H3C、Huawei、Juniper等网络产品知识;",H3C、Huawei、Juniper等网络/K,Huawei/K | 网络/K,[],H3C/S | Huawei/S | Juniper/S | 网络产品知识/K,,
1977-s0008,19,todo,阿里云公开数据集,span_mismatch,,掌握L2TP、GRE、IPSEC等隧道技术，精通MPLS/MPLS-VPN/RR/IPLC/IEPL技术，熟悉主流SD-Wan网络；,IPSEC等隧道/K | 技术/K | MPLS-VPN/K | SD-Wan网络/K,MPLS-VPN/K | 网络/K,L2TP/K | GRE/K | IPSEC/K | 隧道技术/K | MPLS/K | MPLS-VPN/K | RR/K | IPLC/K | IEPL/K | 主流SD-Wan网络/K,L2TP/K | GRE/K | IPSEC/K | 隧道技术/K | MPLS/K | MPLS-VPN/K | RR/K | IPLC/K | IEPL/K | SD-Wan网络/K,,
1977-s0010,19,todo,阿里云公开数据集,span_mismatch,,"', '5.\xa0熟悉传输网络接入方式:ADSL、PON、DDN、SDH、MSTP等，熟悉波分设备安装调试，具有电信光纤传输项目经验；",传输网络接入方式/K | 波分设备安装调试/S | 电信光纤传输项目/K,网络/K | 波分设备安装调试/S,传输网络接入方式/K | ADSL/K | PON/K | DDN/K | SDH/K | MSTP/K | 波分设备安装调试/S | 电信光纤传输项目经验/S,传输网络接入方式/K | ADSL/K | PON/K | DDN/K | SDH/K | MSTP/K | 波分设备安装调试/S | 电信光纤传输项目经验/K,,
1978-s0000,19,todo,阿里云公开数据集,span_mismatch,,"['岗位职责：', '1、构建公司PaaS研发平台，提供高可用，资源共享动态调度，Devops，自动化运维等功能', '2、构建公司研发技术栈，并提供不同场景下的技术解决方案', '3、负责公司框架级的工具研发', '4、与产品经理共同构建公司产品业务模型，指导开发', '技能要求:\xa0', '1、计算机、数学及相关专业，3年及以上工作经验；",构建公/S | 高可用，资源共享/S | Devops，自动化运维等/K | 的技术解决方案'/S | 公司框架级的/S | 产品经理共/K | 指导开发'/S | 计算机/K | 数学及相/K,Devops/K | 自动化/K | 计算机/K | 数学/K | 相关专业/K,高可用/S | 资源共享动态调度/S | Devops/S | 自动化运维/S | 计算机/K | 数学/K | 相关专业/K,构建公司PaaS研发平台/S | 高可用/K | 资源共享动态调度/K | Devops/S | 自动化运维/S | 技术解决方案/S | 框架级的工具研发/S | 产品业务模型/K | 指导开发/S | 计算机/K | 数学及相关专业/K,,
1978-s0001,19,todo,阿里云公开数据集,span_mismatch,,"', '2、具有丰富的系统分析与架构设计实践经验，熟悉多线程、高并发、高可用性、高扩展性系统架构设计；",系统分析与架构设/S | 多线程/K | 高并发/K,架构设计/S | 多线程/K | 高并发/K | 系统架构/K,系统分析/S | 架构设计/S | 多线程/K | 高并发/K | 高可用性/K | 高扩展性/K | 系统架构设计/S,系统分析与架构设计/S | 实践经验/K | 多线程/K | 高并发/K | 高可用性/K | 高扩展性/K | 系统架构设计/S,,
1978-s0004,19,todo,阿里云公开数据集,span_mismatch,,"', '5、有DDD领域建模与scrum敏捷开发经验；",DDD领域建模与scrum敏/K,建模/S,DDD领域建模/K | scrum敏捷开发/S,DDD领域建模/K | scrum敏捷开发经验/K,,
1978-s0005,19,todo,阿里云公开数据集,span_mismatch,,"', '6、理解SaaS构架，有开发SaaS服务系统的实际经验;",理解SaaS构架/K | 开发SaaS服务系统的/S,理解SaaS构架/K,SaaS构架/K,SaaS构架/K | 开发SaaS服务系统/S | 实际经验/K,,
1979-s0000,19,todo,阿里云公开数据集,empty_mismatch,,['1、根据公司要求，作为SPC服务的重要环节，保障所有驻厂设备及运行服务的安全稳定；,保障所/S | 驻厂设备及运行服/K,保障所/S | 驻厂设备/K,[],驻厂设备/K | 运行服务/S,,
1979-s0001,19,todo,阿里云公开数据集,type_only,,"', '2、与运维、设备工程师等协同，积极响应，高效保障SPC新服务陆地；",协同，积极响应/T,积极响应/T,积极响应/S,协同/T | 积极响应/T,,
1979-s0004,19,todo,阿里云公开数据集,span_mismatch,,"', '岗位要求：', '1、生物、化工相关专业专科及以上学历；",化工相关/K,相关专业/K | 学历/K,化工相关专业/K | 专科及以上学历/K,生物、化工相关专业专科及以上学历/K,,
1979-s0006,19,todo,阿里云公开数据集,span_mismatch,,"', '3、 具备较强的动手能力，具备一定的英语文献阅读能力和交流能力；",动手能力/S | 英语文献阅读能力/L,英语/L,动手能力/S | 英语文献阅读能力/L,动手能力/S | 英语/L | 文献阅读能力/S | 交流能力/T,,
1979-s0007,19,todo,阿里云公开数据集,span_mismatch,,"', '4、细致、严谨、富责任感；",严谨/T,严谨/T | 责任感/T,细致/T | 严谨/T | 责任感/T,细致/T | 严谨/T | 富责任感/T,,
1980-s0004,19,todo,阿里云公开数据集,span_mismatch,,"', '岗位要求：', '1.\xa0执行力强，具有较好的服务意识，良好的职业道德操守；",执行力强/T | 服务意识/T | 职业道德操守/T,执行力强/T | 服务意识/T,执行力/T | 服务意识/T | 职业道德操守/T,执行力强/T | 服务意识/T | 职业道德操守/T,,
1980-s0006,19,todo,阿里云公开数据集,span_mismatch,,"', '3.\xa0具备基本的数据库知识、对ERP及OA系统有一定的了解；",数据库知识/K | ERP及OA系统有一定/K,数据库/K | ERP/S | OA/S,数据库知识/K | OA系统/K,数据库知识/K | ERP/S | OA系统/S,,
1982-s0003,19,todo,事业单位招聘,span_mismatch,,三、招聘条件1．遵纪守法，品行端正，身体健康，具有较强的敬业精神和服务意识。,敬业精神和服务意/T,敬业精神/T | 服务意识/T,遵纪守法/T | 品行端正/T | 敬业精神/T | 服务意识/T,遵纪守法/T | 品行端正/T | 身体健康/T | 敬业精神/T | 服务意识/T,,
1982-s0006,19,todo,事业单位招聘,span_mismatch,,4．普通话标准，口齿清晰，熟练掌握计算机操作，会使用常用办公软件；,普通话标/L | 计算机操作/S | 使用常/S,普通话标准/L | 计算机/K,普通话/L | 口齿清晰/T | 计算机操作/S,普通话/L | 计算机操作/S | 常用办公软件/S,,
1982-s0008,19,todo,事业单位招聘,empty_mismatch,review_shiye_maybe_empty,5．人力资源和社会保障工作、咨询服务行业从业经历者同等条件下可优先。,咨询服务行/K,[],人力资源和社会保障工作/K | 咨询服务行业从业经历/K,人力资源和社会保障工作/K | 咨询服务行业/K,,
1983-s0000,19,todo,事业单位招聘,span_mismatch,,岗位描述岗位名称生物技术（优青）招聘种类专任教师岗位类别Teaching post拟招人数5招聘单位环境与资源学院岗位职责岗位要求博士研究生。,生物技术（/K | 环境与资源学院岗/K | 博士研究生/K,生物技术/K | 博士/K | 研究生/K,生物技术/K | 环境与资源学院/K | 博士研究生/K,生物技术/K | 博士研究生/K,,
1983-s0001,20,todo,事业单位招聘,span_mismatch,,应聘条件：生物学（0710），具有从事生物育种技术、植物病理学或微生物学研究背景，具有较强科研能力和较高学术水平，主持国家级科研项目或具有国外留学经历者优先。,生物学（/K | 生物育种技术、植/S | 科研能力和较/T,生物学/K,生物学/K | 生物育种技术/K | 植物病理学/K | 微生物学/K | 研究背景/K | 科研能力/S | 学术水平/K,生物学/K | 生物育种技术/K | 植物病理学/K | 微生物学/K | 科研能力/T | 学术水平/T,,
1984-s0001,20,todo,事业单位招聘,empty_mismatch,,为进一步拓宽儋州市正德学校选人用人渠道，补充紧缺学科教师，根据《海南省事业单位公开招聘工作人员实施办法》（琼人社发〔2018〕516号）规定和要求，结合实际，现公告如下：一、招聘原则按照德才兼备，以德为先的用人标准，坚持“公开、公平、竞争、择优”的原则。,公开招/T | 号）规定和要求/K | 原则按/K | 德才兼备/T | 用人标准/K | 公平/T | 竞争/T | 择优/T,公平/T | 竞争/T | 择优/T,[],公开/T | 德才兼备/T | 以德为先/T | 公平/T | 竞争/T | 择优/T,,
1984-s0050,20,todo,事业单位招聘,empty_mismatch,,3.面试面试采取微格教学+答辩的方式，主要测试考生的专业教学基本功等方面。,微格教学+答辩的/S | 基本功等方/S,面试/S,[],微格教学/S | 答辩/S | 专业教学基本功/S,,
1985-s0001,20,todo,事业单位招聘,span_mismatch,,现将有关事项公告如下：一、招聘条件（一）拥护中国共产党的领导，热爱社会主义，遵纪守法，品行端正，服从工作安排，身体健康，无违法违纪行为。,拥护中国共产党的/T,拥护中国共产党/T,热爱社会主义/T | 遵纪守法/T | 品行端正/T | 服从工作安排/T,拥护中国共产党的领导/T | 热爱社会主义/T | 遵纪守法/T | 品行端正/T | 服从工作安排/T,,
1985-s0002,20,todo,事业单位招聘,span_mismatch,,（二）学历条件：具有国家承认的大专及同等以上学历。,国家承认/S,大专/K,国家承认的大专及同等以上学历/K,大专及同等以上学历/K,,
1986-s0000,20,todo,事业单位招聘,span_mismatch,,职位描述 岗位名称： 重症医学科医师岗位类型： 专技岗岗位计划： 2岗位条件： 临床医学（1002、1051）专业；,临床医学（/K,医学/K | 临床医学/K,重症医学科医师/K | 临床医学/K,临床医学/K,,
1987-s0030,20,todo,事业单位招聘,empty_mismatch,, （2）应聘人员须同时具有相应学历和学位证书，且学历证书上的毕业专业与应聘专业相一致。,相应学历/K,学历/K | 学位/K | 证书/K,[],学历/K | 学位证书/K,,
1987-s0031,20,todo,事业单位招聘,empty_mismatch,, （2）应聘人员须同时具有相应学历和学位证书，且学历证书上的毕业专业与应聘专业相一致。,相应学历/K,学历/K | 学位/K | 证书/K,[],学历/K | 学位证书/K,,
1988-s0012,20,todo,事业单位招聘,span_mismatch,,3.具有国家承认的大学专科及以上学历的毕业生。,国家承认/S,学历/K,国家承认的大学专科及以上学历/K,大学专科及以上学历/K,,
1988-s0013,20,todo,事业单位招聘,span_mismatch,,3.具有国家承认的大学专科及以上学历的毕业生。,国家承认/S,学历/K,国家承认的大学专科及以上学历/K,大学专科及以上学历/K,,
1988-s0051,20,todo,事业单位招聘,empty_mismatch,,（2）“退役大学生士兵”是指以下两类人员：一是具有涿鹿县户籍且从涿鹿县应征入伍，入伍前即取得普通高等教育全日制大学专科及以上学历的退役士兵；,普通高等教育全日/K,学历/K,[],大学专科及以上学历/K,,
1988-s0052,20,todo,事业单位招聘,empty_mismatch,,二是具有涿鹿县户籍且大学期间从涿鹿县应征入伍、服役期满退出现役后复学，取得普通高等教育全日制大学专科以上学历的退役士兵；,普通高等教育全日/K,学历/K,[],大学专科以上学历/K,,
1988-s0053,20,todo,事业单位招聘,empty_mismatch,,二是具有涿鹿县户籍且大学期间从涿鹿县应征入伍、服役期满退出现役后复学，取得普通高等教育全日制大学专科以上学历的退役士兵；,普通高等教育全日/K | 退役士兵/K,学历/K,[],大学专科以上学历/K,,
1990-s0002,20,todo,事业单位招聘,empty_mismatch,empty_shiye_process,为加强人才队伍建设，优化岗位结构，现将2023年度第二批招聘岗位公告如下：一、招聘岗位及要求：共11个岗位（11人），具体要求详见下表：序号岗位名称岗位简介招聘人数招聘范围专业学历要求学位要求年龄要求4鱼类遗传育种利用遗传学分析方法，从事鲤科鱼类分析、品种选育工作。,[],学历/K | 学位/K,[],遗传学分析方法/S | 鲤科鱼类分析/S | 品种选育/S,,
1990-s0004,20,todo,事业单位招聘,empty_mismatch,,1高校毕业生、留学回国人员、博士后出站人员、社会在职人员等水产及生物类相关专业研究生博士35周岁以下5鱼类遗传育种从事鲤科鱼类实验鱼繁殖、养殖工作，在宽甸基地一线负责基地管理、科研工作1高校毕业生、留学回国人员、博士后出站人员、社会在职人员等水产及生物类相关专业研究生硕士及以上35周岁以下6冷水性鱼类养殖在渤海水产实验站开展工作，主要从事冷水性鱼增养殖及实验鱼苗种培育等工作1高校毕业生、留学回国人员、博士后出站人员、社会在职人员等水产及生物类相关专业本科及以上学士及以上35周岁以下7鲑鳟营养与饲料研究科研人员开展饲料添加剂研发、肠道健康与免疫学及抗应激机理研究1高校毕业生、留学回国人员、博士后出站人员、社会在职人员等水产及生物类相关专业研究生博士35周岁以下8林蛙种质资源与遗传育种主要从事东北林蛙种质资源、遗传育种及养殖技术研究1高校毕业生、留学回国人员、博士后出站人员、社会在职人员等水产及生物类相关专业研究生硕士及以上35周岁以下9基地技术员负责基地鱼类养殖、繁殖和驯化等工作，并负责鱼类饲喂；,水产及生物类相关/K | 遗传育种从/K | 鲤科鱼类实验鱼繁/S | 基地管理/S | 科研工/S | 鱼类养殖在/K | 冷水性鱼增养殖及/S | 营养与饲料研究科/K | 饲料添加剂研发/S | 林蛙种质资源与遗/K | 东北林蛙种质资源/K | 养殖技术研究1高/S | 基地鱼类养殖/S | 驯化等工作/S | 鱼类饲喂/S,博士/K | 水产/K | 生物类/K | 相关专业/K | 研究生/K | 实验/S | 养殖/S | 硕士/K | 培育/S | 本科/K | 学士/K | 林蛙种质资源/K,[],水产及生物类相关专业/K | 遗传育种/K | 鲤科鱼类实验鱼繁殖/S | 养殖工作/S | 基地管理/S | 科研工作/S | 水产及生物类相关专业/K | 冷水性鱼类养殖/K | 冷水性鱼增养殖/S | 实验鱼苗种培育/S | 水产及生物类相关专业/K | 营养与饲料研究/K | 饲料添加剂研发/S | 肠道健康/K | 免疫学/K | 抗应激机理研究/S | 水产及生物类相关专业/K | 林蛙种质资源/K | 遗传育种/K | 养殖技术研究/S | 水产及生物类相关专业/K | 鱼类养殖/S | 繁殖/S | 驯化/S | 鱼类饲喂/S,,
1990-s0005,20,todo,事业单位招聘,empty_mismatch,,1高校毕业生、留学回国人员、博士后出站人员、社会在职人员等水产及生物类相关专业研究生博士35周岁以下5鱼类遗传育种从事鲤科鱼类实验鱼繁殖、养殖工作，在宽甸基地一线负责基地管理、科研工作1高校毕业生、留学回国人员、博士后出站人员、社会在职人员等水产及生物类相关专业研究生硕士及以上35周岁以下6冷水性鱼类养殖在渤海水产实验站开展工作，主要从事冷水性鱼增养殖及实验鱼苗种培育等工作1高校毕业生、留学回国人员、博士后出站人员、社会在职人员等水产及生物类相关专业本科及以上学士及以上35周岁以下7鲑鳟营养与饲料研究科研人员开展饲料添加剂研发、肠道健康与免疫学及抗应激机理研究1高校毕业生、留学回国人员、博士后出站人员、社会在职人员等水产及生物类相关专业研究生博士35周岁以下8林蛙种质资源与遗传育种主要从事东北林蛙种质资源、遗传育种及养殖技术研究1高校毕业生、留学回国人员、博士后出站人员、社会在职人员等水产及生物类相关专业研究生硕士及以上35周岁以下9基地技术员负责基地鱼类养殖、繁殖和驯化等工作，并负责鱼类饲喂；,鲤科鱼类实验鱼繁/S | 基地管理/S | 科研工/S | 冷水性鱼增养殖及/S | 饲料添加剂研发/S | 抗应激机理研究1/S | 养殖技术研究1高/S | 基地鱼类养殖/S | 驯化等工作/S | 鱼类饲喂/S,博士/K | 水产/K | 生物类/K | 相关专业/K | 研究生/K | 实验/S | 养殖/S | 硕士/K | 培育/S | 本科/K | 学士/K,[],鲤科鱼类实验鱼繁殖/S | 养殖工作/S | 基地管理/S | 科研工作/S | 鱼类养殖/S | 冷水性鱼增养殖/S | 实验鱼苗种培育/S | 饲料添加剂研发/S | 肠道健康/K | 免疫学/K | 抗应激机理研究/S | 养殖技术研究/S | 繁殖/S | 驯化/S | 鱼类饲喂/S,,
1990-s0006,20,todo,事业单位招聘,empty_mismatch,,负责车间鲟鳇鱼的驯化、苗种培育等工作1高校毕业生、留学回国人员、博士后出站人员、社会在职人员等水产、生物学、管理学及相关专业本科及以上无35周岁以下10水生动物病害防控病毒病防控技术研究，从事IHN及IPN等病毒病疫苗产业化技术研究1高校毕业生、留学回国人员、博士后出站人员、社会在职人员等水产及生物类相关专业研究生博士35周岁以下12水产遗传育种与生物技术研究室鲑鳟遗传育种及经济性状遗传解析从事鲑鳟鱼类遗传育种、基因编辑育种、经济性状遗传解析、基因信息挖掘及功能验证等相关研究工作1高校毕业生、留学回国人员、博士后出站人员、社会在职人员等水产及生物类相关专业研究生硕士及以上35周岁以下13水产品质量安全与标准研究从事水产品质量安全与标准、风险评估与防控、品质评价与加工技术研究1高校毕业生、留学回国人员、博士后出站人员、社会在职人员等食品质量与安全、分析化学及相关专业研究生博士35周岁以下15鲟鳇鱼新品种及健康养殖技术的研发与推广从事鲟鳇鱼新品种、新兴养殖模式的开发、利用与推广等相关工作1高校毕业生、留学回国人员、博士后出站人员、社会在职人员等水产及生物类相关专业研究生硕士及以上35周岁以下16工业化养殖和生态工程负责工厂化循环水及池塘养殖设施装备研发等1高校毕业生、留学回国人员、博士后出站人员、社会在职人员等机械自动化及渔业工程等相关专业研究生硕士及以上35周岁以下二、应聘条件（一）具有中华人民共和国国籍，遵守宪法和法律，政治素质高，思想品德好；,驯化/S | 苗种培育等/S | 水产、生物学、管/K | 水生动物病害防控/K | IHN及IPN等病毒病疫/S | 水产及生物类相关/K | 水产遗传育种与生/K | 鲑鳟遗传育种及经/K | 鲑鳟鱼类遗传育种/S | 基因信息挖掘及功/S | 水产品质量安全与/K | 风险评估与防控/K | 食品质量与安全/K | 鲟鳇鱼新品种及健/S | 鲟鳇鱼新品种、新/S | 工业化养殖和生态/K,培育/S | 博士/K | 水产/K | 生物学/K | 相关专业/K | 本科/K | 防控/S | 生物类/K | 研究生/K | 水产遗传育种/K | 生物技术/K | 编辑/S | 基因信息挖掘/S | 硕士/K | 水产品质量安全/K | 风险评估/K | 化学/K | 鲟鳇鱼新品种/S | 养殖/S | 自动化/K,[],驯化/S | 苗种培育/S | 水产/K | 生物学/K | 管理学/K | 水生动物病害防控/K | 病毒病防控技术研究/S | IHN/K | IPN/K | 病毒病疫苗产业化技术研究/S | 水产及生物类相关专业/K | 水产遗传育种与生物技术研究室/K | 鲑鳟遗传育种/K | 经济性状遗传解析/K | 鲑鳟鱼类遗传育种/S | 基因编辑育种/S | 经济性状遗传解析/S | 基因信息挖掘/S | 功能验证/S | 水产品质量安全与标准研究/K | 水产品质量安全与标准/K | 风险评估与防控/K | 品质评价/S | 加工技术研究/S | 食品质量与安全/K | 分析化学/K | 鲟鳇鱼新品种/K | 健康养殖技术/K | 研发/S | 推广/S | 新兴养殖模式/K | 开发/S | 利用/S | 推广/S | 工业化养殖/K | 生态工程/K | 工厂化循环水/S | 池塘养殖设施装备研发/S | 机械自动化/K | 渔业工程/K,,
1990-s0007,20,todo,事业单位招聘,empty_mismatch,,负责车间鲟鳇鱼的驯化、苗种培育等工作1高校毕业生、留学回国人员、博士后出站人员、社会在职人员等水产、生物学、管理学及相关专业本科及以上无35周岁以下10水生动物病害防控病毒病防控技术研究，从事IHN及IPN等病毒病疫苗产业化技术研究1高校毕业生、留学回国人员、博士后出站人员、社会在职人员等水产及生物类相关专业研究生博士35周岁以下12水产遗传育种与生物技术研究室鲑鳟遗传育种及经济性状遗传解析从事鲑鳟鱼类遗传育种、基因编辑育种、经济性状遗传解析、基因信息挖掘及功能验证等相关研究工作1高校毕业生、留学回国人员、博士后出站人员、社会在职人员等水产及生物类相关专业研究生硕士及以上35周岁以下13水产品质量安全与标准研究从事水产品质量安全与标准、风险评估与防控、品质评价与加工技术研究1高校毕业生、留学回国人员、博士后出站人员、社会在职人员等食品质量与安全、分析化学及相关专业研究生博士35周岁以下15鲟鳇鱼新品种及健康养殖技术的研发与推广从事鲟鳇鱼新品种、新兴养殖模式的开发、利用与推广等相关工作1高校毕业生、留学回国人员、博士后出站人员、社会在职人员等水产及生物类相关专业研究生硕士及以上35周岁以下16工业化养殖和生态工程负责工厂化循环水及池塘养殖设施装备研发等1高校毕业生、留学回国人员、博士后出站人员、社会在职人员等机械自动化及渔业工程等相关专业研究生硕士及以上35周岁以下二、应聘条件（一）具有中华人民共和国国籍，遵守宪法和法律，政治素质高，思想品德好；,驯化/S | 苗种培育等/S | 水产、生物学、管/K | 水生动物病害防控/K | IHN及IPN等病毒病疫/S | 水产及生物类相关/K | 生物技术研究室鲑/K | 经济性状遗传解析/S | 鲑鳟鱼类遗传育种/S | 基因信息挖掘及功/S | 水产品质量安全与/K | 风险评估与防控/S | 食品质量与安全/K | 健康养殖技术的研/K | 鲟鳇鱼新品种、新/S,培育/S | 博士/K | 水产/K | 生物学/K | 相关专业/K | 本科/K | 防控/S | 生物类/K | 研究生/K | 生物技术/K | 编辑/S | 基因信息挖掘/S | 硕士/K | 水产品质量安全/K | 风险评估/S | 化学/K | 养殖/S | 自动化/K,[],驯化/S | 苗种培育/S | 水产/K | 生物学/K | 管理学/K | 水生动物病害防控/K | 病毒病防控技术研究/S | IHN/K | IPN/K | 病毒病疫苗产业化技术研究/S | 水产及生物类相关专业/K | 水产遗传育种与生物技术研究室/K | 鲑鳟遗传育种/K | 经济性状遗传解析/K | 鲑鳟鱼类遗传育种/S | 基因编辑育种/S | 经济性状遗传解析/S | 基因信息挖掘/S | 功能验证/S | 水产品质量安全与标准研究/K | 水产品质量安全与标准/K | 风险评估与防控/K | 品质评价/S | 加工技术研究/S | 食品质量与安全/K | 分析化学/K | 鲟鳇鱼新品种/K | 健康养殖技术/K | 研发/S | 推广/S | 新兴养殖模式/K | 开发/S | 利用/S | 推广/S | 工业化养殖/K | 生态工程/K | 工厂化循环水/S | 池塘养殖设施装备研发/S | 机械自动化/K | 渔业工程/K,,
1990-s0008,20,todo,事业单位招聘,span_mismatch,,（二）热爱渔业，爱岗敬业，事业心和责任感强，具有良好的团队协作和开拓创新精神；,团队协作和开拓创/T,敬业/T | 事业心/T | 责任感/T | 创新精神/T,热爱渔业/T | 爱岗敬业/T | 事业心/T | 责任感/T | 团队协作/T | 开拓创新精神/T,团队协作/T | 开拓创新精神/T,,
1990-s0009,20,todo,事业单位招聘,span_mismatch,,（二）热爱渔业，爱岗敬业，事业心和责任感强，具有良好的团队协作和开拓创新精神；,团队协作和开拓创/T,敬业/T | 事业心/T | 责任感/T | 创新精神/T,热爱渔业/T | 爱岗敬业/T | 事业心/T | 责任感/T | 团队协作/T | 开拓创新精神/T,团队协作/T | 开拓创新精神/T,,
1990-s0022,20,todo,事业单位招聘,empty_mismatch,,（三）考试：当审查合格人选满足招考条件时，开始考试，考试内容包括笔试和面试，主要测试招聘岗位所需的专业知识、业务能力、工作技能、英语水平、写作能力等。,专业知识/K | 业务能/K,面试/S | 专业知识/K | 英语/L | 写作能力/S,[],专业知识/K | 业务能力/S | 工作技能/S | 英语水平/L | 写作能力/S,,
1990-s0023,20,todo,事业单位招聘,empty_mismatch,,（三）考试：当审查合格人选满足招考条件时，开始考试，考试内容包括笔试和面试，主要测试招聘岗位所需的专业知识、业务能力、工作技能、英语水平、写作能力等。,专业知识/K | 业务能/K,面试/S | 专业知识/K | 英语/L | 写作能力/S,[],专业知识/K | 业务能力/S | 工作技能/S | 英语水平/L | 写作能力/S,,
1991-s0006,20,todo,事业单位招聘,span_mismatch,,具有海南省户籍或生源地为海南省的全日制大专以上学历的临床医学、中医学类、中西医结合类等医学专业2023年应届毕业生(含尚在择业期内未落实工作单位的2021年、2022年毕业生，不含村医定单定向生)。,临床医学/K | 中医学/K,大专/K | 临床医学/K,海南省户籍/K | 全日制大专以上学历/K | 临床医学/K | 中医学类/K | 中西医结合类/K | 医学专业/K,临床医学/K | 中医学类/K | 中西医结合类/K | 医学专业/K,,
1991-s0007,20,todo,事业单位招聘,span_mismatch,,具有海南省户籍或生源地为海南省的全日制大专以上学历的临床医学、中医学类、中西医结合类等医学专业2023年应届毕业生(含尚在择业期内未落实工作单位的2021年、2022年毕业生，不含村医定单定向生)。,临床医学/K | 中医学/K,大专/K | 临床医学/K,海南省户籍/K | 全日制大专以上学历/K | 临床医学/K | 中医学类/K | 中西医结合类/K | 医学专业/K,临床医学/K | 中医学类/K | 中西医结合类/K | 医学专业/K,,
1992-s0004,20,todo,事业单位招聘,span_mismatch,,3、水暖工：要求相关专业中专及以上学历，有中央空调维修工作经验。,中央空调维修工作/S,相关专业/K | 中专/K | 学历/K,相关专业中专及以上学历/K | 中央空调维修/S,相关专业中专及以上学历/K | 中央空调维修工作经验/S,,
1992-s0005,20,todo,事业单位招聘,span_mismatch,,3、水暖工：要求相关专业中专及以上学历，有中央空调维修工作经验。,中央空调维修工作/S,相关专业/K | 中专/K | 学历/K,相关专业中专及以上学历/K | 中央空调维修/S,相关专业中专及以上学历/K | 中央空调维修工作经验/S,,
1996-s0014,20,todo,事业单位招聘,span_mismatch,,二、应聘条件安保员：1.政治立场坚定，遵纪守法、品行端正、沉着冷静、责任心强，学习能力强，具有良好的职业道德操守、团队合作精神及沟通协调能力。,学习能力强/T | 团队合作精/T | 沟通协调能力/T,责任心强/T | 学习能力强/T | 团队合作精神/T | 沟通协调能力/T,政治立场坚定/T | 遵纪守法/T | 品行端正/T | 沉着冷静/T | 责任心强/T | 学习能力强/T | 职业道德操守/T | 团队合作精神/T | 沟通协调能力/T,责任心强/T | 学习能力强/T | 职业道德操守/T | 团队合作精神/T | 沟通协调能力/T,,
1996-s0015,20,todo,事业单位招聘,span_mismatch,,二、应聘条件安保员：1.政治立场坚定，遵纪守法、品行端正、沉着冷静、责任心强，学习能力强，具有良好的职业道德操守、团队合作精神及沟通协调能力。,学习能力强/T | 团队合作精/T | 沟通协调能力/T,责任心强/T | 学习能力强/T | 团队合作精神/T | 沟通协调能力/T,政治立场坚定/T | 遵纪守法/T | 品行端正/T | 沉着冷静/T | 责任心强/T | 学习能力强/T | 职业道德操守/T | 团队合作精神/T | 沟通协调能力/T,责任心强/T | 学习能力强/T | 职业道德操守/T | 团队合作精神/T | 沟通协调能力/T,,
1999-s0012,20,todo,事业单位招聘,empty_mismatch,,（三）具备职位所需的专业知识和技能条件，适应职位要求的身体条件，以及具备职位需要的其他条件；,专业知识和技能条/K,专业知识/K,[],专业知识/K | 技能条件/S,,
1999-s0013,20,todo,事业单位招聘,empty_mismatch,,（三）具备职位所需的专业知识和技能条件，适应职位要求的身体条件，以及具备职位需要的其他条件；,专业知识和技能条/K,专业知识/K,[],专业知识/K | 技能条件/S,,
