dataset,id,rule_family,status,text_sha256
gold150,1801-s0004,coordination,candidate_requires_context_review,7044772dca67500c91b4719487202e66951580c9fc7c16341d5e83ca752eb8d8
gold150,1802-s0000,coordination,candidate_requires_context_review,16d0fca531a14986042a7a5eaee3f14c62a1e287687146f7e5417ad71e871c86
gold150,1802-s0005,coordination,candidate_requires_context_review,7af344c17f680c023bc60113e0cdd3df03f4f7bd27087fac8cffe96fff409b9f
gold150,1802-s0006,coordination,candidate_requires_context_review,920341169d104b2fe1e120bd0533f56ffa23fd8dc732bb410bd19b6b9d9eba76
gold150,1802-s0007,experience,candidate_requires_context_review,d2ee96f90d3671fb28e4f70b837fe7e723221ae304cf9ed9eb4d9e5ac980024e
gold150,1802-s0007,coordination,candidate_requires_context_review,d2ee96f90d3671fb28e4f70b837fe7e723221ae304cf9ed9eb4d9e5ac980024e
gold150,1802-s0007,tool_theory,candidate_requires_context_review,d2ee96f90d3671fb28e4f70b837fe7e723221ae304cf9ed9eb4d9e5ac980024e
gold150,1802-s0008,experience,candidate_requires_context_review,c76be1f6f6a3909d9d58122f31cc4bd60f76ec25ee7d59a8aaaf8c60a60cc5fb
gold150,1802-s0008,coordination,candidate_requires_context_review,c76be1f6f6a3909d9d58122f31cc4bd60f76ec25ee7d59a8aaaf8c60a60cc5fb
gold150,1802-s0008,transversal,candidate_requires_context_review,c76be1f6f6a3909d9d58122f31cc4bd60f76ec25ee7d59a8aaaf8c60a60cc5fb
gold150,1802-s0017,coordination,candidate_requires_context_review,4a78a0546b8756e3ef38f539663578ff8daf0f7f7fff041e72918d990c8756c1
gold150,1802-s0017,transversal,candidate_requires_context_review,4a78a0546b8756e3ef38f539663578ff8daf0f7f7fff041e72918d990c8756c1
gold150,1803-s0000,coordination,candidate_requires_context_review,06198e132e84577432f4d5b45e0290f22ed507b37f12463e7f632d5973bb3c4c
gold150,1803-s0001,coordination,candidate_requires_context_review,835700955899af2b5dada70317e80e92d9565c34414d1330cb927be2e6b1a87d
gold150,1803-s0002,coordination,candidate_requires_context_review,81a9e7e3079c065ac831bd837e4e8e86ebc9aa99de94636f637e93ed260fc887
gold150,1803-s0003,coordination,candidate_requires_context_review,71ea53eedbc17c0bc7034ce9a94f7172f921ddf377133d729a466a3d3e8a59ec
gold150,1803-s0004,coordination,candidate_requires_context_review,827b761bc15aeafbb894bc4964f60e83a1cc516542e659e5beed240ca357f4a7
gold150,1803-s0006,experience,candidate_requires_context_review,56df72bd3d73df351ecbd2cb6e8198a4245e9ba27701358e339f37b65eb228e7
gold150,1803-s0006,coordination,candidate_requires_context_review,56df72bd3d73df351ecbd2cb6e8198a4245e9ba27701358e339f37b65eb228e7
gold150,1803-s0007,experience,candidate_requires_context_review,4a1fd3b729c4d95248dcaa45d9abccce146f75c8abace8da4a1f6cdd7acc2956
gold150,1803-s0007,coordination,candidate_requires_context_review,4a1fd3b729c4d95248dcaa45d9abccce146f75c8abace8da4a1f6cdd7acc2956
gold150,1803-s0008,coordination,candidate_requires_context_review,762abc1599114279253e8792abed898dd0c37d2dbf71ca62cca13abfb7f5a447
gold150,1803-s0008,transversal,candidate_requires_context_review,762abc1599114279253e8792abed898dd0c37d2dbf71ca62cca13abfb7f5a447
gold150,1804-s0001,coordination,candidate_requires_context_review,c1804a625d69d6d32493f5770939102b6130659013d98a31920afb8057bf153a
gold150,1804-s0003,coordination,candidate_requires_context_review,9cc4ffe9c875da71a365fdb6f8f225780a3d1600e5e4ca3b8e2e5c6b934f175f
gold150,1804-s0004,coordination,candidate_requires_context_review,8e6de97c382a3d2b1217bc7e0ff5bb7c25c62717252062da33abce7d2f20e047
gold150,1804-s0005,coordination,candidate_requires_context_review,5feda2500f95b0a4598c972a0f0990ecbbace9b73b9ee072e8e4b35f19074fad
gold150,1804-s0005,tool_theory,candidate_requires_context_review,5feda2500f95b0a4598c972a0f0990ecbbace9b73b9ee072e8e4b35f19074fad
gold150,1804-s0005,transversal,candidate_requires_context_review,5feda2500f95b0a4598c972a0f0990ecbbace9b73b9ee072e8e4b35f19074fad
gold150,1804-s0006,experience,candidate_requires_context_review,4d2c2de1655aa2a0968de49bb7a2371322f105f53246e893d03c46404ca8c61b
gold150,1804-s0006,coordination,candidate_requires_context_review,4d2c2de1655aa2a0968de49bb7a2371322f105f53246e893d03c46404ca8c61b
gold150,1804-s0006,tool_theory,candidate_requires_context_review,4d2c2de1655aa2a0968de49bb7a2371322f105f53246e893d03c46404ca8c61b
gold150,1804-s0007,coordination,candidate_requires_context_review,3700534543e1dbe8560767598a1b78aa7cf24f4173954ce13241e83e6e81a7f3
gold150,1804-s0007,transversal,candidate_requires_context_review,3700534543e1dbe8560767598a1b78aa7cf24f4173954ce13241e83e6e81a7f3
gold150,1804-s0008,coordination,candidate_requires_context_review,885fff6ec6f89c4273fbc6a1a71736f7629ad5b0a4e32910c19434b02ce8b3d4
gold150,1804-s0010,coordination,candidate_requires_context_review,6356f50259294593cb984c85e92cb97b38e699340ddf1dda226c69e8af6c579a
gold150,1804-s0010,tool_theory,candidate_requires_context_review,6356f50259294593cb984c85e92cb97b38e699340ddf1dda226c69e8af6c579a
gold150,1804-s0010,transversal,candidate_requires_context_review,6356f50259294593cb984c85e92cb97b38e699340ddf1dda226c69e8af6c579a
gold150,1804-s0011,coordination,candidate_requires_context_review,6442543bc94752534031236907d21bba4acc66450aaf8ef133ca7020a7b7a23c
gold150,1804-s0011,transversal,candidate_requires_context_review,6442543bc94752534031236907d21bba4acc66450aaf8ef133ca7020a7b7a23c
gold150,1804-s0015,coordination,candidate_requires_context_review,1bcdbf378009f8c179cb3af7bf6d58d3b7f97d38e971a8fc7f5dd4773d3f6e21
gold150,1804-s0015,transversal,candidate_requires_context_review,1bcdbf378009f8c179cb3af7bf6d58d3b7f97d38e971a8fc7f5dd4773d3f6e21
gold150,1804-s0017,coordination,candidate_requires_context_review,3f19d8203d67ac78fe145d0856b5dec2b01fa9328e865ca22a412712c69f2dec
gold150,1804-s0017,tool_theory,candidate_requires_context_review,3f19d8203d67ac78fe145d0856b5dec2b01fa9328e865ca22a412712c69f2dec
gold150,1804-s0019,tool_theory,candidate_requires_context_review,478649f7e42e9e917f6b8853a49b0ef7fed7e49068521837e794f020a62db13b
gold150,1804-s0020,experience,candidate_requires_context_review,4bda47d9880d50915f1fe8dcb7e20a4e6cbd57f789ea75bf603f19626dc6ed51
gold150,1804-s0020,coordination,candidate_requires_context_review,4bda47d9880d50915f1fe8dcb7e20a4e6cbd57f789ea75bf603f19626dc6ed51
gold150,1804-s0020,transversal,candidate_requires_context_review,4bda47d9880d50915f1fe8dcb7e20a4e6cbd57f789ea75bf603f19626dc6ed51
gold150,1805-s0004,coordination,candidate_requires_context_review,2f167c66f00f45967336dbe372cb7debb8ff9ea52d3f375386c9d91fde5e2649
gold150,1806-s0003,coordination,candidate_requires_context_review,0c55bbfc5270e48d27d5457ea53e4be4b1e20f3677cb1894bbd7dcb016e2f9f7
gold150,1806-s0005,coordination,candidate_requires_context_review,cd897db8ccf68e8e891f5947f8cb75856136f6f62edde4298edb77f4d3ff340f
gold150,1807-s0001,coordination,candidate_requires_context_review,0875d31e88d4b104c940d2f5937a699cb053ae0a42abd49a766b99314c03b2dc
gold150,1807-s0003,coordination,candidate_requires_context_review,1b9f6aea6b495fe660ff7fcafbe5c2ec68348f95498e91705ca2ec83cae8b9c9
gold150,1808-s0000,coordination,candidate_requires_context_review,a24eac9f6882c5274c4dd4cc012177514e7abddf2906598585a5e2177cb44184
gold150,1808-s0000,tool_theory,candidate_requires_context_review,a24eac9f6882c5274c4dd4cc012177514e7abddf2906598585a5e2177cb44184
gold150,1808-s0001,coordination,candidate_requires_context_review,9cc8b5dba5c267fb1e043bbd1f1b21b60ee118d36aa822dd3d671477b8251187
gold150,1808-s0002,coordination,candidate_requires_context_review,df7da18d0877dbd6b103b440f186c0c6bb8b9bf8d00e09df784539751fcbf37c
gold150,1808-s0002,transversal,candidate_requires_context_review,df7da18d0877dbd6b103b440f186c0c6bb8b9bf8d00e09df784539751fcbf37c
gold150,1808-s0003,experience,candidate_requires_context_review,5cc6d729adb8aed442c9c5dba96f61b1d8ffae189a5e23357245ab111c81df36
gold150,1808-s0003,coordination,candidate_requires_context_review,5cc6d729adb8aed442c9c5dba96f61b1d8ffae189a5e23357245ab111c81df36
gold150,1808-s0006,coordination,candidate_requires_context_review,3b691c42995ebb9e856d8f2abf20761cf702a723bdea75b9425f9e804156db52
gold150,1809-s0002,coordination,candidate_requires_context_review,7452a26798e230369bfcd226637079a65fd5317965f1c19332a2c19803ffc1d1
gold150,1809-s0003,coordination,candidate_requires_context_review,777cbd7c6d7a6ec61ccc1b6abc94cd80595aab3c800a5266b00ea33d65b436cd
gold150,1809-s0004,experience,candidate_requires_context_review,f82544ea40375eb20de7a18d1914c0170e77c45032f8331144958483326c704d
gold150,1809-s0004,coordination,candidate_requires_context_review,f82544ea40375eb20de7a18d1914c0170e77c45032f8331144958483326c704d
gold150,1810-s0000,experience,candidate_requires_context_review,47028c63333a44e82ebc4071448dbe682f9c46f8f20f091c94af1c681e295f38
gold150,1810-s0000,coordination,candidate_requires_context_review,47028c63333a44e82ebc4071448dbe682f9c46f8f20f091c94af1c681e295f38
gold150,1810-s0000,tool_theory,candidate_requires_context_review,47028c63333a44e82ebc4071448dbe682f9c46f8f20f091c94af1c681e295f38
gold150,1810-s0000,transversal,candidate_requires_context_review,47028c63333a44e82ebc4071448dbe682f9c46f8f20f091c94af1c681e295f38
gold150,1811-s0001,coordination,candidate_requires_context_review,b9b0bd208fd20b26960c5858fdf435dcb391cdb0e4bfdda4bf453eb129e3a8ea
gold150,1811-s0001,transversal,candidate_requires_context_review,b9b0bd208fd20b26960c5858fdf435dcb391cdb0e4bfdda4bf453eb129e3a8ea
gold150,1811-s0003,coordination,candidate_requires_context_review,51a8fa5dc0346d4d6eea8264ba4a3c4ba6e997866e24c68323e981fcba3cd129
gold150,1811-s0003,transversal,candidate_requires_context_review,51a8fa5dc0346d4d6eea8264ba4a3c4ba6e997866e24c68323e981fcba3cd129
gold150,1811-s0004,experience,candidate_requires_context_review,b9f3899c441cecc9af85d3e0b3e309881dee5528ef6643c45d24a88762cdbb59
gold150,1811-s0004,coordination,candidate_requires_context_review,b9f3899c441cecc9af85d3e0b3e309881dee5528ef6643c45d24a88762cdbb59
gold150,1811-s0005,coordination,candidate_requires_context_review,8886bf8f32cdbe41d12dfe3322d163b6c5326479aff39fe7a88386d670ddecac
gold150,1811-s0006,coordination,candidate_requires_context_review,367ab6d93999566146e41fb470441cd72c293a9b5aea064b2da148e3b0efcdda
gold150,1811-s0006,transversal,candidate_requires_context_review,367ab6d93999566146e41fb470441cd72c293a9b5aea064b2da148e3b0efcdda
gold150,1811-s0007,coordination,candidate_requires_context_review,f8cdaf1c1d966d19aaff8173fc54b326d4c47c2eb058558652d84d0dd77afdaa
gold150,1812-s0000,coordination,candidate_requires_context_review,4b6d600a4a16f76d78d3f127a20c6fa6092392f8a6777cd472543e02f5dbb0a7
gold150,1812-s0001,coordination,candidate_requires_context_review,06b44d3062df661b786a47b43040b30f67fce99e15bd7b9819acb8351fd1b702
gold150,1812-s0002,experience,candidate_requires_context_review,c870ed7dbe7c3a60746e14fc9de904ae27b938c6d4c48b49834f484208467b08
gold150,1812-s0002,coordination,candidate_requires_context_review,c870ed7dbe7c3a60746e14fc9de904ae27b938c6d4c48b49834f484208467b08
gold150,1812-s0002,tool_theory,candidate_requires_context_review,c870ed7dbe7c3a60746e14fc9de904ae27b938c6d4c48b49834f484208467b08
gold150,1812-s0003,coordination,candidate_requires_context_review,81626794da69aa386213d54cae8d2997875cfac654b05eeb5575973058a6681d
gold150,1812-s0004,experience,candidate_requires_context_review,1dcc2b744767ce988008222a8ad825a96650fe8051c3d768ba05fcedd6a255f6
gold150,1812-s0004,coordination,candidate_requires_context_review,1dcc2b744767ce988008222a8ad825a96650fe8051c3d768ba05fcedd6a255f6
gold150,1812-s0004,tool_theory,candidate_requires_context_review,1dcc2b744767ce988008222a8ad825a96650fe8051c3d768ba05fcedd6a255f6
gold150,1812-s0005,experience,candidate_requires_context_review,9fc8b3218fb47572b835668221c967a706474623a81e66913cf94fc83fb957ab
gold150,1812-s0005,coordination,candidate_requires_context_review,9fc8b3218fb47572b835668221c967a706474623a81e66913cf94fc83fb957ab
gold150,1812-s0005,tool_theory,candidate_requires_context_review,9fc8b3218fb47572b835668221c967a706474623a81e66913cf94fc83fb957ab
gold150,1813-s0001,coordination,candidate_requires_context_review,4f5169f643a46580796e64357d4a43741ba671351bdf72959212046213f7a6bb
gold150,1813-s0001,transversal,candidate_requires_context_review,4f5169f643a46580796e64357d4a43741ba671351bdf72959212046213f7a6bb
gold150,1813-s0002,experience,candidate_requires_context_review,291e150869979ce2ac2ad5fb11494b5f5a4d593951c73006a51d9e044f2963c9
gold150,1813-s0002,coordination,candidate_requires_context_review,291e150869979ce2ac2ad5fb11494b5f5a4d593951c73006a51d9e044f2963c9
gold150,1813-s0002,transversal,candidate_requires_context_review,291e150869979ce2ac2ad5fb11494b5f5a4d593951c73006a51d9e044f2963c9
gold150,1814-s0003,coordination,candidate_requires_context_review,203f9c1a0582b072d65780807c8bf5b1f86d991b3f809705e79bbb79d194130f
gold150,1814-s0004,coordination,candidate_requires_context_review,29e3d776ee40b897b2b352962113c6675a21ea15718430ee239d6b3cf8a49035
gold150,1814-s0004,transversal,candidate_requires_context_review,29e3d776ee40b897b2b352962113c6675a21ea15718430ee239d6b3cf8a49035
gold150,1814-s0006,coordination,candidate_requires_context_review,cd697360741513d1864e0299084da0ecaff4fc49eec4a2b81bade1d3606ed83a
gold150,1814-s0010,experience,candidate_requires_context_review,54beffc3390bead314d888285ab5270607868ee92049cbcf46908bed658962cb
gold150,1814-s0010,coordination,candidate_requires_context_review,54beffc3390bead314d888285ab5270607868ee92049cbcf46908bed658962cb
gold150,1814-s0011,coordination,candidate_requires_context_review,af57c9e8e8431679fab9b3414df808bd37b6123f31e11923359a4e0300107cd0
gold150,1815-s0000,coordination,candidate_requires_context_review,997083cc8fde39fb1c4b87ed43fc9f2434faf3abbd22607c3a5e4be6603d53b9
gold150,1815-s0001,experience,candidate_requires_context_review,e63e21bf9cd9d4ae02f438fab8a50e449f75af3f27df4381aa19091d96784305
gold150,1815-s0001,coordination,candidate_requires_context_review,e63e21bf9cd9d4ae02f438fab8a50e449f75af3f27df4381aa19091d96784305
gold150,1815-s0002,experience,candidate_requires_context_review,ced9ae5b31624531e6ef655b0923b59aa7dd5c5f70ed3eb217e79be50afc0e68
gold150,1815-s0002,coordination,candidate_requires_context_review,ced9ae5b31624531e6ef655b0923b59aa7dd5c5f70ed3eb217e79be50afc0e68
gold150,1815-s0003,coordination,candidate_requires_context_review,83d5bc3cd77f882be2c7b76c112e8e98aa4cfa8d9eceba2ae1bc4900377424fe
gold150,1815-s0008,coordination,candidate_requires_context_review,b7ef1a9992ae3aa9edb38fb6800bdf1374a1cfb28d684ccdfa9072fd91a1b583
gold150,1816-s0000,coordination,candidate_requires_context_review,75c1320b5d6d5a7bc0d6bc69c1ad94fd85371bece51bfb471cd00ee5f7f2a3fa
gold150,1816-s0002,coordination,candidate_requires_context_review,2f8b48715730a0339aca40221b974784c31e19ad09a9d9c2f30bd2130b84ed20
gold150,1816-s0003,transversal,candidate_requires_context_review,a81cba288b36694c1b046fd6a5a59c67aab9e9b9a729c10d876104298179a1a3
gold150,1816-s0011,coordination,candidate_requires_context_review,cdbd11faf8e32d19c8e88ab9c118f7b0295c35054e37e33b19524530d6d0feb7
gold150,1816-s0011,transversal,candidate_requires_context_review,cdbd11faf8e32d19c8e88ab9c118f7b0295c35054e37e33b19524530d6d0feb7
gold150,1816-s0012,coordination,candidate_requires_context_review,4f43cd36a2681afbebb37ae34db75e3fb55ac79fe0bea637a2df9d852737683a
gold150,1816-s0012,transversal,candidate_requires_context_review,4f43cd36a2681afbebb37ae34db75e3fb55ac79fe0bea637a2df9d852737683a
gold150,1816-s0012,scope_empty,candidate_requires_context_review,4f43cd36a2681afbebb37ae34db75e3fb55ac79fe0bea637a2df9d852737683a
gold150,1817-s0000,coordination,candidate_requires_context_review,6f59195937fa2823569e29db265a160040006d065bedd11403fdf1aef83f314c
gold150,1817-s0001,coordination,candidate_requires_context_review,94a11a38ee1d5602a6187aa26562028c5fe9ba5b64f74cbd61c85230f37d6efd
gold150,1817-s0002,coordination,candidate_requires_context_review,5c5914ece6c9851f771251365bc4a11910e66f15fac283280335ec17ae04ca3a
gold150,1817-s0003,coordination,candidate_requires_context_review,c05dfa6b51935556821dc5b7de0c2b629f28ff3ac25912f108798fcfa3f254a1
gold150,1817-s0004,coordination,candidate_requires_context_review,c86e26913af0b8f5cf166ead91f88be7326386577d750fbd9fe2766f9cad06e0
gold150,1817-s0006,experience,candidate_requires_context_review,01705897544ab1596de5c248f9d909fcf1fed4c5ae6fa68a881f48e43fac24c3
gold150,1817-s0006,coordination,candidate_requires_context_review,01705897544ab1596de5c248f9d909fcf1fed4c5ae6fa68a881f48e43fac24c3
gold150,1817-s0009,experience,candidate_requires_context_review,96348a07ef5ce0e883a3d7abf5310c30994e9e0639db334e7dec2c2fa8056f42
gold150,1817-s0009,coordination,candidate_requires_context_review,96348a07ef5ce0e883a3d7abf5310c30994e9e0639db334e7dec2c2fa8056f42
gold150,1818-s0002,coordination,candidate_requires_context_review,924cf9354fc86d9c9014ddc6e60f376f8516a4889d51288e82d773a08dfe69e9
gold150,1818-s0003,experience,candidate_requires_context_review,7938d77309793252e9440b2318b7d0b759adc401111add92b66789c7f8e75f44
gold150,1818-s0003,coordination,candidate_requires_context_review,7938d77309793252e9440b2318b7d0b759adc401111add92b66789c7f8e75f44
gold150,1818-s0004,coordination,candidate_requires_context_review,586fb9f6b3b771a16154eac4c632cd557153747085f1e8045a366e3c0cee9374
gold150,1818-s0004,tool_theory,candidate_requires_context_review,586fb9f6b3b771a16154eac4c632cd557153747085f1e8045a366e3c0cee9374
gold150,1818-s0005,coordination,candidate_requires_context_review,f92e74adaf0f3ba2c2a5e33cd444fdac9e3d012812d798c0870a15cc54c9dd4c
gold150,1818-s0006,coordination,candidate_requires_context_review,b99e2e9282710595e0033f9fd6638445479d3f92e41392f2b14a0fc53cc346e7
gold150,1818-s0006,tool_theory,candidate_requires_context_review,b99e2e9282710595e0033f9fd6638445479d3f92e41392f2b14a0fc53cc346e7
gold150,1819-s0002,coordination,candidate_requires_context_review,72fcc60d0a6b82cfc7714672a0b621a018f1deda5f4a1aa296c699fca532255a
gold150,1819-s0002,transversal,candidate_requires_context_review,72fcc60d0a6b82cfc7714672a0b621a018f1deda5f4a1aa296c699fca532255a
gold150,1819-s0004,coordination,candidate_requires_context_review,c1bd471d49e111762f1b75a3fb411c9de57faac391be596d91eaf18e4c382da1
gold150,1819-s0006,coordination,candidate_requires_context_review,f1a856f084b9dd450bfb1177155ef0035eedd31ddcf5c4ac6d368e1ca246a605
gold150,1819-s0008,coordination,candidate_requires_context_review,fa1bbba9496765cc116d791aa56d6b9f81df873d7a1fac662e7bd731928f79fc
gold150,1819-s0009,experience,candidate_requires_context_review,b6b37cf413c9221384d13db4d186bffb496328fc98c4a332c8287d0aad3ba606
gold150,1819-s0009,coordination,candidate_requires_context_review,b6b37cf413c9221384d13db4d186bffb496328fc98c4a332c8287d0aad3ba606
gold150,1820-s0002,coordination,candidate_requires_context_review,92c17a4ee14d25ac9d7ba311c5764ba5e6f9466ca95d28caa900a1cd977de0fa
gold150,1820-s0003,coordination,candidate_requires_context_review,1d679cc8fdb01aadf28e360026c83f7b068b8cf2564f0155d1d3cec5c690df75
gold150,1820-s0003,transversal,candidate_requires_context_review,1d679cc8fdb01aadf28e360026c83f7b068b8cf2564f0155d1d3cec5c690df75
gold150,1820-s0005,experience,candidate_requires_context_review,7e65416d1dacc934c97fbce2f93290d932cab40cb2e811865f8e4e49416076d9
gold150,1820-s0005,coordination,candidate_requires_context_review,7e65416d1dacc934c97fbce2f93290d932cab40cb2e811865f8e4e49416076d9
gold150,1820-s0005,tool_theory,candidate_requires_context_review,7e65416d1dacc934c97fbce2f93290d932cab40cb2e811865f8e4e49416076d9
gold150,1820-s0006,coordination,candidate_requires_context_review,cc128f05d7160f785399d7b7dd5dc6928a5a87d50a277d88289a42529e8c9be1
gold150,1820-s0006,tool_theory,candidate_requires_context_review,cc128f05d7160f785399d7b7dd5dc6928a5a87d50a277d88289a42529e8c9be1
gold150,1809-s0006,coordination,candidate_requires_context_review,f2323133c6fce8ebf38d18c9023b636474a1b6834a5fef309e35f18f98f2a2f3
gold150,1809-s0006,transversal,candidate_requires_context_review,f2323133c6fce8ebf38d18c9023b636474a1b6834a5fef309e35f18f98f2a2f3
gold150,1811-s0002,coordination,candidate_requires_context_review,f550863c9d733ec8f0985b909ca059f3418e2d11dfff0d069f7608d1363e91ab
gold150,1838-s0002,coordination,candidate_requires_context_review,449c605c3584a03549485c0585912d3648cc6a0cbecbeba3ee6111e810acfb25
gold150,1844-s0002,coordination,candidate_requires_context_review,cf51fdaf4e8c5df47d95da8a7b7d04e76616be0b8e8b13b1e3c7ccce6aeac17d
gold150,1848-s0006,experience,candidate_requires_context_review,7ba631074df91b9fc5f86774369a46bbc6fdd5e45d9d7a64f918f5fb45c74087
gold150,1848-s0006,coordination,candidate_requires_context_review,7ba631074df91b9fc5f86774369a46bbc6fdd5e45d9d7a64f918f5fb45c74087
gold150,1853-s0004,coordination,candidate_requires_context_review,ef754b2cbf2b4801bc117b818933e4efa04db5220986f53479471a24e6c3bf25
gold150,1867-s0004,coordination,candidate_requires_context_review,2d92bf4f2a906542f319ee6cc3be2f1830f0b146e8dec22a105cbebe9974281a
gold150,1872-s0007,coordination,candidate_requires_context_review,839dd8f9af16600d57533c7b951d5a6488acf791472a10fa45ef7f62fc342a69
gold150,1872-s0012,coordination,candidate_requires_context_review,d6e526245d44585675585c3a08e5d93fad2d2f86cc2f7210c239e2178f5a9b67
gold150,1877-s0009,coordination,candidate_requires_context_review,0172a9445b4ffd8fdc7f23fa1f668682eef27b69ecdfcb77f04181849fc068ea
gold150,1877-s0009,transversal,candidate_requires_context_review,0172a9445b4ffd8fdc7f23fa1f668682eef27b69ecdfcb77f04181849fc068ea
gold150,1881-s0001,coordination,candidate_requires_context_review,e88c4380f0a5485a8afe55e5d6024f2b660dede5c8e53cf52c783d38598de40d
gold150,1886-s0000,experience,candidate_requires_context_review,211dbc57987f62adc9274b179ce434036a92be51a0a3954e72ccb882de192dbc
gold150,1886-s0000,coordination,candidate_requires_context_review,211dbc57987f62adc9274b179ce434036a92be51a0a3954e72ccb882de192dbc
gold150,1886-s0000,tool_theory,candidate_requires_context_review,211dbc57987f62adc9274b179ce434036a92be51a0a3954e72ccb882de192dbc
gold150,1886-s0000,transversal,candidate_requires_context_review,211dbc57987f62adc9274b179ce434036a92be51a0a3954e72ccb882de192dbc
gold150,1896-s0005,experience,candidate_requires_context_review,ed3f51a245806c806619714ceefaf9dfc8cfab7f326cd8047bc06b8fedb483f0
gold150,1896-s0005,coordination,candidate_requires_context_review,ed3f51a245806c806619714ceefaf9dfc8cfab7f326cd8047bc06b8fedb483f0
gold150,1896-s0006,coordination,candidate_requires_context_review,c65e21ebe7c75495c6085db7045ae6a9f785845b7d85986681b85c2203819b03
gold150,1896-s0006,transversal,candidate_requires_context_review,c65e21ebe7c75495c6085db7045ae6a9f785845b7d85986681b85c2203819b03
gold150,1897-s0001,coordination,candidate_requires_context_review,9dd0041d6917129e6b825df6b64e6e7a69d77269e21dbec47c15107515ec5c47
gold150,1903-s0000,coordination,candidate_requires_context_review,e2c11ea7c796ad17c0fb1c10825e47d3cc605a608c7d0a871fdb99309d55d52d
gold150,1905-s0001,coordination,candidate_requires_context_review,f40349e433620bd5bbbb1bd13381c0fd6bc1be04ece380a5daf94e70d5cb7c87
gold150,1905-s0015,coordination,candidate_requires_context_review,a13913e0cb68a8955ad1ce5252c7f25058d60fa628ee956d368d922249b4cace
gold150,1908-s0003,coordination,candidate_requires_context_review,f2e632b4473a935de02952434592950920b700f4936baf3407103c9f19c8c002
gold150,1908-s0003,transversal,candidate_requires_context_review,f2e632b4473a935de02952434592950920b700f4936baf3407103c9f19c8c002
gold150,1908-s0004,experience,candidate_requires_context_review,2e19d4f8d1186b58089a92607d37354eb2f8104add62d81465dca0f2d84fe9ca
gold150,1908-s0004,coordination,candidate_requires_context_review,2e19d4f8d1186b58089a92607d37354eb2f8104add62d81465dca0f2d84fe9ca
gold150,1909-s0003,coordination,candidate_requires_context_review,115746aceba9a7b7822ce70f760d63b291ab8bab3de36664be6f835ee716d31f
gold150,1909-s0003,transversal,candidate_requires_context_review,115746aceba9a7b7822ce70f760d63b291ab8bab3de36664be6f835ee716d31f
gold150,1914-s0004,coordination,candidate_requires_context_review,069c7c3271d550221c4773b124e87d5348c4579eb8f5311b3543c860db94bbba
gold150,1917-s0000,coordination,candidate_requires_context_review,ffd695bd34e771bac3d1f431193de71939a10ba344a7f191e434724888d3c95d
gold150,1921-s0010,coordination,candidate_requires_context_review,d5a4f60ed0fbfe5976013cd4ee989e121b3822488861125cc0a3cb11ab02d2f8
gold150,1924-s0000,coordination,candidate_requires_context_review,78179fa068874395d8593c877357f8198a1a6e6e03ec482751828090a519c348
gold150,1924-s0003,coordination,candidate_requires_context_review,cdbe55be8116ab82185ad9e21480c08c855d00ae4d2d77e755c824d9b12d98d8
gold150,1925-s0006,coordination,candidate_requires_context_review,338d787a2f284979ca3854669e0cabfa55acc1503dceb99b76c210f730628d03
gold150,1925-s0006,transversal,candidate_requires_context_review,338d787a2f284979ca3854669e0cabfa55acc1503dceb99b76c210f730628d03
gold150,1925-s0012,experience,candidate_requires_context_review,c6ac4272efd64c4e318be8a8637ab2a72fef5d15d85b4f428d19ab1f41eaa949
gold150,1925-s0012,coordination,candidate_requires_context_review,c6ac4272efd64c4e318be8a8637ab2a72fef5d15d85b4f428d19ab1f41eaa949
gold150,1926-s0002,experience,candidate_requires_context_review,395872c6e179857bf98565be8da175a823194624cbcb23627309db1656bb4778
gold150,1926-s0002,coordination,candidate_requires_context_review,395872c6e179857bf98565be8da175a823194624cbcb23627309db1656bb4778
gold150,1935-s0003,experience,candidate_requires_context_review,d3aaaaa966041f4086ae667368438c479b8b84914bc2f733a59f6b0b8ad67e29
gold150,1935-s0003,coordination,candidate_requires_context_review,d3aaaaa966041f4086ae667368438c479b8b84914bc2f733a59f6b0b8ad67e29
gold150,1935-s0003,tool_theory,candidate_requires_context_review,d3aaaaa966041f4086ae667368438c479b8b84914bc2f733a59f6b0b8ad67e29
gold150,1937-s0006,experience,candidate_requires_context_review,d113799fa7c705f43b4cf0166166c1e28682b4239268e67d7cb9d5e137959f69
gold150,1937-s0006,coordination,candidate_requires_context_review,d113799fa7c705f43b4cf0166166c1e28682b4239268e67d7cb9d5e137959f69
gold150,1938-s0007,experience,candidate_requires_context_review,2f36095714aaf81f9655e77d2b6543efcdfee7c90cb345e6f4bd9d215a7a9bb6
gold150,1938-s0007,coordination,candidate_requires_context_review,2f36095714aaf81f9655e77d2b6543efcdfee7c90cb345e6f4bd9d215a7a9bb6
gold150,1941-s0001,coordination,candidate_requires_context_review,2a51884b3cd99774c0b233924e4d3a0390b2d34dbd548f04579b29e0bb188861
gold150,1946-s0001,coordination,candidate_requires_context_review,a8f551637b9c72b0a21093bd6a3e811219c7418459652db8eae65b90c0775f1a
gold150,1946-s0001,tool_theory,candidate_requires_context_review,a8f551637b9c72b0a21093bd6a3e811219c7418459652db8eae65b90c0775f1a
gold150,1948-s0008,coordination,candidate_requires_context_review,f7655e6e6895c7bc6f69d38ee3f5e30fbb821bee2e159fe44b5c852252271c99
gold150,1951-s0005,coordination,candidate_requires_context_review,7876607f3d46eee8adac4087e5a10c81eb8e8b19a372b060c6a43100ba01e441
gold150,1953-s0002,coordination,candidate_requires_context_review,dcd371e9714c508e31bb19e798b03193009670671892ffab15d57fdc4d31543b
gold150,1955-s0009,coordination,candidate_requires_context_review,b73f9bd282ead264e677f05f862916ec778197d1afacb929e3a74e588701c4b9
gold150,1955-s0009,transversal,candidate_requires_context_review,b73f9bd282ead264e677f05f862916ec778197d1afacb929e3a74e588701c4b9
gold150,1956-s0004,coordination,candidate_requires_context_review,df62882b973bf51952f855d5440def53e7775c1b8ab7255eef29365f11a2abe0
gold150,1963-s0007,experience,candidate_requires_context_review,9332b87f55361d46d15c3084825554e089b9fab7acb111f0208b2398c4872427
gold150,1963-s0007,coordination,candidate_requires_context_review,9332b87f55361d46d15c3084825554e089b9fab7acb111f0208b2398c4872427
gold150,1964-s0000,coordination,candidate_requires_context_review,51f6c1b444db3aac86a6bb230c2007b707747bdc87a240f163ae0c88070942ba
gold150,1967-s0013,coordination,candidate_requires_context_review,8bb07830dd3b2ffa5bcc17b58d1c4aae0666bb3e8af3f7b126e6ff8e4619611f
gold150,1967-s0014,experience,candidate_requires_context_review,e3eb97174d9bfb89706d7a69df588490ef476ec08fab57d72fb20f73d0834642
gold150,1967-s0014,coordination,candidate_requires_context_review,e3eb97174d9bfb89706d7a69df588490ef476ec08fab57d72fb20f73d0834642
gold150,1968-s0004,coordination,candidate_requires_context_review,286fb27c361146e41acd6482fa076bf40498c0c824369e534e82f8baf00bbc65
gold150,1969-s0004,coordination,candidate_requires_context_review,1593131d44c24805cc5f376817d205aeba1e3b6856059d1884388f08e6947b13
gold150,1972-s0004,coordination,candidate_requires_context_review,1e2f744c5b81dc21c91f0773c25f31d41ed6b722ca9c8e4dfedc2107c92dd174
gold150,1972-s0004,tool_theory,candidate_requires_context_review,1e2f744c5b81dc21c91f0773c25f31d41ed6b722ca9c8e4dfedc2107c92dd174
gold150,1973-s0006,coordination,candidate_requires_context_review,e12d7b0ba06c406f3870a6b06048e2de1ef42460a7075f33c3dde0d26f48814c
gold150,1973-s0006,transversal,candidate_requires_context_review,e12d7b0ba06c406f3870a6b06048e2de1ef42460a7075f33c3dde0d26f48814c
gold150,1977-s0004,coordination,candidate_requires_context_review,4068b90301ee50fc0abd3edd66eb10bd7d26afd9b66bd615b80772febe51d7c7
gold150,1983-s0001,experience,candidate_requires_context_review,c35ddbf447d708639670f3afdc57612690bd5fc58e8c3ff6af52df4304f145d8
gold150,1983-s0001,coordination,candidate_requires_context_review,c35ddbf447d708639670f3afdc57612690bd5fc58e8c3ff6af52df4304f145d8
gold150,1983-s0001,transversal,candidate_requires_context_review,c35ddbf447d708639670f3afdc57612690bd5fc58e8c3ff6af52df4304f145d8
qwen_train,1821-s0000,experience,candidate_requires_context_review,5c410481ebc2493b5f2795a9c55bba274cc0107d1fa8104dccb5a3872535e6fd
qwen_train,1821-s0000,coordination,candidate_requires_context_review,5c410481ebc2493b5f2795a9c55bba274cc0107d1fa8104dccb5a3872535e6fd
qwen_train,1821-s0000,tool_theory,candidate_requires_context_review,5c410481ebc2493b5f2795a9c55bba274cc0107d1fa8104dccb5a3872535e6fd
qwen_train,1821-s0000,transversal,candidate_requires_context_review,5c410481ebc2493b5f2795a9c55bba274cc0107d1fa8104dccb5a3872535e6fd
qwen_train,1821-s0000,scope_empty,candidate_requires_context_review,5c410481ebc2493b5f2795a9c55bba274cc0107d1fa8104dccb5a3872535e6fd
qwen_train,1822-s0000,coordination,candidate_requires_context_review,7cefa77566ab5d3957a1a1058d591923560271287ea2a5e2156c3321089597d3
qwen_train,1822-s0000,transversal,candidate_requires_context_review,7cefa77566ab5d3957a1a1058d591923560271287ea2a5e2156c3321089597d3
qwen_train,1822-s0002,tool_theory,candidate_requires_context_review,079e8ec05a72c141a347712d5c795bfff4f2ceda369bce52bfb7e128e1e5c3a3
qwen_train,1822-s0005,experience,candidate_requires_context_review,ae636f1fa6fe51ed446b6759fe429f5a99593e26a323dcd2490ecfc2b7bc5e90
qwen_train,1822-s0005,coordination,candidate_requires_context_review,ae636f1fa6fe51ed446b6759fe429f5a99593e26a323dcd2490ecfc2b7bc5e90
qwen_train,1822-s0006,coordination,candidate_requires_context_review,6a152bb6c8d6352b14a50b56a7eaaecf424e514405a9556104b284f6752df6cf
qwen_train,1822-s0006,tool_theory,candidate_requires_context_review,6a152bb6c8d6352b14a50b56a7eaaecf424e514405a9556104b284f6752df6cf
qwen_train,1822-s0010,coordination,candidate_requires_context_review,3f435861ec9fc22560f0eb259a2ec56b33aa34770baef4acc189cf5aa97669e7
qwen_train,1822-s0010,transversal,candidate_requires_context_review,3f435861ec9fc22560f0eb259a2ec56b33aa34770baef4acc189cf5aa97669e7
qwen_train,1823-s0000,coordination,candidate_requires_context_review,e4faf54c12348d541408bb2c3374781c6f95d55234af66c9156ef5b6c2c03c9c
qwen_train,1823-s0003,coordination,candidate_requires_context_review,8c8a1259b1d708fa5e1ed0945951b9528f24617b6110499c72db72a6eb376b41
qwen_train,1823-s0004,coordination,candidate_requires_context_review,067244a4d88485c056174164a4fd040ee519360adddc511a10b5f3efd092ce3b
qwen_train,1823-s0006,coordination,candidate_requires_context_review,a03e59520e957b5110ea210d55f5ae71cae385d3e7eb8f18cb6f648a1f21677c
qwen_train,1823-s0007,coordination,candidate_requires_context_review,987e939a7aff0804da9bdbd6fbd2ccac2140c2f100ffbef1ded4ab59c3e8b182
qwen_train,1823-s0008,coordination,candidate_requires_context_review,73334a3d7e61d602e61c830b1d3e27af5612d04ad7644dc9484df63386a526d3
qwen_train,1823-s0009,coordination,candidate_requires_context_review,b9cf8a121ae2795002714f2f1eac5e4469441e9d23a953d8e0b08026dc8bc1f7
qwen_train,1823-s0009,transversal,candidate_requires_context_review,b9cf8a121ae2795002714f2f1eac5e4469441e9d23a953d8e0b08026dc8bc1f7
qwen_train,1824-s0004,experience,candidate_requires_context_review,972305562376fc64e8e7bae589e504ffa568757f1b1aa9d4a043d073f701ea49
qwen_train,1824-s0004,coordination,candidate_requires_context_review,972305562376fc64e8e7bae589e504ffa568757f1b1aa9d4a043d073f701ea49
qwen_train,1824-s0005,experience,candidate_requires_context_review,6908892dc5f92f20a2899e6b15882c3fa1f04f8a492cb9abec956b59f52b32b0
qwen_train,1824-s0005,coordination,candidate_requires_context_review,6908892dc5f92f20a2899e6b15882c3fa1f04f8a492cb9abec956b59f52b32b0
qwen_train,1824-s0007,coordination,candidate_requires_context_review,3c5b31be1e64c6d303c74e727dfca3d5a65549de7880a6cd8b265f02c0e0b368
qwen_train,1824-s0007,tool_theory,candidate_requires_context_review,3c5b31be1e64c6d303c74e727dfca3d5a65549de7880a6cd8b265f02c0e0b368
qwen_train,1824-s0008,coordination,candidate_requires_context_review,49cf72bce1834ddbfba06467d4277236b5d9e581b88f9868bde8338dee18db4d
qwen_train,1824-s0008,tool_theory,candidate_requires_context_review,49cf72bce1834ddbfba06467d4277236b5d9e581b88f9868bde8338dee18db4d
qwen_train,1824-s0009,coordination,candidate_requires_context_review,2dd431780981b13e7ae21e89d64e70db12ed1cf265bf5a582341b2a817b4e3a3
qwen_train,1824-s0009,transversal,candidate_requires_context_review,2dd431780981b13e7ae21e89d64e70db12ed1cf265bf5a582341b2a817b4e3a3
qwen_train,1825-s0000,coordination,candidate_requires_context_review,2fcc6b379d1622ec41a5a466967f334e4b5fc1bad819c27d346e047d871b8179
qwen_train,1825-s0000,transversal,candidate_requires_context_review,2fcc6b379d1622ec41a5a466967f334e4b5fc1bad819c27d346e047d871b8179
qwen_train,1825-s0003,experience,candidate_requires_context_review,bf4bb3380bd6cdb8b56e1f6bd09c788d6236697785320856b8c79e73ec7472f2
qwen_train,1825-s0003,coordination,candidate_requires_context_review,bf4bb3380bd6cdb8b56e1f6bd09c788d6236697785320856b8c79e73ec7472f2
qwen_train,1825-s0004,experience,candidate_requires_context_review,137ecaa90ec8046bc66da23b56fd7d6ef41f4fa7d6a518b13d5a9ef863b1cbce
qwen_train,1825-s0005,coordination,candidate_requires_context_review,cd5731d87f12cbb0df1e8c95bfacd96148094560756c4b9ad714df3e23f4c5e4
qwen_train,1825-s0005,transversal,candidate_requires_context_review,cd5731d87f12cbb0df1e8c95bfacd96148094560756c4b9ad714df3e23f4c5e4
qwen_train,1825-s0006,experience,candidate_requires_context_review,5aba7d8d183500b1f2a28912c6578c4bb851739f369d8cf21e7b0f59f4a4eb8b
qwen_train,1825-s0006,coordination,candidate_requires_context_review,5aba7d8d183500b1f2a28912c6578c4bb851739f369d8cf21e7b0f59f4a4eb8b
qwen_train,1825-s0006,tool_theory,candidate_requires_context_review,5aba7d8d183500b1f2a28912c6578c4bb851739f369d8cf21e7b0f59f4a4eb8b
qwen_train,1825-s0007,coordination,candidate_requires_context_review,9131d3a0f734d3778087aa4b7a5b037cb3b118b752a3eaf05a8ec246e81ea16d
qwen_train,1825-s0008,experience,candidate_requires_context_review,db1fae5be5ffb2f9d2e06cd4ac8677e72336d0d7c661bbde0134f5e895aeb286
qwen_train,1825-s0008,coordination,candidate_requires_context_review,db1fae5be5ffb2f9d2e06cd4ac8677e72336d0d7c661bbde0134f5e895aeb286
qwen_train,1825-s0008,tool_theory,candidate_requires_context_review,db1fae5be5ffb2f9d2e06cd4ac8677e72336d0d7c661bbde0134f5e895aeb286
qwen_train,1825-s0008,transversal,candidate_requires_context_review,db1fae5be5ffb2f9d2e06cd4ac8677e72336d0d7c661bbde0134f5e895aeb286
qwen_train,1825-s0009,coordination,candidate_requires_context_review,e1f09ff231223c4d5a542988125386bba8dc614852090d0f4fedb15db63434ac
qwen_train,1825-s0009,transversal,candidate_requires_context_review,e1f09ff231223c4d5a542988125386bba8dc614852090d0f4fedb15db63434ac
qwen_train,1826-s0000,experience,candidate_requires_context_review,f2add5a7de50dcf9540d687e477ec869aa82342934e57051a5e85cb0bff1f735
qwen_train,1826-s0000,coordination,candidate_requires_context_review,f2add5a7de50dcf9540d687e477ec869aa82342934e57051a5e85cb0bff1f735
qwen_train,1826-s0000,tool_theory,candidate_requires_context_review,f2add5a7de50dcf9540d687e477ec869aa82342934e57051a5e85cb0bff1f735
qwen_train,1826-s0000,transversal,candidate_requires_context_review,f2add5a7de50dcf9540d687e477ec869aa82342934e57051a5e85cb0bff1f735
qwen_train,1827-s0000,coordination,candidate_requires_context_review,94e63b400c39021ac0bbda1c3c43f4c2ae04c1bd7fca4f331ea3c864c6bcd641
qwen_train,1827-s0000,tool_theory,candidate_requires_context_review,94e63b400c39021ac0bbda1c3c43f4c2ae04c1bd7fca4f331ea3c864c6bcd641
qwen_train,1827-s0004,coordination,candidate_requires_context_review,d3e5a1ed96d9ceb22c3cf61ef96ebc96cb817cf2940ae75d220e369fcf38b95b
qwen_train,1827-s0004,tool_theory,candidate_requires_context_review,d3e5a1ed96d9ceb22c3cf61ef96ebc96cb817cf2940ae75d220e369fcf38b95b
qwen_train,1827-s0006,coordination,candidate_requires_context_review,edb02a082d5126d266774bad00def6f61245f84c6a175c1e084a8a199fff18a1
qwen_train,1827-s0006,tool_theory,candidate_requires_context_review,edb02a082d5126d266774bad00def6f61245f84c6a175c1e084a8a199fff18a1
qwen_train,1827-s0010,experience,candidate_requires_context_review,002e1c8af4b77f9e55f71fe078c01d12a63385a9f554328f0d38d15e4accdb2f
qwen_train,1827-s0010,coordination,candidate_requires_context_review,002e1c8af4b77f9e55f71fe078c01d12a63385a9f554328f0d38d15e4accdb2f
qwen_train,1827-s0011,experience,candidate_requires_context_review,6134793d5c87eed617fd42240293f58f69d93d206935cd701e0e23f30decca7b
qwen_train,1827-s0011,coordination,candidate_requires_context_review,6134793d5c87eed617fd42240293f58f69d93d206935cd701e0e23f30decca7b
qwen_train,1828-s0000,coordination,candidate_requires_context_review,51618026f402ff727ce970b90f5c047068dd1d710f70dd4b4657d5c09ff0ba1c
qwen_train,1828-s0000,tool_theory,candidate_requires_context_review,51618026f402ff727ce970b90f5c047068dd1d710f70dd4b4657d5c09ff0ba1c
qwen_train,1828-s0001,experience,candidate_requires_context_review,2e6b55241bad9aa06e0fa2f80bdd123bac8e7d1dd87c6db5f5ea9963e59bdf20
qwen_train,1828-s0001,tool_theory,candidate_requires_context_review,2e6b55241bad9aa06e0fa2f80bdd123bac8e7d1dd87c6db5f5ea9963e59bdf20
qwen_train,1828-s0002,coordination,candidate_requires_context_review,903b2a6ce6472afcd6c12cf7931eb28ffdeeb2dfb5c0fe177d95dceebd6edbb3
qwen_train,1828-s0002,transversal,candidate_requires_context_review,903b2a6ce6472afcd6c12cf7931eb28ffdeeb2dfb5c0fe177d95dceebd6edbb3
qwen_train,1829-s0000,coordination,candidate_requires_context_review,7712c2225ebbe063480501039ef5cb109d32d8d6d10d54f25239f1a4469eacf6
qwen_train,1829-s0002,coordination,candidate_requires_context_review,28bce2971794ad1c2c613ede9364d57e6bbe15c0f543657c5b88fb21635db50f
qwen_train,1829-s0014,coordination,candidate_requires_context_review,5d8c5f1af15ba3a3b84401d324ecc235917ce2e561328729d925cd3b214710bf
qwen_train,1829-s0014,transversal,candidate_requires_context_review,5d8c5f1af15ba3a3b84401d324ecc235917ce2e561328729d925cd3b214710bf
qwen_train,1830-s0000,experience,candidate_requires_context_review,2fe873034956baccce9457768894116051f27d5cd8f6c8cfd9051dee22efd71c
qwen_train,1830-s0000,coordination,candidate_requires_context_review,2fe873034956baccce9457768894116051f27d5cd8f6c8cfd9051dee22efd71c
qwen_train,1830-s0001,experience,candidate_requires_context_review,aabb81b0c911761b29f7ac0447f284dafee1db24ce72b806e70473a358c0b755
qwen_train,1830-s0001,coordination,candidate_requires_context_review,aabb81b0c911761b29f7ac0447f284dafee1db24ce72b806e70473a358c0b755
qwen_train,1830-s0001,scope_empty,candidate_requires_context_review,aabb81b0c911761b29f7ac0447f284dafee1db24ce72b806e70473a358c0b755
qwen_train,1831-s0000,coordination,candidate_requires_context_review,86391adf5f79f653058805b905eef2d4154dca3fdf4fe35b38fbd01dbae13918
qwen_train,1831-s0001,coordination,candidate_requires_context_review,14f2d7f76ea08e8e8fbabd4424c07c53bab720f21ab5802e361dbcb822e30106
qwen_train,1831-s0002,coordination,candidate_requires_context_review,07145db8b96348e942a9d7abc36481925074815329befec21e86b725d55861d6
qwen_train,1831-s0005,experience,candidate_requires_context_review,d4cc7a35b4b3a6fb87fb491e962ae0de193fba8f50e18f4e0f65554592b7425d
qwen_train,1831-s0005,coordination,candidate_requires_context_review,d4cc7a35b4b3a6fb87fb491e962ae0de193fba8f50e18f4e0f65554592b7425d
qwen_train,1831-s0009,coordination,candidate_requires_context_review,494e98ec93ed227a95c10453c7cb4e42ea1d85ad22ad2b08a0e6eef6e9d34879
qwen_train,1831-s0010,coordination,candidate_requires_context_review,1bdc0a03446e0d21f76f8d743834fb5caca03500e320c648d75a5fc565c6d488
qwen_train,1831-s0010,transversal,candidate_requires_context_review,1bdc0a03446e0d21f76f8d743834fb5caca03500e320c648d75a5fc565c6d488
qwen_train,1832-s0001,coordination,candidate_requires_context_review,e2482b8c73c63ecc25b6b377396b0f60c3691600e63f62231b3ae84eb7b5a150
qwen_train,1832-s0002,coordination,candidate_requires_context_review,9a2da967c0942e5b2ba61f8b4f7bf7586f542d7c080aaf976a1ab8c0671016b9
qwen_train,1832-s0005,experience,candidate_requires_context_review,a609916526c79498acd71a2ce5c3b97a8da8c89938b763cb4422eb48baf38396
qwen_train,1832-s0005,coordination,candidate_requires_context_review,a609916526c79498acd71a2ce5c3b97a8da8c89938b763cb4422eb48baf38396
qwen_train,1832-s0006,coordination,candidate_requires_context_review,3e5c5bab0dfec64642a9668a964300f5e46085d43292a57a280e24e1d88baed7
qwen_train,1832-s0006,transversal,candidate_requires_context_review,3e5c5bab0dfec64642a9668a964300f5e46085d43292a57a280e24e1d88baed7
qwen_train,1834-s0000,coordination,candidate_requires_context_review,8252a82a9bcf9fcb464db45bc282b74ee8513e86888d9b49e934b7375a4adb80
qwen_train,1834-s0002,coordination,candidate_requires_context_review,d41feef26b6b90e9a667aba51782c118233b2d52b626c6a5889a556ba86af03f
qwen_train,1834-s0004,coordination,candidate_requires_context_review,62563f0e16f3b3ab4012c8cbd9f06022f4ebe80f46b68135fb20c1a91ae8a8ed
qwen_train,1834-s0005,coordination,candidate_requires_context_review,1bda61c7f73589c9f50fa03b86e98b38661a1307a09da8aff4d59dcad9c7cdc0
qwen_train,1834-s0006,coordination,candidate_requires_context_review,02e9b20ca1f7a16af5943a533fd0f7fe7e2e45a517059cfd6203a92400bae7c6
qwen_train,1834-s0007,coordination,candidate_requires_context_review,9ce897af8efd8f0d933a3465ee5afc521b24bcff0d13c51beff05d6405c04138
qwen_train,1834-s0007,tool_theory,candidate_requires_context_review,9ce897af8efd8f0d933a3465ee5afc521b24bcff0d13c51beff05d6405c04138
qwen_train,1834-s0008,experience,candidate_requires_context_review,0eeacebe56e796c3d96efe505f9ea149d528b2c6c48cbdcd33c0ebc50afdb45f
qwen_train,1834-s0008,coordination,candidate_requires_context_review,0eeacebe56e796c3d96efe505f9ea149d528b2c6c48cbdcd33c0ebc50afdb45f
qwen_train,1834-s0009,coordination,candidate_requires_context_review,95ffe17774c347e19e659d06e35c06a55b11e6361c66d9ebf5f197c85d362729
qwen_train,1834-s0009,transversal,candidate_requires_context_review,95ffe17774c347e19e659d06e35c06a55b11e6361c66d9ebf5f197c85d362729
qwen_train,1834-s0010,coordination,candidate_requires_context_review,c311a5b260df4ecbff679ad852634e9b7b6f2f6d3e8c3888cab801855570e4df
qwen_train,1834-s0011,experience,candidate_requires_context_review,814ec6f1150f7de78299ca37b5d3386adc4229d0d2c065aae6f6077c8a11bc38
qwen_train,1834-s0011,coordination,candidate_requires_context_review,814ec6f1150f7de78299ca37b5d3386adc4229d0d2c065aae6f6077c8a11bc38
qwen_train,1835-s0001,coordination,candidate_requires_context_review,3dfe843f4eda9490982c0e283ccbadd5cc72f9642515d1a9938e493cbbde074c
qwen_train,1835-s0003,coordination,candidate_requires_context_review,2cb9304c69dd804b253e45c5c92c302af31d9598fe25094a56c240d77e72d7e3
qwen_train,1835-s0004,coordination,candidate_requires_context_review,1405ea4b6f42ea3b14d26d3b3dddf531a86cba6215e8e10c03f42c0766d5c0a4
qwen_train,1835-s0004,tool_theory,candidate_requires_context_review,1405ea4b6f42ea3b14d26d3b3dddf531a86cba6215e8e10c03f42c0766d5c0a4
qwen_train,1835-s0007,experience,candidate_requires_context_review,9384a99d0d78b346f35c615428cbb8aa9ba0534f39a1395285500ce6c5acb2c8
qwen_train,1835-s0007,coordination,candidate_requires_context_review,9384a99d0d78b346f35c615428cbb8aa9ba0534f39a1395285500ce6c5acb2c8
qwen_train,1836-s0000,experience,candidate_requires_context_review,2e30978fcf1c05c2cbf444948a8a639d3beca7e0254fb9adeaaaf9225ec29c42
qwen_train,1836-s0000,coordination,candidate_requires_context_review,2e30978fcf1c05c2cbf444948a8a639d3beca7e0254fb9adeaaaf9225ec29c42
qwen_train,1836-s0001,coordination,candidate_requires_context_review,348908749f1ba9d6bca00dc23afb8cee48b60df04d5358e086329657e68857aa
qwen_train,1836-s0002,coordination,candidate_requires_context_review,f435c9d86fb6b1967e7dd7618de71bad2bdc9c37288c210cbc372d50fcca4bbc
qwen_train,1836-s0003,coordination,candidate_requires_context_review,107b714106f113fe2e322f6582f846b27b6eed789bfdb7b903831a2ca37d96a0
qwen_train,1836-s0004,coordination,candidate_requires_context_review,99b310013cb32fc0820237bc87a7ef28622c66dcc7fb581c5537cc02bed0d77d
qwen_train,1836-s0006,coordination,candidate_requires_context_review,8224ec2d47d65d6340bd21b4ce958a3f3af8724725f07f03966fc232e00b37d3
qwen_train,1836-s0007,coordination,candidate_requires_context_review,41986221fd3ae656206ad2e5321f13b053a7603f60dbb12dd34c8aeb9b7c4d47
qwen_train,1836-s0009,coordination,candidate_requires_context_review,acff946e4fc6a24a11437223b226d8d0f9f5bc362395b4cd21d69065b788a685
qwen_train,1836-s0010,experience,candidate_requires_context_review,51b605e383054a6e4d4e3e861e9b144b841a927e828e10abfce97ae53c220d83
qwen_train,1836-s0011,coordination,candidate_requires_context_review,722e324d460555cff394c86486c8dae0d9b4eb08147f378223c2836229845306
qwen_train,1836-s0012,experience,candidate_requires_context_review,f4ceccaf2846824cea74e70b5682a258c2ef9322d7ed9fda3fed784cbc814922
qwen_train,1836-s0012,coordination,candidate_requires_context_review,f4ceccaf2846824cea74e70b5682a258c2ef9322d7ed9fda3fed784cbc814922
qwen_train,1836-s0012,tool_theory,candidate_requires_context_review,f4ceccaf2846824cea74e70b5682a258c2ef9322d7ed9fda3fed784cbc814922
qwen_train,1836-s0012,transversal,candidate_requires_context_review,f4ceccaf2846824cea74e70b5682a258c2ef9322d7ed9fda3fed784cbc814922
qwen_train,1836-s0015,coordination,candidate_requires_context_review,d55ec31be36ac9430d808936318b314e4c8dec0e7f16a84e8440613afc81417f
qwen_train,1836-s0019,experience,candidate_requires_context_review,a424594867baccf6d080398be3fa2199e0900c0cae1277f585d14157411dc59a
qwen_train,1836-s0019,coordination,candidate_requires_context_review,a424594867baccf6d080398be3fa2199e0900c0cae1277f585d14157411dc59a
qwen_train,1837-s0022,coordination,candidate_requires_context_review,809ee36267cf6e77c5d3c3dc49680cb1cca8c5b6943c9741833f7c57438fd81b
qwen_train,1839-s0002,coordination,candidate_requires_context_review,80e9568d19b94433e6b87de5f22dd14550668ecc53e35c6c2f6bdcd5ee5b0903
qwen_train,1839-s0003,coordination,candidate_requires_context_review,6a79c7aeb370ba595e9d4de352ec0e53f924671651408bad8318514286c6585b
qwen_train,1839-s0006,experience,candidate_requires_context_review,82f8857b0ad7e7ae8983a2f059a788c413a9ef1c0b7516050df85d2c766deb36
qwen_train,1839-s0006,coordination,candidate_requires_context_review,82f8857b0ad7e7ae8983a2f059a788c413a9ef1c0b7516050df85d2c766deb36
qwen_train,1839-s0008,experience,candidate_requires_context_review,879ae1a862eb62eb51c35d6ea608cb292eedda1e30368f2d79a7070a417e60fb
qwen_train,1839-s0008,coordination,candidate_requires_context_review,879ae1a862eb62eb51c35d6ea608cb292eedda1e30368f2d79a7070a417e60fb
qwen_train,1839-s0008,tool_theory,candidate_requires_context_review,879ae1a862eb62eb51c35d6ea608cb292eedda1e30368f2d79a7070a417e60fb
qwen_train,1840-s0000,coordination,candidate_requires_context_review,4af9940f49c199702d47a7c9c744ecc3374d42da67ba69e2bc42089f44ea6d2c
qwen_train,1840-s0001,coordination,candidate_requires_context_review,cdce3be7e478ea9c9504ee1d63e35e86c7df4e3b67f977b6b6aff2120d3f8c0a
qwen_train,1840-s0002,coordination,candidate_requires_context_review,9a45671f47b817b39e4ce084970ed78618c07a3ee825efcdcccd401875ed31f9
qwen_train,1840-s0003,coordination,candidate_requires_context_review,98a6773ad3a1d715434d5ca96e1f0d489ca1c85775917b541ba697b96520964a
qwen_train,1840-s0004,coordination,candidate_requires_context_review,823dc1ae70046dd98e17ab542b8391ef3a9112456b44c9766bbbabc2bf662ce3
qwen_train,1840-s0004,transversal,candidate_requires_context_review,823dc1ae70046dd98e17ab542b8391ef3a9112456b44c9766bbbabc2bf662ce3
qwen_train,1841-s0001,coordination,candidate_requires_context_review,e69eb6afa261096d77278f16796c37c3a0667e2bc62968a0ee5d7ad1b206a837
qwen_train,1841-s0002,coordination,candidate_requires_context_review,365717bac8b7687c593dd580fa33e29876719c8dc7582934dec81c1c1db8cdb8
qwen_train,1841-s0005,coordination,candidate_requires_context_review,2b1df3167fdd592b9279ae813ee70ec77bd1ecfff5a386cb597aa6df6b7b9cb7
qwen_train,1841-s0006,experience,candidate_requires_context_review,78cf590c156ef36dfa05f544a7f5103a32da8efbe6a6db0b1423659e34f7a2fa
qwen_train,1841-s0006,coordination,candidate_requires_context_review,78cf590c156ef36dfa05f544a7f5103a32da8efbe6a6db0b1423659e34f7a2fa
qwen_train,1841-s0007,coordination,candidate_requires_context_review,183749d4c93d8822bbe0a816ca2c65beaad9b0bc1f45c02f8498c6d6f517a479
qwen_train,1841-s0007,transversal,candidate_requires_context_review,183749d4c93d8822bbe0a816ca2c65beaad9b0bc1f45c02f8498c6d6f517a479
qwen_train,1841-s0008,experience,candidate_requires_context_review,e52c1b577983c8566697fdd5117ce036b702f2be1116669cbea097ca0bfbc83b
qwen_train,1842-s0000,coordination,candidate_requires_context_review,2a625fca21e2fe9be680ccace2561e64d9ef952e19cd0ac9186adc5b86ce8674
qwen_train,1842-s0001,coordination,candidate_requires_context_review,f17d6241564205b6b1ce8d200a363eda7981853049f083e950efb7f056ab8396
qwen_train,1842-s0003,coordination,candidate_requires_context_review,afa5ce53948ac0ba929e94a45ccacae20ad28291d67cb87427126d6bcc8c4879
qwen_train,1842-s0003,transversal,candidate_requires_context_review,afa5ce53948ac0ba929e94a45ccacae20ad28291d67cb87427126d6bcc8c4879
qwen_train,1842-s0005,coordination,candidate_requires_context_review,6f0773effab1c22a1352cd8a7cd9529443e0da8691462fc709938a36db3fbcda
qwen_train,1842-s0006,experience,candidate_requires_context_review,861695afab78ae7e61d76c1f87a59043bd4071bb537c60a18959ae436320cea1
qwen_train,1842-s0006,coordination,candidate_requires_context_review,861695afab78ae7e61d76c1f87a59043bd4071bb537c60a18959ae436320cea1
qwen_train,1842-s0009,coordination,candidate_requires_context_review,708c63bfb7cc46b32a5fcb0581713459044283e5ebaf8fe3e6c7be0d2858fbf1
qwen_train,1842-s0009,transversal,candidate_requires_context_review,708c63bfb7cc46b32a5fcb0581713459044283e5ebaf8fe3e6c7be0d2858fbf1
qwen_train,1842-s0010,coordination,candidate_requires_context_review,a8f672a31d91c802f416a8cac08d4fcb63d14d1d19f414103ec41018ffacd83b
qwen_train,1845-s0000,coordination,candidate_requires_context_review,f8e54c3af68fbc17b9b881d08cf5822514c293f71c90bd422c7acbc7d740bca7
qwen_train,1845-s0001,coordination,candidate_requires_context_review,8af4c329f0ef46c163647f63f378d68430271b4dfad09bd6145cce87e64cc98e
qwen_train,1845-s0003,coordination,candidate_requires_context_review,ad86366b734fdca4219542f1d88d7cb6a2e0b13565045088023314aab23547c2
qwen_train,1845-s0005,coordination,candidate_requires_context_review,e45f845745e6e61e0a456435ea5bf527dfd81e3b20829d3afe837c531a1a36f9
qwen_train,1845-s0007,experience,candidate_requires_context_review,e63cf4091b956c96da729d2d506499e62bf0e53a9523d538b2572ca87c3fdc0c
qwen_train,1845-s0007,coordination,candidate_requires_context_review,e63cf4091b956c96da729d2d506499e62bf0e53a9523d538b2572ca87c3fdc0c
qwen_train,1845-s0008,experience,candidate_requires_context_review,19f6eb4ba2d74abf1eb3f275ddb93975d9440953527a4aabfeb51833182d01d5
qwen_train,1845-s0008,coordination,candidate_requires_context_review,19f6eb4ba2d74abf1eb3f275ddb93975d9440953527a4aabfeb51833182d01d5
qwen_train,1845-s0009,experience,candidate_requires_context_review,396de04da67ce79c6786d23dcf28baf643ce0cbcd866574f6f2c821fb4da7e16
qwen_train,1845-s0009,coordination,candidate_requires_context_review,396de04da67ce79c6786d23dcf28baf643ce0cbcd866574f6f2c821fb4da7e16
qwen_train,1845-s0009,transversal,candidate_requires_context_review,396de04da67ce79c6786d23dcf28baf643ce0cbcd866574f6f2c821fb4da7e16
qwen_train,1845-s0011,coordination,candidate_requires_context_review,54d06ab7f358d8dca3b36baeb6081daea44086544137350ff3dc9ba52b31c6c9
qwen_train,1846-s0005,experience,candidate_requires_context_review,ca840af320ded085bf150942dbb7fd08c7e4b87c42951de957cb054ac52344c8
qwen_train,1846-s0005,coordination,candidate_requires_context_review,ca840af320ded085bf150942dbb7fd08c7e4b87c42951de957cb054ac52344c8
qwen_train,1846-s0005,tool_theory,candidate_requires_context_review,ca840af320ded085bf150942dbb7fd08c7e4b87c42951de957cb054ac52344c8
qwen_train,1846-s0005,transversal,candidate_requires_context_review,ca840af320ded085bf150942dbb7fd08c7e4b87c42951de957cb054ac52344c8
qwen_train,1846-s0005,scope_empty,candidate_requires_context_review,ca840af320ded085bf150942dbb7fd08c7e4b87c42951de957cb054ac52344c8
qwen_train,1846-s0010,coordination,candidate_requires_context_review,ec16a775e3dc052100b55698cf82bd2353e54235b6e4761e4a8a4a72164737bf
qwen_train,1846-s0010,transversal,candidate_requires_context_review,ec16a775e3dc052100b55698cf82bd2353e54235b6e4761e4a8a4a72164737bf
qwen_train,1847-s0000,coordination,candidate_requires_context_review,ca26bbfbf13fe245dcaa71d92c592c111e9fc529f774897a02eb6d075432006b
qwen_train,1847-s0001,coordination,candidate_requires_context_review,ba0dbbd0883cb0041f315651016ab8548b0c6ef56e77f2b8d62ebba346f8bcc9
qwen_train,1847-s0002,experience,candidate_requires_context_review,697cc6e2a2b45eecc024984f1cdb25cb703352b225b0ea05f66030f6623e9161
qwen_train,1847-s0002,coordination,candidate_requires_context_review,697cc6e2a2b45eecc024984f1cdb25cb703352b225b0ea05f66030f6623e9161
qwen_train,1847-s0003,coordination,candidate_requires_context_review,4de858faefa9153ac24d8321ad44c144132ce3179efde6cfde2ea6453e8af0f3
qwen_train,1847-s0006,coordination,candidate_requires_context_review,8e404d8ed438daaab2a417aaf2e0172666f3cc55e8b59608d1a1120900ad1b74
qwen_train,1847-s0007,coordination,candidate_requires_context_review,c586d93385b894cf5fcd56618d8fdef66c4f62ebbb8515291f01588f96cd2097
qwen_train,1847-s0007,transversal,candidate_requires_context_review,c586d93385b894cf5fcd56618d8fdef66c4f62ebbb8515291f01588f96cd2097
qwen_train,1849-s0001,coordination,candidate_requires_context_review,5dd12d85148b0ab347dc12aad167aa0176aefdd0a254d7bfe22b352c51b39d17
qwen_train,1849-s0004,experience,candidate_requires_context_review,8998888d91f89f52ede0432382fd1c1d3da82b3f46427ad7ec91d48269e2075f
qwen_train,1849-s0004,coordination,candidate_requires_context_review,8998888d91f89f52ede0432382fd1c1d3da82b3f46427ad7ec91d48269e2075f
qwen_train,1849-s0004,transversal,candidate_requires_context_review,8998888d91f89f52ede0432382fd1c1d3da82b3f46427ad7ec91d48269e2075f
qwen_train,1849-s0004,scope_empty,candidate_requires_context_review,8998888d91f89f52ede0432382fd1c1d3da82b3f46427ad7ec91d48269e2075f
qwen_train,1851-s0001,coordination,candidate_requires_context_review,2a4d2287622ddd66a49c90cc40d69a9a8808c550991456d1c38bc8583c368563
qwen_train,1851-s0003,experience,candidate_requires_context_review,62e7c1424ca8b3080ff9380775b770a10d04629b65deff08b5db54767bced8e5
qwen_train,1851-s0003,coordination,candidate_requires_context_review,62e7c1424ca8b3080ff9380775b770a10d04629b65deff08b5db54767bced8e5
qwen_train,1851-s0004,experience,candidate_requires_context_review,e43d34f62909053f8de4c4fce2780f0283bccb070e361563a96e230633d903db
qwen_train,1851-s0004,coordination,candidate_requires_context_review,e43d34f62909053f8de4c4fce2780f0283bccb070e361563a96e230633d903db
qwen_train,1851-s0004,tool_theory,candidate_requires_context_review,e43d34f62909053f8de4c4fce2780f0283bccb070e361563a96e230633d903db
qwen_train,1851-s0005,coordination,candidate_requires_context_review,e9da4a2212c4db0d45593363e8359aa021375287882468ac2e9502371ddf3b4a
qwen_train,1851-s0005,transversal,candidate_requires_context_review,e9da4a2212c4db0d45593363e8359aa021375287882468ac2e9502371ddf3b4a
qwen_train,1852-s0000,coordination,candidate_requires_context_review,905e684810373ac7ca88596b561040d698015ea870e2e37c277bdfe73d3f1a5d
qwen_train,1852-s0003,coordination,candidate_requires_context_review,07d73fffffa077206f9ad49470a692f370a2d7370a47f36b3dd95a2ec4c23d24
qwen_train,1852-s0005,coordination,candidate_requires_context_review,c786122d2bc94991b37742238a5546392080b424915842a386cf02e64489e894
qwen_train,1852-s0005,tool_theory,candidate_requires_context_review,c786122d2bc94991b37742238a5546392080b424915842a386cf02e64489e894
qwen_train,1852-s0008,coordination,candidate_requires_context_review,dec181d6e7d074f953e0de246005c8cddaf0991e9fd310e09a0240e55a32ab83
qwen_train,1852-s0008,transversal,candidate_requires_context_review,dec181d6e7d074f953e0de246005c8cddaf0991e9fd310e09a0240e55a32ab83
qwen_train,1855-s0002,coordination,candidate_requires_context_review,eb1a715fe58cd92d726234cf7b3dd24e4f9a2c623ffd821b0e1464c7bd0fcd87
qwen_train,1855-s0002,transversal,candidate_requires_context_review,eb1a715fe58cd92d726234cf7b3dd24e4f9a2c623ffd821b0e1464c7bd0fcd87
qwen_train,1855-s0003,coordination,candidate_requires_context_review,3c5c27286714fe0386959e0ee2df17f5f74a62f5813bc9b4a86dbc7eb3966918
qwen_train,1855-s0003,tool_theory,candidate_requires_context_review,3c5c27286714fe0386959e0ee2df17f5f74a62f5813bc9b4a86dbc7eb3966918
qwen_train,1855-s0003,transversal,candidate_requires_context_review,3c5c27286714fe0386959e0ee2df17f5f74a62f5813bc9b4a86dbc7eb3966918
qwen_train,1855-s0004,coordination,candidate_requires_context_review,306e19253af9c87e03592bbde4ae843fcac7564069039d6225c16fcd439ed43a
qwen_train,1855-s0006,experience,candidate_requires_context_review,b39a5c95b8a3d2f6e7259454d7ec0a456d2cbef941b9183d22a3a71238956b97
qwen_train,1855-s0006,coordination,candidate_requires_context_review,b39a5c95b8a3d2f6e7259454d7ec0a456d2cbef941b9183d22a3a71238956b97
qwen_train,1855-s0006,tool_theory,candidate_requires_context_review,b39a5c95b8a3d2f6e7259454d7ec0a456d2cbef941b9183d22a3a71238956b97
qwen_train,1855-s0006,transversal,candidate_requires_context_review,b39a5c95b8a3d2f6e7259454d7ec0a456d2cbef941b9183d22a3a71238956b97
qwen_train,1855-s0008,coordination,candidate_requires_context_review,4e33040f9ca82028af2c20b6e641fe540f522cffb10762a3cf3fe6f43ee8dcf0
qwen_train,1855-s0008,transversal,candidate_requires_context_review,4e33040f9ca82028af2c20b6e641fe540f522cffb10762a3cf3fe6f43ee8dcf0
qwen_train,1855-s0009,experience,candidate_requires_context_review,71e56fc467355bb22fd814d20728fe1f613af145d11d82dabe400347605e75b5
qwen_train,1855-s0009,coordination,candidate_requires_context_review,71e56fc467355bb22fd814d20728fe1f613af145d11d82dabe400347605e75b5
qwen_train,1855-s0010,tool_theory,candidate_requires_context_review,31f3786b3207fcd0ef98fc5145c050d42efdae7bca43d7f2e8e8f73b998342dc
qwen_train,1855-s0013,coordination,candidate_requires_context_review,fa7469a2693ec5bab4c1bbfada3bf34f44d89d395cfb1db01bf9a2de2af7dfde
qwen_train,1856-s0000,experience,candidate_requires_context_review,33bdd0d5ea6143f0f70d2f4118a14cdb544b1e15e637a01cfa653cabfdd0a7ab
qwen_train,1856-s0000,coordination,candidate_requires_context_review,33bdd0d5ea6143f0f70d2f4118a14cdb544b1e15e637a01cfa653cabfdd0a7ab
qwen_train,1856-s0000,scope_empty,candidate_requires_context_review,33bdd0d5ea6143f0f70d2f4118a14cdb544b1e15e637a01cfa653cabfdd0a7ab
qwen_train,1857-s0000,coordination,candidate_requires_context_review,0b5470447fef1981a03f2b390a5391eb578f3c5c5fd3dcdf48abb0fed61658d3
qwen_train,1857-s0000,tool_theory,candidate_requires_context_review,0b5470447fef1981a03f2b390a5391eb578f3c5c5fd3dcdf48abb0fed61658d3
qwen_train,1857-s0000,transversal,candidate_requires_context_review,0b5470447fef1981a03f2b390a5391eb578f3c5c5fd3dcdf48abb0fed61658d3
qwen_train,1857-s0001,experience,candidate_requires_context_review,3a5b80da85946c171acc31faebb576b6c053141caaef4cfc78e4e6f008c24fd7
qwen_train,1857-s0001,coordination,candidate_requires_context_review,3a5b80da85946c171acc31faebb576b6c053141caaef4cfc78e4e6f008c24fd7
qwen_train,1857-s0001,tool_theory,candidate_requires_context_review,3a5b80da85946c171acc31faebb576b6c053141caaef4cfc78e4e6f008c24fd7
qwen_train,1857-s0001,transversal,candidate_requires_context_review,3a5b80da85946c171acc31faebb576b6c053141caaef4cfc78e4e6f008c24fd7
qwen_train,1858-s0002,coordination,candidate_requires_context_review,c4b1288212e435b5b25e2e6cc1d7395c1571c9cc6c50ef4fc12e17e0f9aeb50b
qwen_train,1858-s0002,transversal,candidate_requires_context_review,c4b1288212e435b5b25e2e6cc1d7395c1571c9cc6c50ef4fc12e17e0f9aeb50b
qwen_train,1858-s0005,coordination,candidate_requires_context_review,80e923d4357b3dfb8176303d382003eed3bd126b4ab33c3841d4b476f60b46ae
qwen_train,1858-s0008,coordination,candidate_requires_context_review,4446b543a59201a6cc36f9bb4e57cfd7c2febd2c32e7e99aaf06339381695500
qwen_train,1858-s0009,coordination,candidate_requires_context_review,b47cd3456d3f42e1aa7c48a9a58c6a9d2ad3aef2828b022fe4428462b8c30c20
qwen_train,1858-s0010,coordination,candidate_requires_context_review,f06ea8edbaae51b3dc0876917e956d6372ea89c31f5b42883bbe3c57c6d4a86e
qwen_train,1858-s0010,transversal,candidate_requires_context_review,f06ea8edbaae51b3dc0876917e956d6372ea89c31f5b42883bbe3c57c6d4a86e
qwen_train,1859-s0000,coordination,candidate_requires_context_review,ef87c9b93f2f1a2a90bbb1de384df9347af272e021d066e6ccace6ad4ea0a8b0
qwen_train,1859-s0000,tool_theory,candidate_requires_context_review,ef87c9b93f2f1a2a90bbb1de384df9347af272e021d066e6ccace6ad4ea0a8b0
qwen_train,1859-s0001,experience,candidate_requires_context_review,9fc521a8be624313beda91aea90e5fbc2c4aa60335accd2fce1b76f0e9373f3f
qwen_train,1859-s0001,coordination,candidate_requires_context_review,9fc521a8be624313beda91aea90e5fbc2c4aa60335accd2fce1b76f0e9373f3f
qwen_train,1860-s0000,coordination,candidate_requires_context_review,7bf776e07b08a0c2eb14a6d7363c712a616de77ff36e0dab5307e5f424d53b43
qwen_train,1860-s0003,coordination,candidate_requires_context_review,90aec280f1f0141bec5190eb093961ffc8f3833aa31d1ff4ec8d3f685e477911
qwen_train,1860-s0006,coordination,candidate_requires_context_review,4ea5a57b1cd666f55dae3c3a8ee43ece091a724531552971fc6c979c1e57f48d
qwen_train,1860-s0010,coordination,candidate_requires_context_review,3bcd96ee8664972568793cbc6f22e0ce7efbe0c0331110395547a7b07660f3bf
qwen_train,1860-s0012,coordination,candidate_requires_context_review,ce9e3983c5b776303adf39cfa115306d47474fd0164e3ca31189425599dd06f2
qwen_train,1861-s0002,coordination,candidate_requires_context_review,34e497544ba64c04492b206e95b5c4b43d9537c74e8881b914f2e5ecbdd4de0c
qwen_train,1861-s0004,coordination,candidate_requires_context_review,da9607d3b2850389939948ef8782c5deea9d554bc2fef3c135a0dab00610c931
qwen_train,1861-s0006,experience,candidate_requires_context_review,c3f46fbe48493d0646caa5426e3b3491becabd436cc4585b451c4c7749bdc54b
qwen_train,1861-s0006,coordination,candidate_requires_context_review,c3f46fbe48493d0646caa5426e3b3491becabd436cc4585b451c4c7749bdc54b
qwen_train,1861-s0006,transversal,candidate_requires_context_review,c3f46fbe48493d0646caa5426e3b3491becabd436cc4585b451c4c7749bdc54b
qwen_train,1863-s0000,coordination,candidate_requires_context_review,19b1f5935b085f052daa63cfe8410165f52b05dbe330fd9a4ad898201a95f71c
qwen_train,1863-s0001,coordination,candidate_requires_context_review,87fbe3536692b8ee2a32ce343e34e45ec06ad07adc1c537cd62712583fae30ff
qwen_train,1863-s0002,coordination,candidate_requires_context_review,69ddc381d04174a4cb2f308d7e297521a042cb2508553a05b39c94acf2679142
qwen_train,1863-s0003,coordination,candidate_requires_context_review,f4a253f7a990a45babd664e52e82250bfb8b2f7c5688cc88851053d72cdf5052
qwen_train,1863-s0004,experience,candidate_requires_context_review,8d543e1a02e21aade95a03a7f32e583534e1b13f5d98c6b14e8a446d39ddcb8e
qwen_train,1863-s0004,coordination,candidate_requires_context_review,8d543e1a02e21aade95a03a7f32e583534e1b13f5d98c6b14e8a446d39ddcb8e
qwen_train,1863-s0005,coordination,candidate_requires_context_review,e570725794a44310c450d19607211a79cb9c43213650e1ba5c1e75206eb610f8
qwen_train,1863-s0005,transversal,candidate_requires_context_review,e570725794a44310c450d19607211a79cb9c43213650e1ba5c1e75206eb610f8
qwen_train,1863-s0006,coordination,candidate_requires_context_review,1a21a18068f165861dfa2e4245d7723d2ee3f93db7c023f557ef2db840b40ae5
qwen_train,1863-s0007,coordination,candidate_requires_context_review,559fbfe7d05bcab5b81282a1646307c83fd41928fead2e4771bbe1dbfefe0eed
qwen_train,1864-s0000,experience,candidate_requires_context_review,781c74012335cc8022aeb47bea3216fb5d7e0f41ea48a196f71a6e010f53f036
qwen_train,1864-s0000,coordination,candidate_requires_context_review,781c74012335cc8022aeb47bea3216fb5d7e0f41ea48a196f71a6e010f53f036
qwen_train,1864-s0000,tool_theory,candidate_requires_context_review,781c74012335cc8022aeb47bea3216fb5d7e0f41ea48a196f71a6e010f53f036
qwen_train,1864-s0000,transversal,candidate_requires_context_review,781c74012335cc8022aeb47bea3216fb5d7e0f41ea48a196f71a6e010f53f036
qwen_train,1865-s0000,experience,candidate_requires_context_review,31d0246ff79b751a442c53a79537681677d362b80f924a7b99e707413b7e5b43
qwen_train,1865-s0000,coordination,candidate_requires_context_review,31d0246ff79b751a442c53a79537681677d362b80f924a7b99e707413b7e5b43
qwen_train,1865-s0001,coordination,candidate_requires_context_review,d68da55aa6460e2ff4ce804c0d6ee7f3529c5500c08dbb4829bc819e739cf0a7
qwen_train,1866-s0000,coordination,candidate_requires_context_review,2ef1f2f69af025226459fbc037039221d68182cbb323035d9712eedf80d35ffe
qwen_train,1866-s0001,coordination,candidate_requires_context_review,2825e3aef4e52728f5692c05af3408a544c52d962872e9becc9af617453b73e8
qwen_train,1866-s0002,coordination,candidate_requires_context_review,6cebe5da9fcb2e60be882b815af79f2473b5725e1a1cb94f144a8575a0f3dff4
qwen_train,1866-s0003,coordination,candidate_requires_context_review,9058a05eba221f21fb1fb1455ffc62897402f7875d8b3c3e168bc52a98a468ad
qwen_train,1866-s0004,coordination,candidate_requires_context_review,dc16a8de710faa51635b63fc70f89f626984b53ce94dc201a91f7a908d38db6d
qwen_train,1866-s0005,coordination,candidate_requires_context_review,0564edc3e19167760cd47282d4dbde3c8abed309cff6542af91c297ae176d964
qwen_train,1866-s0006,experience,candidate_requires_context_review,c062cc8866f120a964d3d752d5baa84c08f5db22fb881cd04d73aba66009b3bb
qwen_train,1866-s0006,coordination,candidate_requires_context_review,c062cc8866f120a964d3d752d5baa84c08f5db22fb881cd04d73aba66009b3bb
qwen_train,1866-s0006,transversal,candidate_requires_context_review,c062cc8866f120a964d3d752d5baa84c08f5db22fb881cd04d73aba66009b3bb
qwen_train,1866-s0007,experience,candidate_requires_context_review,99259465a06c07e1f50faefdbb9b87e53e9d3b88f74b4bb77d0f37c226a98765
qwen_train,1866-s0007,coordination,candidate_requires_context_review,99259465a06c07e1f50faefdbb9b87e53e9d3b88f74b4bb77d0f37c226a98765
qwen_train,1866-s0008,coordination,candidate_requires_context_review,1d5b2c73a9db9567d906f6a77e199f10623e71e4014d666d8c2618861138f80f
qwen_train,1866-s0008,tool_theory,candidate_requires_context_review,1d5b2c73a9db9567d906f6a77e199f10623e71e4014d666d8c2618861138f80f
qwen_train,1866-s0009,coordination,candidate_requires_context_review,e393a74c10694743f79813bdffdab79a624add43241993d0a6474c1daec2179a
qwen_train,1866-s0009,transversal,candidate_requires_context_review,e393a74c10694743f79813bdffdab79a624add43241993d0a6474c1daec2179a
qwen_train,1868-s0004,experience,candidate_requires_context_review,7a1288a701cd22f8ceef22619db8dc608c448d13c637ef9b3d67ad74bf727c34
qwen_train,1868-s0004,coordination,candidate_requires_context_review,7a1288a701cd22f8ceef22619db8dc608c448d13c637ef9b3d67ad74bf727c34
qwen_train,1868-s0005,experience,candidate_requires_context_review,34c2a46a1761a48707e8dc9361bd596ab93c5f49d95722f605f970f87c876f36
qwen_train,1868-s0005,coordination,candidate_requires_context_review,34c2a46a1761a48707e8dc9361bd596ab93c5f49d95722f605f970f87c876f36
qwen_train,1869-s0000,coordination,candidate_requires_context_review,50528dd85c986e4317342219b49e64bcf1f219bf043faeb45f020eb6f51f8c7e
qwen_train,1869-s0001,coordination,candidate_requires_context_review,799ca6044965d8dcc0ca9245b6b0161fb355cc7cf356d6f4da0f459079f5b04d
qwen_train,1869-s0002,coordination,candidate_requires_context_review,73e8bdfdcf55125f7ca6d7b6b517c6b943d78774a8dfb4ee52e1e4b3a7207f8e
qwen_train,1869-s0005,experience,candidate_requires_context_review,5bd6ec92fde073cb55e7ccb88ba7fba84684ef9d88f2e797f8accdb2df025428
qwen_train,1869-s0005,coordination,candidate_requires_context_review,5bd6ec92fde073cb55e7ccb88ba7fba84684ef9d88f2e797f8accdb2df025428
qwen_train,1870-s0000,coordination,candidate_requires_context_review,9c06ec3188599c1ac31505a95fe51bc8018093e63e104639aed84139b03ca152
qwen_train,1870-s0001,coordination,candidate_requires_context_review,6e905968c1a7847754ea1ad6c1ed65ef7a4622552a00cc0f686421a2b00ae20c
qwen_train,1870-s0002,coordination,candidate_requires_context_review,05ae51d8bcdaf652ada36d9fd562c3cf23206fc54b1cd54ffe54e134d74ad3c8
qwen_train,1870-s0003,coordination,candidate_requires_context_review,69a01ea0d727f2df1be031857db77c3edceded98ab1949c7eff18f1c51ab26c1
qwen_train,1870-s0004,experience,candidate_requires_context_review,f5a9e1075d5fca02a18d2cdca25680ae30617c4d6cb673aeaae56dfcff2b375c
qwen_train,1870-s0004,coordination,candidate_requires_context_review,f5a9e1075d5fca02a18d2cdca25680ae30617c4d6cb673aeaae56dfcff2b375c
qwen_train,1870-s0006,coordination,candidate_requires_context_review,3b0ee24f2e98b3e84baaae20855064944181e0b453a109c87b299357fdc5d22f
qwen_train,1870-s0007,experience,candidate_requires_context_review,31addd9d144d681f0dbc66b092cae1f9d13be22265a53ce0dcc5885085f3960f
qwen_train,1870-s0007,coordination,candidate_requires_context_review,31addd9d144d681f0dbc66b092cae1f9d13be22265a53ce0dcc5885085f3960f
qwen_train,1870-s0008,experience,candidate_requires_context_review,e7f037a8aeb584b2cbc9349b957567384925b3cae980d7c4e3a7f520bc5f7814
qwen_train,1870-s0008,coordination,candidate_requires_context_review,e7f037a8aeb584b2cbc9349b957567384925b3cae980d7c4e3a7f520bc5f7814
qwen_train,1870-s0009,coordination,candidate_requires_context_review,c1ed5d9d39c13a23f6c68c3c5b860760e14fdbb3ed95ade6b344307e57ef47e6
qwen_train,1870-s0009,transversal,candidate_requires_context_review,c1ed5d9d39c13a23f6c68c3c5b860760e14fdbb3ed95ade6b344307e57ef47e6
qwen_train,1870-s0011,coordination,candidate_requires_context_review,547f084b28d59c11c3ab3a5a6ae25c32203c6840865e0a5486de78b2d37410ae
qwen_train,1870-s0012,coordination,candidate_requires_context_review,b6873768d20132a1bdb955111a385c152f442fa5542e1382b9ba9f9b29966690
qwen_train,1870-s0012,transversal,candidate_requires_context_review,b6873768d20132a1bdb955111a385c152f442fa5542e1382b9ba9f9b29966690
qwen_train,1871-s0000,experience,candidate_requires_context_review,59acf176470e7ce76c00f014a54e71616fcbc2ee80ff2b86281ea203b498c135
qwen_train,1871-s0000,coordination,candidate_requires_context_review,59acf176470e7ce76c00f014a54e71616fcbc2ee80ff2b86281ea203b498c135
qwen_train,1871-s0000,tool_theory,candidate_requires_context_review,59acf176470e7ce76c00f014a54e71616fcbc2ee80ff2b86281ea203b498c135
qwen_train,1871-s0000,transversal,candidate_requires_context_review,59acf176470e7ce76c00f014a54e71616fcbc2ee80ff2b86281ea203b498c135
qwen_train,1873-s0000,coordination,candidate_requires_context_review,ef6de24bc7e9f35ff061b761f22294c5065b729391769034ac3049d970ae15e2
qwen_train,1873-s0000,tool_theory,candidate_requires_context_review,ef6de24bc7e9f35ff061b761f22294c5065b729391769034ac3049d970ae15e2
qwen_train,1873-s0001,coordination,candidate_requires_context_review,29e033672a0d7686948020086b75b10313f0c22816e911c30ec56a5929a15be4
qwen_train,1873-s0001,tool_theory,candidate_requires_context_review,29e033672a0d7686948020086b75b10313f0c22816e911c30ec56a5929a15be4
qwen_train,1873-s0002,coordination,candidate_requires_context_review,c2b21a82d042a6d726e105ab280f707dd4888f0e6a2e36d03dbb767fb2bd7c31
qwen_train,1873-s0002,tool_theory,candidate_requires_context_review,c2b21a82d042a6d726e105ab280f707dd4888f0e6a2e36d03dbb767fb2bd7c31
qwen_train,1873-s0004,experience,candidate_requires_context_review,1ba728e8ccab3dce107db296dadbc3771937c0e54785fdc55cd8ef3e043f6cdb
qwen_train,1873-s0004,tool_theory,candidate_requires_context_review,1ba728e8ccab3dce107db296dadbc3771937c0e54785fdc55cd8ef3e043f6cdb
qwen_train,1873-s0005,coordination,candidate_requires_context_review,01e3f57abc8b2006a68c4afcb2d323cfc13b7afbdcccd287d936fc0e1fc5961a
qwen_train,1873-s0005,tool_theory,candidate_requires_context_review,01e3f57abc8b2006a68c4afcb2d323cfc13b7afbdcccd287d936fc0e1fc5961a
qwen_train,1873-s0006,coordination,candidate_requires_context_review,8926f78b824f9fb9265f4e67dd9a3c93e552864a15cb849ec842ef9f1007b11d
qwen_train,1873-s0006,tool_theory,candidate_requires_context_review,8926f78b824f9fb9265f4e67dd9a3c93e552864a15cb849ec842ef9f1007b11d
qwen_train,1874-s0000,coordination,candidate_requires_context_review,06d5023cac3284a189686a0c7f73b878956f83bd682499674c4e48196a156d53
qwen_train,1874-s0001,coordination,candidate_requires_context_review,bd42049c7d0d068d7108f2d8d66fd1f190eac79d0e2d17410578e348f00587e3
qwen_train,1874-s0003,coordination,candidate_requires_context_review,feed80bb0bef26e14a21241e2a64876933c78393442cd8e7e237da7b76af25d7
qwen_train,1874-s0004,coordination,candidate_requires_context_review,976eeeb278ade4d2c2ade13d5f893a7d5a638183b266da8a8d602ad4c192cb75
qwen_train,1874-s0004,transversal,candidate_requires_context_review,976eeeb278ade4d2c2ade13d5f893a7d5a638183b266da8a8d602ad4c192cb75
qwen_train,1874-s0005,experience,candidate_requires_context_review,a426d3290533d2bbac56139d9ab8698d0d01b5fd50f4c1ab244b1af31df1031d
qwen_train,1874-s0005,coordination,candidate_requires_context_review,a426d3290533d2bbac56139d9ab8698d0d01b5fd50f4c1ab244b1af31df1031d
qwen_train,1874-s0005,tool_theory,candidate_requires_context_review,a426d3290533d2bbac56139d9ab8698d0d01b5fd50f4c1ab244b1af31df1031d
qwen_train,1874-s0006,coordination,candidate_requires_context_review,94d51f9a197c7645f0d22a3e84fc7a6c07eca406ce356d0d89242bc52189e4cf
qwen_train,1874-s0006,transversal,candidate_requires_context_review,94d51f9a197c7645f0d22a3e84fc7a6c07eca406ce356d0d89242bc52189e4cf
qwen_train,1875-s0000,experience,candidate_requires_context_review,1ecb5e288500670ee8449b87186fdb6758645f8081a76575b255c51549c2ce1f
qwen_train,1875-s0000,coordination,candidate_requires_context_review,1ecb5e288500670ee8449b87186fdb6758645f8081a76575b255c51549c2ce1f
qwen_train,1875-s0001,experience,candidate_requires_context_review,c9d3f7334cdb4b77ee8ddada7662146c0958d08461b12ec56ad6ec72fbfafda0
qwen_train,1875-s0001,coordination,candidate_requires_context_review,c9d3f7334cdb4b77ee8ddada7662146c0958d08461b12ec56ad6ec72fbfafda0
qwen_train,1875-s0002,coordination,candidate_requires_context_review,66bb190a169ac3f774f038dae7e5829f1e056e7fbaf1e13b93b8286e753f9cf7
qwen_train,1875-s0003,experience,candidate_requires_context_review,6210dc6ab42ac39da6f8deca14eb221709446ee5b968e91bce0df8c198991da1
qwen_train,1875-s0003,coordination,candidate_requires_context_review,6210dc6ab42ac39da6f8deca14eb221709446ee5b968e91bce0df8c198991da1
qwen_train,1875-s0003,tool_theory,candidate_requires_context_review,6210dc6ab42ac39da6f8deca14eb221709446ee5b968e91bce0df8c198991da1
qwen_train,1878-s0000,experience,candidate_requires_context_review,d1b4383cd28f143badb0bdb4fee9e7ad4073812fe52c512094dd48aaac80446a
qwen_train,1878-s0000,coordination,candidate_requires_context_review,d1b4383cd28f143badb0bdb4fee9e7ad4073812fe52c512094dd48aaac80446a
qwen_train,1878-s0001,coordination,candidate_requires_context_review,52324d76b98dcb0b354db3077db66afa5d64b274d8bb3dcd10194d97235110e8
qwen_train,1878-s0001,tool_theory,candidate_requires_context_review,52324d76b98dcb0b354db3077db66afa5d64b274d8bb3dcd10194d97235110e8
qwen_train,1878-s0001,transversal,candidate_requires_context_review,52324d76b98dcb0b354db3077db66afa5d64b274d8bb3dcd10194d97235110e8
qwen_train,1879-s0000,coordination,candidate_requires_context_review,defde8f19e6898157b8c8a2b6b48ebab948bedd0e5457b2e0fad0dd99d40c274
qwen_train,1879-s0000,transversal,candidate_requires_context_review,defde8f19e6898157b8c8a2b6b48ebab948bedd0e5457b2e0fad0dd99d40c274
qwen_train,1879-s0001,coordination,candidate_requires_context_review,994af9b954b18daeb282a1fcf4dd66b7875954b6a8e943a4243091db5207e27a
qwen_train,1879-s0003,coordination,candidate_requires_context_review,bda18b1cbe1e5829fdc6c32d89df7b699d7c662b56f96a9df4af4b146cf433b4
qwen_train,1879-s0003,tool_theory,candidate_requires_context_review,bda18b1cbe1e5829fdc6c32d89df7b699d7c662b56f96a9df4af4b146cf433b4
qwen_train,1879-s0003,transversal,candidate_requires_context_review,bda18b1cbe1e5829fdc6c32d89df7b699d7c662b56f96a9df4af4b146cf433b4
qwen_train,1879-s0004,coordination,candidate_requires_context_review,17a15848710d4ecbc73de5aed0565ec5542282fc95f5034e418c878cbbe479bf
qwen_train,1879-s0004,tool_theory,candidate_requires_context_review,17a15848710d4ecbc73de5aed0565ec5542282fc95f5034e418c878cbbe479bf
qwen_train,1879-s0005,coordination,candidate_requires_context_review,964be311250ccf1e5d5dccbe2a6b4995a268caf4b8f6b96604fd4c1fac6c0673
qwen_train,1879-s0005,tool_theory,candidate_requires_context_review,964be311250ccf1e5d5dccbe2a6b4995a268caf4b8f6b96604fd4c1fac6c0673
qwen_train,1880-s0000,coordination,candidate_requires_context_review,21082cd59037a40b0aed766dcb5543ce8bbc901274911790bb1ec420d10f3b9b
qwen_train,1880-s0000,tool_theory,candidate_requires_context_review,21082cd59037a40b0aed766dcb5543ce8bbc901274911790bb1ec420d10f3b9b
qwen_train,1880-s0001,coordination,candidate_requires_context_review,e5e3d2939edf43223e0f34f06d623a8bf89a99c7e273083585825d33c952a343
qwen_train,1880-s0002,coordination,candidate_requires_context_review,fe44dc35a42d71c6b7d7d87cc7de2cee7f89207915c48a06568098013db75a43
qwen_train,1880-s0002,tool_theory,candidate_requires_context_review,fe44dc35a42d71c6b7d7d87cc7de2cee7f89207915c48a06568098013db75a43
qwen_train,1880-s0003,coordination,candidate_requires_context_review,2818d9a23be3dabf40d8be588f180eee7cf5327a2deb6170c7f635e737110644
qwen_train,1880-s0005,experience,candidate_requires_context_review,93e19f23ef59a29fcc55622d6dfe23099d1406d798db5e57ae2cec786b6f51f1
qwen_train,1880-s0005,coordination,candidate_requires_context_review,93e19f23ef59a29fcc55622d6dfe23099d1406d798db5e57ae2cec786b6f51f1
qwen_train,1880-s0007,coordination,candidate_requires_context_review,20babbca2a300bdf89631043f995eadc87c8d5eba8ceb0b23565e396dc9860f3
qwen_train,1880-s0007,tool_theory,candidate_requires_context_review,20babbca2a300bdf89631043f995eadc87c8d5eba8ceb0b23565e396dc9860f3
qwen_train,1880-s0007,transversal,candidate_requires_context_review,20babbca2a300bdf89631043f995eadc87c8d5eba8ceb0b23565e396dc9860f3
qwen_train,1880-s0008,experience,candidate_requires_context_review,6865cffcfdf023ff47831c3547402d4606791277cfb11d2213eda9f6fbf4e765
qwen_train,1880-s0008,coordination,candidate_requires_context_review,6865cffcfdf023ff47831c3547402d4606791277cfb11d2213eda9f6fbf4e765
qwen_train,1882-s0001,coordination,candidate_requires_context_review,c23fd925a7b056171bb13c6703cf3d067cc157c4c5455e8dac74f8fcff369f4e
qwen_train,1882-s0002,coordination,candidate_requires_context_review,9150f8cfd6771392cff3f003c1f3a1e5e6874db7a2dc6ee3079c08fd5730674b
qwen_train,1882-s0005,experience,candidate_requires_context_review,bfb634797165f226a3959c2bada7bffffb4b8f460d4bffefde9fe2b71954fc86
qwen_train,1882-s0005,coordination,candidate_requires_context_review,bfb634797165f226a3959c2bada7bffffb4b8f460d4bffefde9fe2b71954fc86
qwen_train,1882-s0007,coordination,candidate_requires_context_review,32db8ad4370cd8168a57385b8c3a833a0fb945a590cdb857c6810f61da013324
qwen_train,1882-s0009,experience,candidate_requires_context_review,c158c4a2a3a12deec84584b05d4d6d4aae3aebdc50c60bc8594291ca21e0ca36
qwen_train,1882-s0009,coordination,candidate_requires_context_review,c158c4a2a3a12deec84584b05d4d6d4aae3aebdc50c60bc8594291ca21e0ca36
qwen_train,1882-s0011,coordination,candidate_requires_context_review,d1886239eb79dd3f9ae67fb5f07d7c66ed23880bfce0b024b0ab0773eca15a16
qwen_train,1882-s0011,transversal,candidate_requires_context_review,d1886239eb79dd3f9ae67fb5f07d7c66ed23880bfce0b024b0ab0773eca15a16
qwen_train,1883-s0009,coordination,candidate_requires_context_review,ca8f812070a79cc8c1693b163019685916979ecf17cf20a142ed7b3cada483ec
qwen_train,1883-s0009,transversal,candidate_requires_context_review,ca8f812070a79cc8c1693b163019685916979ecf17cf20a142ed7b3cada483ec
qwen_train,1883-s0010,coordination,candidate_requires_context_review,e8ae085228ebcc653baf89e4b1d5e1f145463c994fa80b70af1fb198c880aed5
qwen_train,1884-s0005,transversal,candidate_requires_context_review,42814758f1b41466f8fc9e2ee3311bb6e95172a927e71528b5342331bfa87df6
qwen_train,1884-s0007,coordination,candidate_requires_context_review,159e60f54d12d7c663e0313916af7157b67d38af055ffa7e61fd94988fe339f4
qwen_train,1884-s0008,coordination,candidate_requires_context_review,7d95cf07957e56606ddcc1949fb042b60f151ad0cee48ec12788293b341bc60d
qwen_train,1884-s0008,tool_theory,candidate_requires_context_review,7d95cf07957e56606ddcc1949fb042b60f151ad0cee48ec12788293b341bc60d
qwen_train,1885-s0000,coordination,candidate_requires_context_review,6ad34c0fb4936a82eb49114cd933baf3c37024b37336f74bdf5a7faa79192e32
qwen_train,1885-s0001,coordination,candidate_requires_context_review,e16c859394f20016b1a5eff4ed0b1d41778d5c2d6eb024eefb2d22e0b56cfdc7
qwen_train,1885-s0004,experience,candidate_requires_context_review,f02ebba7318eb181cc9f75e59ff420051677b9de437c8002edadead8efee351e
qwen_train,1885-s0004,coordination,candidate_requires_context_review,f02ebba7318eb181cc9f75e59ff420051677b9de437c8002edadead8efee351e
qwen_train,1885-s0005,experience,candidate_requires_context_review,9d2c588a03c2fe8a7aa6ec2425b018fc11a403bf2168006c40b9281750cbef8a
qwen_train,1885-s0005,coordination,candidate_requires_context_review,9d2c588a03c2fe8a7aa6ec2425b018fc11a403bf2168006c40b9281750cbef8a
qwen_train,1885-s0006,coordination,candidate_requires_context_review,fa3afba19bc7fd9ce638d9bf27c267b085d41755ed5ff51c5cd10820a8ffe90b
qwen_train,1885-s0006,transversal,candidate_requires_context_review,fa3afba19bc7fd9ce638d9bf27c267b085d41755ed5ff51c5cd10820a8ffe90b
qwen_train,1885-s0008,coordination,candidate_requires_context_review,f2d5b7743f0f5812f46d0e077d269ccbd48ba75c4b94fcdad532cfb5d0e8d11e
qwen_train,1885-s0011,coordination,candidate_requires_context_review,1cdcb91da640bfaa9251414862821cc9049a4180611cc7602d27b720478d1d6f
qwen_train,1885-s0012,experience,candidate_requires_context_review,773b5c3518707ea32526a2597b7472fa9b00121b60dca743f1464a2a13343864
qwen_train,1885-s0012,coordination,candidate_requires_context_review,773b5c3518707ea32526a2597b7472fa9b00121b60dca743f1464a2a13343864
qwen_train,1888-s0000,experience,candidate_requires_context_review,dc84fe73c50c411b97bb629b3d401b585a9f836bd221b3dfe07467f7c5279901
qwen_train,1888-s0000,coordination,candidate_requires_context_review,dc84fe73c50c411b97bb629b3d401b585a9f836bd221b3dfe07467f7c5279901
qwen_train,1888-s0000,tool_theory,candidate_requires_context_review,dc84fe73c50c411b97bb629b3d401b585a9f836bd221b3dfe07467f7c5279901
qwen_train,1888-s0000,transversal,candidate_requires_context_review,dc84fe73c50c411b97bb629b3d401b585a9f836bd221b3dfe07467f7c5279901
qwen_train,1888-s0001,coordination,candidate_requires_context_review,330de4ed9aad4c903612b61a8079ebdc4fa3272202548fb1ef22f731ac80d3af
qwen_train,1888-s0005,transversal,candidate_requires_context_review,4a38c7bc47ad8991158c330bd89aade46cfe9ff77da70401017e0578bc76086b
qwen_train,1890-s0000,coordination,candidate_requires_context_review,43318d5de1e14ac3bb125929dea53352e92ca638a57f650e3671c4537ec3fe19
qwen_train,1890-s0001,experience,candidate_requires_context_review,1037936b6b3a29f61f9a5b78a7ddc1cb2690577cd17f2aefa261d984aed2b2b2
qwen_train,1890-s0001,coordination,candidate_requires_context_review,1037936b6b3a29f61f9a5b78a7ddc1cb2690577cd17f2aefa261d984aed2b2b2
qwen_train,1890-s0001,transversal,candidate_requires_context_review,1037936b6b3a29f61f9a5b78a7ddc1cb2690577cd17f2aefa261d984aed2b2b2
qwen_train,1890-s0003,coordination,candidate_requires_context_review,aaba2cce86683abd15caf2a223db99ac3e51f3ddd1b504f91626cb72b04f122e
qwen_train,1890-s0004,coordination,candidate_requires_context_review,87da35f74d57e725e7cf28080fa4d69fdebefe682900ef5248a7e7fc21613d91
qwen_train,1891-s0002,coordination,candidate_requires_context_review,642b9c02ddc51ecae7fb6edd569f25b1b4256665c3e21fefa835ee89747eb4ba
qwen_train,1891-s0003,coordination,candidate_requires_context_review,b8e5c7f3804d01ddc45ad728a855d8b39f7a6b75f919bce059f8a7c0bd95d41a
qwen_train,1891-s0005,coordination,candidate_requires_context_review,36683b31c3cd81926552ee9c4ab35945066a66aa68e76b5c37a1a1dac086e538
qwen_train,1891-s0005,transversal,candidate_requires_context_review,36683b31c3cd81926552ee9c4ab35945066a66aa68e76b5c37a1a1dac086e538
qwen_train,1891-s0006,transversal,candidate_requires_context_review,c3c94976f50711768e65f1145a056bf6678086a63389b14e056bde5da1f1d295
qwen_train,1891-s0008,coordination,candidate_requires_context_review,693de05dc28a089040d9d310e7b785dbd3a904b05054020bd226ff27fa7db87d
qwen_train,1891-s0008,transversal,candidate_requires_context_review,693de05dc28a089040d9d310e7b785dbd3a904b05054020bd226ff27fa7db87d
qwen_train,1891-s0012,coordination,candidate_requires_context_review,29820b82695264e414e86f66f007de6591a40fbe42a61d3f8e24f5a5e53e972a
qwen_train,1891-s0013,experience,candidate_requires_context_review,8b8abf8e6b585713645898ec22a0d3b91c82c14c391b2ce6fc6f548184d047d6
qwen_train,1891-s0013,coordination,candidate_requires_context_review,8b8abf8e6b585713645898ec22a0d3b91c82c14c391b2ce6fc6f548184d047d6
qwen_train,1892-s0000,coordination,candidate_requires_context_review,47e54a67e869f867d13078b2e1da12057ab6a5aed7ce6dfec636ee57d7f95305
qwen_train,1892-s0000,tool_theory,candidate_requires_context_review,47e54a67e869f867d13078b2e1da12057ab6a5aed7ce6dfec636ee57d7f95305
qwen_train,1892-s0000,transversal,candidate_requires_context_review,47e54a67e869f867d13078b2e1da12057ab6a5aed7ce6dfec636ee57d7f95305
qwen_train,1892-s0001,coordination,candidate_requires_context_review,1db408636012492b65b1c9a9546ee04b8b41c01cb8653de10d7f1495fccd5471
qwen_train,1892-s0001,tool_theory,candidate_requires_context_review,1db408636012492b65b1c9a9546ee04b8b41c01cb8653de10d7f1495fccd5471
qwen_train,1892-s0001,transversal,candidate_requires_context_review,1db408636012492b65b1c9a9546ee04b8b41c01cb8653de10d7f1495fccd5471
qwen_train,1892-s0002,coordination,candidate_requires_context_review,f0016aae358498de5371a89b34c780c38330f07850c517ae7d4ae77de7683bad
qwen_train,1892-s0003,coordination,candidate_requires_context_review,69e8b79b2052dd4b22b9ff7007d7a0236210286a2acaa5cb9685dee56899975c
qwen_train,1892-s0003,tool_theory,candidate_requires_context_review,69e8b79b2052dd4b22b9ff7007d7a0236210286a2acaa5cb9685dee56899975c
qwen_train,1892-s0004,experience,candidate_requires_context_review,08be7b083e9c730911ffcf1b0f978d61899cf13f9d0aa3642bcde95407320ab7
qwen_train,1892-s0004,coordination,candidate_requires_context_review,08be7b083e9c730911ffcf1b0f978d61899cf13f9d0aa3642bcde95407320ab7
qwen_train,1892-s0004,tool_theory,candidate_requires_context_review,08be7b083e9c730911ffcf1b0f978d61899cf13f9d0aa3642bcde95407320ab7
qwen_train,1892-s0005,coordination,candidate_requires_context_review,d2d9157c578ca3e1f85e4ffc85b407a6cac16c5134526d93799c1ca2c227dbc3
qwen_train,1892-s0005,tool_theory,candidate_requires_context_review,d2d9157c578ca3e1f85e4ffc85b407a6cac16c5134526d93799c1ca2c227dbc3
qwen_train,1892-s0005,transversal,candidate_requires_context_review,d2d9157c578ca3e1f85e4ffc85b407a6cac16c5134526d93799c1ca2c227dbc3
qwen_train,1892-s0006,coordination,candidate_requires_context_review,3ddb5e852e927d70c16a10aea4bd19cecc61fe8d9f68fb44c33662202c3bac56
qwen_train,1892-s0007,coordination,candidate_requires_context_review,2744201c9c76b38a0f974d8395ac0ab67eabe674c3c69ab0e89ef881ace9afda
qwen_train,1892-s0008,experience,candidate_requires_context_review,5cd86235bf45e9946685147db5636c41d1551dddb967223935f638169a42efe1
qwen_train,1892-s0008,coordination,candidate_requires_context_review,5cd86235bf45e9946685147db5636c41d1551dddb967223935f638169a42efe1
qwen_train,1892-s0008,tool_theory,candidate_requires_context_review,5cd86235bf45e9946685147db5636c41d1551dddb967223935f638169a42efe1
qwen_train,1893-s0000,coordination,candidate_requires_context_review,01338ce3315fc47120f93b0c8ed7998bcf909a05b719656dbef3b9e43940b601
qwen_train,1893-s0003,coordination,candidate_requires_context_review,7267f83aa3c90e7db5aec9ced0b8cdc1a7d642785f99bca4742ad8490c3685c1
qwen_train,1893-s0005,coordination,candidate_requires_context_review,e7b4a90e92170b7574b5831940da927a48599077bdc6b349cf3e121f8db6d4f2
qwen_train,1893-s0005,transversal,candidate_requires_context_review,e7b4a90e92170b7574b5831940da927a48599077bdc6b349cf3e121f8db6d4f2
qwen_train,1893-s0006,coordination,candidate_requires_context_review,ea7c34a7aa2a1bab8429a052fb1234929711d0ff8a282f21a8a9a71f28044982
qwen_train,1895-s0000,experience,candidate_requires_context_review,4ad58a9172298cf96bdfba090efe84726f61b00a8b45c13a5b454b425874c668
qwen_train,1895-s0000,coordination,candidate_requires_context_review,4ad58a9172298cf96bdfba090efe84726f61b00a8b45c13a5b454b425874c668
qwen_train,1895-s0000,tool_theory,candidate_requires_context_review,4ad58a9172298cf96bdfba090efe84726f61b00a8b45c13a5b454b425874c668
qwen_train,1895-s0000,transversal,candidate_requires_context_review,4ad58a9172298cf96bdfba090efe84726f61b00a8b45c13a5b454b425874c668
qwen_train,1898-s0000,coordination,candidate_requires_context_review,976f6182b3c8d8990ee53b54aece5d5d4116f2faa21b4a0943a00319ccc39a7c
qwen_train,1898-s0004,coordination,candidate_requires_context_review,ae88c7a2e5a039ce16c1ddb5f2f61199dfff71ebf9e1283ac35c825ae16dfaf5
qwen_train,1898-s0005,coordination,candidate_requires_context_review,3a21d464b64e55d9747dc8543cc4fcf37f61b00884b6ae17448e870ef5546734
qwen_train,1898-s0006,coordination,candidate_requires_context_review,52ab6476f96fca8356691e9303cc3efcddeab6d778110b3e2444e3701d7419e5
qwen_train,1898-s0008,coordination,candidate_requires_context_review,0c4e104e2b3225f31dee6f518198338a29fc10a7d5c78c3f7331c27ab5e452ad
qwen_train,1898-s0013,coordination,candidate_requires_context_review,34d1d329fcb09f704a5ed70e465145132255fba7c47e1772ddaedff09f969948
qwen_train,1898-s0014,coordination,candidate_requires_context_review,974c49989b04b97e2a1780ffff27e5d95880211b80675d4eff3dc8324ec28b20
qwen_train,1899-s0006,coordination,candidate_requires_context_review,2713bde1e8ca715be6e7813ab2015afba9bfa6029faca165be8d3149c875ec9c
qwen_train,1899-s0007,coordination,candidate_requires_context_review,6de559dedac635e745d70c7ac84404f0923a9ad436bee18a7d8d7a0ee93dc6d3
qwen_train,1899-s0012,coordination,candidate_requires_context_review,f3c85b4a183868de4a431d1231c65a0b270dcde5e5211a350aef9602c2dc5f24
qwen_train,1899-s0013,coordination,candidate_requires_context_review,3e68f79d766da3c0b64791dada4a56f8faf948ad538318692394a7aabef37acf
qwen_train,1900-s0000,coordination,candidate_requires_context_review,dbc72ca73afa44b1c685f6965188fbf536085383952027a926f526e747347837
qwen_train,1900-s0001,experience,candidate_requires_context_review,83a9f91cdc8e72717bbe94703f00df5e288fc3890a962b5a72c8456854f3105e
qwen_train,1900-s0001,coordination,candidate_requires_context_review,83a9f91cdc8e72717bbe94703f00df5e288fc3890a962b5a72c8456854f3105e
qwen_train,1900-s0001,transversal,candidate_requires_context_review,83a9f91cdc8e72717bbe94703f00df5e288fc3890a962b5a72c8456854f3105e
qwen_train,1900-s0002,experience,candidate_requires_context_review,274bcb630f669da77cf56645f76dabe40dd16cbe61d5351377b90aaf055327c7
qwen_train,1900-s0002,coordination,candidate_requires_context_review,274bcb630f669da77cf56645f76dabe40dd16cbe61d5351377b90aaf055327c7
qwen_train,1900-s0002,transversal,candidate_requires_context_review,274bcb630f669da77cf56645f76dabe40dd16cbe61d5351377b90aaf055327c7
qwen_train,1901-s0000,coordination,candidate_requires_context_review,c122fd99988333fb2857252326f84de3a55688acabf33e0571a828826d6006a7
qwen_train,1901-s0002,tool_theory,candidate_requires_context_review,a9b2e03f6236083c310439bbac38915ec6b6f05ef8ccc5f40e0b21ee22bb4268
qwen_train,1901-s0002,transversal,candidate_requires_context_review,a9b2e03f6236083c310439bbac38915ec6b6f05ef8ccc5f40e0b21ee22bb4268
qwen_train,1902-s0001,experience,candidate_requires_context_review,03dbc322e0d17b91a720ca57bf0d70c81e2629bb98fade9791eb14102828b567
qwen_train,1902-s0002,coordination,candidate_requires_context_review,c3a6d1611a5d0b7b1e1cccd2f66ac3908d2590fead6c219e6e2eed7298db547d
qwen_train,1902-s0003,tool_theory,candidate_requires_context_review,622b7c30c09ad797ea72ea8d60329f7f5b53babc1d814f5958baed39535b407d
qwen_train,1902-s0004,experience,candidate_requires_context_review,81cf7b47c867253b0b9d20c7d785ed9921b263b04f8387369252c9835902ed20
qwen_train,1902-s0005,experience,candidate_requires_context_review,a418691d1b43825d594357e8713000da370605986ff8217b1cc1c5a1a3bd5321
qwen_train,1902-s0005,coordination,candidate_requires_context_review,a418691d1b43825d594357e8713000da370605986ff8217b1cc1c5a1a3bd5321
qwen_train,1902-s0006,coordination,candidate_requires_context_review,61c545ba57111629c62a8e24374e1391c12d083d2efaddb0b3c444b56550d7b4
qwen_train,1904-s0000,coordination,candidate_requires_context_review,f6678031054fa8ce688a86ce18a9209f2ce24c0ba416ddbcb96c7de9dfda4010
qwen_train,1904-s0001,experience,candidate_requires_context_review,fc4eea3a7113f6bb2f54a3f030cb69740b40c00fa655bee73651dabd4c74f96b
qwen_train,1904-s0001,coordination,candidate_requires_context_review,fc4eea3a7113f6bb2f54a3f030cb69740b40c00fa655bee73651dabd4c74f96b
qwen_train,1906-s0000,experience,candidate_requires_context_review,28d06e20acf7981fd34f46aa380806bf781c8998d33e14eca58d3c66a4ee86dd
qwen_train,1906-s0000,coordination,candidate_requires_context_review,28d06e20acf7981fd34f46aa380806bf781c8998d33e14eca58d3c66a4ee86dd
qwen_train,1906-s0000,transversal,candidate_requires_context_review,28d06e20acf7981fd34f46aa380806bf781c8998d33e14eca58d3c66a4ee86dd
qwen_train,1907-s0000,coordination,candidate_requires_context_review,a35fb337f6050557e269c03837a4685d9d7ac2226c9fb6e5dce54c550300fa91
qwen_train,1907-s0002,coordination,candidate_requires_context_review,cb61892a69e5ce1ac6b841d5975c447c0dfb169a51e698757acbd6ac9d55ad8c
qwen_train,1907-s0003,coordination,candidate_requires_context_review,47c8368e5d814c57389dc138a3ea3b1b03e652d2a7f2c5a12bf01c637596d64d
qwen_train,1907-s0004,coordination,candidate_requires_context_review,d41ce9891d618f80f6a3ed760fc999bf4aef541fad086773f1e644073fcdbbbf
qwen_train,1907-s0005,coordination,candidate_requires_context_review,59a181c18ebc630bc6f3577c3ee4fc9dec6ac22b1994370c831e5ab92fe347f2
qwen_train,1907-s0005,tool_theory,candidate_requires_context_review,59a181c18ebc630bc6f3577c3ee4fc9dec6ac22b1994370c831e5ab92fe347f2
qwen_train,1907-s0006,experience,candidate_requires_context_review,caf5bfc86eb781132e43dab310cc0e2e56b458123b596c34d27446157ae4b37e
qwen_train,1907-s0006,coordination,candidate_requires_context_review,caf5bfc86eb781132e43dab310cc0e2e56b458123b596c34d27446157ae4b37e
qwen_train,1907-s0007,experience,candidate_requires_context_review,00428f3ff3f3135b71f97891c4e9b77b27efae8cf2fa53eb52f06381e45682eb
qwen_train,1907-s0007,coordination,candidate_requires_context_review,00428f3ff3f3135b71f97891c4e9b77b27efae8cf2fa53eb52f06381e45682eb
qwen_train,1907-s0008,coordination,candidate_requires_context_review,de8a502ca2f848d999dd732cee237ee694ccf58135c1fb9ca1e9cacb6afe46e6
qwen_train,1907-s0008,tool_theory,candidate_requires_context_review,de8a502ca2f848d999dd732cee237ee694ccf58135c1fb9ca1e9cacb6afe46e6
qwen_train,1907-s0009,coordination,candidate_requires_context_review,4e36137794fc56f5e5f4e8430244ead3d835b29c52a9146823b6fd4fe9107fab
qwen_train,1907-s0010,coordination,candidate_requires_context_review,8e61e4804f704444535f8fb45019e88c8ff9bfc92b8c9375791dc28bd7d50e7f
qwen_train,1907-s0010,transversal,candidate_requires_context_review,8e61e4804f704444535f8fb45019e88c8ff9bfc92b8c9375791dc28bd7d50e7f
qwen_train,1907-s0011,coordination,candidate_requires_context_review,ed1bc08bfbe7d5c53bdc40fd3f126318b8b400a1b8181158c730bc0038392036
qwen_train,1907-s0011,transversal,candidate_requires_context_review,ed1bc08bfbe7d5c53bdc40fd3f126318b8b400a1b8181158c730bc0038392036
qwen_train,1910-s0000,coordination,candidate_requires_context_review,388a45c7654262fd4a7b71e81240b45ddea2703eb41d95a9208d8a6179c3bf52
qwen_train,1911-s0000,experience,candidate_requires_context_review,30a0ba9e92ef44e41d9fe44c27fd2379c14d64259fd1694953e238b810bf33da
qwen_train,1911-s0000,coordination,candidate_requires_context_review,30a0ba9e92ef44e41d9fe44c27fd2379c14d64259fd1694953e238b810bf33da
qwen_train,1911-s0000,transversal,candidate_requires_context_review,30a0ba9e92ef44e41d9fe44c27fd2379c14d64259fd1694953e238b810bf33da
qwen_train,1911-s0002,experience,candidate_requires_context_review,88356ee941f931f73b26fc933dc8324a9d4286f8c29073892c52128a188b8d5a
qwen_train,1911-s0002,coordination,candidate_requires_context_review,88356ee941f931f73b26fc933dc8324a9d4286f8c29073892c52128a188b8d5a
qwen_train,1911-s0002,tool_theory,candidate_requires_context_review,88356ee941f931f73b26fc933dc8324a9d4286f8c29073892c52128a188b8d5a
qwen_train,1911-s0004,experience,candidate_requires_context_review,5cc0312ef75dec5e2787da6ac7fb4363d8966887be0dfe0c6e139e7fbb3b92e5
qwen_train,1911-s0004,coordination,candidate_requires_context_review,5cc0312ef75dec5e2787da6ac7fb4363d8966887be0dfe0c6e139e7fbb3b92e5
qwen_train,1911-s0004,tool_theory,candidate_requires_context_review,5cc0312ef75dec5e2787da6ac7fb4363d8966887be0dfe0c6e139e7fbb3b92e5
qwen_train,1912-s0000,coordination,candidate_requires_context_review,5690c0b3b12d2514f16da790972f1ba96356f85b92b97b83dc78e90e146921cc
qwen_train,1912-s0001,coordination,candidate_requires_context_review,f6ffda2889f0acd88f39289dfbca5617a8d74e9dc69fd08dc120616973dfce0a
qwen_train,1912-s0003,coordination,candidate_requires_context_review,0f2f0a585cdf992e754b08049e23b54acf5f4858b65c265fb65994674449c3f0
qwen_train,1912-s0004,coordination,candidate_requires_context_review,0c8e64927d0cdb8613ea604803bc6fe680b6a04c0ede4189d9273cc358f55980
qwen_train,1912-s0005,experience,candidate_requires_context_review,0d520bf3165aa57d36cd7033ec4ab5aaa1bf76d3e25b064a4e61a7d854badcd8
qwen_train,1912-s0005,coordination,candidate_requires_context_review,0d520bf3165aa57d36cd7033ec4ab5aaa1bf76d3e25b064a4e61a7d854badcd8
qwen_train,1912-s0006,coordination,candidate_requires_context_review,b660961d7a6f763b62f1b000cefdfdd3f05d25d58639bc95aa071883b45695eb
qwen_train,1912-s0006,transversal,candidate_requires_context_review,b660961d7a6f763b62f1b000cefdfdd3f05d25d58639bc95aa071883b45695eb
qwen_train,1912-s0007,coordination,candidate_requires_context_review,55d425f642fe72604022fdb16f39bac9c3d8ab79edf472e2d0854e66bf10c141
qwen_train,1912-s0008,coordination,candidate_requires_context_review,e6027053a218f3d486759588bf4c70599e7e842e130563561678faf434b65cee
qwen_train,1913-s0000,coordination,candidate_requires_context_review,e2195edad06d8b0e6c3f503f43c620c6f2bf12c7e50ab5078392225f95b4af57
qwen_train,1913-s0001,coordination,candidate_requires_context_review,878ae3677493fa32ba231be41d95046f53649be47048e1c4a522101ee78c1d93
qwen_train,1913-s0001,transversal,candidate_requires_context_review,878ae3677493fa32ba231be41d95046f53649be47048e1c4a522101ee78c1d93
qwen_train,1913-s0007,coordination,candidate_requires_context_review,9b25c976b2a84b37f4ee0967ec037672c637d311b835b081d6ae2be9bdfe013a
qwen_train,1913-s0007,transversal,candidate_requires_context_review,9b25c976b2a84b37f4ee0967ec037672c637d311b835b081d6ae2be9bdfe013a
qwen_train,1913-s0008,coordination,candidate_requires_context_review,2e786bff758ba1fafee34e03fb7154d0e2ee2f9c962bd75f0cc96a666cd9d715
qwen_train,1913-s0008,transversal,candidate_requires_context_review,2e786bff758ba1fafee34e03fb7154d0e2ee2f9c962bd75f0cc96a666cd9d715
qwen_train,1915-s0000,coordination,candidate_requires_context_review,93e011195754c5b927a15d248c9d1c4cb10f2b8ca8fa3afdc64f5102c80dc8c0
qwen_train,1915-s0002,experience,candidate_requires_context_review,f43426cfceb98502659f9d01d4c2619141118108b930a86f23e971536e8cff6d
qwen_train,1915-s0002,coordination,candidate_requires_context_review,f43426cfceb98502659f9d01d4c2619141118108b930a86f23e971536e8cff6d
qwen_train,1915-s0004,experience,candidate_requires_context_review,e162ad3b5ff0b5a5f7493f1bffda780a9f47a90df0580f3fee1bd7354f665b15
qwen_train,1915-s0004,coordination,candidate_requires_context_review,e162ad3b5ff0b5a5f7493f1bffda780a9f47a90df0580f3fee1bd7354f665b15
qwen_train,1915-s0004,tool_theory,candidate_requires_context_review,e162ad3b5ff0b5a5f7493f1bffda780a9f47a90df0580f3fee1bd7354f665b15
qwen_train,1915-s0006,coordination,candidate_requires_context_review,e0106e9432025987dafa025171dafc4ae3a2f47c061306e36f4c481a8edc3efa
qwen_train,1915-s0006,transversal,candidate_requires_context_review,e0106e9432025987dafa025171dafc4ae3a2f47c061306e36f4c481a8edc3efa
qwen_train,1916-s0000,coordination,candidate_requires_context_review,2b0131c530b8c7f3aa52985bf9b6306b3808b92424bb4586e2eb6d5af30eb184
qwen_train,1916-s0001,coordination,candidate_requires_context_review,546d78127021b65cf2978a205bf81b6db8a125cd22eb344cd6daa84f83f1ae5c
qwen_train,1916-s0001,tool_theory,candidate_requires_context_review,546d78127021b65cf2978a205bf81b6db8a125cd22eb344cd6daa84f83f1ae5c
qwen_train,1916-s0001,transversal,candidate_requires_context_review,546d78127021b65cf2978a205bf81b6db8a125cd22eb344cd6daa84f83f1ae5c
qwen_train,1916-s0002,coordination,candidate_requires_context_review,ad0103d960b9791370be73dd9f3b214bb80e3637e13154d6a714759ec3456e75
qwen_train,1916-s0003,coordination,candidate_requires_context_review,792a89514920c3d494a18b6feb281c60c347ae63ddd7607c1abeef37b5c9dc96
qwen_train,1916-s0003,tool_theory,candidate_requires_context_review,792a89514920c3d494a18b6feb281c60c347ae63ddd7607c1abeef37b5c9dc96
qwen_train,1916-s0005,coordination,candidate_requires_context_review,e7ec6adf1a0221ff250bf0a62d3a259637b6dc58d85afe3f96e05f65d1439292
qwen_train,1916-s0006,experience,candidate_requires_context_review,40f5820bd8e192ff8b6caf63389b4735b5367df6758c8abb5120ff2a85e678f6
qwen_train,1916-s0006,coordination,candidate_requires_context_review,40f5820bd8e192ff8b6caf63389b4735b5367df6758c8abb5120ff2a85e678f6
qwen_train,1916-s0008,coordination,candidate_requires_context_review,5b9f1ffb32d61d8afec54d7a7abe375e26bbae16334f4a4e4e81589a969dccd5
qwen_train,1916-s0008,tool_theory,candidate_requires_context_review,5b9f1ffb32d61d8afec54d7a7abe375e26bbae16334f4a4e4e81589a969dccd5
qwen_train,1919-s0002,experience,candidate_requires_context_review,ca4efbdb76a7e6e0b48d86fd8b10fe6c25b491cf78178c929a159427944eb7cd
qwen_train,1919-s0002,coordination,candidate_requires_context_review,ca4efbdb76a7e6e0b48d86fd8b10fe6c25b491cf78178c929a159427944eb7cd
qwen_train,1920-s0000,coordination,candidate_requires_context_review,d7a29360e97bbd0338cd9182142d9918fda7c5e07b7eb7f908de0da70917d7a6
qwen_train,1920-s0001,coordination,candidate_requires_context_review,77cea9937171c5dd4b2a2bda933fcc2e80cf86f81eede4b82664af484507a1c2
qwen_train,1920-s0002,coordination,candidate_requires_context_review,455ac0e3444179f67613657ace91c4bb199ae669b8d1ae149ed6b5fc129a6875
qwen_train,1920-s0002,transversal,candidate_requires_context_review,455ac0e3444179f67613657ace91c4bb199ae669b8d1ae149ed6b5fc129a6875
qwen_train,1920-s0003,coordination,candidate_requires_context_review,805dfda8c561a9567d282f0c9a685a840f7268a06bda3a019a9c0f24202fd2a2
qwen_train,1920-s0005,coordination,candidate_requires_context_review,7fe33e2d0a157dc34f9be8b6561f81aa50ccb112739a6042bb54bc8f10612c9e
qwen_train,1920-s0005,tool_theory,candidate_requires_context_review,7fe33e2d0a157dc34f9be8b6561f81aa50ccb112739a6042bb54bc8f10612c9e
qwen_train,1920-s0006,experience,candidate_requires_context_review,16ae87a9654d67f4c0a07c05f17227b5a6b625a0aaec6a67bb03fbeb503a8c3a
qwen_train,1920-s0006,coordination,candidate_requires_context_review,16ae87a9654d67f4c0a07c05f17227b5a6b625a0aaec6a67bb03fbeb503a8c3a
qwen_train,1920-s0007,coordination,candidate_requires_context_review,0615bf2ab6f82afa5332ce68114db3c57fd4bdb4c9d2e0390fce53272be0eb51
qwen_train,1920-s0009,experience,candidate_requires_context_review,92e8d2908bc42272b34e10dfa0ae7d22a59d831a9d92f30b056c4c78d7b45de3
qwen_train,1920-s0009,coordination,candidate_requires_context_review,92e8d2908bc42272b34e10dfa0ae7d22a59d831a9d92f30b056c4c78d7b45de3
qwen_train,1922-s0008,tool_theory,candidate_requires_context_review,77503de07980adf1f430d01e577d3bf9bfa6f8aa14e5fdec2772516a7302bdad
qwen_train,1927-s0000,coordination,candidate_requires_context_review,0b90a0d20a246f2435da3e4b407c153c14fed04b4b0d5c5b37ddd4b5fe6dbf40
qwen_train,1927-s0002,coordination,candidate_requires_context_review,cae009154f98132dfa4a55542f1f08a6cae38d9caf9eed2984d3e0fa1ba4fc06
qwen_train,1927-s0003,coordination,candidate_requires_context_review,5c12c3f40ff2e828a3df8dd12ac2aef2e16c2f87a88d324a89ffc1a14f053beb
qwen_train,1927-s0004,coordination,candidate_requires_context_review,f651c8e2b893ce6481aea6b6f24d20bdb2ec5ebcadda0456f284ecc00d178293
qwen_train,1927-s0006,coordination,candidate_requires_context_review,ab748b03954ff9bb93fd247b58c556f33adddc22f121661aa1655253fe03a672
qwen_train,1928-s0001,transversal,candidate_requires_context_review,a000c467322ab2415ff52190476f805beff2f117825bf056969ddb5cb15530d8
qwen_train,1928-s0008,tool_theory,candidate_requires_context_review,8163c6a66c95e330f2e77ca229af7602d4312dc4d45ddf8d1f97232044479fcb
qwen_train,1928-s0010,experience,candidate_requires_context_review,32a0f3600420ac39184aab4f654909ad28c9fb043db59b25bd9e90f1adba1193
qwen_train,1930-s0000,coordination,candidate_requires_context_review,7f91c1226c39e8155e561dffc9ad002988e1106435fdb133c4674f4c3d5e4dcd
qwen_train,1930-s0000,tool_theory,candidate_requires_context_review,7f91c1226c39e8155e561dffc9ad002988e1106435fdb133c4674f4c3d5e4dcd
qwen_train,1930-s0001,coordination,candidate_requires_context_review,e7d9bbbf5a4db45e4017d4a2431c57cb4338d1fe27c7b605f46d16238ecb85c9
qwen_train,1930-s0001,tool_theory,candidate_requires_context_review,e7d9bbbf5a4db45e4017d4a2431c57cb4338d1fe27c7b605f46d16238ecb85c9
qwen_train,1930-s0004,coordination,candidate_requires_context_review,11626a2db3db236f185ddde97dd683ed97ea608a9e5a4c14f86d7ebab18f3a55
qwen_train,1930-s0004,transversal,candidate_requires_context_review,11626a2db3db236f185ddde97dd683ed97ea608a9e5a4c14f86d7ebab18f3a55
qwen_train,1931-s0001,experience,candidate_requires_context_review,63ff5eaf87a473a7f11bcc88feefe375f7ad1ff70326242e7ddcc99184edba6e
qwen_train,1931-s0001,coordination,candidate_requires_context_review,63ff5eaf87a473a7f11bcc88feefe375f7ad1ff70326242e7ddcc99184edba6e
qwen_train,1931-s0002,experience,candidate_requires_context_review,0c997d65ad2e9cf82f586b52327a51cbe8d7842cba39d04dbed776e03f0712b6
qwen_train,1931-s0002,coordination,candidate_requires_context_review,0c997d65ad2e9cf82f586b52327a51cbe8d7842cba39d04dbed776e03f0712b6
qwen_train,1931-s0002,tool_theory,candidate_requires_context_review,0c997d65ad2e9cf82f586b52327a51cbe8d7842cba39d04dbed776e03f0712b6
qwen_train,1931-s0003,coordination,candidate_requires_context_review,2120fc47c2d07bace26f8a7eb189fbc59ac72a007cc565f21a1de3f377ca9fdd
qwen_train,1931-s0005,experience,candidate_requires_context_review,c3f2fe23d14d4d53d675efda4ce2ae32a30736b37758209e83b7170aa9f9bd74
qwen_train,1931-s0008,coordination,candidate_requires_context_review,dda3b27ee3167e881362be66c53b714672ebf4d84d423112fb3d377d0449af89
qwen_train,1931-s0008,tool_theory,candidate_requires_context_review,dda3b27ee3167e881362be66c53b714672ebf4d84d423112fb3d377d0449af89
qwen_train,1931-s0008,transversal,candidate_requires_context_review,dda3b27ee3167e881362be66c53b714672ebf4d84d423112fb3d377d0449af89
qwen_train,1931-s0009,coordination,candidate_requires_context_review,e7212e02bf817e90b79114f8951c4eae577e9ecd757a21e147dc52356b5d4b92
qwen_train,1931-s0010,coordination,candidate_requires_context_review,c79396d11e22dbce3c0ada7360f520041d6b5117d1559bcde6501810eb6cc7ba
qwen_train,1932-s0001,coordination,candidate_requires_context_review,1c45ec5917f833816a661d66767ee750c16684dfa9c5b8de4e77c6a9d9476dc2
qwen_train,1932-s0001,transversal,candidate_requires_context_review,1c45ec5917f833816a661d66767ee750c16684dfa9c5b8de4e77c6a9d9476dc2
qwen_train,1932-s0002,coordination,candidate_requires_context_review,cb03b3b63239ba2d61cbbf2869376a66cb9d805ab7912aaa2951219e47a6f1e5
qwen_train,1932-s0003,coordination,candidate_requires_context_review,0476d63b2dacb47b81dcf5619508daa5398be9a8a9bec42c44e82d3fb8104d3e
qwen_train,1932-s0003,tool_theory,candidate_requires_context_review,0476d63b2dacb47b81dcf5619508daa5398be9a8a9bec42c44e82d3fb8104d3e
qwen_train,1932-s0003,transversal,candidate_requires_context_review,0476d63b2dacb47b81dcf5619508daa5398be9a8a9bec42c44e82d3fb8104d3e
qwen_train,1932-s0004,coordination,candidate_requires_context_review,45d12093d2722451e475112e560af225ca912040c89c43962b8c261b78680ab4
qwen_train,1932-s0004,tool_theory,candidate_requires_context_review,45d12093d2722451e475112e560af225ca912040c89c43962b8c261b78680ab4
qwen_train,1932-s0004,transversal,candidate_requires_context_review,45d12093d2722451e475112e560af225ca912040c89c43962b8c261b78680ab4
qwen_train,1932-s0007,coordination,candidate_requires_context_review,2f9adc1280ffc727ebd0ab3649429629ea0233444d29e50e21295b78a8cbcf5a
qwen_train,1932-s0007,transversal,candidate_requires_context_review,2f9adc1280ffc727ebd0ab3649429629ea0233444d29e50e21295b78a8cbcf5a
qwen_train,1932-s0008,coordination,candidate_requires_context_review,d9e0a63fcab7fa49d6c63ef5a797f4ea28b3e759add2437c2c2cd97cc59e925c
qwen_train,1932-s0008,tool_theory,candidate_requires_context_review,d9e0a63fcab7fa49d6c63ef5a797f4ea28b3e759add2437c2c2cd97cc59e925c
qwen_train,1932-s0010,experience,candidate_requires_context_review,54b8b9912f1f138845f374c8faa4728e1c5fdad9614b78375582bccb6e2f6467
qwen_train,1932-s0010,coordination,candidate_requires_context_review,54b8b9912f1f138845f374c8faa4728e1c5fdad9614b78375582bccb6e2f6467
qwen_train,1933-s0000,coordination,candidate_requires_context_review,8b64b60f4e905ff98c91e581bcf23876ebf45d33d90c30b1cdc4f11e5908186e
qwen_train,1933-s0002,coordination,candidate_requires_context_review,f4562c366f94af0d5e1b4419b0cfe83b122683b2a3e2da098b6c80577e4f75b4
qwen_train,1933-s0003,coordination,candidate_requires_context_review,48c747aa16a134a6b5426bc654c56764d0ecf86106ec18161496995afbbd096c
qwen_train,1933-s0006,coordination,candidate_requires_context_review,e1b5edf58610481599132ab2f1e4366319c55f9313550b4b7e82a0df0862caec
qwen_train,1933-s0006,tool_theory,candidate_requires_context_review,e1b5edf58610481599132ab2f1e4366319c55f9313550b4b7e82a0df0862caec
qwen_train,1933-s0007,coordination,candidate_requires_context_review,7692026971e1604b0d169f660f2cd3205a59beae24794161b2e321661f6c844c
qwen_train,1933-s0007,tool_theory,candidate_requires_context_review,7692026971e1604b0d169f660f2cd3205a59beae24794161b2e321661f6c844c
qwen_train,1933-s0008,experience,candidate_requires_context_review,fb9d65de214f77a0edcc2ab629e926e10e4313025e917b0c3fec6bca01cf362b
qwen_train,1933-s0008,coordination,candidate_requires_context_review,fb9d65de214f77a0edcc2ab629e926e10e4313025e917b0c3fec6bca01cf362b
qwen_train,1933-s0008,tool_theory,candidate_requires_context_review,fb9d65de214f77a0edcc2ab629e926e10e4313025e917b0c3fec6bca01cf362b
qwen_train,1933-s0009,coordination,candidate_requires_context_review,07c665bfd889228301a35987df332b4659910e419a1d3437fdeb0a423d17645a
qwen_train,1933-s0011,coordination,candidate_requires_context_review,10cdb4c02e0aabc517b2f5e7acc08af17594fc7274ad6e857d9f304694e0f46f
qwen_train,1933-s0011,transversal,candidate_requires_context_review,10cdb4c02e0aabc517b2f5e7acc08af17594fc7274ad6e857d9f304694e0f46f
qwen_train,1934-s0002,coordination,candidate_requires_context_review,a9c376e25d721d83431f4e42eb9a788578223eb3cf85f086dedc88a78df252a2
qwen_train,1934-s0003,coordination,candidate_requires_context_review,3d257460fafad2bf0fcc011d2a23738d6bfd06273422c9a79e660761b8b78755
qwen_train,1934-s0005,coordination,candidate_requires_context_review,faa1081bd172852d90f0cc67ae4b5c9f179130d4fad71fcfc582e1cf29d59bbe
qwen_train,1934-s0006,coordination,candidate_requires_context_review,119ddee0dccf34065e86d115626da601d769ecdd25a8b085086180933f49bc40
qwen_train,1934-s0009,coordination,candidate_requires_context_review,6a57625ba1cbe476b2c0efb228f932b3c8844bc03355e7e41f68a58bd900f0c7
qwen_train,1936-s0001,coordination,candidate_requires_context_review,724b40a9cb643d3f38413cde9cc6ac7a3681c4ca58791c5af32fe5627e10243a
qwen_train,1936-s0002,experience,candidate_requires_context_review,91c180ba9347402de9ee1ee25c97061ad48bd63f1eaa02bee23dcd6e036ead36
qwen_train,1936-s0002,transversal,candidate_requires_context_review,91c180ba9347402de9ee1ee25c97061ad48bd63f1eaa02bee23dcd6e036ead36
qwen_train,1936-s0003,experience,candidate_requires_context_review,95d2fb1714b5194908676405663a95befcd6d0223af4f6de1ae9d79cb926e85e
qwen_train,1936-s0003,coordination,candidate_requires_context_review,95d2fb1714b5194908676405663a95befcd6d0223af4f6de1ae9d79cb926e85e
qwen_train,1939-s0000,coordination,candidate_requires_context_review,36d7e3d47da53862412561798ca7cf6b202c31a19a8c52131e460255878c3e2c
qwen_train,1939-s0001,coordination,candidate_requires_context_review,6b7ca51c0bb58a71022f027c509639a93ddc98b0470269fcd47eb9a850f833d8
qwen_train,1939-s0002,coordination,candidate_requires_context_review,e5e30780a8a24aed44c4bbba0101782764e2a30197faa3b4f456845aaffc4076
qwen_train,1939-s0002,transversal,candidate_requires_context_review,e5e30780a8a24aed44c4bbba0101782764e2a30197faa3b4f456845aaffc4076
qwen_train,1939-s0003,coordination,candidate_requires_context_review,4ebf0180fbd53269f4a654077e7955c70758abb2c396fc6656b15001f122e1a3
qwen_train,1939-s0004,coordination,candidate_requires_context_review,b0776615ee9eb9f9cf63aaf2ff83c605c92c286dec75978c68893abd3e19cc17
qwen_train,1939-s0007,experience,candidate_requires_context_review,6723e1e405ca63ebd7e1505b4f5fe5c2d305066c2b306f945898f51d440eb425
qwen_train,1939-s0007,coordination,candidate_requires_context_review,6723e1e405ca63ebd7e1505b4f5fe5c2d305066c2b306f945898f51d440eb425
qwen_train,1939-s0008,experience,candidate_requires_context_review,1795cfb58165a1eae3ba988d9793d20d1cd53ff78e7bdcb078dd7fcf8345783e
qwen_train,1939-s0008,coordination,candidate_requires_context_review,1795cfb58165a1eae3ba988d9793d20d1cd53ff78e7bdcb078dd7fcf8345783e
qwen_train,1939-s0008,transversal,candidate_requires_context_review,1795cfb58165a1eae3ba988d9793d20d1cd53ff78e7bdcb078dd7fcf8345783e
qwen_train,1940-s0001,coordination,candidate_requires_context_review,657010904c50a5f6ecc6f5406d111a3d7d88b8ef1d9c58f7f5fbd9e2a87ca673
qwen_train,1940-s0002,coordination,candidate_requires_context_review,3563e3ffe6ccc80ce08c8dcb6a714576d400ea221998b17ef70fb697239af2f9
qwen_train,1940-s0003,coordination,candidate_requires_context_review,7c57ae03b715ddf331f2f8c9730962e96a33b40caf8ec7d7ea1fd4a813f3d824
qwen_train,1940-s0003,transversal,candidate_requires_context_review,7c57ae03b715ddf331f2f8c9730962e96a33b40caf8ec7d7ea1fd4a813f3d824
qwen_train,1940-s0004,coordination,candidate_requires_context_review,812b2c518a256f6758cb2361067cb54d2686c170b126d33ab449146755f45c6e
qwen_train,1940-s0006,coordination,candidate_requires_context_review,3575045d0de20fa8ec44d51594f1c3b9994d97b6490aff664eddad0a47e5e24a
qwen_train,1940-s0007,coordination,candidate_requires_context_review,3de420e443adc69224966fc05e3db6fa2260e202bf5767665dbe2a52ec839d27
qwen_train,1940-s0008,experience,candidate_requires_context_review,d4f23f1d06e679f92b0201c33609f98ed1228072157791761c13c17f6d1010f9
qwen_train,1940-s0008,coordination,candidate_requires_context_review,d4f23f1d06e679f92b0201c33609f98ed1228072157791761c13c17f6d1010f9
qwen_train,1942-s0000,coordination,candidate_requires_context_review,08bff7b212cc645559a5b8bb5ec125f95d4434e9bebc9789bb4a791c614f1210
qwen_train,1942-s0001,coordination,candidate_requires_context_review,44cbfc4294cfab5d8d90f4427df47702b1f0844a4c1a31ef70da512a69608d96
qwen_train,1942-s0003,experience,candidate_requires_context_review,b8e7e9116c7fa6fe497e25778d107eae48ed59030063da697a5cb600891e2376
qwen_train,1942-s0003,coordination,candidate_requires_context_review,b8e7e9116c7fa6fe497e25778d107eae48ed59030063da697a5cb600891e2376
qwen_train,1944-s0000,transversal,candidate_requires_context_review,8996adb107d7bb0ba64b685658ae97fcd37fb2b5c9564b43250d0b708a026eaa
qwen_train,1944-s0001,coordination,candidate_requires_context_review,53d7c89af4a02c03db1310397de265642a3a73cd278eabe435d0ed22195505f0
qwen_train,1944-s0002,coordination,candidate_requires_context_review,08938976ff3560c756e9d6e8e284fa22dc4bb064e5613a2af76e7b579cc16755
qwen_train,1944-s0003,coordination,candidate_requires_context_review,594f0ce2214d49f37cea399f2562a346c2b21d628781558fedaf8c402fb29d91
qwen_train,1944-s0007,coordination,candidate_requires_context_review,365382953f8a6daf913e27e124a7f50ea840ff7c19f4012fb0a13c61f5a443fe
qwen_train,1945-s0001,coordination,candidate_requires_context_review,682f4296907b995369e69a7f8d0e32bf786221cb3cf89cbd601fb29f91beb39d
qwen_train,1945-s0002,coordination,candidate_requires_context_review,96f19f98d5557e4a9d5238260bd3b26ea4c5afd6ec78913bcea50f5903d45492
qwen_train,1945-s0005,coordination,candidate_requires_context_review,94a13f14fa38400d3b6519e787b040526135c6146c834e594f1c1e4b10405823
qwen_train,1945-s0006,coordination,candidate_requires_context_review,ab8ae6df2e0aa8f8618c84bc59d404995349d353d9f5e29914797619b4f9c41f
qwen_train,1945-s0008,experience,candidate_requires_context_review,12767847232f1bc20ee86dffdef2907e44530f71ebbbc497f73461a385230f6d
qwen_train,1945-s0008,coordination,candidate_requires_context_review,12767847232f1bc20ee86dffdef2907e44530f71ebbbc497f73461a385230f6d
qwen_train,1947-s0000,coordination,candidate_requires_context_review,7d5e86579bb206fb84b0f9e6ff47c62a698ff9f76b3897cb551634b1b2feb06b
qwen_train,1947-s0001,coordination,candidate_requires_context_review,9752574677c54b0126bbf4a7b398745b9dbeeed55bb4a1e1fc0fed6da95f3db6
qwen_train,1947-s0003,coordination,candidate_requires_context_review,c8de2d49a5c9aeb7e975364a879a199e5bc4270598b43cca125c11bbb601719f
qwen_train,1947-s0004,coordination,candidate_requires_context_review,a5f7050dfc668981456e41676b8c7cb8bfdbd2b62388f3cdff6ed15f9d1ad1ca
qwen_train,1947-s0006,coordination,candidate_requires_context_review,b6d4ad36c2a350713d40d66e2ca87593191dce7377d14496f7222f02d80657f9
qwen_train,1947-s0007,coordination,candidate_requires_context_review,d97aaa2a064ec86fdf2a0613df5eb6f5820c6b3e217acc888d279f6dce49639d
qwen_train,1947-s0011,coordination,candidate_requires_context_review,3cb4739c7ccdb8f7d0d4da444cfe8e5d2d58388d17f890ac1a1dbe7c38eafdcf
qwen_train,1947-s0012,coordination,candidate_requires_context_review,623c56e5446c725e8f3caea866c00c1195f989834ed82bce5d15bf2305b5358d
qwen_train,1947-s0013,coordination,candidate_requires_context_review,1ac3c14053c3e5bb1d152771fba8d977638b6e9716a9cb81e61cb95218bba4bb
qwen_train,1949-s0000,coordination,candidate_requires_context_review,fe3db742475e25ba66bb5bd1c1b11bc832e810a7497cf182a076649df3e1cbac
qwen_train,1949-s0002,coordination,candidate_requires_context_review,008aea2c44dd05dc87ef6124186c4c376bdad2e75b386e11efc74d357903f336
qwen_train,1949-s0003,experience,candidate_requires_context_review,b8fcc41e18cb9670e19569997d6875228f6f4bac02f04654c84d99919361dc68
qwen_train,1949-s0003,coordination,candidate_requires_context_review,b8fcc41e18cb9670e19569997d6875228f6f4bac02f04654c84d99919361dc68
qwen_train,1950-s0000,coordination,candidate_requires_context_review,47235860b8da609ce5b13100c8d5c395e17b734a6ce41aba30fa8ef98d64ab57
qwen_train,1950-s0001,coordination,candidate_requires_context_review,76801760c27d8a101f10c3fd0396e71fa0083616176b07647d17efa68bc866af
qwen_train,1950-s0002,experience,candidate_requires_context_review,1bed88093399c3daa460c63bc9eac991bf686cb791f5ded61c1c1fbb3b1998a2
qwen_train,1950-s0002,coordination,candidate_requires_context_review,1bed88093399c3daa460c63bc9eac991bf686cb791f5ded61c1c1fbb3b1998a2
qwen_train,1950-s0003,coordination,candidate_requires_context_review,a59d81b94b0ad445e2d735d5c91671dff76fbced83b126077b378e87bfb6e9c3
qwen_train,1959-s0000,coordination,candidate_requires_context_review,a4b7f0a7d1e5a7238440ba1436129bf3a95377bc061d446dc606567e3ca0350b
qwen_train,1959-s0005,coordination,candidate_requires_context_review,09268961f1006b3fbf1151fad81683b3dd38df7b446a5896002a2a31d6da989e
qwen_train,1959-s0008,experience,candidate_requires_context_review,42c29068f9adf3d603f52c732e500cfddb44ae6044e1f94eebc4fdb1c288e3f5
qwen_train,1959-s0008,coordination,candidate_requires_context_review,42c29068f9adf3d603f52c732e500cfddb44ae6044e1f94eebc4fdb1c288e3f5
qwen_train,1959-s0009,coordination,candidate_requires_context_review,ac661acb76ca163c6cf0be86fc505593920f069f6808f37f63a913b61b16e995
qwen_train,1960-s0000,coordination,candidate_requires_context_review,08249d4443a96dfb478a0a8a5a49cf2b196b91faf89486baaf99b1e5216c62cb
qwen_train,1960-s0002,coordination,candidate_requires_context_review,545e53bc8e2740b7e56a48a33f2bac2caa54239c8a238da92f93d9e1702ba86e
qwen_train,1960-s0003,coordination,candidate_requires_context_review,a9273f9e3f52ebec6d33739cf9868cabb5dd5f4c2340e878768e5b0accc17f9d
qwen_train,1960-s0004,coordination,candidate_requires_context_review,7f277d5e44b5f5773691196a0fca0835a08559a08dc7973d7b2f47ac607f6e17
qwen_train,1960-s0005,coordination,candidate_requires_context_review,df29e32736a3ba9a29d3cf0ca6f325305539b46ff1923f7e7d9413106ad69ad0
qwen_train,1960-s0005,tool_theory,candidate_requires_context_review,df29e32736a3ba9a29d3cf0ca6f325305539b46ff1923f7e7d9413106ad69ad0
qwen_train,1960-s0006,coordination,candidate_requires_context_review,3cffe5abe14cca18a4734687428551ae2eb986310fca85b475b6c74487e11780
qwen_train,1960-s0009,coordination,candidate_requires_context_review,0af030985d206471b6b27ec1fc96dff7926b9b4d4fcffcb3097282048f1e2521
qwen_train,1960-s0009,transversal,candidate_requires_context_review,0af030985d206471b6b27ec1fc96dff7926b9b4d4fcffcb3097282048f1e2521
qwen_train,1960-s0011,coordination,candidate_requires_context_review,3bdf5b798c4687e3a5e20bdd70ef5f621bec7be969321d5813ca813e1a16959a
qwen_train,1961-s0003,coordination,candidate_requires_context_review,1218fb4b58e11ebe4b2294e593944c6c7b05278e88f03a61b5216d39b9847ce7
qwen_train,1961-s0003,transversal,candidate_requires_context_review,1218fb4b58e11ebe4b2294e593944c6c7b05278e88f03a61b5216d39b9847ce7
qwen_train,1961-s0004,coordination,candidate_requires_context_review,ee98fb88410e3ce2268505dff6050cbe935cf4999daddcbf4cc255e93ec624c3
qwen_train,1965-s0000,coordination,candidate_requires_context_review,79f2944a3ce3963b58420f457290a0a30f90d64e372c5e151ccc96c1f70789af
qwen_train,1965-s0001,coordination,candidate_requires_context_review,0285e1050408cab408c4cadbf1d4595c4d4fceb65a24956853350f87953cbca5
qwen_train,1965-s0001,transversal,candidate_requires_context_review,0285e1050408cab408c4cadbf1d4595c4d4fceb65a24956853350f87953cbca5
qwen_train,1965-s0003,coordination,candidate_requires_context_review,f985bb25c755a2498e8211f5e9db8b886dc5e22f06b2965db5117ec72c69aac8
qwen_train,1965-s0003,transversal,candidate_requires_context_review,f985bb25c755a2498e8211f5e9db8b886dc5e22f06b2965db5117ec72c69aac8
qwen_train,1965-s0004,coordination,candidate_requires_context_review,9ec6a6ae2934c186ce774559aeb80c95a7b1a5cb237ccde2a831dbfea759762a
qwen_train,1965-s0004,transversal,candidate_requires_context_review,9ec6a6ae2934c186ce774559aeb80c95a7b1a5cb237ccde2a831dbfea759762a
qwen_train,1965-s0006,coordination,candidate_requires_context_review,3fdb1540ae17524b8bfca58483b254c1b5a58ac0a73d8fc2ff8217cbe9895b31
qwen_train,1965-s0008,experience,candidate_requires_context_review,71abbf99c4a82e647cd854571e106003e9531352a4a4be65abd91c50459fd547
qwen_train,1965-s0008,coordination,candidate_requires_context_review,71abbf99c4a82e647cd854571e106003e9531352a4a4be65abd91c50459fd547
qwen_train,1965-s0009,coordination,candidate_requires_context_review,59ba807441db366eb1e0ea35c75b0b3ceda0a56d32f39cc0b7167940e7884f95
qwen_train,1965-s0009,transversal,candidate_requires_context_review,59ba807441db366eb1e0ea35c75b0b3ceda0a56d32f39cc0b7167940e7884f95
qwen_train,1965-s0012,coordination,candidate_requires_context_review,f05c0a32a3fccb5f78fedd618b2ad4eab45ef07793db6ac830033465015919f0
qwen_train,1965-s0013,experience,candidate_requires_context_review,76214fe90af18016d7430d1ec3fa720acf897ac2f1fdbc0b0a893faa0bff38d1
qwen_train,1965-s0013,coordination,candidate_requires_context_review,76214fe90af18016d7430d1ec3fa720acf897ac2f1fdbc0b0a893faa0bff38d1
qwen_train,1965-s0014,experience,candidate_requires_context_review,13cb99cc31f18c2d655f0b9a6eedb6d9701ca6d4589db4962180fae65f9ff69f
qwen_train,1965-s0014,coordination,candidate_requires_context_review,13cb99cc31f18c2d655f0b9a6eedb6d9701ca6d4589db4962180fae65f9ff69f
qwen_train,1970-s0002,coordination,candidate_requires_context_review,11efc4c5e2454605180456f2bcb3c35c3fd949e9a724f7056863134d58915cdb
qwen_train,1970-s0005,experience,candidate_requires_context_review,426bce35449de8b477d413879809b86efcba80da93803e4310902e94b62bae54
qwen_train,1970-s0005,coordination,candidate_requires_context_review,426bce35449de8b477d413879809b86efcba80da93803e4310902e94b62bae54
qwen_train,1971-s0002,coordination,candidate_requires_context_review,a14d8940bec14d3e01ec2a24a07acd18c95510f3c95b9ddb9f316a4bc72ff3af
qwen_train,1971-s0003,coordination,candidate_requires_context_review,d1a594c6a8a10f4c38fe6e85358339f82c75127e3d180d3e140615ec02708dd1
qwen_train,1971-s0005,coordination,candidate_requires_context_review,3731bdc315aa3d7c7ed022aad2ec0f98c68968dae4c157c7f44fa9c0c9f7b78e
qwen_train,1971-s0006,coordination,candidate_requires_context_review,d2b3bb9c6c5f0e322820d953c5065fadeb399d1348c2379d3458e7d02f50cd8b
qwen_train,1971-s0007,coordination,candidate_requires_context_review,a395a2130bf42d7107ccfd900862535b687c4f72f10550e7bc37280bafe78aae
qwen_train,1971-s0012,tool_theory,candidate_requires_context_review,a288c23f4e8b192881b4f21f5ce02248323a6e6c44dd9f711ecffd92b7128f4a
qwen_train,1971-s0013,coordination,candidate_requires_context_review,b8133b0b5b92dcf81eed7d3ab1891eb6667816f70b91c5e4ad3fdcd3d8bf927c
qwen_train,1974-s0001,experience,candidate_requires_context_review,6b5bd5025ec2fbc77b333c0cf9e3a09d3000ffb82094ce196b1f51ecd656c045
qwen_train,1974-s0001,coordination,candidate_requires_context_review,6b5bd5025ec2fbc77b333c0cf9e3a09d3000ffb82094ce196b1f51ecd656c045
qwen_train,1974-s0011,experience,candidate_requires_context_review,422077238815f4cceb7e9d2c6ca4ee91e1361a91dfae17f1ddbd1615955d1203
qwen_train,1974-s0011,coordination,candidate_requires_context_review,422077238815f4cceb7e9d2c6ca4ee91e1361a91dfae17f1ddbd1615955d1203
qwen_train,1975-s0000,coordination,candidate_requires_context_review,4701d84f7925976c71515b5a9460de8cec5cc1b1f14d1e400d9098dd24593f34
qwen_train,1975-s0001,coordination,candidate_requires_context_review,af34f794f8f6e724c46d50e658e4f64dc57a3fd08f07b27eb78eda9d7890eb84
qwen_train,1975-s0002,coordination,candidate_requires_context_review,b7faaf942fd0573d3efbaae1e0965d4f2142f4f1f85625164d353fc4841f6c16
qwen_train,1975-s0004,experience,candidate_requires_context_review,d39146975344f8444fe6e407d074ee47b7350297e0b8739fd83188a4b266a45f
qwen_train,1975-s0004,coordination,candidate_requires_context_review,d39146975344f8444fe6e407d074ee47b7350297e0b8739fd83188a4b266a45f
qwen_train,1975-s0006,coordination,candidate_requires_context_review,c832b5b3ac3108153d3ead1efd72f7baa5e2638cb96edbe0fe6665cf332766e2
qwen_train,1978-s0000,experience,candidate_requires_context_review,238103c890352dbcd0ff6568a214f90cd138eec82ea76c793f0627fd75b78427
qwen_train,1978-s0000,coordination,candidate_requires_context_review,238103c890352dbcd0ff6568a214f90cd138eec82ea76c793f0627fd75b78427
qwen_train,1978-s0001,experience,candidate_requires_context_review,da53ebf87ac85e1dfc65ba9e352aa713b6478d890f03cea974b0e48cb9e7e156
qwen_train,1978-s0001,coordination,candidate_requires_context_review,da53ebf87ac85e1dfc65ba9e352aa713b6478d890f03cea974b0e48cb9e7e156
qwen_train,1978-s0004,experience,candidate_requires_context_review,30ded11b1229aab54101b760bb43e67408a0de511a37a6d7fab6ee33298e2187
qwen_train,1978-s0004,coordination,candidate_requires_context_review,30ded11b1229aab54101b760bb43e67408a0de511a37a6d7fab6ee33298e2187
qwen_train,1978-s0005,experience,candidate_requires_context_review,58566da4f2f8ad25152bd3aab41584f24a5f666243369d00d3fb366ce183be7a
qwen_train,1978-s0005,coordination,candidate_requires_context_review,58566da4f2f8ad25152bd3aab41584f24a5f666243369d00d3fb366ce183be7a
qwen_train,1979-s0000,coordination,candidate_requires_context_review,3860f41e89c586e8f44d77d694773533d05c59f8060eed171903a7d2b00f3f2c
qwen_train,1979-s0001,coordination,candidate_requires_context_review,f23d6626a4f122fa4c716a788e615acb37f70bc4d68cac6192669a52befd7109
qwen_train,1979-s0004,coordination,candidate_requires_context_review,1e1f9e7ac70861827a1ce40206742555925b1fc9b8363ad07e1a262ab48538e9
qwen_train,1979-s0006,coordination,candidate_requires_context_review,147b4149c9a8e7a566909cfbd4c073c5a84ada9b11b380d6797ff28e2befef6d
qwen_train,1979-s0007,coordination,candidate_requires_context_review,61ca86e2444ea23defad1dc479bc9de412f26ac4171815426e8beb275e1084e6
qwen_train,1980-s0004,transversal,candidate_requires_context_review,c135fc7e61171015482213386bee5efbc4e7c8409cabb214a2f8aaae6bcbbe48
qwen_train,1980-s0006,coordination,candidate_requires_context_review,124b69b9af40628d5cdbe3bdc1d6c2e468987bba8749a86b9e4782de1f7d4bf5
qwen_train,1982-s0003,coordination,candidate_requires_context_review,8342a0db7a7a3c7159e096a0ad46d1a4aaa4a32a93dec7f987138198ab937437
qwen_train,1982-s0003,transversal,candidate_requires_context_review,8342a0db7a7a3c7159e096a0ad46d1a4aaa4a32a93dec7f987138198ab937437
qwen_train,1982-s0008,experience,candidate_requires_context_review,bd125fcaeca0f0c63d4ccf321b843b2d652d81e73dd2b567a83fbd8e48cad1bd
qwen_train,1982-s0008,coordination,candidate_requires_context_review,bd125fcaeca0f0c63d4ccf321b843b2d652d81e73dd2b567a83fbd8e48cad1bd
qwen_train,1984-s0001,coordination,candidate_requires_context_review,1e1b90d8ac1099e943695066fb39e0356d748fb52105f2cd61bf5e492f601c00
qwen_train,1985-s0001,coordination,candidate_requires_context_review,17e40bf82056d05b138d8a2ff69d0a4abbcee71f93fa4592570ac779d84bdb93
qwen_train,1985-s0002,coordination,candidate_requires_context_review,cc333c3ef878956288d1a19204fd4580354082554b3ea1ad0ab5e73c11a813fd
qwen_train,1986-s0000,coordination,candidate_requires_context_review,11538993bb0dca67b1863e9d24255df3c7fb303156001f50709b8fa968e5013e
qwen_train,1822-s0004,coordination,candidate_requires_context_review,1b129f696dddb70941c0125594889f6a62d1ade65c5f9e0bd60b7bdc13b62942
qwen_train,1822-s0007,coordination,candidate_requires_context_review,7e1ab34503313426f0ffe9abf8cce78d6718a9c1b29afa08c97e8cc17677e1d0
qwen_train,1822-s0009,coordination,candidate_requires_context_review,5bf6706e1e377bc12fe573c0a88555b71d48afd1452006562ff349214a3bd1e3
qwen_train,1822-s0009,transversal,candidate_requires_context_review,5bf6706e1e377bc12fe573c0a88555b71d48afd1452006562ff349214a3bd1e3
qwen_train,1822-s0011,coordination,candidate_requires_context_review,ba409171a928dccce562f4e6d9bb6b3facc454849265f1bd3e0bd4aff3191680
qwen_train,1822-s0011,transversal,candidate_requires_context_review,ba409171a928dccce562f4e6d9bb6b3facc454849265f1bd3e0bd4aff3191680
qwen_train,1823-s0001,coordination,candidate_requires_context_review,166f4aa08d8a7a6d7930bf26c55134ce06248e1f159979089e1500cbb9b42bbf
qwen_train,1823-s0002,coordination,candidate_requires_context_review,3cffae5054e07a9e3a5c4d5cf58a0e5ef8bc17e689abab6de022e1c6267bdaa5
qwen_train,1823-s0005,coordination,candidate_requires_context_review,7a893198a605013696c4ad42ea433b54ee8b6d170efeb131db709b0bc222a735
qwen_train,1823-s0010,experience,candidate_requires_context_review,b3270db1e5b6033fcce76d672bab84de5b77320e41cc526c0dd20892f25a5425
qwen_train,1823-s0010,coordination,candidate_requires_context_review,b3270db1e5b6033fcce76d672bab84de5b77320e41cc526c0dd20892f25a5425
qwen_train,1824-s0002,coordination,candidate_requires_context_review,19686a1db8ff13b1b1c624a12ed7fd99f360eee74e567f1a606f317073e0fb47
qwen_train,1824-s0010,scope_empty,candidate_requires_context_review,82cb0bcfadcc19b5ae04ddf391c3be6a62a85e754ed8290e84940185bbb4f54b
qwen_train,1825-s0001,coordination,candidate_requires_context_review,fd987a5fcfceab32ac80a72caf513e4405442e83f3f095deb88a47c50a9f04d2
qwen_train,1825-s0002,coordination,candidate_requires_context_review,26c065c1f8210a465608c25cc008f457d40ae8d1eae10ef15b8295dcad472b58
qwen_train,1827-s0001,coordination,candidate_requires_context_review,0dbe22d89e6af8112446d0e393a82d6f86556e8dc197d46934779570b7f6b3ce
qwen_train,1827-s0002,coordination,candidate_requires_context_review,3158710c60118fbf243ca1e571c34e6fb5d1f27d710a1d7cab813c7feb043d23
qwen_train,1827-s0002,transversal,candidate_requires_context_review,3158710c60118fbf243ca1e571c34e6fb5d1f27d710a1d7cab813c7feb043d23
qwen_train,1827-s0003,coordination,candidate_requires_context_review,552ac6e36e474bd6e58ad300907b0d68b4b19eba3a5ec39561d74bc9a3017cce
qwen_train,1827-s0007,coordination,candidate_requires_context_review,baf3e5dceffc59ec4687aead059a9a667fb7d6804562f23e370f17a8aa68db70
qwen_train,1827-s0007,transversal,candidate_requires_context_review,baf3e5dceffc59ec4687aead059a9a667fb7d6804562f23e370f17a8aa68db70
qwen_train,1827-s0008,coordination,candidate_requires_context_review,84ddcc2b0c8f3b419ec01ee1b712e2a5d9ac703f4f5e3ec91101ded105ac8c89
qwen_train,1827-s0008,transversal,candidate_requires_context_review,84ddcc2b0c8f3b419ec01ee1b712e2a5d9ac703f4f5e3ec91101ded105ac8c89
qwen_train,1827-s0009,coordination,candidate_requires_context_review,05952d31d7ef224ae4697af736651c56e6346939965dfbe3804d82e0f10a78cd
qwen_train,1827-s0009,tool_theory,candidate_requires_context_review,05952d31d7ef224ae4697af736651c56e6346939965dfbe3804d82e0f10a78cd
qwen_train,1827-s0009,transversal,candidate_requires_context_review,05952d31d7ef224ae4697af736651c56e6346939965dfbe3804d82e0f10a78cd
qwen_train,1827-s0012,coordination,candidate_requires_context_review,b018022bb87fc1e28f6e17dd821b6dca3498fb9c0a6e98982c3c98058abf0daa
qwen_train,1827-s0012,scope_empty,candidate_requires_context_review,b018022bb87fc1e28f6e17dd821b6dca3498fb9c0a6e98982c3c98058abf0daa
qwen_train,1827-s0013,coordination,candidate_requires_context_review,74e4acf76381bde7c6347e925deb9fecea3fd8a38d5b469a53636b55e8158de6
qwen_train,1827-s0013,scope_empty,candidate_requires_context_review,74e4acf76381bde7c6347e925deb9fecea3fd8a38d5b469a53636b55e8158de6
qwen_train,1827-s0014,coordination,candidate_requires_context_review,7668bc22281c8ec471ded20dcecb7f867e413d64d93f4a8d1fff4cd0921f53b2
qwen_train,1828-s0003,experience,candidate_requires_context_review,1c788f15612a4a3873bde6d71e17d10fde1326c9ea4e8ec610aee8670258d1dd
qwen_train,1829-s0003,coordination,candidate_requires_context_review,f9dfe28782a1e8c15a59171b0971c478b67e136186e7c8390464f2ed05ace11b
qwen_train,1829-s0004,coordination,candidate_requires_context_review,a63709ccf7cb66463be0a68457002464919ddc877ca5fd42bfd56b5cba53f950
qwen_train,1829-s0005,coordination,candidate_requires_context_review,5c95693ca8540c57a847067f8edd712f9e6cdfd8c73eb242cdef12868ea1250c
qwen_train,1829-s0007,experience,candidate_requires_context_review,2b8dfe856ac5a37dde2b1789dd0c81b87767b2d52cbe6fdae2d3b60de4f85cdd
qwen_train,1829-s0007,coordination,candidate_requires_context_review,2b8dfe856ac5a37dde2b1789dd0c81b87767b2d52cbe6fdae2d3b60de4f85cdd
qwen_train,1829-s0010,experience,candidate_requires_context_review,81daa3e54d14b05a720560dc6ac3de9c47af530ac17c34edbd106cc0cb5e79ac
qwen_train,1829-s0012,coordination,candidate_requires_context_review,78255c9703512e058b441f074efa3478112bf2f69e68cfba7e7bf97cb2452f24
qwen_train,1829-s0012,transversal,candidate_requires_context_review,78255c9703512e058b441f074efa3478112bf2f69e68cfba7e7bf97cb2452f24
qwen_train,1829-s0013,coordination,candidate_requires_context_review,f37c53947ebfe5e3319ec76aae2191d9e15b675da3f22530a79fa0ea86ab3dee
qwen_train,1829-s0013,transversal,candidate_requires_context_review,f37c53947ebfe5e3319ec76aae2191d9e15b675da3f22530a79fa0ea86ab3dee
qwen_train,1829-s0016,coordination,candidate_requires_context_review,b3094a8b79a271fc83fbab8550e23e228305f17c93e0a0d6fafb20a9903a6db8
qwen_train,1829-s0017,coordination,candidate_requires_context_review,42b9abeca0e245445f28aa8178de2ceb30e13f063aade9909da612aeeda5b25b
qwen_train,1829-s0018,coordination,candidate_requires_context_review,cae1f52f1d7a180f8f3bcbf2966ff78f2b5f3a99b272ce6dbe0a44e7cd391ddc
qwen_train,1831-s0003,coordination,candidate_requires_context_review,e1d916234ee72e92cd620f482d7455aeb49fe444f4b14237adcc5fdcf21e7f90
qwen_train,1831-s0004,coordination,candidate_requires_context_review,27281371e79e1b03ce870eab04bbd8524ddd87fd0600b38c24811886016e1b08
qwen_train,1831-s0006,experience,candidate_requires_context_review,feca2f90a06455a1168a3e8ca92279f2fe97d911db905eb6e9b0d75b351e8ed3
qwen_train,1831-s0006,coordination,candidate_requires_context_review,feca2f90a06455a1168a3e8ca92279f2fe97d911db905eb6e9b0d75b351e8ed3
qwen_train,1831-s0007,coordination,candidate_requires_context_review,f2960874042246afb60ba973bc346b968814fc50be5b84db456f23f4c569fc62
qwen_train,1831-s0008,coordination,candidate_requires_context_review,e19acec4612dc7ee61b43c628617c6c744c91db5f6d1be698d3bb82b3d107d4c
qwen_train,1832-s0000,coordination,candidate_requires_context_review,91112a3ca04c0fc286a01afc3604b36e4db9bb12e10d78dd6de0280f3b58a7f9
qwen_train,1832-s0003,coordination,candidate_requires_context_review,0e69700d5c8b91e1b4196edeff1d35b73ed0fa102bd98fefaa3941ecbf644252
qwen_train,1832-s0004,experience,candidate_requires_context_review,777ad3923659677c3ef7d97c21407e825a3effc87d84d81a8749369a148553d7
qwen_train,1832-s0004,coordination,candidate_requires_context_review,777ad3923659677c3ef7d97c21407e825a3effc87d84d81a8749369a148553d7
qwen_train,1832-s0007,coordination,candidate_requires_context_review,c8d820b1af18a81c31f1f70529b3b5d199d88efac2b17de7c11584cfac8717a8
qwen_train,1834-s0001,coordination,candidate_requires_context_review,ce00c835bfda2f6022c5db2250537b51580f61ab40cf479e6bbbf9c7563fd30d
qwen_train,1835-s0000,coordination,candidate_requires_context_review,35c2ffaccd7195410b68874766516183b75fd45066e5dafed192c2067ef2e4a2
qwen_train,1835-s0002,coordination,candidate_requires_context_review,f099d29ff23482a3006531eb26be89c7aabe87d8cee6bef99862c2a4eb57633e
qwen_train,1835-s0005,coordination,candidate_requires_context_review,06352035494b992b284d9a9094d22e0b50907e56c630a8aca37162a832b54362
qwen_train,1835-s0005,transversal,candidate_requires_context_review,06352035494b992b284d9a9094d22e0b50907e56c630a8aca37162a832b54362
qwen_train,1835-s0006,experience,candidate_requires_context_review,1863652af6caca46872a2ec97fae9f361d61522a5c7567c168b61482b7618a75
qwen_train,1835-s0006,coordination,candidate_requires_context_review,1863652af6caca46872a2ec97fae9f361d61522a5c7567c168b61482b7618a75
qwen_train,1836-s0005,coordination,candidate_requires_context_review,9608441cf00b73c0ca348bdd7465d5b3da1936dc4f36d889e8608df199cb7a15
qwen_train,1836-s0008,coordination,candidate_requires_context_review,150a70a59f531fb7e1c97bdd98966361633729884e3200470170c7729933ecc7
qwen_train,1836-s0014,coordination,candidate_requires_context_review,c6081fb626f52167b435298cb326b46c338ccd97551178d50dfc96a85292c6c4
qwen_train,1836-s0016,coordination,candidate_requires_context_review,8576b0c14a582638955b9e3a09deec8c2df0e64c2878cf3aa72a3ce47a059e44
qwen_train,1836-s0017,transversal,candidate_requires_context_review,745fc39c35475a504d8a56080f68db185b95272122411ff28b451bf226306edb
qwen_train,1836-s0018,coordination,candidate_requires_context_review,bf3493f8c55e51aae1431290f48cb813558fabcbbb37844f4b3b369acc4a8c1f
qwen_train,1837-s0003,coordination,candidate_requires_context_review,ace712c02f6d0d3aca72339c4a2d2a42154ac5f0b5e85ccef74355a36a38fa29
qwen_train,1837-s0006,coordination,candidate_requires_context_review,d23c9c8737d4d0ad5be653273eef0ad6c84790fd341a66df0c125bb49add79c2
qwen_train,1837-s0011,coordination,candidate_requires_context_review,eb40b079152b9715ed37e8ffe96a29b6267721353cca4992507b4202da79665a
qwen_train,1837-s0012,coordination,candidate_requires_context_review,99307d832f04cbd4b92ee4d372a9a679a46743c34b40628c63666ca4c12a3cdc
qwen_train,1837-s0014,coordination,candidate_requires_context_review,676a53b159cba82474943d5ccb1b6942c6b43661533767288569e6dcc8fcc085
qwen_train,1837-s0015,coordination,candidate_requires_context_review,dda772f533968ae7581eddd425ad79cb6153ed084cc070005d3ab91b39754f0f
qwen_train,1837-s0020,coordination,candidate_requires_context_review,612c204bf72e7e3ac01eb98cd87607fb3c388e8c98fe4e2b99fb172a6ec1eb1e
qwen_train,1839-s0000,coordination,candidate_requires_context_review,bc44367d91c232d93e53cfbf51556f3587e6adeeda087215b210c7192224cf1a
qwen_train,1839-s0001,coordination,candidate_requires_context_review,8f13beb46ba6a1326f602be58dec54a1c53e7db0596ffcce1359ab1e07572754
qwen_train,1839-s0004,coordination,candidate_requires_context_review,e146fb7ac62fc14d18312b812caf5ef85e356f15a18e6f01d8afd51b032e7612
qwen_train,1839-s0005,experience,candidate_requires_context_review,b6dd0156a763c42528ebde77a4281d8ac8348a7f87575eaf952acb1fe796180f
qwen_train,1839-s0005,coordination,candidate_requires_context_review,b6dd0156a763c42528ebde77a4281d8ac8348a7f87575eaf952acb1fe796180f
qwen_train,1839-s0005,tool_theory,candidate_requires_context_review,b6dd0156a763c42528ebde77a4281d8ac8348a7f87575eaf952acb1fe796180f
qwen_train,1841-s0000,coordination,candidate_requires_context_review,992cc7cfb386bb529abb9a25243c5799f2e3d0b1bda0009ec18bb61d688bdd0d
qwen_train,1841-s0003,coordination,candidate_requires_context_review,756eb56f3a9c3a2d3aed6f04e83d0793577e601cd3a7e5d6db61c7e1d46053cb
qwen_train,1841-s0009,coordination,candidate_requires_context_review,a8651b574a09f3361640d0a80c34e8a25140a9835efe554db6a76847060f4e6f
qwen_train,1841-s0010,coordination,candidate_requires_context_review,bb47fc424708b311d1422fcbedb6026d7e6e80ed1751c11b2314cc0005817c49
qwen_train,1841-s0012,coordination,candidate_requires_context_review,bf26b05de2c9094f449320f174e8ad0a8d716453489a728cfd9115718c29fdc3
qwen_train,1841-s0012,scope_empty,candidate_requires_context_review,bf26b05de2c9094f449320f174e8ad0a8d716453489a728cfd9115718c29fdc3
qwen_train,1841-s0013,coordination,candidate_requires_context_review,9692ab4f7d6ab1c540517ee3c1925cd82c57605fc3b5afb60578e591fafea80b
qwen_train,1841-s0014,coordination,candidate_requires_context_review,9ca9ca7b0b020019d980e9aab55bfea540059938bbdb8cb5505f988f040f5fca
qwen_train,1841-s0014,scope_empty,candidate_requires_context_review,9ca9ca7b0b020019d980e9aab55bfea540059938bbdb8cb5505f988f040f5fca
qwen_train,1841-s0015,coordination,candidate_requires_context_review,8f05ed84a99d77f52ef1d8b537d668c12a33ddcfb9e5ca4fcce5dc9d5de0967a
qwen_train,1841-s0015,scope_empty,candidate_requires_context_review,8f05ed84a99d77f52ef1d8b537d668c12a33ddcfb9e5ca4fcce5dc9d5de0967a
qwen_train,1841-s0016,coordination,candidate_requires_context_review,7e05cf8ed617380c4f6f99d443b65f8c267e917d5e6085bd2ab60b71ac803e30
qwen_train,1841-s0017,coordination,candidate_requires_context_review,8a9025de808ea00a6380c5a614d18185a82a8242c1ff166173947219ed6c6e1e
qwen_train,1841-s0017,scope_empty,candidate_requires_context_review,8a9025de808ea00a6380c5a614d18185a82a8242c1ff166173947219ed6c6e1e
qwen_train,1841-s0018,coordination,candidate_requires_context_review,9e55be7f22fe77e3dca681b99648d5b896db8bf31c46f752febbcc6757fc7192
qwen_train,1841-s0019,coordination,candidate_requires_context_review,601120857a8b874a88cf137e69e0a535df9b9a75a9a7b1aa1c1c1a29c0ff821d
qwen_train,1841-s0020,coordination,candidate_requires_context_review,ff7e8b9d0481be26e704ddccf04e4fbdb91513453361304c07201c8f281630f5
qwen_train,1841-s0021,coordination,candidate_requires_context_review,72ce68d1be120850a5b4848e6bf7bbc6ca4fc4ff3614ea39a1693b586e5656c5
qwen_train,1841-s0021,scope_empty,candidate_requires_context_review,72ce68d1be120850a5b4848e6bf7bbc6ca4fc4ff3614ea39a1693b586e5656c5
qwen_train,1841-s0022,coordination,candidate_requires_context_review,c3e9754981984ac830609b0f5b64cef36bcfd94c2f3ebcd8e69b13ee5bae4344
qwen_train,1841-s0023,coordination,candidate_requires_context_review,a90be616de1b352a00f50043db63fe8a16147fa630737f3de5dac79c61c1f052
qwen_train,1841-s0024,coordination,candidate_requires_context_review,0aa5bcf0416f0b7063e4f9852c1a1c48a86c2adf450e2acf2cf8aae03ee4770b
qwen_train,1841-s0025,scope_empty,candidate_requires_context_review,9fc9c1d06c19c111032f83ab9e3306c2186ddc7f5cbc40e2ceaf79afbba2d4f8
qwen_train,1842-s0002,coordination,candidate_requires_context_review,e6282fe0aa599a01941e46ec2606668c3d52c1c119cb648fa03d0d09c9ed95cb
qwen_train,1842-s0004,coordination,candidate_requires_context_review,eb6312b18a8f376e15cc7e593a00d41cd459c344f43b7a3660b6128e9f55e362
qwen_train,1842-s0007,coordination,candidate_requires_context_review,020e0834921356e9da19f1945d6c5404ff9ee66459ee6522baeb50c6ea8c7ab0
qwen_train,1842-s0007,transversal,candidate_requires_context_review,020e0834921356e9da19f1945d6c5404ff9ee66459ee6522baeb50c6ea8c7ab0
qwen_train,1845-s0002,coordination,candidate_requires_context_review,d19cb092a4ee08beb719dbe5fc8d3ba78f5e5cb6acf1e2cf0636a3863a784d57
qwen_train,1845-s0006,coordination,candidate_requires_context_review,a1a7facdf4671ab4ef2d0abcc471ade6e0afe23382c76d787bf4d3c85103a456
qwen_train,1845-s0010,coordination,candidate_requires_context_review,41d192cb9c57384d9c1d490de646251ddf462f0300d13b0acfb06fe72d6ab282
qwen_train,1845-s0010,transversal,candidate_requires_context_review,41d192cb9c57384d9c1d490de646251ddf462f0300d13b0acfb06fe72d6ab282
qwen_train,1845-s0012,coordination,candidate_requires_context_review,57dfd3f03b76524ef68169c274b0d665bc5b842ffe49a3257f23c9abec156e9d
qwen_train,1845-s0013,coordination,candidate_requires_context_review,7a98695736db5e856e7230dfc658f201234ef9a40ddf4db5c92a9ab421cc0aec
qwen_train,1845-s0013,scope_empty,candidate_requires_context_review,7a98695736db5e856e7230dfc658f201234ef9a40ddf4db5c92a9ab421cc0aec
qwen_train,1845-s0014,coordination,candidate_requires_context_review,522f0c6d602de2f86aac55cced4da2c35f9f61bb6d98404107edbadf14283cd1
qwen_train,1845-s0015,coordination,candidate_requires_context_review,3023d9a60597aaf497044b10205468375f51168e7d57d310cecd6003d815c78f
qwen_train,1846-s0004,coordination,candidate_requires_context_review,85b0ee465b018d401946cae66596b51fd01ba2db12320955c12aaa34f6f79fa4
qwen_train,1846-s0006,experience,candidate_requires_context_review,28df4d5a5c15384c816cbd23fbf84c4c37a05e844591235ec8f5d65cb4f3819b
qwen_train,1846-s0006,coordination,candidate_requires_context_review,28df4d5a5c15384c816cbd23fbf84c4c37a05e844591235ec8f5d65cb4f3819b
qwen_train,1846-s0007,experience,candidate_requires_context_review,965fccdcbd9afffd8a1d6c21bd32aada7adfeafd5efb296706c5ed330caabd6c
qwen_train,1846-s0007,coordination,candidate_requires_context_review,965fccdcbd9afffd8a1d6c21bd32aada7adfeafd5efb296706c5ed330caabd6c
qwen_train,1846-s0008,coordination,candidate_requires_context_review,967109ac26faa791253d2b47ed6c8103a13b839e61a27009ee789aef8ab92ccb
qwen_train,1846-s0009,coordination,candidate_requires_context_review,5e86e15f3755499620bcdefbf89f104e2f4e9ab11d77ae565062f1fbf8ed0075
qwen_train,1846-s0012,coordination,candidate_requires_context_review,888546c3ef48aef9b643a6e9fb9468817900a035f504cbaf922e3c6611e8f08a
qwen_train,1846-s0013,coordination,candidate_requires_context_review,f0a74659c85410fbebf95ccef57bb8906e7d341ac78f0ec7494ad834b14b38f3
qwen_train,1846-s0014,experience,candidate_requires_context_review,5688785ee7b8b46baa63e73ea7e93e351d1f1533b4006ff490620f23f0c50d57
qwen_train,1846-s0014,coordination,candidate_requires_context_review,5688785ee7b8b46baa63e73ea7e93e351d1f1533b4006ff490620f23f0c50d57
qwen_train,1846-s0015,coordination,candidate_requires_context_review,32a1040952fcfede202460585e0e7a04b2bab015d736560c31ef29f70ac6299a
qwen_train,1847-s0004,coordination,candidate_requires_context_review,06bf9d5959146e36744d9be42c0e94a1968b627f6362deec50184d0c62c0e123
qwen_train,1847-s0005,coordination,candidate_requires_context_review,d77bbb940be37d1389b48fa201ad6b09ad5122450ce48992e7521ea4dab1e824
qwen_train,1849-s0000,coordination,candidate_requires_context_review,82701a96283aa451788f6167677d18c5b53cbc26571905f0dba64b2890cbe2ff
qwen_train,1849-s0002,coordination,candidate_requires_context_review,3d6fe47900e2a5d37132f42c2d82ba16d56e5f0156b30c1caef59fc406ff4a53
qwen_train,1851-s0000,coordination,candidate_requires_context_review,4d19cb074684155d000bdef297557932ff03cc141b672b83deaa88648e895c36
qwen_train,1851-s0002,coordination,candidate_requires_context_review,aa6e94cd416cbb25181d1aecb9d7ec6c6e21dd6ab49ef054da7c98ac3d7a91fc
qwen_train,1851-s0006,coordination,candidate_requires_context_review,07301c3e38c16a47c26e5015341446710ab02a8227df0652c8b2a73718230029
qwen_train,1852-s0001,coordination,candidate_requires_context_review,d43e7c45d596c3447ff026a529977c27c2ae999de8b603fdba439635c4c9be41
qwen_train,1852-s0001,tool_theory,candidate_requires_context_review,d43e7c45d596c3447ff026a529977c27c2ae999de8b603fdba439635c4c9be41
qwen_train,1852-s0002,coordination,candidate_requires_context_review,8123c56f30fb606000d67b63bf1299ce39f229119d6a210753b649f05186ab07
qwen_train,1852-s0006,coordination,candidate_requires_context_review,d7e5579e02e586ec0d7ed04351b8d232ee5523f7f86ae4f7eb705be3270ff753
qwen_train,1852-s0006,tool_theory,candidate_requires_context_review,d7e5579e02e586ec0d7ed04351b8d232ee5523f7f86ae4f7eb705be3270ff753
qwen_train,1852-s0007,coordination,candidate_requires_context_review,834242f3c8e94edaa3df222f83d5d5e8de8d4118069fd0563d9cb8c4df7e0897
qwen_train,1852-s0009,experience,candidate_requires_context_review,c3f795acd120d4fd0c696cf998bd0a311c8b2ae45a8b0f0983336f6b231dff78
qwen_train,1852-s0009,coordination,candidate_requires_context_review,c3f795acd120d4fd0c696cf998bd0a311c8b2ae45a8b0f0983336f6b231dff78
qwen_train,1852-s0009,tool_theory,candidate_requires_context_review,c3f795acd120d4fd0c696cf998bd0a311c8b2ae45a8b0f0983336f6b231dff78
qwen_train,1852-s0010,scope_empty,candidate_requires_context_review,ed1341497edfc0e05524930fad0d911a30819020d58740ac7b7a8eea26843fc9
qwen_train,1852-s0011,coordination,candidate_requires_context_review,54d19549abde214137211676d7a147c9beb31e580634ec3cfabe3447b40ad557
qwen_train,1852-s0014,scope_empty,candidate_requires_context_review,8b67a7bb9a232a4c223b50b8e7f73138cc4dacd63d77d6c26418a7810b2deaa0
qwen_train,1852-s0016,scope_empty,candidate_requires_context_review,3b5cf7ff2d63a157def1a663d1a8d210c49dba8491c8c403717b4d4663821460
qwen_train,1852-s0017,coordination,candidate_requires_context_review,9f42bfa7dbca12ada432e3ba9df816f2ed68fcd2a63a2ff1431c679402201ecf
qwen_train,1852-s0017,scope_empty,candidate_requires_context_review,9f42bfa7dbca12ada432e3ba9df816f2ed68fcd2a63a2ff1431c679402201ecf
qwen_train,1852-s0018,coordination,candidate_requires_context_review,cbcf6a2be89166c52b93a71b8f7024cfe2553267c1337f4ae5c424e7bc91401e
qwen_train,1852-s0018,transversal,candidate_requires_context_review,cbcf6a2be89166c52b93a71b8f7024cfe2553267c1337f4ae5c424e7bc91401e
qwen_train,1852-s0019,experience,candidate_requires_context_review,360d01be37c8d4d5474e06a156a0665198af38e8db8b7f3fb8d40d01837b69ef
qwen_train,1852-s0019,coordination,candidate_requires_context_review,360d01be37c8d4d5474e06a156a0665198af38e8db8b7f3fb8d40d01837b69ef
qwen_train,1852-s0019,transversal,candidate_requires_context_review,360d01be37c8d4d5474e06a156a0665198af38e8db8b7f3fb8d40d01837b69ef
qwen_train,1852-s0020,coordination,candidate_requires_context_review,8b8d56f475c22c2ecf6bc620a1c229cad4e63da91da93661caf46d5dd9221e46
qwen_train,1852-s0021,coordination,candidate_requires_context_review,1d505fb6783bc05b100067efba785c9af15ed5cccaa65fd781d916c8692ef823
qwen_train,1852-s0022,coordination,candidate_requires_context_review,cdb74de5a922e79b08c3669bbc181bb8d6fbecf08812c34de1b4edbc039fa2c7
qwen_train,1852-s0022,transversal,candidate_requires_context_review,cdb74de5a922e79b08c3669bbc181bb8d6fbecf08812c34de1b4edbc039fa2c7
qwen_train,1855-s0001,coordination,candidate_requires_context_review,364ca78cfc344cca77c4e08c078a9225489108dd68ccb719272ef6259e3c2c91
qwen_train,1855-s0001,transversal,candidate_requires_context_review,364ca78cfc344cca77c4e08c078a9225489108dd68ccb719272ef6259e3c2c91
qwen_train,1855-s0005,experience,candidate_requires_context_review,10b998d30420123b2967974b2f6e47af2e8f6976e27999cf92bad384996af76b
qwen_train,1855-s0011,tool_theory,candidate_requires_context_review,9eac5b8d5b3f1bd55cd654bd84b63c75884b61627731910bd1181270439f0c63
qwen_train,1855-s0014,coordination,candidate_requires_context_review,943eab3e6c42cb50998997371d07efb3185dc340b3ec2c588e2252a9f6717f69
qwen_train,1858-s0001,coordination,candidate_requires_context_review,d628e96dd5a76633529d2251d62d2675223340046737f54e7f52c5231b44cba3
qwen_train,1858-s0004,coordination,candidate_requires_context_review,a2f0011a8702342e3de1017bce1e24096e9b1eefa8ee08cf959cfb50de75b1f3
qwen_train,1858-s0007,coordination,candidate_requires_context_review,1976551a836f93d21f28ce47b3cb13f88b3365805bcb78b5362fe8f7810beea8
qwen_train,1858-s0011,coordination,candidate_requires_context_review,5b89930f07f9184b706329aa6662fb45a9a5fc67b6d1ac1b5dfd33c421570a4f
qwen_train,1858-s0011,transversal,candidate_requires_context_review,5b89930f07f9184b706329aa6662fb45a9a5fc67b6d1ac1b5dfd33c421570a4f
qwen_train,1858-s0012,coordination,candidate_requires_context_review,059907ea187632ae26ac403451ff8b520431d4e13aa78e80e7612be830583397
qwen_train,1858-s0013,coordination,candidate_requires_context_review,33f99462d9cf9e59741f73910eb516a0cfca4ce08441f55ce31381b5de665a45
qwen_train,1858-s0013,transversal,candidate_requires_context_review,33f99462d9cf9e59741f73910eb516a0cfca4ce08441f55ce31381b5de665a45
qwen_train,1858-s0014,coordination,candidate_requires_context_review,f92a1320dce01264803b2b6c7d2438d6db2ab4f5c22ed8f2ffba52b0e3d34a05
qwen_train,1858-s0015,coordination,candidate_requires_context_review,efd752e97f9c32fd11d098419874973ea0a4b554ca60b5546d90597f6821671b
qwen_train,1860-s0002,coordination,candidate_requires_context_review,1a2488ee0b37d5b0120dcd29bc483bdbb8d982dba0f3c1b18653ea3503db27c0
qwen_train,1860-s0004,coordination,candidate_requires_context_review,5c2a46604982d8fcf3504e67c165f79387729b9ea953de5f5226ce27029935cc
qwen_train,1860-s0005,coordination,candidate_requires_context_review,fda584011d00d1370c223d872aa60245641055c44e2617059db3c84285c74b2a
qwen_train,1860-s0005,tool_theory,candidate_requires_context_review,fda584011d00d1370c223d872aa60245641055c44e2617059db3c84285c74b2a
qwen_train,1860-s0008,tool_theory,candidate_requires_context_review,1d542f92d3f376a2633d7fd6a661b523ff04a1f5ea47acad57f8b9fadb7fcc8a
qwen_train,1860-s0009,coordination,candidate_requires_context_review,b51c40efbe2c0b3bc0317e1da495483410ac3cbb714571ed4ac65c698cb91bf9
qwen_train,1860-s0014,coordination,candidate_requires_context_review,bdc6bd154a2d65509962cb3656ab6a1edb00d19e05beea85e2850d21976a14e5
qwen_train,1861-s0000,coordination,candidate_requires_context_review,26814ca6b7e78acf8ed9f384c03dea677b53a3c377904a880540ca5905c9fda5
qwen_train,1861-s0001,coordination,candidate_requires_context_review,3512b87d861b331697abeb86daa152940789d5bccd6b780e16fa090392b9088b
qwen_train,1861-s0003,coordination,candidate_requires_context_review,9dcdfc32e5b36dff3dbd6f40ebf7d00b504e5bba56e6b078da0fca610aed620f
qwen_train,1861-s0005,coordination,candidate_requires_context_review,333bec5d472bd442922a15ae5868f90d35e009442dc1df7881b2d4723157ce72
qwen_train,1863-s0008,coordination,candidate_requires_context_review,c86035db37e82951addd51d4c1102ce7e1af63f884dd1bc09bc81ae9b866ab93
qwen_train,1863-s0008,transversal,candidate_requires_context_review,c86035db37e82951addd51d4c1102ce7e1af63f884dd1bc09bc81ae9b866ab93
qwen_train,1868-s0000,coordination,candidate_requires_context_review,6009f69ee4baee2d2b36973881993a02c4ed6ed6eb050effa9802afdc9bf48cf
qwen_train,1868-s0001,coordination,candidate_requires_context_review,9c195785597f85dff6462165a5418f3d50bbfaf2188c72d2d44e216aa000219d
qwen_train,1868-s0002,coordination,candidate_requires_context_review,8fb10f3ea50380828f74e6c3f576ffa37f6c042e9d9f8c6892699c696ae2e728
qwen_train,1868-s0003,coordination,candidate_requires_context_review,ad4c420bb3f48a667a7f73504ef4dcc288d49a608fd853b1109892a9b2b4913e
qwen_train,1868-s0006,coordination,candidate_requires_context_review,f5b3c00c759e95e6b228da0db90a384f98989a1d5305e36b367ee096d67461ba
qwen_train,1868-s0007,scope_empty,candidate_requires_context_review,d5acac4a7d51dce8eb049235b547ae0ee75f5b768c94a75389dfe618a034c388
qwen_train,1869-s0003,coordination,candidate_requires_context_review,9fcdb30193969dbaf72ed1f6b7bc1d5d7fc77530d038a539a663f300f763ce13
qwen_train,1869-s0004,coordination,candidate_requires_context_review,adc10d312c6964ae88ce4964c11731cdcdd5ad561520f7bbb7b943fe89752873
qwen_train,1869-s0006,coordination,candidate_requires_context_review,3e35a2b9b6da49f68f8dd8bd4e42c038c199d481109bcd763fea212b4840524b
qwen_train,1869-s0007,scope_empty,candidate_requires_context_review,0c9052b4ad6b68f55f9b50e21da438c7880f4970b628a5536702c9eb3a0761e1
qwen_train,1870-s0005,coordination,candidate_requires_context_review,631a7e1a893ed81049db3cf59fc2818248ebc2bfce878ad0a8cd63a7ad187ded
qwen_train,1870-s0010,experience,candidate_requires_context_review,23d8db3dc375ecb36057943bab7685fa369d450ba20be0f5b721ea4a6573d92f
qwen_train,1870-s0010,coordination,candidate_requires_context_review,23d8db3dc375ecb36057943bab7685fa369d450ba20be0f5b721ea4a6573d92f
qwen_train,1873-s0007,coordination,candidate_requires_context_review,7fe832e4212bc535f5aa2922ca1d4d1e303442603fffd6a7198c8e10d7f224fb
qwen_train,1873-s0007,tool_theory,candidate_requires_context_review,7fe832e4212bc535f5aa2922ca1d4d1e303442603fffd6a7198c8e10d7f224fb
qwen_train,1873-s0008,coordination,candidate_requires_context_review,06fb6dd4f820ad6423d6a62d41cc75ca09cae2f8b71cffab4400836e261af6f1
qwen_train,1873-s0009,coordination,candidate_requires_context_review,98c5782b5c7be2967a1dc39b50de4a3fd660a56430c8336f990c5cfe80b1793a
qwen_train,1873-s0010,coordination,candidate_requires_context_review,1e95d5f445a800c1f4352b3512f41514647eb2add599753557bec81cbeeb5fcf
qwen_train,1873-s0010,transversal,candidate_requires_context_review,1e95d5f445a800c1f4352b3512f41514647eb2add599753557bec81cbeeb5fcf
qwen_train,1873-s0011,scope_empty,candidate_requires_context_review,9b961299626578b7fd9bcd79ada9633b16c55f093d45892673d2a3b99abb59f2
qwen_train,1874-s0002,coordination,candidate_requires_context_review,2f0841bd0fe2f74588de1fe3e3842a1912746ce843b5ef21530f124b2fd444f6
qwen_train,1878-s0002,coordination,candidate_requires_context_review,ce8fff5533194ccc5c7060963e9276c4d130ca8c3d4496f709df9aab6e35ee95
qwen_train,1879-s0002,experience,candidate_requires_context_review,6aece83fff4b58baf27c91a17da1006f465f77a0f94093f662594f70681f2251
qwen_train,1879-s0002,tool_theory,candidate_requires_context_review,6aece83fff4b58baf27c91a17da1006f465f77a0f94093f662594f70681f2251
qwen_train,1879-s0006,scope_empty,candidate_requires_context_review,da4504b9d6768a2bd4dc95b7e78364d33aa0aa45bca9c56416795cd4c5b6b61d
qwen_train,1880-s0004,coordination,candidate_requires_context_review,f1726d8b035f39ea306b3e775b4e03620d0155c0ac4b68bb5b4d1dcc5149fde4
qwen_train,1880-s0006,experience,candidate_requires_context_review,a5742549db0ae072f55a34cbf27fb17ecf092baccfa134a48ecb3d58401191ec
qwen_train,1880-s0006,coordination,candidate_requires_context_review,a5742549db0ae072f55a34cbf27fb17ecf092baccfa134a48ecb3d58401191ec
qwen_train,1882-s0000,coordination,candidate_requires_context_review,da72b76b449e329146e0792b44fe1ddca91749487aeb44ec9fa8425bf13f81cf
qwen_train,1882-s0008,coordination,candidate_requires_context_review,717b4b882522433400bf87f39c90a3025f1b5e662a5154c0d7b2cf7cd28b7c9e
qwen_train,1882-s0010,experience,candidate_requires_context_review,437e191faf223d843d7ae47d4d0d84b9349a9f7daa900cfc12484216fc7e2150
qwen_train,1882-s0010,coordination,candidate_requires_context_review,437e191faf223d843d7ae47d4d0d84b9349a9f7daa900cfc12484216fc7e2150
qwen_train,1883-s0000,coordination,candidate_requires_context_review,eb75d619d7cb9fdb9753d138b461d96b115bdd8915604ef6e75f2075f9f58543
qwen_train,1883-s0000,transversal,candidate_requires_context_review,eb75d619d7cb9fdb9753d138b461d96b115bdd8915604ef6e75f2075f9f58543
qwen_train,1883-s0002,coordination,candidate_requires_context_review,a2e0a5f74df158886f1996046a8cf2b212a92a7d6a9d6d9a19ca6596109fe5d6
qwen_train,1883-s0003,coordination,candidate_requires_context_review,eb927022312d7bfbadc2f1685835d8e742bd4b24ef4f6527245c4c26562ac30f
qwen_train,1883-s0004,coordination,candidate_requires_context_review,4cce5033aa772a7852d3a0ac11dedd1cf38fd16f892659c262344f4e1ffe0b3f
qwen_train,1883-s0005,coordination,candidate_requires_context_review,721aca81fa8d63b916fbb728f5f52b8c62be07e640b9fb9e070801865b4bf806
qwen_train,1883-s0007,coordination,candidate_requires_context_review,ac3f95903629d14b94348f376d84206d62f4bea42bfd1613c407a0094a0d9bd6
qwen_train,1883-s0011,experience,candidate_requires_context_review,e75d7683e1bc45accebac54700ca986c339d212e3c5efdca224c70233eb5a957
qwen_train,1883-s0012,coordination,candidate_requires_context_review,8c7869633fb0a31dc7b7e48d298e811dba363b1e3cb758e7b58128c5333d3feb
qwen_train,1883-s0012,scope_empty,candidate_requires_context_review,8c7869633fb0a31dc7b7e48d298e811dba363b1e3cb758e7b58128c5333d3feb
qwen_train,1883-s0015,coordination,candidate_requires_context_review,d81fa9116e65d743e2035220176c0685726c70c60bd7c510a05761e85dac8c84
qwen_train,1884-s0000,coordination,candidate_requires_context_review,5db68fd13175372488893e6560ce40c9f4d7b09bf1be5fac89b8f1717282df86
qwen_train,1884-s0003,coordination,candidate_requires_context_review,c51ffa68cf5e948a2ae77355df540e43788c46439b8bc327ca9e3b8c87157d9c
qwen_train,1884-s0006,experience,candidate_requires_context_review,d92241d4c5f30b50302b4bf305a512afc89d1c9aa15e04ab936c17cf69caca65
qwen_train,1884-s0013,experience,candidate_requires_context_review,dce7d81c45f611c20bc575541cc7fa6babe1e13ef531bd6116e51e91977462cb
qwen_train,1884-s0015,experience,candidate_requires_context_review,de23051993abecd9d3849260b817859329845f973ef9d701832c8079cbe5c6e1
qwen_train,1885-s0002,coordination,candidate_requires_context_review,ede134027edc3902efdc0a38bab1070a1456821a19ea6d6ed063cf0fdfb50105
qwen_train,1885-s0010,coordination,candidate_requires_context_review,4e572fd35896bb4932fedc97eb4c870d99c1ef231752cbe13b5620430fe57feb
qwen_train,1888-s0002,experience,candidate_requires_context_review,674751dd5e4f0b9f1d8fbe0c6d48a86b0f79dde4e9ff350034a0e9a20f8e9952
qwen_train,1888-s0003,experience,candidate_requires_context_review,a42c770099378068baa85a12ef63db0c48adfcca62eec91990d20ab67e030eea
qwen_train,1888-s0004,experience,candidate_requires_context_review,fe9025cf3ca87df3422325e6ef9d400ed41a8c1a67a0380b974d8241b8683045
qwen_train,1888-s0004,tool_theory,candidate_requires_context_review,fe9025cf3ca87df3422325e6ef9d400ed41a8c1a67a0380b974d8241b8683045
qwen_train,1891-s0000,coordination,candidate_requires_context_review,8b26af94f409bf9b4e2ecf1d93097fdfc0674099fa65dffc0010d925ccc9b71a
qwen_train,1891-s0001,coordination,candidate_requires_context_review,31ac8038adc23d5005683f7820a7f4e122531a0d3702cbe5b12d232c1b239f8a
qwen_train,1891-s0004,coordination,candidate_requires_context_review,2e6281f89c4fb0fd5296970513c91b7772df39459024dbbe1a41eaac45addf8b
qwen_train,1891-s0007,experience,candidate_requires_context_review,f58d490906ed337e7d7356fae9f6386974d08dbbf3b1616a8d9d4400738f1ea7
qwen_train,1891-s0007,coordination,candidate_requires_context_review,f58d490906ed337e7d7356fae9f6386974d08dbbf3b1616a8d9d4400738f1ea7
qwen_train,1891-s0009,coordination,candidate_requires_context_review,806ea75cbd19f68304b70afcad1bf90e010158135a1af2ad00fa66933caf5467
qwen_train,1891-s0010,coordination,candidate_requires_context_review,b802921e9d4ca26b96b18526001c24fb8ee8cb871c9c00ca17bcdeb50807efb5
qwen_train,1891-s0011,coordination,candidate_requires_context_review,7db1e3a878528db02be45704d60453e22ca9a618d886ae58f34734f270562050
qwen_train,1891-s0014,experience,candidate_requires_context_review,36baf67c28ce33b61facf3b0dce57adbbb014fd8342c59e667e39f111d05fee9
qwen_train,1891-s0014,coordination,candidate_requires_context_review,36baf67c28ce33b61facf3b0dce57adbbb014fd8342c59e667e39f111d05fee9
qwen_train,1891-s0015,coordination,candidate_requires_context_review,d8dd8bfd317e9ebddf48787e99a2594fbeb071120ccdf935fbdafcbd5b2a4756
qwen_train,1893-s0001,coordination,candidate_requires_context_review,8c5e97a5b4a2480f2c30eb148fde2b625edc3b564cde4a01c68cab7ece521b80
qwen_train,1893-s0001,transversal,candidate_requires_context_review,8c5e97a5b4a2480f2c30eb148fde2b625edc3b564cde4a01c68cab7ece521b80
qwen_train,1893-s0002,coordination,candidate_requires_context_review,0a591dea7c88bb26a7e46fd6428dbf56c5a00b096e1c087db501a6a0ec9f25f9
qwen_train,1893-s0004,experience,candidate_requires_context_review,d034873aa3e29ddcf6a391c9fd7486e0851d5278257e1b69577dd4665928cb2a
qwen_train,1898-s0001,coordination,candidate_requires_context_review,e32d76dc6724a1381b177ce9138d76a5bcbd1aab1048c05eca158e94a09296d4
qwen_train,1898-s0002,coordination,candidate_requires_context_review,c86ee5db10faaf8782a27cf7cb6abd61dfb14307d4356e3726f8cfc6bfcc7a80
qwen_train,1898-s0003,coordination,candidate_requires_context_review,530099bdc28d808c682ee4abe9c5138bb96194ce1d1a802209bc020db051ba8d
qwen_train,1898-s0007,coordination,candidate_requires_context_review,7534ecf9be18aeecb2f9896025dc7d33491166fedac1b6374523a64b5281cdfa
qwen_train,1898-s0009,experience,candidate_requires_context_review,b35db06d6933e4f40c3da3781d5aecd5c157c813f52a8127c79cf5670799e9fa
qwen_train,1898-s0009,coordination,candidate_requires_context_review,b35db06d6933e4f40c3da3781d5aecd5c157c813f52a8127c79cf5670799e9fa
qwen_train,1898-s0010,coordination,candidate_requires_context_review,bb7a67a72898a03da393e24c8c99c2b0e9067db08bf97a281267bb21f6827187
qwen_train,1898-s0011,coordination,candidate_requires_context_review,e01ac72d595524db2c3647442fbf2460765ffb196251b06b23d30abce75249f5
qwen_train,1898-s0012,experience,candidate_requires_context_review,510e6bb946fd4cb4d5872fc55ebb36028956764e3f8a5be00f3aa41217fa3a31
qwen_train,1898-s0012,coordination,candidate_requires_context_review,510e6bb946fd4cb4d5872fc55ebb36028956764e3f8a5be00f3aa41217fa3a31
qwen_train,1898-s0012,tool_theory,candidate_requires_context_review,510e6bb946fd4cb4d5872fc55ebb36028956764e3f8a5be00f3aa41217fa3a31
qwen_train,1899-s0000,coordination,candidate_requires_context_review,ea06093e87a576a337302b75f70c22bfe1c53cbe089c710f5cde0809179e08db
qwen_train,1899-s0001,coordination,candidate_requires_context_review,76c9658182dbe9df219e1754cb051a8001df5dcb7a553315e7b1f8bb7f186a9b
qwen_train,1899-s0003,coordination,candidate_requires_context_review,6baaa59fda7f5f8e0132aa3c3af8301325d95bdca6a38fc29c699c0b1c19c078
qwen_train,1899-s0003,scope_empty,candidate_requires_context_review,6baaa59fda7f5f8e0132aa3c3af8301325d95bdca6a38fc29c699c0b1c19c078
qwen_train,1899-s0004,coordination,candidate_requires_context_review,c97f1111a088bc960dcaefa0a9ea16afc73fa3d43ff463f8a6b53f98d2d5a78c
qwen_train,1899-s0005,coordination,candidate_requires_context_review,3e590df63a623c96f1863c86ea1dd4ffc9dfadc8eb1c8c16a5eb72cf899781f6
qwen_train,1899-s0005,transversal,candidate_requires_context_review,3e590df63a623c96f1863c86ea1dd4ffc9dfadc8eb1c8c16a5eb72cf899781f6
qwen_train,1899-s0008,coordination,candidate_requires_context_review,f4190ff25d47c5f3406c03c870fb1280ca01f3e6b28e69e7ff82afba6babf660
qwen_train,1899-s0009,coordination,candidate_requires_context_review,5c00401180922cbf066284896b3f22532d06e2f4a24d846ce046255cc001aa4f
qwen_train,1899-s0010,coordination,candidate_requires_context_review,78eb4c88267ce70416cb36ec17bee68df2e822c15eaab12513929abee2c390f5
qwen_train,1899-s0011,coordination,candidate_requires_context_review,b051770506a04c78fdfacf4a9e63c6b346ed59029c81ac8c6eed94ab2996a269
qwen_train,1899-s0014,coordination,candidate_requires_context_review,eafeaf3978023e980ebd3b87cacc554be5ad16b9e69fccdb454bd13473da43ea
qwen_train,1901-s0003,scope_empty,candidate_requires_context_review,1c8bdc875dd3c7de26a17cf704d70c6339cef702c10d17c2d688307969e1c9d4
qwen_train,1904-s0003,coordination,candidate_requires_context_review,5fbb4c714d4073ea1e4864ecc31ff0356dcb52fb857455d303e3797faf34dcb3
qwen_train,1904-s0003,transversal,candidate_requires_context_review,5fbb4c714d4073ea1e4864ecc31ff0356dcb52fb857455d303e3797faf34dcb3
qwen_train,1904-s0004,coordination,candidate_requires_context_review,872e5b65d6b7fe3538e76f28d7d03f33e74a81a571146f05ef6bd3e248894517
qwen_train,1904-s0005,coordination,candidate_requires_context_review,f26c9e995d4653be98478564acaf36db3292b66ca762d67d11919e27c6db040e
qwen_train,1904-s0005,transversal,candidate_requires_context_review,f26c9e995d4653be98478564acaf36db3292b66ca762d67d11919e27c6db040e
qwen_train,1904-s0006,scope_empty,candidate_requires_context_review,bd7071b30a1af35763d3dc85c8f35de73b20c142b61796179a413fdeefedeb6c
qwen_train,1907-s0001,coordination,candidate_requires_context_review,45c52fea8e8ae5a4473a2fd08143523b51811177a9eb538231bd79028f7666ae
qwen_train,1907-s0012,coordination,candidate_requires_context_review,dea52f36ab411e274fb843cdd17749e2b3c9eb340597b86f8f38e1e470ad3f18
qwen_train,1907-s0012,transversal,candidate_requires_context_review,dea52f36ab411e274fb843cdd17749e2b3c9eb340597b86f8f38e1e470ad3f18
qwen_train,1910-s0005,experience,candidate_requires_context_review,a59d8856a0cdc9c31cc1fc9f35cb72c09e7fe20f144f3353aeacb2234e3f4da9
qwen_train,1910-s0005,coordination,candidate_requires_context_review,a59d8856a0cdc9c31cc1fc9f35cb72c09e7fe20f144f3353aeacb2234e3f4da9
qwen_train,1911-s0001,coordination,candidate_requires_context_review,410ab3ad1637e0e98a59e0806b627a1e5ebdf17a4f1085e7eb72cf7da00573f9
qwen_train,1911-s0001,transversal,candidate_requires_context_review,410ab3ad1637e0e98a59e0806b627a1e5ebdf17a4f1085e7eb72cf7da00573f9
qwen_train,1911-s0003,experience,candidate_requires_context_review,d063a0042e01898fc5620f7fe3a4f3e334deb77ce8622f132920426cb790d208
qwen_train,1912-s0002,coordination,candidate_requires_context_review,fc86d0168785151338c0f7a4161227e0ed5d398f777bd0468da0a8025b1b4ddd
qwen_train,1912-s0009,coordination,candidate_requires_context_review,b76d13a6e3448eb13c6bc5286ca795cd05fb89c9650600142974485ebfc8708c
qwen_train,1912-s0010,scope_empty,candidate_requires_context_review,7d5f84d02e15afb0044ea2fd2c558e2c73c1f0150024b798759c9997cb72924d
qwen_train,1913-s0002,coordination,candidate_requires_context_review,0ca3eea5d430fbdb1237a89f2c5c0c4a4a74855e4d379eed23c35ebd72c41d87
qwen_train,1913-s0002,transversal,candidate_requires_context_review,0ca3eea5d430fbdb1237a89f2c5c0c4a4a74855e4d379eed23c35ebd72c41d87
qwen_train,1913-s0005,coordination,candidate_requires_context_review,2e100ebe21dbad77650763065227d44ed7204d0245adf4bf27ee4a7ccfd6f9c9
qwen_train,1913-s0009,experience,candidate_requires_context_review,84915848f76cd2b70aadc28a7c2550e30c3a29bd7211a956abd53ba6d1fbaca9
qwen_train,1913-s0009,coordination,candidate_requires_context_review,84915848f76cd2b70aadc28a7c2550e30c3a29bd7211a956abd53ba6d1fbaca9
qwen_train,1915-s0001,coordination,candidate_requires_context_review,4ff6f821c155c5099504f18bb0581ad659629e53f0b945f1b4a659f8ff2918f5
qwen_train,1915-s0005,experience,candidate_requires_context_review,ebf36b8942b12b8e329e73d13cf0a53a688cfbf1cb628279abe748fd04962e20
qwen_train,1916-s0004,coordination,candidate_requires_context_review,049b7e3bace0f9fb3ca5d2eb2507240a39dd2941fc14fb09253a156f0988d541
qwen_train,1916-s0007,coordination,candidate_requires_context_review,9b39334e424f07fa5046ece90458a3b0e240a8b50b34a1fda0e8d9f0a69c0cf1
qwen_train,1916-s0009,experience,candidate_requires_context_review,cb9647bd272c0149ce3de0f90f47985eda9caabd34db8acb61e1da9f5427e7c8
qwen_train,1916-s0009,coordination,candidate_requires_context_review,cb9647bd272c0149ce3de0f90f47985eda9caabd34db8acb61e1da9f5427e7c8
qwen_train,1916-s0009,transversal,candidate_requires_context_review,cb9647bd272c0149ce3de0f90f47985eda9caabd34db8acb61e1da9f5427e7c8
qwen_train,1916-s0010,transversal,candidate_requires_context_review,97f087fa822207298199176017e648f6ee397011f44164611a3a056b3395acb6
qwen_train,1919-s0000,coordination,candidate_requires_context_review,c5ae6bcca3fd99683df955b40d48665687e48d4c3cd66cbf57efece90d92b75e
qwen_train,1919-s0001,coordination,candidate_requires_context_review,d75c52b581b2b8e0df71ce5f544d5d36deeb34ebbc6afcbd7b0842cfacbc6d32
qwen_train,1919-s0004,coordination,candidate_requires_context_review,0991ebd8e232a71e7583a5c921680f01fd95e8525bb32dae5b5c56d2f79101de
qwen_train,1919-s0007,coordination,candidate_requires_context_review,58733509d266aa7a1b2248b562bf9b3f7a13873da5e3148078a7279a00095ebb
qwen_train,1920-s0004,coordination,candidate_requires_context_review,4917dd782f2a04bda40ee77de8bf9bd8530ad03900b1951cd4400b60cd1fbac8
qwen_train,1920-s0008,coordination,candidate_requires_context_review,71a66a9a168bd4b69cd5fd7d46e523cded5db8be64f22e5fc8a2152794c1d9ef
qwen_train,1920-s0008,transversal,candidate_requires_context_review,71a66a9a168bd4b69cd5fd7d46e523cded5db8be64f22e5fc8a2152794c1d9ef
qwen_train,1922-s0009,transversal,candidate_requires_context_review,75f272d43d4040ac0572d2ad4661e9a660e0bcb99403447b4921a4858f2acaa6
qwen_train,1922-s0010,transversal,candidate_requires_context_review,104efbea872654c5b2af45c70344a6adfecd9051da266e2618790380157eb46c
qwen_train,1922-s0012,scope_empty,candidate_requires_context_review,4aa8bd57232e92c2c1d1b2c67dcfb2ce5803418ac57bd2e563b9069224ecd83d
qwen_train,1927-s0001,coordination,candidate_requires_context_review,83d83ea560cb410aeb7e10136b694d0d3edcbb3e5b27e3d534a61a6af750ce9e
qwen_train,1927-s0005,coordination,candidate_requires_context_review,fa701d5a7972f63dbd89b429579fa25781ad79fde9b08523e7aca22f4115b870
qwen_train,1927-s0007,coordination,candidate_requires_context_review,b91b309ddf1ac7003277136cfdef23513a2d55f381cf7f6ddfdf348fd9990b9d
qwen_train,1927-s0008,experience,candidate_requires_context_review,c9315b2d55f46e084b6e42a093931ce51e42334ca0dc3010d22687d20bf62d9f
qwen_train,1927-s0008,coordination,candidate_requires_context_review,c9315b2d55f46e084b6e42a093931ce51e42334ca0dc3010d22687d20bf62d9f
qwen_train,1928-s0002,coordination,candidate_requires_context_review,3d79797f1be13146c9e4387d41e5c6bfb4e1c573fc4b23474475232c2249cecb
qwen_train,1928-s0002,transversal,candidate_requires_context_review,3d79797f1be13146c9e4387d41e5c6bfb4e1c573fc4b23474475232c2249cecb
qwen_train,1928-s0003,transversal,candidate_requires_context_review,f27c23824d9afceb412985cbf4ff29fa09341d5379e5d062cdeb33adaf027bfa
qwen_train,1928-s0007,coordination,candidate_requires_context_review,c1244c9aa57db573129da5c7939e1049574010ec62e6ffb04d7d1a4da8c1c861
qwen_train,1928-s0007,tool_theory,candidate_requires_context_review,c1244c9aa57db573129da5c7939e1049574010ec62e6ffb04d7d1a4da8c1c861
qwen_train,1928-s0007,transversal,candidate_requires_context_review,c1244c9aa57db573129da5c7939e1049574010ec62e6ffb04d7d1a4da8c1c861
qwen_train,1928-s0011,experience,candidate_requires_context_review,e9d5982168fac56bba8add47d1cecf85d1a7836a582c11e565ef5d3341ce8e4a
qwen_train,1928-s0011,transversal,candidate_requires_context_review,e9d5982168fac56bba8add47d1cecf85d1a7836a582c11e565ef5d3341ce8e4a
qwen_train,1930-s0002,coordination,candidate_requires_context_review,bf4faa4b910b830629faba65962c501db0ddbc63f974955d8d08d0b06040f176
qwen_train,1930-s0002,transversal,candidate_requires_context_review,bf4faa4b910b830629faba65962c501db0ddbc63f974955d8d08d0b06040f176
qwen_train,1930-s0003,coordination,candidate_requires_context_review,176e33ea50b0d92206fbfe5a09b2deebaa98b2019ac43699b3651987c3896a6b
qwen_train,1930-s0003,transversal,candidate_requires_context_review,176e33ea50b0d92206fbfe5a09b2deebaa98b2019ac43699b3651987c3896a6b
qwen_train,1931-s0000,coordination,candidate_requires_context_review,35967389e2393709244026d5ea5a38f3df20375c20112b6533ced99340c9c8ea
qwen_train,1931-s0006,coordination,candidate_requires_context_review,e3b62fddba56dd3bbb74cd6d9f3555d6e60ca174c99f50cece28b63625bcbd90
qwen_train,1931-s0007,coordination,candidate_requires_context_review,f8485a137eec2e9ac0161633ab71fde2644111cd5ddcc9d5e44f3d86474ff6c7
qwen_train,1932-s0000,coordination,candidate_requires_context_review,aab5b738edeb397cbae95baefbf839414da1812b7375cf4c1b3a3f75f7f9b2b2
qwen_train,1932-s0005,coordination,candidate_requires_context_review,e984acaa37fead45c3bad3ed900061b70e719467baf1c3d8ed9814434b03d5ce
qwen_train,1932-s0006,experience,candidate_requires_context_review,fce868e2732bf743876e66aed8d693b21b84b781aa7684a53e1e27ac83225ce6
qwen_train,1932-s0006,coordination,candidate_requires_context_review,fce868e2732bf743876e66aed8d693b21b84b781aa7684a53e1e27ac83225ce6
qwen_train,1932-s0009,coordination,candidate_requires_context_review,6ac21d86590f16d15da0d02dcf45036c90b8d66500b1b5c0282ba5e7f2529fe5
qwen_train,1932-s0011,experience,candidate_requires_context_review,b779b580f4f0be6095ff335007d7a972c8decc51630112ffc0d7cde6cc750070
qwen_train,1932-s0011,coordination,candidate_requires_context_review,b779b580f4f0be6095ff335007d7a972c8decc51630112ffc0d7cde6cc750070
qwen_train,1932-s0012,coordination,candidate_requires_context_review,5fb15c656b2f333c1a91bbf44245c9f2a99afad4cc6ec7f507283c9ba07dc059
qwen_train,1932-s0012,transversal,candidate_requires_context_review,5fb15c656b2f333c1a91bbf44245c9f2a99afad4cc6ec7f507283c9ba07dc059
qwen_train,1932-s0013,coordination,candidate_requires_context_review,641157846c49f25a37607450e3669533877acc7a49a9cc872b6853a1623f99b7
qwen_train,1932-s0013,scope_empty,candidate_requires_context_review,641157846c49f25a37607450e3669533877acc7a49a9cc872b6853a1623f99b7
qwen_train,1933-s0001,coordination,candidate_requires_context_review,d47d116299594825676f43192926d827ffb7a546ab90f7a25dd7cab9c17652fc
qwen_train,1933-s0004,coordination,candidate_requires_context_review,d3ec0b148e42b7d5e2332fbd14f9f29e6f816152dcaca5fa5efeb45f5191fe50
qwen_train,1933-s0005,coordination,candidate_requires_context_review,96ebf2345c3d9ffa1e134af2323c131d51c892bbee78e9639a1acacd70710ad0
qwen_train,1933-s0010,coordination,candidate_requires_context_review,f519c06056d6ebd1d38a2d462e9f89f5a0d00c43a968471dcfa992111a3e8464
qwen_train,1933-s0012,coordination,candidate_requires_context_review,4416d8485afe090a3b66d87744a4616e368622511aa11e6d989738582f9554fd
qwen_train,1934-s0004,coordination,candidate_requires_context_review,04a46b490d2f757fad3355ca5723dc905ba3ce1db4d1b8add69bad55be70fe2c
qwen_train,1934-s0007,experience,candidate_requires_context_review,ec0e66489fc141156e70c0f42898657b8fdb9b03de391641a41ebdce8068ebda
qwen_train,1934-s0007,coordination,candidate_requires_context_review,ec0e66489fc141156e70c0f42898657b8fdb9b03de391641a41ebdce8068ebda
qwen_train,1934-s0008,coordination,candidate_requires_context_review,77b3165d9ef7c42985cdb96ddf53154a848b121b27dfcc24655edfd907928266
qwen_train,1934-s0008,transversal,candidate_requires_context_review,77b3165d9ef7c42985cdb96ddf53154a848b121b27dfcc24655edfd907928266
qwen_train,1934-s0010,coordination,candidate_requires_context_review,7bc60c91c6eaefce9d203a8001d086a6aee01b31693beff812793c321be18458
qwen_train,1936-s0004,coordination,candidate_requires_context_review,0a222b97cb1d4f966f03c33bd4a9d489223173e76ba5d6363e7c6c10fe3a543d
qwen_train,1936-s0005,transversal,candidate_requires_context_review,daf52a55d5da2ed6bc0c2a8eb31762ed2b78dcb09eae3b7a4c33e5bde6552b30
qwen_train,1936-s0006,coordination,candidate_requires_context_review,cead97b191d8719f77f9a2c8eef730e85a78ff176618da2edab45ef01fa34c42
qwen_train,1939-s0005,coordination,candidate_requires_context_review,3d65d8ebb2d884e70bbf400f4fac7a8d7ed0969893e6ad288266cdce7d669f29
qwen_train,1939-s0006,coordination,candidate_requires_context_review,4337fa978276d5d8e87be7e9b55d06196ed591a0e9ba1d7d91508943bc9acf11
qwen_train,1940-s0000,coordination,candidate_requires_context_review,6d3ae32b08594ef76585a1e995b362915a21d91cebfab140836c854a75f614ce
qwen_train,1940-s0005,coordination,candidate_requires_context_review,c25ce705c29ff314fa77148d245bbf02397e6f76d3ea73688d5092973e153ffd
qwen_train,1940-s0009,coordination,candidate_requires_context_review,f5d3371eb286c2d1cab9035700ca79054e420c5620f4e242da1925accdc05219
qwen_train,1940-s0010,coordination,candidate_requires_context_review,7458f171ec6de7a8f6712169caa9b67f0ace8de8743e54152c336382db341af2
qwen_train,1940-s0010,transversal,candidate_requires_context_review,7458f171ec6de7a8f6712169caa9b67f0ace8de8743e54152c336382db341af2
qwen_train,1942-s0002,coordination,candidate_requires_context_review,aa0f68a8cf6175e25eda5139e15ba0c82902898a4ba6c50ed7b64114031fc873
qwen_train,1942-s0004,coordination,candidate_requires_context_review,347fb67b6ff44d9b30370dab56aa6d62571e6ac551249cd0263ba4775a76df3d
qwen_train,1942-s0004,tool_theory,candidate_requires_context_review,347fb67b6ff44d9b30370dab56aa6d62571e6ac551249cd0263ba4775a76df3d
qwen_train,1942-s0005,coordination,candidate_requires_context_review,8837af85bae7a3d444ae7df82ee055a533376cdc914077bb8d3c8ee098310274
qwen_train,1942-s0005,tool_theory,candidate_requires_context_review,8837af85bae7a3d444ae7df82ee055a533376cdc914077bb8d3c8ee098310274
qwen_train,1942-s0007,coordination,candidate_requires_context_review,831a9c81b1a97509ab3f772ff4de19e77ec8cb6b0a2d87616b952ca714f05216
qwen_train,1942-s0007,transversal,candidate_requires_context_review,831a9c81b1a97509ab3f772ff4de19e77ec8cb6b0a2d87616b952ca714f05216
qwen_train,1944-s0004,coordination,candidate_requires_context_review,270bbfbc4b6b51363391eac09ef63c0c40df87fe56faf168d3ed37c433b536f3
qwen_train,1944-s0005,coordination,candidate_requires_context_review,171ba67b0aec29e3fea8c5314f5bbcd2cd75676912b49f57cd883fbbe6394b2d
qwen_train,1944-s0006,coordination,candidate_requires_context_review,35416519456f5f2a0c506f41ddb73400eaeca9482b083ad8769f1a221f2110a6
qwen_train,1944-s0008,coordination,candidate_requires_context_review,09cec3068f80367c9ed3caa8123b1083c36cd2736469f7efb89882dab66b7c6c
qwen_train,1944-s0010,coordination,candidate_requires_context_review,33d8a718837157d749e783047122ffb82d55ba3bfee2847a3a30eafc42b0a355
qwen_train,1944-s0010,scope_empty,candidate_requires_context_review,33d8a718837157d749e783047122ffb82d55ba3bfee2847a3a30eafc42b0a355
qwen_train,1945-s0000,coordination,candidate_requires_context_review,23deecdc7ba2f87c8255bc145951682ee6f7bb73d9f4fd2f84f18c671204dd93
qwen_train,1945-s0003,coordination,candidate_requires_context_review,bf6ed3425e2a8ad99a8033e36de673277dcdeed6b3d12ef5804ee1dbe82cd33f
qwen_train,1945-s0004,coordination,candidate_requires_context_review,a6b504c990df5fcff4aca062fbbc92d787d8bfad0873af948d77f74f0c39a3e7
qwen_train,1945-s0004,transversal,candidate_requires_context_review,a6b504c990df5fcff4aca062fbbc92d787d8bfad0873af948d77f74f0c39a3e7
qwen_train,1945-s0009,coordination,candidate_requires_context_review,59380cd8bf5a3e931744ece27b37cd6b6f02dd3b2cdd438b6fed4c7c655f3b43
qwen_train,1945-s0009,transversal,candidate_requires_context_review,59380cd8bf5a3e931744ece27b37cd6b6f02dd3b2cdd438b6fed4c7c655f3b43
qwen_train,1947-s0002,coordination,candidate_requires_context_review,aa0fde25091bd5560e44e07bba85128db0efdc78c1400ba0344d025b94a4c463
qwen_train,1947-s0005,coordination,candidate_requires_context_review,5bcb63912346ee1e35bd172396ac34fc3022a3515ba1f29fd7cd08d7cd77eb93
qwen_train,1947-s0008,coordination,candidate_requires_context_review,65f3ece2b0ec686cb7d4d1b3a048ddabce6b23966880b94c3291c2a46db6250a
qwen_train,1947-s0009,experience,candidate_requires_context_review,8b7207894c8600810f39ff9794ca9bf3cb515c3ac137e504a3816ee644f8c777
qwen_train,1947-s0009,coordination,candidate_requires_context_review,8b7207894c8600810f39ff9794ca9bf3cb515c3ac137e504a3816ee644f8c777
qwen_train,1947-s0010,coordination,candidate_requires_context_review,246b35179fccf6393927139242adf70c61aa672ce64de0c7e7dbdff935467d62
qwen_train,1947-s0010,tool_theory,candidate_requires_context_review,246b35179fccf6393927139242adf70c61aa672ce64de0c7e7dbdff935467d62
qwen_train,1949-s0001,coordination,candidate_requires_context_review,42d483ba71f4728fbf3ec67d30be73a4ae20a5118d9f25c40636af7e03dab596
qwen_train,1949-s0006,coordination,candidate_requires_context_review,4fd0844e70ef9b1cf8375a2a5ddbacc08674f373623724c5707b274debe98675
qwen_train,1959-s0002,coordination,candidate_requires_context_review,203113d666e40680a3dd888e7dbe5f84c635fa2731288e7ef385d529e58b985d
qwen_train,1959-s0004,coordination,candidate_requires_context_review,9514bf1bac23a40afaec40a5b007388d2ed2dcc59532575ddd944a284f306746
qwen_train,1959-s0007,coordination,candidate_requires_context_review,f45e0b3e39c50281a1617c963c93a927480d0b93a68fdf120bbec8e9ec1b1ea1
qwen_train,1959-s0010,coordination,candidate_requires_context_review,e7d11ebe20f97a3f9798fc8edd3bf22c56cbc85183b8c9b91cd3e0e7f25f7dd4
qwen_train,1960-s0001,coordination,candidate_requires_context_review,d4a3c4e03807748e39f1e554874ca925f920bb2d43edfc93d165c65bbdf7f39c
qwen_train,1960-s0007,coordination,candidate_requires_context_review,1d915055e7743625e23f8b262865e06f4ae1c78d29f21107a2f6ffdaed26134e
qwen_train,1960-s0007,transversal,candidate_requires_context_review,1d915055e7743625e23f8b262865e06f4ae1c78d29f21107a2f6ffdaed26134e
qwen_train,1960-s0008,coordination,candidate_requires_context_review,4d3d91e4eab70dd752c713b5854a2cc8222ed898f918838a4fbbb996e74c8625
qwen_train,1960-s0010,coordination,candidate_requires_context_review,cf7bb303d697c4fea9600e0e244ed4c7c4eeed582b91cdacd4bcdf028c4b70e9
qwen_train,1960-s0012,coordination,candidate_requires_context_review,94afbcfa9660067f9f71ba5641057e86b7cb437fd7d7765f5eb15a6574b88d0a
qwen_train,1960-s0013,coordination,candidate_requires_context_review,0f41404d8aa4d33e2f8d1e743a8e57e9bfbde92bebca810f74c0f45c03f096f0
qwen_train,1960-s0014,coordination,candidate_requires_context_review,a5daa1ae51d1146caa1631594e7410c570aed3039f64b876040c5412aa6f5ec6
qwen_train,1960-s0014,scope_empty,candidate_requires_context_review,a5daa1ae51d1146caa1631594e7410c570aed3039f64b876040c5412aa6f5ec6
qwen_train,1960-s0016,coordination,candidate_requires_context_review,a6d7c502e29dca73bb118822c60f8833a0e7e358d5034c9d018db103481a7557
qwen_train,1960-s0017,coordination,candidate_requires_context_review,80ac237df3e9ed1c2d581e8a43980036d26856018024c4ba29c7e241f572923d
qwen_train,1960-s0018,coordination,candidate_requires_context_review,0170ba27deb031675070c114c6b9ab9207e181654f2d76d53b101a4eafc1ce76
qwen_train,1960-s0019,coordination,candidate_requires_context_review,97eff4e5b2abe543b9f5072399b4840aba1144126248bae907b2bbf7027943b8
qwen_train,1960-s0020,coordination,candidate_requires_context_review,2fab96027a1ea528d47f6b9a80651aafa852648bb0a854781bd31e9641a16952
qwen_train,1960-s0021,coordination,candidate_requires_context_review,408b9fdfd5608bd18d0f454ef0d949f8b966e6709660c1d9ad124c609c932b3a
qwen_train,1960-s0022,coordination,candidate_requires_context_review,275e6593d926583a902cb0473cb5447b62d35771bfb5845c8147b29a1bb0bcfe
qwen_train,1960-s0023,coordination,candidate_requires_context_review,8d3684534b7604dc37ff1c9aca7bf0777c4657c85f4e53ca6f9b3df5de58788d
qwen_train,1961-s0000,coordination,candidate_requires_context_review,2088bcd3e8b1a5dacb2629877a0d644b86818e3fd3647788471e672031827e2d
qwen_train,1961-s0001,coordination,candidate_requires_context_review,cae5ebaf146f2684595f7a98c3d635ad4554e75bb2f648e4eefa530a4b74e6fb
qwen_train,1961-s0002,coordination,candidate_requires_context_review,2df8fec8069b0a77a5844971f31fc360b7273d044400373c38fd8448815a84ef
qwen_train,1961-s0005,coordination,candidate_requires_context_review,d141c53850daf72585deef37551cfe0c32a5e4d04e328ff3fef617669c9cfb41
qwen_train,1965-s0002,coordination,candidate_requires_context_review,c6589d5051c3665a347eacb48cf1f602299842453dae757acb569f3a95d9beba
qwen_train,1965-s0005,coordination,candidate_requires_context_review,14f0f8862815cbf695a9325bc4dc0d5d7b575ed986c88bc46cd1253002d2ac3c
qwen_train,1965-s0007,coordination,candidate_requires_context_review,d2a527ca760aec8d62629e8daec5dffed07d44be79431c373ffb0fbcf8a1e75d
qwen_train,1965-s0010,coordination,candidate_requires_context_review,ae569df09f3c05f1ac2041103708d46098d53726887c5598944aca7aa86334bb
qwen_train,1965-s0015,coordination,candidate_requires_context_review,93e07403e7015a31f794191036b36d27e9feaa8cd293cab8c06218d6f86021e1
qwen_train,1965-s0016,coordination,candidate_requires_context_review,39fa5c0dd884da741515535407b5ea9ca3e68d51771279802fb606b00034b387
qwen_train,1965-s0017,coordination,candidate_requires_context_review,d6cf219a3afb78f0df38e817ce011ce1060293ba1fcb6cb12162a2075ed6ab77
qwen_train,1965-s0018,coordination,candidate_requires_context_review,a0ba777490a1c656efcea2a2d718b7d1f7d648b7594626c748d5da3fb5520183
qwen_train,1965-s0018,scope_empty,candidate_requires_context_review,a0ba777490a1c656efcea2a2d718b7d1f7d648b7594626c748d5da3fb5520183
qwen_train,1965-s0019,coordination,candidate_requires_context_review,9fa71bae59ecd6aa447b505b096b6dae116c996bdc25e2e31b8d7d4f200f00cf
qwen_train,1970-s0001,coordination,candidate_requires_context_review,36f0398e5e0bbe549da17844fa017f7788ad8eb7279c1ec1c1460fd7b1691318
qwen_train,1970-s0003,coordination,candidate_requires_context_review,afda3c977b1a2336111632e226435c09247e0bfb7feb95dbccc63ad061e5a991
qwen_train,1970-s0003,transversal,candidate_requires_context_review,afda3c977b1a2336111632e226435c09247e0bfb7feb95dbccc63ad061e5a991
qwen_train,1971-s0001,coordination,candidate_requires_context_review,2037c4252e755259bef3083eefd59f24035cf965447144cd711472ad89fae648
qwen_train,1971-s0008,coordination,candidate_requires_context_review,edabaac4552dd225d4b6c6e4d44a321465bedf97276acc924c0949a7165accb1
qwen_train,1971-s0009,coordination,candidate_requires_context_review,265a193b2db1db1209e34870aa722251af5fb675e4877a2d08836dbd9e1350f4
qwen_train,1971-s0010,experience,candidate_requires_context_review,ab936f6b570d41689a3e930a2954651d22b6310cfd0d911df80f521cbb0a2ee8
qwen_train,1971-s0010,coordination,candidate_requires_context_review,ab936f6b570d41689a3e930a2954651d22b6310cfd0d911df80f521cbb0a2ee8
qwen_train,1971-s0011,experience,candidate_requires_context_review,ec1ce54ee2d18630683a91328d33d76d2acf81475221630cf9a581732a931864
qwen_train,1971-s0011,coordination,candidate_requires_context_review,ec1ce54ee2d18630683a91328d33d76d2acf81475221630cf9a581732a931864
qwen_train,1971-s0014,coordination,candidate_requires_context_review,13a4bfbee4aca5d0d55a65752532f34efee7b8a0d8c49cf2b2b08c92fdd624e3
qwen_train,1971-s0014,transversal,candidate_requires_context_review,13a4bfbee4aca5d0d55a65752532f34efee7b8a0d8c49cf2b2b08c92fdd624e3
qwen_train,1974-s0000,coordination,candidate_requires_context_review,32fa66df4ad3f3173510fd897c25ddedc01502bb69b4c3b6d15388d6046dc485
qwen_train,1974-s0002,coordination,candidate_requires_context_review,501731dd1a853f8e0237edc8b803abceb10513cd74208748e8fed7d62e3ab6f4
qwen_train,1974-s0003,coordination,candidate_requires_context_review,9fe12b4d35dad126dc8000139d176de5a473ead796de40a871a6ffd9c4af81c0
qwen_train,1974-s0003,transversal,candidate_requires_context_review,9fe12b4d35dad126dc8000139d176de5a473ead796de40a871a6ffd9c4af81c0
qwen_train,1974-s0004,coordination,candidate_requires_context_review,dcc7fde09e59bed307ccbfc22d307ab519a485b88bfb841793f6ee5c9e66d207
qwen_train,1974-s0005,coordination,candidate_requires_context_review,1d51fe5e3377c4436b303ff4b79b4a7cf290bba38d57d0b2373297289cdad3d3
qwen_train,1974-s0006,coordination,candidate_requires_context_review,31939fe35e539ab2579319378e3bad0d85e296e0d2940eb7bce35a5a4a46b3fa
qwen_train,1974-s0007,coordination,candidate_requires_context_review,70f416d3d1a2eb36a0a531ad6cb8ee188318823a0793bf0464aae3e99c6164e7
qwen_train,1974-s0008,coordination,candidate_requires_context_review,58b925294737ea0a91acdf0614c82ff7d56168790a35fdd71319f5d64af99e10
qwen_train,1974-s0009,coordination,candidate_requires_context_review,3d9763520df1a1b8de14ce1e53cc401d0ad62bd4345e49479f3a175b1ccfa0e6
qwen_train,1974-s0010,coordination,candidate_requires_context_review,50ccdd67b1c0a5df3e2c6e584321637aebbdcca1b7d0cbfa7c7088a19ba6a682
qwen_train,1975-s0003,coordination,candidate_requires_context_review,38935de969509a8999736a15f70eafc9a8f081fa16d6b5f56cde3f9ba0faf5cc
qwen_train,1975-s0005,coordination,candidate_requires_context_review,1df171639f9f5b094ddb2ff4069f9e4f199324b4e9ad958e3c1fc7eb38086c29
qwen_train,1975-s0005,tool_theory,candidate_requires_context_review,1df171639f9f5b094ddb2ff4069f9e4f199324b4e9ad958e3c1fc7eb38086c29
qwen_train,1975-s0007,coordination,candidate_requires_context_review,aa5be79a0b58fa2acfcf29dd0b9bd7896c079efbb610b69134540d923f97598d
qwen_train,1978-s0002,coordination,candidate_requires_context_review,72cec5afbddc9edf1e147328e26d964334f35382e57f6ea9b2345d54913d2233
qwen_train,1978-s0003,coordination,candidate_requires_context_review,cb6d48d2474f02cd1c7858b6491479092921b173b6b0af6b0cfb59e2e6767057
qwen_train,1978-s0003,tool_theory,candidate_requires_context_review,cb6d48d2474f02cd1c7858b6491479092921b173b6b0af6b0cfb59e2e6767057
qwen_train,1978-s0006,coordination,candidate_requires_context_review,0c5939272ce0c1ca1d63107073dea164185842cca66567147467724f4f170d43
qwen_train,1978-s0006,transversal,candidate_requires_context_review,0c5939272ce0c1ca1d63107073dea164185842cca66567147467724f4f170d43
qwen_train,1979-s0002,coordination,candidate_requires_context_review,1f699e2fb93cfc037bb91d2b44b8ff9d57141cb5367b7cda7ea180a1ced7d8e1
qwen_train,1979-s0003,coordination,candidate_requires_context_review,250b0a94b0a49fa4371e3027f7cbe0b831922e87d599b0c43e6743a946fb7dc0
qwen_train,1979-s0005,experience,candidate_requires_context_review,7bcadefdad4efad11fcd73ec4a2beed2c67ad96f051faf0a1cb9f58aa15f920d
qwen_train,1979-s0005,coordination,candidate_requires_context_review,7bcadefdad4efad11fcd73ec4a2beed2c67ad96f051faf0a1cb9f58aa15f920d
qwen_train,1979-s0008,coordination,candidate_requires_context_review,3aee2e30b991dcae14243870612722256cb5a9ec8bc9611586a554ee1ddf1266
qwen_train,1979-s0008,transversal,candidate_requires_context_review,3aee2e30b991dcae14243870612722256cb5a9ec8bc9611586a554ee1ddf1266
qwen_train,1981-s0000,coordination,candidate_requires_context_review,4aa53a37978e22fc005a187395a3bcf9fb6494252f4d5f1d0856cdffc0ce258a
qwen_train,1981-s0002,coordination,candidate_requires_context_review,a42ef8cc1d2003f85342885d033a58939fb904140a0431a572431f0d7002bc2e
qwen_train,1981-s0003,coordination,candidate_requires_context_review,2cc96636a0e3d6fdf45f16c08e2d3bc2cbdc9d15848d5792cfacc7c6a3cd19f2
qwen_train,1981-s0005,coordination,candidate_requires_context_review,7136bdf7e69310ceb8a294dc0b6b358ecc2f2d01deba4fa3c76dee4a47e021cf
qwen_train,1981-s0006,coordination,candidate_requires_context_review,3a67c3098c2b0ca094b740e6778feefd34d504d84afa026ed8d7cb00708ec350
qwen_train,1981-s0007,coordination,candidate_requires_context_review,53f006872cd2f807bc76c2f3b3c26975d61d15a165a25151dfd7b99e6b5fdff7
qwen_train,1981-s0008,coordination,candidate_requires_context_review,c981e533a3c26a1717cc95bddfd33c78ef303103e99e4698c4250d081bc3b9f9
qwen_train,1981-s0009,coordination,candidate_requires_context_review,dc043ea824cf0b8e83aaccaa943a5806aba8698ae69f37cc8b86ff8bf01b741f
qwen_train,1981-s0010,coordination,candidate_requires_context_review,d4270290b7ff5f5dca739175afbf8d0817269d15583d2c5bc50e30ee3b13d05d
qwen_train,1981-s0011,coordination,candidate_requires_context_review,f66a163818a6de734eb519f281f7050d49cc08df59294388dd98cad898037c1f
qwen_train,1981-s0013,coordination,candidate_requires_context_review,e5c31322a647829adfee6bd7eea5f084505ed4276f0369a64e49f9ec3f202efc
qwen_train,1981-s0014,coordination,candidate_requires_context_review,aad2da5994b3dd59dbdbd83a88eaae77508178df5139f7d161fbb68875b5844b
qwen_train,1981-s0015,coordination,candidate_requires_context_review,f5b8e1fad8bc61d6fdcf7ca72e1600ae9274248fb83be4ebea5a5afe6e9f2819
qwen_train,1981-s0016,coordination,candidate_requires_context_review,e979afbe816f8098f8ea1cece3ec373e402b0a05c3ad5c922dd9d7d6d8725155
qwen_train,1981-s0018,coordination,candidate_requires_context_review,f2fa8d39d1760e3a03740b85ce56132f116175b224b8a96312ee1b31438f80ce
qwen_train,1982-s0000,coordination,candidate_requires_context_review,c186445bda8a0867e07123f196488e03a8c936b7ddfd6383551c45d4c9526716
qwen_train,1982-s0001,coordination,candidate_requires_context_review,202c08da868a6804bc4576d66ff71f4756a1c30c112ccbf256b178b4e611cf5f
qwen_train,1982-s0002,coordination,candidate_requires_context_review,61f46a7e575cb7bfbdb7b34bf1b125acb5c6d578f2faf968490b6c830376181c
qwen_train,1982-s0004,coordination,candidate_requires_context_review,94a01046bb4733f7441862105722d28a2e483153054688d90a5ebdcd0be92756
qwen_train,1982-s0007,coordination,candidate_requires_context_review,c9c1fe15ce1f0e50c7181b855331d3fafe8fa2bfcea43eceb8b40e118243eeb3
qwen_train,1982-s0009,coordination,candidate_requires_context_review,3fd484e1206815a4d7bcf7a99353711c1297f197d71973ee01e82896a4b061c8
qwen_train,1982-s0009,scope_empty,candidate_requires_context_review,3fd484e1206815a4d7bcf7a99353711c1297f197d71973ee01e82896a4b061c8
qwen_train,1982-s0010,scope_empty,candidate_requires_context_review,accb705c5e2b5ddd8abee964c882035bfe6d4bf1fc6a4ae697b93106cb0c951a
qwen_train,1982-s0011,scope_empty,candidate_requires_context_review,615756278ce084d34e3022acd71223dcf58f9a73aa3de96db8f7442a5965c513
qwen_train,1982-s0014,coordination,candidate_requires_context_review,ce90d6a285c434f452154b9a67d46896c4f19d8c337a4c3675aa4e557127e7b1
qwen_train,1982-s0015,coordination,candidate_requires_context_review,f53ea156d17a7a77be2e9cc446489420e0bd169d4393b6c3e768505410a3f9fe
qwen_train,1982-s0016,coordination,candidate_requires_context_review,42c06ceb3b69855a5a8cd41161a802c2296859f573c29c1d64eeb962e6055eb7
qwen_train,1982-s0019,coordination,candidate_requires_context_review,5c169f1c0dd44fd0b3ece16f649eac99a21d08d09f7fdcc77de26a37d771fca2
qwen_train,1984-s0000,coordination,candidate_requires_context_review,9a3e40f9186945e5a8e22a8638c8c8b630be2b92c41f8bfa67b3a926cfd5fe21
qwen_train,1984-s0002,coordination,candidate_requires_context_review,02b53aad388504b086a98eccda9bc140a805c4d4762e68585a124cddc725db83
qwen_train,1984-s0003,coordination,candidate_requires_context_review,83e7830abed210e453ec59316537686e02e877683f7f0670b0172cbf37a18c15
qwen_train,1984-s0007,coordination,candidate_requires_context_review,12c04c422697e5218e20a96dfd339250617182f4375e81b937b989723bc42c2a
qwen_train,1984-s0008,coordination,candidate_requires_context_review,9af0445a613f6454a0d0d4b870065f13966c5e0c621eaee4cef37c394546c21b
qwen_train,1984-s0009,coordination,candidate_requires_context_review,10d4084a2c255f1c53ea4435f297ba0ebe7c0bf20bed9d115a29610ce510cab4
qwen_train,1984-s0010,coordination,candidate_requires_context_review,ca1fc172ff1f95e56e536ee650213447099ecd3dc51bb97e53896c2c4db1708d
qwen_train,1984-s0013,coordination,candidate_requires_context_review,671597af5e6bb13b46ad061cd451322c0492e8af3406f4d458fea6845cb4cfeb
qwen_train,1984-s0014,coordination,candidate_requires_context_review,ed984f4afd7348521812996bf3da500c3cda9c878592fdb99dbb59df924cd684
qwen_train,1984-s0015,coordination,candidate_requires_context_review,c68f6faff79d7af7a344efb178671854f2d78100f22b6f103c4e37dbe04875e3
qwen_train,1984-s0015,scope_empty,candidate_requires_context_review,c68f6faff79d7af7a344efb178671854f2d78100f22b6f103c4e37dbe04875e3
qwen_train,1984-s0016,coordination,candidate_requires_context_review,6e0c5f95facf00f9ee13e59df1da0ceb22ac53e7ded9fba4c1b6488217eab0d1
qwen_train,1984-s0017,coordination,candidate_requires_context_review,3bad26d8971221a589eba055f5f8d18ec8396bef5ff9f9d2602bd3ac3672c546
qwen_train,1984-s0018,coordination,candidate_requires_context_review,2ba70c47788b92f73c4d5a7f5a8302d56066ff5a7cdb7f72ad5340329d0354af
qwen_train,1984-s0023,coordination,candidate_requires_context_review,83444be9a9f6e216850917c31861da0eaaa4f822a55491bfe7fe5ac91f6e9f48
qwen_train,1984-s0025,scope_empty,candidate_requires_context_review,b39e74d34629ae5256b24e6b13150c37919e3fc5fd58cc23de198d7e1f1da23d
qwen_train,1984-s0029,coordination,candidate_requires_context_review,7ceff40c63ce103a802c3ad4e58249cf92f61ea79ea85e3593aa84966582de26
qwen_train,1984-s0031,coordination,candidate_requires_context_review,efc073ab38581454c01bbaf007bb06c9975727e696b841238b353473b5c10934
qwen_train,1984-s0034,coordination,candidate_requires_context_review,4999acc8b4dabbd901bc1f32e6253d7fe0bf26af586c5d2b935f7d84588b9396
qwen_train,1984-s0036,coordination,candidate_requires_context_review,5d26702506a37623e2d2dfe170bdd056c5efba8215887824aa2cd8da1ac0b25f
qwen_train,1984-s0037,coordination,candidate_requires_context_review,532ab244c9b8ca894b3a6969a4ee309018f9c872f9b1368575b5dadf5e35e3e6
qwen_train,1984-s0038,coordination,candidate_requires_context_review,3fddda12ec2f8c4fa699a5c04171cb3d0d548c67e1eef340b17dee5fa4c13b20
qwen_train,1984-s0039,coordination,candidate_requires_context_review,bbee625039fe3f441de3e6627d3c7832c865a8aa68a7ffd3b4a955760d66c9ed
qwen_train,1984-s0047,coordination,candidate_requires_context_review,3ab93662686b71465d71c9271a3971dc2e1e8fdb8da2bf9408d1742a656ee3c9
qwen_train,1984-s0049,coordination,candidate_requires_context_review,8a40804ba3efcef4bc36844ba4cb4289c483d3e8349a80bf3e7aa4da0077e1aa
qwen_train,1984-s0052,coordination,candidate_requires_context_review,89aa2a988174817a4e30197d5ab0286d9c67118c2f7541f38b7e5a403f5465eb
qwen_train,1984-s0054,coordination,candidate_requires_context_review,3dff91c932664ecc4ceed289709af679a54a402e6713ab51d30aff6ff394dbe5
qwen_train,1984-s0055,coordination,candidate_requires_context_review,d1d3118ff548807e154cade9d5b0a5c91909de9a01997f8702cdbe8b3db7fda5
qwen_train,1984-s0056,coordination,candidate_requires_context_review,049af594ba1ed56ee5c429b788b34eeedf4469bb8dabbeb75793c2741b3bd197
qwen_train,1984-s0057,coordination,candidate_requires_context_review,3cd7b5041772b3ee6d73bc8f2dfd8f8065ea3498202a7c2a00bafe106e8f9163
qwen_train,1984-s0059,coordination,candidate_requires_context_review,e5c25173c120555b17b1e5c5b6587c585653e442126a2a11bd9e3eec5b4c62c5
qwen_train,1984-s0062,coordination,candidate_requires_context_review,94b67d7cdea2dda2b0411d31304f8f6c8564a7299404ff2f29df2010d70abfd8
qwen_train,1984-s0064,coordination,candidate_requires_context_review,ab31b2e2b27e3e6675b7e4c5d28de07f00d1b1ed4735f6f97e3c19271e5afc8b
qwen_train,1984-s0065,coordination,candidate_requires_context_review,e642fe45f5d1ba1b2d103d2f50f41f3227baab416c40b3f4fd92ea6ad9a8d5e7
qwen_train,1984-s0067,coordination,candidate_requires_context_review,fedc7b464e933b3c9bf978dcb0a138d1f46d065c9da036467043f1337a03a217
qwen_train,1984-s0069,coordination,candidate_requires_context_review,fa0f82b62414d051c4b00cef9eed00cf3bfacbb257917dc059aa6f3a69e482c1
qwen_train,1984-s0070,coordination,candidate_requires_context_review,6b9cf78156826887120cacedd1bd610aef326611e26cd1713cf248d4baf94afd
qwen_train,1984-s0070,scope_empty,candidate_requires_context_review,6b9cf78156826887120cacedd1bd610aef326611e26cd1713cf248d4baf94afd
qwen_train,1984-s0074,coordination,candidate_requires_context_review,506b96dd98fe61e74e97c6fdf807fcc8930992a687975503323d84eb167d9504
qwen_train,1984-s0075,coordination,candidate_requires_context_review,72b18b0a0fc68f076b095cb21dd77a8d228e4537e3fa24422fc606a6427c4fdf
qwen_train,1984-s0076,coordination,candidate_requires_context_review,4e126ad0599efb021c599a12b372bef3dfd269ddd2029b2c777144cf8b71191b
qwen_train,1984-s0082,coordination,candidate_requires_context_review,f6a97dc9345bb31d4fc5bc5815452603c6b4938bd193439434e19b2257923421
qwen_train,1984-s0084,coordination,candidate_requires_context_review,768ba82895817a0e38d00be492915cb8e263f774315a45df4702d48cd5978da1
qwen_train,1985-s0004,coordination,candidate_requires_context_review,699537ef34896cf6812c49a352afb7c4729b54655b60c28f019552001297f408
qwen_train,1985-s0005,coordination,candidate_requires_context_review,7b4eb0e37824b45e00c4408ac83b9f3e13b5bb9ae7af4b8ade5afe910afae293
qwen_train,1985-s0006,coordination,candidate_requires_context_review,6d78ff4508a2eaf04fe850fe31902dd6770ca8bb20d0a90dfa0660c3dfed5cfa
qwen_train,1985-s0007,coordination,candidate_requires_context_review,7594034672fcd68af572b518e7bacf95108cff823cd2aa1c47bfcb6f3d32429b
qwen_train,1985-s0008,coordination,candidate_requires_context_review,bee6e351163082b8631bf8d26b15989d74c23f324da1beebb1857df0f26b2848
qwen_train,1985-s0011,coordination,candidate_requires_context_review,ba4badcf369b5d762446fb777091665685b5cdc2ac6b17f7da69847e4dae3b67
qwen_train,1985-s0012,coordination,candidate_requires_context_review,15d9e3f61519b5ac9019ec1d907c8cd056866f8004a35c437c85a1db3a3986a3
qwen_train,1985-s0013,coordination,candidate_requires_context_review,a9de7034b32e38d434195d9001283b36835e1af610c37dec277f6335ba72b6f8
qwen_train,1985-s0014,coordination,candidate_requires_context_review,618cff219cbe26770f6950c719f1ee9997f2a07b3cb2705985566ee896466a13
qwen_train,1985-s0017,coordination,candidate_requires_context_review,adcdb33f14c8ae46c49994fcf71b69031220f7d906d0dc777acff92b2521b618
qwen_train,1985-s0021,coordination,candidate_requires_context_review,8cb3be6b65ffe510e1f44e6d93910516b5161282717b74d8db789f3e72d65adb
qwen_train,1985-s0023,coordination,candidate_requires_context_review,2898f99575a0dbfaab02c2c4ad4c22f9c19e66080cf585586252eee3f58b18b5
qwen_train,1985-s0023,scope_empty,candidate_requires_context_review,2898f99575a0dbfaab02c2c4ad4c22f9c19e66080cf585586252eee3f58b18b5
qwen_train,1985-s0024,coordination,candidate_requires_context_review,298a962256155a40e663a98a334759c67106c6cdf9a3b9d905c94607acc857d7
qwen_train,1985-s0025,coordination,candidate_requires_context_review,dc85a8bd70e9d868984bd1c76921c1b66948731f20fafb564cc45e1804caa69b
qwen_train,1985-s0028,coordination,candidate_requires_context_review,ff5f2258b0a6093dfab2978f80a35d8308342695044686e708c1a96a66baf0f2
qwen_train,1986-s0001,coordination,candidate_requires_context_review,f538adbd60b623d491ac6d80e4f7edf05206ddf4d7c9ee670baba675fb614436
qwen_train,1986-s0001,transversal,candidate_requires_context_review,f538adbd60b623d491ac6d80e4f7edf05206ddf4d7c9ee670baba675fb614436
qwen_train,1986-s0002,coordination,candidate_requires_context_review,5f82dd6cb7771eefbdee784681fdb4ff8f10f0c886fff1af0afb331f26ec5fc6
qwen_train,1986-s0004,experience,candidate_requires_context_review,be30352163fc2fff1b9d7567ea5daaebeb8b2e0c962f3cbb7c801c5de305c39b
qwen_train,1986-s0004,coordination,candidate_requires_context_review,be30352163fc2fff1b9d7567ea5daaebeb8b2e0c962f3cbb7c801c5de305c39b
qwen_train,1987-s0000,coordination,candidate_requires_context_review,464575f5bbb5266daf9aa939d43dec23c8d6d7f801a48a3d317332357b6d1468
qwen_train,1987-s0000,transversal,candidate_requires_context_review,464575f5bbb5266daf9aa939d43dec23c8d6d7f801a48a3d317332357b6d1468
qwen_train,1987-s0002,coordination,candidate_requires_context_review,4948bcfd52c182d879dac9fffbdee85797d100c0e9a66dae36759c1e795b7d75
qwen_train,1987-s0004,coordination,candidate_requires_context_review,300560f86c201c707e511ca4102342133d9bb7d53d51f4d6c5c4d389a89dc9b2
qwen_train,1987-s0004,scope_empty,candidate_requires_context_review,300560f86c201c707e511ca4102342133d9bb7d53d51f4d6c5c4d389a89dc9b2
qwen_train,1987-s0006,coordination,candidate_requires_context_review,157cd5af8a3d7661bb2b59e9921baa417d9bd356fa1e6faa3b47a54f471d796c
qwen_train,1987-s0008,coordination,candidate_requires_context_review,fa0f46ad4882f70ca4c2d08abfbb090076c9358386953a432c774a31398e8634
qwen_train,1987-s0010,coordination,candidate_requires_context_review,671ba210d95fef88c96b8ac427ca50c491f1f9b70708e3a8c46565b9b47c8c19
qwen_train,1987-s0012,coordination,candidate_requires_context_review,9edee21a15814166748e644d05bbfcf996396bce1dddb8d730773a6d788cbfc2
qwen_train,1987-s0014,transversal,candidate_requires_context_review,dbe59b4ae1329052dafae4833bf8c08bbbbe1869dfb75ce33dbcb0814fd610ae
qwen_train,1987-s0026,coordination,candidate_requires_context_review,a1e05d0f594bbee51fe293c26686a9c6bf6c79d2b1e744e236886c3b5362fad3
qwen_train,1987-s0026,transversal,candidate_requires_context_review,a1e05d0f594bbee51fe293c26686a9c6bf6c79d2b1e744e236886c3b5362fad3
qwen_train,1987-s0028,coordination,candidate_requires_context_review,a99a2e662d896a543731345aa21b6b7e50a1299fef4abd28dbf2926fdfa749f3
qwen_train,1987-s0032,coordination,candidate_requires_context_review,e1ffac08838772d31399e039333db4a2ff4b39e2352faf8bde135d285e451dd8
qwen_train,1987-s0034,experience,candidate_requires_context_review,8cdb73a7ef83f59340a45fe0ea68e48ef10faeeca814a77d27c127db599b1063
qwen_train,1987-s0034,coordination,candidate_requires_context_review,8cdb73a7ef83f59340a45fe0ea68e48ef10faeeca814a77d27c127db599b1063
qwen_train,1987-s0038,experience,candidate_requires_context_review,787386c37f6a0d76e53c749b3e4c28dd98d33b2d968388ea9b472b09d4c5d292
qwen_train,1987-s0040,coordination,candidate_requires_context_review,378f55ce26c0de1d58530a8f130a1d28bb49925c7407c34c24aec5635018ec39
qwen_train,1987-s0042,coordination,candidate_requires_context_review,fce5021263baec76a8f865b67c708437791f86b5482d77f9c80dc87601dff2fd
qwen_train,1987-s0044,coordination,candidate_requires_context_review,dd935268b37534018968983a870f4cd3c5119d8839b110d4f62f96c8b202e035
qwen_train,1987-s0046,coordination,candidate_requires_context_review,89a3c91fae24e1f40810f85b2bc260791f8bbf975e958ed87256ca1193380bf9
qwen_train,1987-s0052,coordination,candidate_requires_context_review,a6b6579e6e6c4ca025c8eccb12b2c4e89772b216d40d29ca8c2139028a9e0f85
qwen_train,1987-s0056,coordination,candidate_requires_context_review,94b9357366f120ac1070fd8421a8c6f1d1098e06188495879365b8312252ed43
qwen_train,1987-s0058,coordination,candidate_requires_context_review,cc553e945bd3bd610cded25acfb65bc9fbb498e52fb385d353a04d35ef7a8c71
qwen_train,1987-s0064,coordination,candidate_requires_context_review,2e98c724613dbeabd14e729630ca7063cd3efed5faa88fe9333efb445f903a22
qwen_train,1987-s0068,coordination,candidate_requires_context_review,55a4e5821fa309ca393986ac6ea335dc81da92974c030fc20de2c5a52f1dd4b6
qwen_train,1988-s0000,coordination,candidate_requires_context_review,cf2cf0534ea8824fd17a0e008f83f0e15af845f2d64f1b6b97f0240100813815
qwen_train,1988-s0002,coordination,candidate_requires_context_review,7117a7970b620374b71db985c18bdd85d35e0273d98ae3161b4a97e9673b9fb2
qwen_train,1988-s0004,coordination,candidate_requires_context_review,1a2cf59caa9bf141551fe2e65a1fb1eea0aa4088b3007e2f8784ebd7f6064084
qwen_train,1988-s0006,coordination,candidate_requires_context_review,484d9e5cd7bd30d5c27dc0dfb88de127cd444727ef0ef8896e704643d72a804b
qwen_train,1988-s0006,scope_empty,candidate_requires_context_review,484d9e5cd7bd30d5c27dc0dfb88de127cd444727ef0ef8896e704643d72a804b
qwen_train,1988-s0008,coordination,candidate_requires_context_review,e371aeee10dff49692da4cabad3a0301f396df1c540346f5d4c8019c95b4e0e8
qwen_train,1988-s0010,coordination,candidate_requires_context_review,1b2935cf79b77fcbc7dda1cc4f62187a3d8e5facf7417185aab3d49a3a39acac
qwen_train,1988-s0014,coordination,candidate_requires_context_review,2a2397dc83d3ba4826d259a3b15583468ad9269f6fb8edeedc9832fd3db352f2
qwen_train,1988-s0016,coordination,candidate_requires_context_review,dc3010c5d368e43bc3ac40cb97946f25578b5ee8f12323fb7cc1d3f353de32de
qwen_train,1988-s0018,transversal,candidate_requires_context_review,ba1a1ec3102594b0d13f32c72c6d3f5e894f447d82a8a1bc7110277302dfab51
qwen_train,1988-s0020,coordination,candidate_requires_context_review,e6ed2fd607bc2309f2b44ef9ad207eda76dec013e04dce16329ef3b626d6e023
qwen_train,1988-s0022,coordination,candidate_requires_context_review,a604d3fbd3755188dcb0884fc1eb30b74a91809d55143ccf076a7f36207da87e
qwen_train,1988-s0038,coordination,candidate_requires_context_review,b240c2654586913b408ca70a4bb992b1aadc5b78777ba51248dd3321b140c063
qwen_train,1988-s0040,coordination,candidate_requires_context_review,b8d3c4e5422efd272389494fcaf8bf75d1244585404b8eacd078a38e903b5229
qwen_train,1988-s0042,coordination,candidate_requires_context_review,882ef087ccd456d0b2f2c62028eceffe89d17b8e6946cd8aa27af8e002b3e77a
qwen_train,1988-s0044,coordination,candidate_requires_context_review,e163ad04023440c95f3a3de0521ac2921955ce366ec62ec6a15dc4106c7f71c0
qwen_train,1988-s0046,coordination,candidate_requires_context_review,c81343060514e34770a48d3a671cbf517d145bcc7135420465460840d2ad3481
qwen_train,1988-s0048,coordination,candidate_requires_context_review,2663ac0017af677f47fb4bef47469ddb6ad81a67d34650ce32280814040bb5b4
qwen_train,1988-s0050,coordination,candidate_requires_context_review,8c88d714c41120a5295186bbc59968c8e5c139967a32a80ec54d08cef6eb112c
qwen_train,1988-s0054,coordination,candidate_requires_context_review,7ddf807f36cb533514a8cc83c8d5c511bbbf689de74771148fe42a99b0c095f8
qwen_train,1988-s0058,coordination,candidate_requires_context_review,ffa0baaa8235be5669fd5d5fc22340d168ac406dd4cf54dcb123b6bf57389b68
qwen_train,1988-s0066,coordination,candidate_requires_context_review,294d5f668a97b2b68dbef4d5db23b0f3eecf5330fc28df7b73e26547a173b123
qwen_train,1988-s0068,coordination,candidate_requires_context_review,4a6d9e562f0d48da6d04a749352e0a9e6d19170a00c81f3facf7daf62d1e5c33
qwen_train,1988-s0074,coordination,candidate_requires_context_review,e5c32e6fb5f30d00daffad874a9f1a7c34cefc6ef27c522a93c5860903e2f989
qwen_train,1988-s0076,coordination,candidate_requires_context_review,a9a14f7c48205c8f0f986b714e576e4a7e3600e150165f58567f83aeaf83ce9e
qwen_train,1988-s0078,coordination,candidate_requires_context_review,145eaea66b3ab4bc2b856b0eeb25d7f054d66752539c37b872fdef262e8c659a
qwen_train,1988-s0080,coordination,candidate_requires_context_review,d40507f552d21070fd0eacdc2bde36214542fbb47d30fe598751ee02e975ca1b
qwen_train,1988-s0082,coordination,candidate_requires_context_review,d0ba7d6af17d34a0d8b43c0f164f2257769d98b32618a11953c9c649f620af93
qwen_train,1988-s0084,coordination,candidate_requires_context_review,eb3f69f4acd41a1ea9db7c73d07d7d887d37b6641c1bf05126d78bc31a7a1634
qwen_train,1988-s0086,coordination,candidate_requires_context_review,c4fc0b14136971bd27ddb749c5f92d02caff7298155ffb1644aa8d8a47f2e935
qwen_train,1988-s0088,coordination,candidate_requires_context_review,086d3f6881f7473f8415b42ac0d940a8afaf397fe3e1f5f41ce493d8630cd658
qwen_train,1988-s0090,coordination,candidate_requires_context_review,26bd6de38253f0dc067e9f5b1e54f83933d9d6a5044ec2d326a40325f5842002
qwen_train,1988-s0094,coordination,candidate_requires_context_review,43555c61d93333c5e3f439eda3d6fa9518817e86bf76212fe19d8e3572815c3e
qwen_train,1988-s0108,coordination,candidate_requires_context_review,541c1d760db866f5b3c4abbd9d45d141d35f7d028e2738e52e2a206d6678146b
qwen_train,1988-s0110,coordination,candidate_requires_context_review,84244547ab9fcf59ae4f083616b22c8a4637b95ea19ba622966711a80de8ba87
qwen_train,1988-s0114,coordination,candidate_requires_context_review,06d963279fd41bc28132eea9e7e09dcadfb1c1eef0a21e96916c3039bf5eb812
qwen_train,1988-s0116,coordination,candidate_requires_context_review,eb086072f671212eb17188c0fa4f46d9f3fa977aeea692be7e40e2a07bdf9731
qwen_train,1988-s0118,coordination,candidate_requires_context_review,c2b727dd75858d06e9125dedba544c4adec6947380f5e6fd6ee345fdafdfb0e0
qwen_train,1988-s0120,coordination,candidate_requires_context_review,a7d5bb95c63ef65ff500e7c2fc45fac74d38ece1d3602836d14d311ae48b8583
qwen_train,1988-s0128,coordination,candidate_requires_context_review,1adcb692a7a66a2f9ef573476bf6a29329e7d12cfe5e082aef59d5a23000f361
qwen_train,1988-s0132,coordination,candidate_requires_context_review,f99d64932e9b5c5c36a6df0ee0a87d3a79b2b0b9a134e5b35de44478fc1692b1
qwen_train,1988-s0134,coordination,candidate_requires_context_review,8dd528eae1a3a673b312368c9081b64d52c5f811d1059d0d92cf87d3aaed2249
qwen_train,1988-s0136,coordination,candidate_requires_context_review,783e2e5cfd8fe8ea2502415a3075ff0dde8d2fb052c2c8d60eaab7e32ab11e0f
qwen_train,1988-s0138,coordination,candidate_requires_context_review,30973c9170126d713549bb7c86bc116bbf0e09a11fea6f964f6c7d32b7064a8f
qwen_train,1988-s0144,coordination,candidate_requires_context_review,4bd113982b9d767027336f57fb32f4009e6e453501d2cfb138285354f56361a6
qwen_train,1988-s0146,coordination,candidate_requires_context_review,19bf3eaef4900802df10deb554a81f020c207f99aaa1e2d55a52425ecfbaf390
qwen_train,1988-s0148,coordination,candidate_requires_context_review,22d5261e95e73d0754f1e678363092bc636cbd52ef1e482b8c7ff1af646f39a9
qwen_train,1988-s0150,coordination,candidate_requires_context_review,024d23535795e6989327e038a54880d97fdb141ab8ebaa6b2cf2a2e3f1aea93f
qwen_train,1988-s0152,coordination,candidate_requires_context_review,097adaf787c13cfca3ce072e8fb3f9d88065037a689766ba6d40b7a8814ebcf0
qwen_train,1988-s0156,coordination,candidate_requires_context_review,5b0f71374a1818032bbcb3e6e335cf16ad2ad361ccf7fcaef0a7fcf68360271c
qwen_train,1988-s0156,scope_empty,candidate_requires_context_review,5b0f71374a1818032bbcb3e6e335cf16ad2ad361ccf7fcaef0a7fcf68360271c
qwen_train,1988-s0162,coordination,candidate_requires_context_review,4a6f0029ade739e99f76487fbc6c673ed9d2edfab82c7e8999f0a860f3a4f3e3
qwen_train,1992-s0000,coordination,candidate_requires_context_review,b4d0c8ce7a28166ada39c13ea00705b7bae8f076a36ccf225b67b12eb65e261a
qwen_train,1992-s0002,coordination,candidate_requires_context_review,721bec6a9ff05503c21c3979c7152ddb6853a893eb0d245b9c56e37651d42732
qwen_train,1992-s0006,coordination,candidate_requires_context_review,2b466b4cb3016baed54dbb6173f6bd4486e40c92dac0e2f5371c83dbec36fec2
qwen_train,1993-s0000,coordination,candidate_requires_context_review,a5b9a6d114be2b6bc60eccac1cceb04b16202d6c0c130d80358c252c6b206ebe
qwen_train,1993-s0000,transversal,candidate_requires_context_review,a5b9a6d114be2b6bc60eccac1cceb04b16202d6c0c130d80358c252c6b206ebe
qwen_train,1993-s0002,coordination,candidate_requires_context_review,e5d857a21ccf04ba02c97d9a44b09b9ae1872daeb830d2e4f898da316db18493
qwen_train,1993-s0004,coordination,candidate_requires_context_review,4c91796c8453fdfbe5279bbbb2f153681b381c4bddc6d0ad8bc89f832c90bdf4
qwen_train,1993-s0004,transversal,candidate_requires_context_review,4c91796c8453fdfbe5279bbbb2f153681b381c4bddc6d0ad8bc89f832c90bdf4
qwen_train,1993-s0008,transversal,candidate_requires_context_review,cecf370fdb8f90f2dc13d277e9a51b7370e9b80e33054c453fce29ba8380a263
qwen_train,1993-s0010,coordination,candidate_requires_context_review,c20114a49fcfc893ec745548e3579d4f13a3cdf3e3f4135b7ec4cb1eee60fcfa
qwen_train,1994-s0000,coordination,candidate_requires_context_review,e729bfd346676101343228e8f6310cec24b10aa10036cb5183b4e020d3150eda
qwen_train,1994-s0000,scope_empty,candidate_requires_context_review,e729bfd346676101343228e8f6310cec24b10aa10036cb5183b4e020d3150eda
qwen_train,1994-s0002,coordination,candidate_requires_context_review,a02e7c07da33ebb8c3eac8677aff39194c3083c31d02a5568766cd4960990fef
qwen_train,1994-s0002,scope_empty,candidate_requires_context_review,a02e7c07da33ebb8c3eac8677aff39194c3083c31d02a5568766cd4960990fef
qwen_train,1995-s0000,coordination,candidate_requires_context_review,9828883cef3b97244e54b2ac84586a43f3242de6fdf1fee980512bd414513f3a
qwen_train,1995-s0002,coordination,candidate_requires_context_review,669dc8aa68066dc464bd15ccbd69ead8ec370ad3272c1ecc19c7f4fd3ff58148
qwen_train,1995-s0004,coordination,candidate_requires_context_review,f657be96ed31cfd0733d55970b47eb38018fae5418617a816c4e3424fc24c3b8
qwen_train,1995-s0004,scope_empty,candidate_requires_context_review,f657be96ed31cfd0733d55970b47eb38018fae5418617a816c4e3424fc24c3b8
qwen_train,1995-s0006,coordination,candidate_requires_context_review,cc0e3b23bb44a60ba0df3bc6e871b28b41f3a153a04365fb137a34844ac1082c
qwen_train,1995-s0008,coordination,candidate_requires_context_review,c8e9a2448280ffe112036c5c4bcfec28ca7806b51a1378f22ef1ff3f48998dc2
qwen_train,1995-s0010,coordination,candidate_requires_context_review,4f81af3dff0112216969120b49879cffdadd09f2a9c6816a79ab50ff02849bd6
qwen_train,1995-s0016,coordination,candidate_requires_context_review,7872e08e1c2e79964127b26d767c1c0e0305350144e7c67bef86838271760ced
qwen_train,1995-s0016,transversal,candidate_requires_context_review,7872e08e1c2e79964127b26d767c1c0e0305350144e7c67bef86838271760ced
qwen_train,1995-s0024,experience,candidate_requires_context_review,c2ef6429e60aa7147a946eca5412e261d0cbeae4e732f14f52807bd4c3981f45
qwen_train,1995-s0024,coordination,candidate_requires_context_review,c2ef6429e60aa7147a946eca5412e261d0cbeae4e732f14f52807bd4c3981f45
qwen_train,1995-s0024,scope_empty,candidate_requires_context_review,c2ef6429e60aa7147a946eca5412e261d0cbeae4e732f14f52807bd4c3981f45
qwen_train,1995-s0028,coordination,candidate_requires_context_review,5edd2ff6f5d2af58a55c2e8eb97f148c82a4c82841a3c4f07d6f07f588fd553d
qwen_train,1995-s0030,coordination,candidate_requires_context_review,4ad433ec223940cb6eeb42ee87ff6e44782996ece92c603c37278fcfb6f2973e
qwen_train,1995-s0034,coordination,candidate_requires_context_review,b3e1d60a62330c3cf01bd02319a4cfb2b89415d5816c8d79c5990d231ef9c3d0
qwen_train,1995-s0036,coordination,candidate_requires_context_review,5791353660b83ca86955d727d98c6cc3dbdcd8983b48999be7def6aad392e8b8
qwen_train,1995-s0038,coordination,candidate_requires_context_review,4d2307f572841ba3857c36b4c177f0e36779863f5f1d6e09686bcb1f0447a455
qwen_train,1995-s0042,coordination,candidate_requires_context_review,acbb0af677c5638aa90c4fdb0553ff8190eaee650eceeaff0ed727572ed830c0
qwen_train,1995-s0044,coordination,candidate_requires_context_review,e7805e897121ecbcb7675dcb1d76b754d308d8aab2f55fd1d0ca378fbf03db03
qwen_train,1995-s0050,coordination,candidate_requires_context_review,0b0c418355cd87019ddbe06b54685a55db9246eac3807cf70fcd366b8c60232a
qwen_train,1995-s0052,coordination,candidate_requires_context_review,7ee8a9edd9011e3b2dbf9c85966bfef70575e4d91e44616d3d0d75ca2542db10
qwen_train,1995-s0060,coordination,candidate_requires_context_review,e7539fd8d3c3c9f50575be9937d820f52ca746890d610c4e07894e4b93cad74e
qwen_train,1995-s0060,scope_empty,candidate_requires_context_review,e7539fd8d3c3c9f50575be9937d820f52ca746890d610c4e07894e4b93cad74e
qwen_train,1995-s0064,coordination,candidate_requires_context_review,f13011e44601553caa2f0332c7226f9ce2b69118796dd57e1afc3f084cd10747
qwen_train,1995-s0066,coordination,candidate_requires_context_review,98be018116e8f6595ee107f3d1d425e236ca1d4cfc793112350897d7a7d69767
qwen_train,1995-s0070,coordination,candidate_requires_context_review,e563095b0cbb11c3f0b8b43e79b1fb25f693c7b5de17e4bd4a471a25e267c6cd
qwen_train,1995-s0076,experience,candidate_requires_context_review,ad7e17c2062858d26235848ea10525439f4c1a96f9b79c120e878f561858bae1
qwen_train,1995-s0076,coordination,candidate_requires_context_review,ad7e17c2062858d26235848ea10525439f4c1a96f9b79c120e878f561858bae1
qwen_train,1995-s0076,transversal,candidate_requires_context_review,ad7e17c2062858d26235848ea10525439f4c1a96f9b79c120e878f561858bae1
qwen_train,1995-s0078,coordination,candidate_requires_context_review,9e29362729514df5654a3f948e1c6cd9c3441cb7cb174819a87e8e87deb1156f
qwen_train,1995-s0080,coordination,candidate_requires_context_review,2c1dab38ccbeb2d8e000e15fa872ed26954946dae2d02ffb0361fbaeee80c86a
qwen_train,1996-s0000,coordination,candidate_requires_context_review,cafabd41f550f1fc3525b7c54363e63c2478ff1d161df9b27cc404d9cc02de24
qwen_train,1996-s0002,coordination,candidate_requires_context_review,a51c683fa726030a8a1244c2dfbb57224bb1d2f2f7f29d793a56c871504a93fc
qwen_train,1996-s0004,coordination,candidate_requires_context_review,a39d4c285a9fb78b7df1d7010ea3581e2421de60656490be3fcf1f0cfa982ed9
qwen_train,1996-s0006,coordination,candidate_requires_context_review,23672f80637137e1089d493245485a5474e2e19ef48dddbcdc604e88805425fb
qwen_train,1996-s0008,coordination,candidate_requires_context_review,85aa3ffeb780c2abbe63637c466564e34bf81186cc1629c4e6c295bc8da15a10
qwen_train,1996-s0016,coordination,candidate_requires_context_review,dc225740ce52576b1a24023b431a86f5bca58932c39f6c2dd27e1132867f1e33
qwen_train,1997-s0000,coordination,candidate_requires_context_review,47b9649991f6078ecc19306ce8562cf74f33d0fc02e19be929c8faacad112776
qwen_train,1997-s0002,coordination,candidate_requires_context_review,86f20dfcb3e67865e470fbb04b57b25458776c0f90c447aeeece91ac64a02efd
qwen_train,1997-s0002,transversal,candidate_requires_context_review,86f20dfcb3e67865e470fbb04b57b25458776c0f90c447aeeece91ac64a02efd
qwen_train,1997-s0004,coordination,candidate_requires_context_review,d41fa9095a1ad08ec995cfc4d05de5f61387bd0b71178fb6595760f0b6fedd37
qwen_train,1997-s0004,transversal,candidate_requires_context_review,d41fa9095a1ad08ec995cfc4d05de5f61387bd0b71178fb6595760f0b6fedd37
qwen_train,1997-s0006,coordination,candidate_requires_context_review,5986d91907448d49fa087d23527814d9f7a2e89137a59c3475fb9ad87d7f43b6
qwen_train,1997-s0008,coordination,candidate_requires_context_review,96a68fa7b7a7dee89e97b622304290544773232d3b866e48a639608a89281ebc
qwen_train,1997-s0010,coordination,candidate_requires_context_review,4210b1a3ef54eb5b2af8c8cd732bb773179a06b1b7f3beae7eaae4578fca4cba
qwen_train,1997-s0010,transversal,candidate_requires_context_review,4210b1a3ef54eb5b2af8c8cd732bb773179a06b1b7f3beae7eaae4578fca4cba
qwen_train,1998-s0000,coordination,candidate_requires_context_review,79ba373d5eb981e75fa7dfc441578be9427aee19015400e6ae76b06af05b3e70
qwen_train,1999-s0002,coordination,candidate_requires_context_review,943e1e024cf75a5a9ca0b45824b27c4a7b281bd577a73fc068f690c59dd24087
qwen_train,1999-s0004,coordination,candidate_requires_context_review,3f1aa51b266b80d5ad4624dbd5e911681fb3f71ad3c7c1470c191d804be62f69
qwen_train,1999-s0006,coordination,candidate_requires_context_review,c76632c1cdc8d7409b4d7c4df4c2a6107bca52b0ef7f84afcefc5146f2cb3dbc
qwen_train,1999-s0006,scope_empty,candidate_requires_context_review,c76632c1cdc8d7409b4d7c4df4c2a6107bca52b0ef7f84afcefc5146f2cb3dbc
qwen_train,1999-s0008,coordination,candidate_requires_context_review,51f65607c3ff642db8922d620f87fc034de7b4d046bcb87cb00c65ead0a07558
qwen_train,1999-s0010,coordination,candidate_requires_context_review,cb35b888799c64cafdaed2e2d35590cb90ff4abb4861aa826d3837c27995ef23
qwen_train,1999-s0016,coordination,candidate_requires_context_review,75bf0b0242158720f7af6fac25411fcebeffcb6a59b5015292f15559e3c94813
qwen_train,1999-s0018,coordination,candidate_requires_context_review,cbb4cab00d782c979431b19a07b2410d81e920886b2f88c3135791f4d31cf25b
qwen_train,1999-s0018,scope_empty,candidate_requires_context_review,cbb4cab00d782c979431b19a07b2410d81e920886b2f88c3135791f4d31cf25b
qwen_train,1999-s0020,coordination,candidate_requires_context_review,8af4297edf561e8656cb299169a059e2db3bc148d9bc344c92063d132e3b9710
qwen_train,1999-s0022,coordination,candidate_requires_context_review,cdcc245524943174ae086276075ef7b640600188de72430f84a376485b60867f
qwen_train,1999-s0028,coordination,candidate_requires_context_review,167f525a11f21313396dfabc83285f04fa304f6b1805564b899fe652b6998bed
qwen_train,1999-s0030,coordination,candidate_requires_context_review,8bc883bb81a9db42e68ec925330b0ee3fe700e182fd361417d343a2164fa8461
qwen_train,1999-s0032,coordination,candidate_requires_context_review,0a28894e594f60ba97d2b15ca59ce5c35db618016c1489b8afa06efc7f40d71b
qwen_train,1999-s0034,coordination,candidate_requires_context_review,b5fc9a449208f9b6e59b036a3919c37aa598ea7a49947bc6e0a1076961bfcdc1
qwen_train,1999-s0040,coordination,candidate_requires_context_review,18cc4f1e4470ff6ebf3c6d80ff9c5f1c1977a700cd0873872213eae35fc76da7
qwen_train,1999-s0040,scope_empty,candidate_requires_context_review,18cc4f1e4470ff6ebf3c6d80ff9c5f1c1977a700cd0873872213eae35fc76da7
qwen_train,1999-s0042,scope_empty,candidate_requires_context_review,23e716f775e16e43cb04d0d2e7f30c84965e37005ae105471f1e902fa4e06c19
qwen_train,1999-s0044,coordination,candidate_requires_context_review,9be8b1569047b49e6b9f72d03f7cb6da2759e8f3024eb2945ffcd32b6aa78c37
qwen_train,1999-s0044,scope_empty,candidate_requires_context_review,9be8b1569047b49e6b9f72d03f7cb6da2759e8f3024eb2945ffcd32b6aa78c37
qwen_train,1999-s0046,coordination,candidate_requires_context_review,9f38d8492ad1152c2b67347676fb15ef2c7247701349778cdf8f9a8b8b2af72b
qwen_train,1999-s0050,coordination,candidate_requires_context_review,df4262ba26282550002a300e784055139dce6825f0f7bed18c94cb1e0fcd2cc9
qwen_train,1999-s0054,coordination,candidate_requires_context_review,12cb0c225169b36d618c9386246658ba5ccf529cc0a371b264803f635060d0e3
qwen_train,1999-s0060,coordination,candidate_requires_context_review,a9b2ead577cc6ce948ee8daae6baeba3f5ca98b737653d6a831c878a26693e21
qwen_train,1999-s0064,scope_empty,candidate_requires_context_review,f732e238490ea572964fcc2c17cc0fafbae5ff4ec0fb976e6aacf4d13a4adad0
qwen_train,1999-s0068,coordination,candidate_requires_context_review,e686f7411f5b60cb63d36d66484999905ab7a11188068b8b429133e77782a9c5
qwen_train,1999-s0070,coordination,candidate_requires_context_review,0610e2ea7e39d723124d55a69b95ec460d16492007d62cfc7917b6fb61f986d6
qwen_train,2000-s0000,coordination,candidate_requires_context_review,ce6a3c2b7171ed759da9c0e704f993d3fec2be7028daf136ba9e628b4096553c
qwen_train,2000-s0000,transversal,candidate_requires_context_review,ce6a3c2b7171ed759da9c0e704f993d3fec2be7028daf136ba9e628b4096553c
qwen_train,1820-s0007,experience,candidate_requires_context_review,ca5b0e93fb46118fa270719af030e83707081ca480e790340048113b8ee2b13c
qwen_train,1820-s0007,coordination,candidate_requires_context_review,ca5b0e93fb46118fa270719af030e83707081ca480e790340048113b8ee2b13c
qwen_train,1838-s0001,coordination,candidate_requires_context_review,18e082f4f08d4535be3df14a5f070da3eee739459b29206d77540660009d56f7
qwen_train,1838-s0004,coordination,candidate_requires_context_review,fc10b52dbe4df6f910322c24c06dbff0361644917e8cf667e06c923db72dff58
qwen_train,1838-s0005,experience,candidate_requires_context_review,f83b591b8b09b7f7b7a7ab877f8bb977ef64380209e71078cc7fd5c487a39d38
qwen_train,1838-s0005,coordination,candidate_requires_context_review,f83b591b8b09b7f7b7a7ab877f8bb977ef64380209e71078cc7fd5c487a39d38
qwen_train,1838-s0007,coordination,candidate_requires_context_review,5a6281da3c4d65ad765998dc024e0dca5d1139dd5c6608b0d9dea2d984766a8d
qwen_train,1838-s0007,tool_theory,candidate_requires_context_review,5a6281da3c4d65ad765998dc024e0dca5d1139dd5c6608b0d9dea2d984766a8d
qwen_train,1838-s0008,experience,candidate_requires_context_review,bf42940ba3e15c8f4c1e5d2c4a1299feda37522a816ebfdae993e3b345dec8f5
qwen_train,1838-s0008,coordination,candidate_requires_context_review,bf42940ba3e15c8f4c1e5d2c4a1299feda37522a816ebfdae993e3b345dec8f5
qwen_train,1838-s0009,coordination,candidate_requires_context_review,b7ea8790fa3651062c760f961530b1af1e37f442081636a3a13f57ce0f725500
qwen_train,1838-s0009,transversal,candidate_requires_context_review,b7ea8790fa3651062c760f961530b1af1e37f442081636a3a13f57ce0f725500
qwen_train,1838-s0011,coordination,candidate_requires_context_review,b2c17fe0fcaac9943a749a42670fed24cb2668e16f1944432d5c6c422f1b877c
qwen_train,1838-s0011,transversal,candidate_requires_context_review,b2c17fe0fcaac9943a749a42670fed24cb2668e16f1944432d5c6c422f1b877c
qwen_train,1838-s0012,coordination,candidate_requires_context_review,962b12eba4c7b00099842728828f8383e88a8810d5de7c0a497110e9e50ea3de
qwen_train,1848-s0000,coordination,candidate_requires_context_review,3e4c16c74df3c263a125a462d25974a922fdac0e86a1c03035eede7ee34ea935
qwen_train,1848-s0001,coordination,candidate_requires_context_review,c54547028c04b2d2c62d62808c66ca091a519f83fbc56f2dfe4cf26343c55432
qwen_train,1848-s0001,transversal,candidate_requires_context_review,c54547028c04b2d2c62d62808c66ca091a519f83fbc56f2dfe4cf26343c55432
qwen_train,1848-s0002,coordination,candidate_requires_context_review,8a4239f55f54c38f37f60d2e776b6017cde829b73a0dc026439a46dfd0b0eade
qwen_train,1848-s0002,transversal,candidate_requires_context_review,8a4239f55f54c38f37f60d2e776b6017cde829b73a0dc026439a46dfd0b0eade
qwen_train,1848-s0003,coordination,candidate_requires_context_review,7b6223102d27751d80d6c31cc301645b6a781f5fa05046cfb731a486acac16ba
qwen_train,1848-s0003,transversal,candidate_requires_context_review,7b6223102d27751d80d6c31cc301645b6a781f5fa05046cfb731a486acac16ba
qwen_train,1848-s0004,coordination,candidate_requires_context_review,a9229e5ce3812d01b7b1ccc895debcd8482a8c36e845a3686aa3a771e29d4cdb
qwen_train,1848-s0005,experience,candidate_requires_context_review,ab67ed2fd06892a8e09f8a104a157f7a82ff07a1be72ef4632b4d69501c581f1
qwen_train,1848-s0005,coordination,candidate_requires_context_review,ab67ed2fd06892a8e09f8a104a157f7a82ff07a1be72ef4632b4d69501c581f1
qwen_train,1848-s0007,coordination,candidate_requires_context_review,77696c525588bc8105b248ebdbf8c0e04ea4532ae2390b39a5a0010402a30817
qwen_train,1848-s0008,coordination,candidate_requires_context_review,1eef50d5fca453d421b1b3eea3cff8834d25038850c2bf8de30f67fb899ab07d
qwen_train,1848-s0008,tool_theory,candidate_requires_context_review,1eef50d5fca453d421b1b3eea3cff8834d25038850c2bf8de30f67fb899ab07d
qwen_train,1848-s0009,coordination,candidate_requires_context_review,cd7bdf9adef4dac71230b51ab9b900d711e109969888eed850d2c4e91469f299
qwen_train,1848-s0010,experience,candidate_requires_context_review,6e99e86669bc4ae205c1208341a92fb5f22a67c9125c323e98f2054f4c27a250
qwen_train,1848-s0010,coordination,candidate_requires_context_review,6e99e86669bc4ae205c1208341a92fb5f22a67c9125c323e98f2054f4c27a250
qwen_train,1848-s0010,transversal,candidate_requires_context_review,6e99e86669bc4ae205c1208341a92fb5f22a67c9125c323e98f2054f4c27a250
qwen_train,1848-s0011,coordination,candidate_requires_context_review,8cc6b630ab46993e594ad968a1a9208fcec005a2c2cab79a1200499a844209e0
qwen_train,1848-s0011,transversal,candidate_requires_context_review,8cc6b630ab46993e594ad968a1a9208fcec005a2c2cab79a1200499a844209e0
qwen_train,1853-s0000,coordination,candidate_requires_context_review,3916ff55cdf25278712d2d770cb2ea4a0c56ad5ce288370ab24c27505ee247cc
qwen_train,1853-s0003,coordination,candidate_requires_context_review,2ab35e6f147fbb8fd70889c5fd1bcbdcd30ee92a9e6b51df77c1277c77950d6a
qwen_train,1853-s0003,tool_theory,candidate_requires_context_review,2ab35e6f147fbb8fd70889c5fd1bcbdcd30ee92a9e6b51df77c1277c77950d6a
qwen_train,1853-s0005,coordination,candidate_requires_context_review,c2d0e17c58b8c4e731578fbf9c6d5073d04b664da86adf86b34f224fada39c49
qwen_train,1867-s0000,coordination,candidate_requires_context_review,979d51fd8c71fa675624b208d3d2b3ddfc0097dd83717d0f03214c1d54a54a99
qwen_train,1867-s0002,coordination,candidate_requires_context_review,6d97ca9635a4a945191a1507f299e0957e2f265cfdfd77df98edf5eb0b5e699d
qwen_train,1867-s0002,tool_theory,candidate_requires_context_review,6d97ca9635a4a945191a1507f299e0957e2f265cfdfd77df98edf5eb0b5e699d
qwen_train,1867-s0005,coordination,candidate_requires_context_review,31e95e0d5eea628bb98ebb532d13233b080665dbd6652d2c2b3d016be46b9383
qwen_train,1872-s0000,coordination,candidate_requires_context_review,29246d3e8bb69616cf3a1d319d4f79633fb35a302ceb6d74205b7c7b6dfe86dd
qwen_train,1872-s0000,scope_empty,candidate_requires_context_review,29246d3e8bb69616cf3a1d319d4f79633fb35a302ceb6d74205b7c7b6dfe86dd
qwen_train,1872-s0003,coordination,candidate_requires_context_review,4e3ac38a1e4b43f47eccf78ba23395a04b57b4d2b7f691525f2b8b8554c10751
qwen_train,1872-s0003,tool_theory,candidate_requires_context_review,4e3ac38a1e4b43f47eccf78ba23395a04b57b4d2b7f691525f2b8b8554c10751
qwen_train,1872-s0004,coordination,candidate_requires_context_review,8f1ec0d1b9a721296b8d77e6ec858e3bbe0ef32023d6cf82964810469237499b
qwen_train,1872-s0005,coordination,candidate_requires_context_review,5403566ee6bce4ecf893d665a3e34df03e3501e4af1659d6d11a40c93663c685
qwen_train,1872-s0008,coordination,candidate_requires_context_review,233697d32545046abf71d4fabba5bd141cc4b1d813c0a031f10147fc05af5b34
qwen_train,1877-s0001,coordination,candidate_requires_context_review,ad6bf71531d3fccf5d5ea6dac15e21be96ea9f170b65bf1d5bb0cfbdfe197b1c
qwen_train,1877-s0002,coordination,candidate_requires_context_review,2690f0f8b04f8823eab8a23bf5f33c432261fd63a38eaa11b9b9182f719d8028
qwen_train,1877-s0003,coordination,candidate_requires_context_review,d2eb084b5002311da116a86c6f3d07c8de629d88f2e3b01710608d9d5f3fd263
qwen_train,1877-s0003,transversal,candidate_requires_context_review,d2eb084b5002311da116a86c6f3d07c8de629d88f2e3b01710608d9d5f3fd263
qwen_train,1877-s0004,coordination,candidate_requires_context_review,5dcdd7c072ae5b616d6d48cf44ef29aa599d3b38a5ad98dfcf695c67b5dd2fd2
qwen_train,1877-s0005,coordination,candidate_requires_context_review,3e2cd6b4669a632a063bb97aca30aacbe039bd5f64d8a952d181e478f5b72c36
qwen_train,1877-s0006,experience,candidate_requires_context_review,904efb83182e9be9451f05a8a44bb9f15f7b09eeed32b9f9ac5293eb72eda1f4
qwen_train,1877-s0006,coordination,candidate_requires_context_review,904efb83182e9be9451f05a8a44bb9f15f7b09eeed32b9f9ac5293eb72eda1f4
qwen_train,1877-s0007,coordination,candidate_requires_context_review,06b81e3a3954d11d280e7bd41a6ac5151db79f9f9b6b0580159a8f4153b28010
qwen_train,1877-s0008,coordination,candidate_requires_context_review,1b9a2fd6176d1aef383e4bfa99e2f5a4c8af77642f891529632f87f640396b88
qwen_train,1877-s0010,coordination,candidate_requires_context_review,2a84739818ef3a1a9258c1ca5c4564dedc5734e9bd75d07de25db991ec0da566
qwen_train,1881-s0000,coordination,candidate_requires_context_review,9bfc2084b2f4d16b35c504690a7d30e98fedacab05fd5633a087edac3adf729f
qwen_train,1881-s0004,coordination,candidate_requires_context_review,6ab0cf412c8d1ca347e8f23a63ca230ba7d90234cba232bd2d9d9a74fb2ceb0a
qwen_train,1881-s0007,experience,candidate_requires_context_review,e5814eea026b97ad01e69ca511afdfbe7c4d22525bbf027f38efc160736323b6
qwen_train,1881-s0007,coordination,candidate_requires_context_review,e5814eea026b97ad01e69ca511afdfbe7c4d22525bbf027f38efc160736323b6
qwen_train,1881-s0008,coordination,candidate_requires_context_review,527ee4700fb68254dbd4f3f29d3c9f6f2fe372d7b1c08da917c6cb4bc43d465a
qwen_train,1881-s0011,coordination,candidate_requires_context_review,acaf9136e77c09c516cc2a5a323b9b20099c179f0cc7ef628fd2e357893be818
qwen_train,1881-s0012,experience,candidate_requires_context_review,e1246ac872593176e525470d40bdf48a8aa08e3ed742ea7eb5411b8ed7debd4b
qwen_train,1881-s0012,coordination,candidate_requires_context_review,e1246ac872593176e525470d40bdf48a8aa08e3ed742ea7eb5411b8ed7debd4b
qwen_train,1881-s0013,coordination,candidate_requires_context_review,81293c34c6d64aab64ead7bc30b7994eabc7d445d4410501e3c4d66253d57239
qwen_train,1881-s0013,tool_theory,candidate_requires_context_review,81293c34c6d64aab64ead7bc30b7994eabc7d445d4410501e3c4d66253d57239
qwen_train,1881-s0015,experience,candidate_requires_context_review,9e5d8faf6b1c29b7bd814c3ab7f7ba889447f09085a1eb0670dcffd86732d7c1
qwen_train,1881-s0015,coordination,candidate_requires_context_review,9e5d8faf6b1c29b7bd814c3ab7f7ba889447f09085a1eb0670dcffd86732d7c1
qwen_train,1881-s0015,tool_theory,candidate_requires_context_review,9e5d8faf6b1c29b7bd814c3ab7f7ba889447f09085a1eb0670dcffd86732d7c1
qwen_train,1881-s0015,transversal,candidate_requires_context_review,9e5d8faf6b1c29b7bd814c3ab7f7ba889447f09085a1eb0670dcffd86732d7c1
qwen_train,1896-s0000,coordination,candidate_requires_context_review,edc4f77e4c60bbcdca3b8dd1c69df58b298d12937151a9993c7e7af2b7ceca28
qwen_train,1896-s0002,coordination,candidate_requires_context_review,f01a1e6b738e978b9363fddad7158dc67896544af8c734dd79ba05468ea580c7
qwen_train,1896-s0003,coordination,candidate_requires_context_review,0cd1435ebfcce8079744b1d98775dc1528c5886568a5a6d0ca753ff0c379f382
qwen_train,1896-s0003,transversal,candidate_requires_context_review,0cd1435ebfcce8079744b1d98775dc1528c5886568a5a6d0ca753ff0c379f382
qwen_train,1896-s0004,coordination,candidate_requires_context_review,b976099fe23bb861b0cbc0ac546941cb9440e99b1e155569bb157a3bfe6ddad0
qwen_train,1896-s0007,coordination,candidate_requires_context_review,e3f407996c8a513b9cd873499e69c5c72d85e9542b28b133dca63cb433e58f04
qwen_train,1896-s0008,coordination,candidate_requires_context_review,f331a7db6ec405e6f2523177ab8908c8fa9fda385be68cd17b8a74ec8e5782f9
qwen_train,1896-s0008,transversal,candidate_requires_context_review,f331a7db6ec405e6f2523177ab8908c8fa9fda385be68cd17b8a74ec8e5782f9
qwen_train,1897-s0000,coordination,candidate_requires_context_review,8890553f3bb42bb9f87bab6b93c6af2379568cdd4218e90a5d793da7d8d106c9
qwen_train,1897-s0002,coordination,candidate_requires_context_review,90d8e62c5e58565ad4630cafed7f521fadcc5c9481b1a972d671994c5a51cb39
qwen_train,1897-s0005,coordination,candidate_requires_context_review,7da359d443492ea3e0be51fc2c3052c6b210d00618e39b5758e675c226e1abc0
qwen_train,1897-s0005,transversal,candidate_requires_context_review,7da359d443492ea3e0be51fc2c3052c6b210d00618e39b5758e675c226e1abc0
qwen_train,1897-s0006,coordination,candidate_requires_context_review,0f898158343ac93e616c85b0818432de7c7d77224c66136b05298ff91cd5972f
qwen_train,1903-s0001,coordination,candidate_requires_context_review,c10bb49bd4c84f9f6f05a3600bdfc53990373a62dc356d79a012783fa215e42e
qwen_train,1903-s0002,experience,candidate_requires_context_review,38d58e69ddf997dc9a5aa5d8809dc251f5ce52a62fe75b83055117876ada29ab
qwen_train,1903-s0002,coordination,candidate_requires_context_review,38d58e69ddf997dc9a5aa5d8809dc251f5ce52a62fe75b83055117876ada29ab
qwen_train,1903-s0003,experience,candidate_requires_context_review,d54629df6e8e3986133b4adebcf6e3fd4bfa3d5bbcfffca213a76c3115c7305b
qwen_train,1903-s0004,coordination,candidate_requires_context_review,f8e2690ae088e6f66134719dd38d04c9873d4a9655c8e0e11ce9aed3f1e83888
qwen_train,1903-s0006,experience,candidate_requires_context_review,df36ee0a0d6f03f506ed11e2fc05d6ad493bc5150723a76cf046dbb46daeefd1
qwen_train,1903-s0006,coordination,candidate_requires_context_review,df36ee0a0d6f03f506ed11e2fc05d6ad493bc5150723a76cf046dbb46daeefd1
qwen_train,1905-s0000,coordination,candidate_requires_context_review,a04052b3c9b40be67b22f3b28dd7ae3c2632875b4dd35c1f7a3b077aaaf8c1e5
qwen_train,1905-s0002,coordination,candidate_requires_context_review,7ab4dbe8f393dafd2a748f8507924c3254cd46f243053381712a5d8a50d075fe
qwen_train,1905-s0003,coordination,candidate_requires_context_review,7eeaf014f36226036473513f2ade1fd1e91edab40f5fe3822658a9fee24b3818
qwen_train,1905-s0004,coordination,candidate_requires_context_review,c8d147272086311c694f4b83d1c7e5b45f924154b68859ec102976de1a618c1c
qwen_train,1905-s0006,coordination,candidate_requires_context_review,628edd3b43c4e428b2048b2581af9468f4c5a72edf06c1c9fe0d991882c909e9
qwen_train,1905-s0008,coordination,candidate_requires_context_review,b3e0f3beb74d649df43bd2af3195f2b89c7d145e2f18964cb83261f491fd8db2
qwen_train,1905-s0010,experience,candidate_requires_context_review,b542a9b908bee37560de502436082f90a691b6a27ef5cd169d8a6b49b6297ec4
qwen_train,1905-s0010,coordination,candidate_requires_context_review,b542a9b908bee37560de502436082f90a691b6a27ef5cd169d8a6b49b6297ec4
qwen_train,1905-s0011,experience,candidate_requires_context_review,bd21777c8fbd838450bd6722014a523c7874fe743de35ec610a61a28ee635ab2
qwen_train,1905-s0011,coordination,candidate_requires_context_review,bd21777c8fbd838450bd6722014a523c7874fe743de35ec610a61a28ee635ab2
qwen_train,1905-s0013,coordination,candidate_requires_context_review,e63e8bf6959738728c28b62ef7f68aa470d261d7718a74686c1e6792feb120c9
qwen_train,1905-s0013,transversal,candidate_requires_context_review,e63e8bf6959738728c28b62ef7f68aa470d261d7718a74686c1e6792feb120c9
qwen_train,1905-s0014,coordination,candidate_requires_context_review,0ed903af1f291785f7266686af0fd34ffd3198f6d7dae146fce25c5da19edb2b
qwen_train,1908-s0001,coordination,candidate_requires_context_review,9d784fe6ca60ca6e991c853628c31d01481e58c870cafe82301ae9dd1b73a3bd
qwen_train,1908-s0002,coordination,candidate_requires_context_review,417c43a1b91c2df854fda62fc586bbe8eb24f69d793dc0e9dae8864d23b4bd13
qwen_train,1908-s0005,coordination,candidate_requires_context_review,30a525dc8fffb177850712692ea46187e98541b31d6d90aa719c5ae9e1671368
qwen_train,1908-s0005,tool_theory,candidate_requires_context_review,30a525dc8fffb177850712692ea46187e98541b31d6d90aa719c5ae9e1671368
qwen_train,1908-s0006,coordination,candidate_requires_context_review,9e49b317ecc219bf6eb7acd086a13ce575cc90c397e0f43b3765c1b6e6216c90
qwen_train,1908-s0007,experience,candidate_requires_context_review,c3a45d36ef0fb68deda47fb8002bd5a8aea98db15760aec1ab7524912cb5fcbf
qwen_train,1908-s0007,coordination,candidate_requires_context_review,c3a45d36ef0fb68deda47fb8002bd5a8aea98db15760aec1ab7524912cb5fcbf
qwen_train,1908-s0009,coordination,candidate_requires_context_review,1ae434e617c3132ece192562f91073f6e2db1efbc98889a59d526e6f99b05d40
qwen_train,1908-s0009,transversal,candidate_requires_context_review,1ae434e617c3132ece192562f91073f6e2db1efbc98889a59d526e6f99b05d40
qwen_train,1908-s0010,coordination,candidate_requires_context_review,2cefdf843ba2fed0489d1b05e3a29e181eb3f716a3012a8ad008364cd25f8bec
qwen_train,1909-s0002,coordination,candidate_requires_context_review,43b2666f3ccd48fc894e1a5af2e73b4d25bcbd543ab4659bedfcecc1453d56e5
qwen_train,1909-s0004,coordination,candidate_requires_context_review,ae7458e0ec42780f58f7c87a126359888e895429b1cdee965171984eedb8b7bd
qwen_train,1909-s0004,transversal,candidate_requires_context_review,ae7458e0ec42780f58f7c87a126359888e895429b1cdee965171984eedb8b7bd
qwen_train,1914-s0000,coordination,candidate_requires_context_review,81d48b16ba02c3bf94f344fda4918c0383e452bc6b2351ba471de19a54134630
qwen_train,1914-s0003,coordination,candidate_requires_context_review,12a6a0693cad78aaa9959fb9e4f7067bbb88fe753da49e6c63b48ac70e926bc5
qwen_train,1914-s0007,experience,candidate_requires_context_review,f5a2db22c6d47ea93ced0de983b8021893056408307843bc3479d0345190f186
qwen_train,1914-s0007,coordination,candidate_requires_context_review,f5a2db22c6d47ea93ced0de983b8021893056408307843bc3479d0345190f186
qwen_train,1917-s0001,coordination,candidate_requires_context_review,0fdc5e35387ef0ff3386336203702dcfe19b49c5a8f366cc754d35bb6ea10faa
qwen_train,1917-s0002,coordination,candidate_requires_context_review,1b095ff5d523c1fbdb43d4d9fef2486ac37f78690358a280d82f3164ac1faf7d
qwen_train,1917-s0004,experience,candidate_requires_context_review,9376d5f55a7796bec7fd6f1b7738d1d699878f4d3e876a9366b3bc1de6e2e114
qwen_train,1917-s0004,coordination,candidate_requires_context_review,9376d5f55a7796bec7fd6f1b7738d1d699878f4d3e876a9366b3bc1de6e2e114
qwen_train,1921-s0000,coordination,candidate_requires_context_review,c65c7e02cc96b99420a8b60a9a7a271a3a8f07550f5e8c3393f1a5eb036c5934
qwen_train,1921-s0001,coordination,candidate_requires_context_review,d8a3638963a55d781034e123b62049c8c190163d55d12f1cbdf4dd163b6c6fea
qwen_train,1921-s0002,experience,candidate_requires_context_review,2921bb618d195f54ac3f2785eb7b20f2814646ffb89690f4b4a469f621b3ed6d
qwen_train,1921-s0002,coordination,candidate_requires_context_review,2921bb618d195f54ac3f2785eb7b20f2814646ffb89690f4b4a469f621b3ed6d
qwen_train,1921-s0004,experience,candidate_requires_context_review,a03540a8b3070d56a7542dceba436aa32b5b67db3280fab39415739d0a5bff1d
qwen_train,1921-s0006,coordination,candidate_requires_context_review,25589c3a87f2d1af742ec8a0659d4deade16153681b6d157a07a1de06f6bf2ae
qwen_train,1921-s0007,transversal,candidate_requires_context_review,7d1c36cf4229b9e1ef709ad4cbe56b271a42030cc80dc8a1959ce0714085725f
qwen_train,1921-s0008,coordination,candidate_requires_context_review,3db056edf88a9ce14ebf899b8e53ff35b11c167513b6c80db386f091a7225d6b
qwen_train,1921-s0008,transversal,candidate_requires_context_review,3db056edf88a9ce14ebf899b8e53ff35b11c167513b6c80db386f091a7225d6b
qwen_train,1924-s0001,coordination,candidate_requires_context_review,d933a6aa390f2c02dfed5e9b9cbc191b6f86ffc05adc634abd17bbabc1267259
qwen_train,1924-s0002,coordination,candidate_requires_context_review,fd7c74c51d46f20fce1e81ba3ded2895dd6eca75b4c267bf071feab09f2eeb2d
qwen_train,1924-s0002,transversal,candidate_requires_context_review,fd7c74c51d46f20fce1e81ba3ded2895dd6eca75b4c267bf071feab09f2eeb2d
qwen_train,1924-s0004,coordination,candidate_requires_context_review,66814d95bfbf1cb72ee3409a382e459583e920b6d314acbd21a7b50fc05bea0b
qwen_train,1924-s0005,coordination,candidate_requires_context_review,f58c0848d1409c2dc28fcf2e7ade11af7807b6482136ea74c028bd04eac8e2d6
qwen_train,1924-s0006,experience,candidate_requires_context_review,7a1e550d1798aa24f4ae338f67543f9c52253853a397ef6ee9224edd91051ecc
qwen_train,1924-s0006,coordination,candidate_requires_context_review,7a1e550d1798aa24f4ae338f67543f9c52253853a397ef6ee9224edd91051ecc
qwen_train,1924-s0007,experience,candidate_requires_context_review,2cc85e4bb6aa6cf3de80cc61bab61f79ca4531c54c72eb0ab377a5bd0da0b0e6
qwen_train,1924-s0007,coordination,candidate_requires_context_review,2cc85e4bb6aa6cf3de80cc61bab61f79ca4531c54c72eb0ab377a5bd0da0b0e6
qwen_train,1924-s0008,coordination,candidate_requires_context_review,b5757cb8e7e69efe46b48a824504fd94a9b0922fdf1351029624fd76bf41f1fe
qwen_train,1924-s0009,coordination,candidate_requires_context_review,1a8fe4f2e101615d5f0998b3accf3d6a4e2b91b35b2859c75a87efb47f57a72b
qwen_train,1924-s0009,transversal,candidate_requires_context_review,1a8fe4f2e101615d5f0998b3accf3d6a4e2b91b35b2859c75a87efb47f57a72b
qwen_train,1924-s0010,coordination,candidate_requires_context_review,5f56a17b17f78a7a7762b91a1233d276c41090b93b30983f8ef71fa1c34b84cc
qwen_train,1925-s0000,coordination,candidate_requires_context_review,ecc53e71191731f00a9a8d5a7b016b493d2a4434c473e9581ebb987fb1ec8ffc
qwen_train,1925-s0001,coordination,candidate_requires_context_review,324ffd8fc7dbea250eaa64c53cec88be3b67e630e7e2dedcb5453f1e4e527f64
qwen_train,1925-s0002,coordination,candidate_requires_context_review,0b1875ec8a0d90431b8603fef6f8fc3bbf7e7207108c97e50f606086e6421007
qwen_train,1925-s0005,coordination,candidate_requires_context_review,f18f525b463dbc56712c1058ab676cdc09ce3e2b5ecc471e3f2189b8a50381bb
qwen_train,1925-s0008,coordination,candidate_requires_context_review,548fb0c807a4f39ac546a7400c3f52cbd3c414f3bb8a8bb8fcfafc20c76c2c50
qwen_train,1925-s0008,tool_theory,candidate_requires_context_review,548fb0c807a4f39ac546a7400c3f52cbd3c414f3bb8a8bb8fcfafc20c76c2c50
qwen_train,1925-s0010,coordination,candidate_requires_context_review,23cc20c939095fad426fc35ea64b418edec1a1d4c5a93950291e3dd0905f9858
qwen_train,1925-s0010,transversal,candidate_requires_context_review,23cc20c939095fad426fc35ea64b418edec1a1d4c5a93950291e3dd0905f9858
qwen_train,1925-s0011,experience,candidate_requires_context_review,cc0fd77c938cf1484ac0ebab2e3bedc3682de9ddc8b83fc222da85281936f04e
qwen_train,1925-s0011,coordination,candidate_requires_context_review,cc0fd77c938cf1484ac0ebab2e3bedc3682de9ddc8b83fc222da85281936f04e
qwen_train,1926-s0000,coordination,candidate_requires_context_review,7afe8c9f31b6f40dcbb723cd5087d2b0edf9d67aa282b972f789c6ff5dbf80a1
qwen_train,1926-s0000,tool_theory,candidate_requires_context_review,7afe8c9f31b6f40dcbb723cd5087d2b0edf9d67aa282b972f789c6ff5dbf80a1
qwen_train,1926-s0000,transversal,candidate_requires_context_review,7afe8c9f31b6f40dcbb723cd5087d2b0edf9d67aa282b972f789c6ff5dbf80a1
qwen_train,1926-s0003,experience,candidate_requires_context_review,f4e171ab82bf567658e5af1cc200ee7fd6baeaa76fdb95a0b33b011920343dbf
qwen_train,1926-s0005,coordination,candidate_requires_context_review,2f9b72debaeb860655201cc69a6729d599cf9566467ee5e859542e5226c25f88
qwen_train,1926-s0005,tool_theory,candidate_requires_context_review,2f9b72debaeb860655201cc69a6729d599cf9566467ee5e859542e5226c25f88
qwen_train,1926-s0006,coordination,candidate_requires_context_review,d25e5342b19825ba2d1954d267d6fcee843dd34d5852f02cd5e5f15fb4377bb5
qwen_train,1926-s0006,tool_theory,candidate_requires_context_review,d25e5342b19825ba2d1954d267d6fcee843dd34d5852f02cd5e5f15fb4377bb5
qwen_train,1926-s0008,coordination,candidate_requires_context_review,a6983bd696a3b9ae19cbeec46dcb6776b0aaea8fa8a53d9a2d0ccd7e332cf8bd
qwen_train,1935-s0001,coordination,candidate_requires_context_review,82e3b43cab777518428d294f202f6f1979336bd87e30c051f74d927133834e61
qwen_train,1935-s0002,coordination,candidate_requires_context_review,1a2028ffd5fd2efc0b34f17a97300ab4c23038a39f3b5bb703f17b090f70d5cb
qwen_train,1935-s0004,coordination,candidate_requires_context_review,28a597f0857858685f18cd203885e6be28001c0d369e007657df6ff4e5834923
qwen_train,1935-s0006,coordination,candidate_requires_context_review,613d718fb1867a16974781cd64942570a50c83f19e1f11c2fcd346373d5099e7
qwen_train,1935-s0008,coordination,candidate_requires_context_review,845103ff5884411e989c0bb569bee49f839594cd24eff44abfe73ecebd49a02e
qwen_train,1935-s0009,experience,candidate_requires_context_review,e6af09fe15b411dba08faf8f2e572f949bda8cc069898027b4042c01a694a668
qwen_train,1935-s0009,coordination,candidate_requires_context_review,e6af09fe15b411dba08faf8f2e572f949bda8cc069898027b4042c01a694a668
qwen_train,1937-s0000,coordination,candidate_requires_context_review,37ddf79602d667c064fb910d5fff64aab167e3e9cfab4c132824819c42f01939
qwen_train,1937-s0002,coordination,candidate_requires_context_review,f5bfbad51b8e639a863fc73b13cf4b3053f80ca4f62ba2a34609b95032a1a015
qwen_train,1937-s0003,coordination,candidate_requires_context_review,4c498507848c0f96dae8cb3fd339a155ddac7f5eeb7964394af3eaa63529cd3a
qwen_train,1937-s0005,coordination,candidate_requires_context_review,4fbce3933015056bad50decd318c14160daed83dcb896326a20a264ba885cef3
qwen_train,1937-s0007,experience,candidate_requires_context_review,7027321dc326f88ccdd809fb5de39868a0b19c111284c7cf6e174c0b55f8ae28
qwen_train,1937-s0009,experience,candidate_requires_context_review,7903a6bff844694012a1874e961250e6739c2e854aa2f134d2a5a3dce92bd88a
qwen_train,1937-s0009,coordination,candidate_requires_context_review,7903a6bff844694012a1874e961250e6739c2e854aa2f134d2a5a3dce92bd88a
qwen_train,1937-s0010,experience,candidate_requires_context_review,1a8bec905f09dd88453f8579bf0b7747d3f8acf1196250da32a15d377fff4661
qwen_train,1937-s0010,coordination,candidate_requires_context_review,1a8bec905f09dd88453f8579bf0b7747d3f8acf1196250da32a15d377fff4661
qwen_train,1937-s0011,coordination,candidate_requires_context_review,f1a4306d0e4882ef0d9aae8a48b96f34df24ebddca27a1a60ddea4db9c96d1b9
qwen_train,1937-s0011,transversal,candidate_requires_context_review,f1a4306d0e4882ef0d9aae8a48b96f34df24ebddca27a1a60ddea4db9c96d1b9
qwen_train,1937-s0012,transversal,candidate_requires_context_review,6b14750226d35c5b9efa24953937f8eeb71f3c7c4ebc5767bbf7374091fdad5e
qwen_train,1937-s0013,coordination,candidate_requires_context_review,0f98c32ba202907eb7b0957e85ceae26603635e382438ee50e5430b73d6a80d9
qwen_train,1938-s0005,experience,candidate_requires_context_review,dd21f383021079907324bc807d065b5899fb0d06e1407186a17c96c025d8deca
qwen_train,1938-s0008,coordination,candidate_requires_context_review,f071218d749c48853d75586495f04fd9aa7fea628da9a634f6d0a1f148a578ff
qwen_train,1938-s0008,transversal,candidate_requires_context_review,f071218d749c48853d75586495f04fd9aa7fea628da9a634f6d0a1f148a578ff
qwen_train,1941-s0002,coordination,candidate_requires_context_review,7c9d759b0550291660e87c8829dd5ea62fbfb9a9beed68e606828123e2039945
qwen_train,1941-s0004,experience,candidate_requires_context_review,c92c45df12487924e69892e0f4e3d9b58f9f1824fb52b7c89dd4f473001aeb4e
qwen_train,1941-s0004,coordination,candidate_requires_context_review,c92c45df12487924e69892e0f4e3d9b58f9f1824fb52b7c89dd4f473001aeb4e
qwen_train,1948-s0000,coordination,candidate_requires_context_review,99b3318d01f3cc7e05d6dd2358e226a81b2e2086968eb76de41f72f2cafb1fdc
qwen_train,1948-s0001,coordination,candidate_requires_context_review,d4524cd5a70f00f859e692e4cf2349bac318c8fcf60ecb0dd0f0fef292275818
qwen_train,1948-s0002,coordination,candidate_requires_context_review,94225d0826caddc76ac7d232aa0b840594d410c2a85b488cde9d0cb76b578772
qwen_train,1948-s0004,coordination,candidate_requires_context_review,4a9842e5780749862a99ecb8e157cc519847dd1c01fef87c79074f7e599614df
qwen_train,1948-s0005,coordination,candidate_requires_context_review,b5376ccd32b91acca9c307a1c6706626e72cf6d05686dbf7861cc236dce37f31
qwen_train,1948-s0007,experience,candidate_requires_context_review,8ddcea6fc1c7620abdeeb87fe2444dbd68c12e74838fbc2a25886585fecc94e2
qwen_train,1948-s0007,coordination,candidate_requires_context_review,8ddcea6fc1c7620abdeeb87fe2444dbd68c12e74838fbc2a25886585fecc94e2
qwen_train,1948-s0009,coordination,candidate_requires_context_review,66547b61f125a6c4f3c8c260626f10e26a44a476337ca2546ca06e6bf134a618
qwen_train,1948-s0010,coordination,candidate_requires_context_review,36c8b6e3984d8b70cbbd6002a51113e45fb413498d8bf0e81a3b367e59c89ea1
qwen_train,1948-s0011,experience,candidate_requires_context_review,7cf959de62728531e6c11eb3bcdb5212a4b126ca5b07b783d13ec7d23fbb2ec4
qwen_train,1948-s0011,coordination,candidate_requires_context_review,7cf959de62728531e6c11eb3bcdb5212a4b126ca5b07b783d13ec7d23fbb2ec4
qwen_train,1951-s0000,coordination,candidate_requires_context_review,4cf5118da8b0aad2a94184e21bc2ded2095d71eb3af0248f97fa63bd43f9b109
qwen_train,1951-s0002,coordination,candidate_requires_context_review,2540e72162cc128ae3d5ec6187aa5ee57d329127f55ca3387191996f9f940547
qwen_train,1951-s0003,coordination,candidate_requires_context_review,f3bd211e79404a2c54032832f115748895b4157410ac4219ee93424ed2979344
qwen_train,1951-s0007,experience,candidate_requires_context_review,0a40ebe8b9e1d8d5cd13de72017fba1f5e7eede2ddc4d57dea69a2b3d288758c
qwen_train,1951-s0007,coordination,candidate_requires_context_review,0a40ebe8b9e1d8d5cd13de72017fba1f5e7eede2ddc4d57dea69a2b3d288758c
qwen_train,1951-s0007,tool_theory,candidate_requires_context_review,0a40ebe8b9e1d8d5cd13de72017fba1f5e7eede2ddc4d57dea69a2b3d288758c
qwen_train,1951-s0008,coordination,candidate_requires_context_review,08803b9a2e02aa395867abd9af47a6d5261bc14f85390b70019d76037953e7ac
qwen_train,1951-s0011,coordination,candidate_requires_context_review,6974d031a5a84c7d0e90799b9cb88984a8f34fd60b102c8d8a0406197eb7c5a2
qwen_train,1951-s0012,coordination,candidate_requires_context_review,6fe4a78da571d35d21b1790274523234d1c2ea101d1c8b5493aeff85a06f670d
qwen_train,1953-s0000,coordination,candidate_requires_context_review,ebdfc16a6e4f9e47c9a1022ac1806463b49646b68480c17dee987b349fe2d92b
qwen_train,1953-s0001,coordination,candidate_requires_context_review,bc86567f89060652f640d01d9c1cf9d6774aabe02cf2b23e11e0884179b2a0fb
qwen_train,1953-s0004,experience,candidate_requires_context_review,c6b84091fba954f99832fa7434f492cea38eb4339412d869cd69894c221636de
qwen_train,1953-s0007,coordination,candidate_requires_context_review,3e5c5d7f38c712ea44ff916b1c82cef802050f1ee9d626b746e9f958f86322fc
qwen_train,1953-s0009,coordination,candidate_requires_context_review,b96f04da9e2a1b7684ce3083fdd772d9d76f4f1ad22f1992903da2495a62e935
qwen_train,1955-s0000,coordination,candidate_requires_context_review,4d1d9b6a6beef5181d623ec867910952adf2cc1c293b0ebb2a1378c706e6358c
qwen_train,1955-s0001,coordination,candidate_requires_context_review,1564f5fe3e6bcd2b19c5771c365600d7564dfed9867587868a3cc7348b6481a9
qwen_train,1955-s0004,coordination,candidate_requires_context_review,a4d0551bc24dc14df5868e539efb30841356ef4159b2149a261cd9d440475ccb
qwen_train,1955-s0006,experience,candidate_requires_context_review,d1ea486592c7aaa1fddc9c4a168dba1d8d079ce238743f261977271b560bdb69
qwen_train,1955-s0006,coordination,candidate_requires_context_review,d1ea486592c7aaa1fddc9c4a168dba1d8d079ce238743f261977271b560bdb69
qwen_train,1955-s0007,coordination,candidate_requires_context_review,85411b23325cd169d9d68332f708b23051db8e34a8f2e8eeab87cebf4d94b32e
qwen_train,1955-s0007,tool_theory,candidate_requires_context_review,85411b23325cd169d9d68332f708b23051db8e34a8f2e8eeab87cebf4d94b32e
qwen_train,1956-s0001,coordination,candidate_requires_context_review,93c8b27bd9ad556265744aadec026f2cc576d26a3a6dc7c7ca00afdd87cde236
qwen_train,1956-s0002,coordination,candidate_requires_context_review,e1ed8ef7a1fe6f70623f7841fea6c025a9eca0a7b82444f7333707bb72a861ef
qwen_train,1956-s0003,coordination,candidate_requires_context_review,cc86914ac831b1ef7a115ce1a3869b74a3e7f74f0f71eaaae147116f30e9a3fd
qwen_train,1956-s0005,coordination,candidate_requires_context_review,9c83b623dbff5ec35bde6f8f828fece86d5b7d42c847a1e1d358a86097a1a23f
qwen_train,1956-s0008,coordination,candidate_requires_context_review,65cef3f574fe16f75f17f26c0a93a053916f7db9d4245ec8a061d19484eaad10
qwen_train,1956-s0009,coordination,candidate_requires_context_review,698d3e8afc7fe7a15c5343b8a7ebcd37ed1c6928c72874de0b2afc4679b88249
qwen_train,1956-s0010,coordination,candidate_requires_context_review,b44396ceec2001dbf40a3d9a7a5a82b389b36e1a47ee265f7c6f9d570cf54427
qwen_train,1956-s0010,transversal,candidate_requires_context_review,b44396ceec2001dbf40a3d9a7a5a82b389b36e1a47ee265f7c6f9d570cf54427
qwen_train,1963-s0000,coordination,candidate_requires_context_review,4bd10dea9b8904a6d476872d96139b084951a772145dfbe4be470e6d2e54fcf6
qwen_train,1963-s0001,coordination,candidate_requires_context_review,d3bbe16d3b03e9e2f01d964b778eb66683d83c946c80010c0b2ba2586f78fde3
qwen_train,1963-s0001,transversal,candidate_requires_context_review,d3bbe16d3b03e9e2f01d964b778eb66683d83c946c80010c0b2ba2586f78fde3
qwen_train,1963-s0002,coordination,candidate_requires_context_review,934ebe784824b8d713e8f9cb94208ee9981e34506d0e361f17b4ecc3b3c275ca
qwen_train,1963-s0003,coordination,candidate_requires_context_review,9ff2a73d40d8fccec7b928459ef5f4efc4f15cd7b5f97932a095499fccab2981
qwen_train,1963-s0004,experience,candidate_requires_context_review,f52b90a53a2c2237a91133cd48e2bad315d679048a6f6166865cc25dc611d4fb
qwen_train,1963-s0004,coordination,candidate_requires_context_review,f52b90a53a2c2237a91133cd48e2bad315d679048a6f6166865cc25dc611d4fb
qwen_train,1963-s0004,tool_theory,candidate_requires_context_review,f52b90a53a2c2237a91133cd48e2bad315d679048a6f6166865cc25dc611d4fb
qwen_train,1963-s0005,coordination,candidate_requires_context_review,f582e4320c424084c078dcb9df8cc25b456b0ee61c23303085efd8218d2ca9fd
qwen_train,1963-s0006,coordination,candidate_requires_context_review,59a59539d255705a29423ad10c79711eb79e2468ae1e10a15e655d87d040f4b1
qwen_train,1963-s0008,coordination,candidate_requires_context_review,b2b34c505019f4062f6820548a4fc70d3ca12d70ea35e53622c240423d4c2d4c
qwen_train,1963-s0008,tool_theory,candidate_requires_context_review,b2b34c505019f4062f6820548a4fc70d3ca12d70ea35e53622c240423d4c2d4c
qwen_train,1963-s0009,experience,candidate_requires_context_review,347db98ca8cd729c7b1af72420f3c82c68a8faeab68fc45450515f7a71ea0ffc
qwen_train,1963-s0009,coordination,candidate_requires_context_review,347db98ca8cd729c7b1af72420f3c82c68a8faeab68fc45450515f7a71ea0ffc
qwen_train,1963-s0009,transversal,candidate_requires_context_review,347db98ca8cd729c7b1af72420f3c82c68a8faeab68fc45450515f7a71ea0ffc
qwen_train,1964-s0001,coordination,candidate_requires_context_review,f870e245db39f6bfe3cceabb363925c6acb272b680743eb0d6bd0f8489660a6d
qwen_train,1964-s0002,coordination,candidate_requires_context_review,6991fc0fb1dfbea7776819f010622c64008c46af03ec6cf667d5607a15538ed3
qwen_train,1967-s0000,coordination,candidate_requires_context_review,a2f1037bffd9e4707c98a38a285ee214fc1f84ba9a9c0dd4b8a3780367658eee
qwen_train,1967-s0001,coordination,candidate_requires_context_review,9bba2b069b514199cc94396b47a17061dc40b841083323b8f5b03e832c2b9d55
qwen_train,1967-s0003,coordination,candidate_requires_context_review,8b8771258863b034747c39fe45e08b23f1069fdb9f32d5142c9ebbc1f04d6e63
qwen_train,1967-s0007,coordination,candidate_requires_context_review,2cbdcf51ca849df0c95a1cc505c967b773ff27cf3b2395839acb9746726eeb32
qwen_train,1967-s0008,coordination,candidate_requires_context_review,c6411d987baa647a8e220fbd9f44f28f79d49f72712f432f01f7b6be271ff989
qwen_train,1967-s0010,experience,candidate_requires_context_review,75948298dc6983ef63a796aaa8f20f523456d6c0f818e0e1aac6730631370bec
qwen_train,1967-s0010,tool_theory,candidate_requires_context_review,75948298dc6983ef63a796aaa8f20f523456d6c0f818e0e1aac6730631370bec
qwen_train,1967-s0011,coordination,candidate_requires_context_review,e218b4d30893a6202fe287ede95845158493e3e266bba4cb127b66943db16de0
qwen_train,1968-s0000,coordination,candidate_requires_context_review,f00502c2b8768eea1cb78cc2a8d5a599c19eaf93a8d8738f99485016f5330256
qwen_train,1968-s0005,experience,candidate_requires_context_review,5e22fa2dca9897ef39341f57e2d622142e373386f35bcfbe134b98067fa65695
qwen_train,1968-s0008,coordination,candidate_requires_context_review,acd21d19a3d210b4c67242fdda77a755dd90d180a5e09c111d2dece329484bb4
qwen_train,1968-s0008,tool_theory,candidate_requires_context_review,acd21d19a3d210b4c67242fdda77a755dd90d180a5e09c111d2dece329484bb4
qwen_train,1968-s0012,experience,candidate_requires_context_review,ac704a4b5a5cd4d1fc0c1993a520a3e744e0340929ac25ec6a4dc78369f3870a
qwen_train,1968-s0012,coordination,candidate_requires_context_review,ac704a4b5a5cd4d1fc0c1993a520a3e744e0340929ac25ec6a4dc78369f3870a
qwen_train,1969-s0000,coordination,candidate_requires_context_review,7c95cbaacced95e38563b26c7c46ea4a7db597ed3ab9eb5a7a806fef1ce7f7a2
qwen_train,1969-s0002,coordination,candidate_requires_context_review,624b3b273621020ec21b43c562f148baaedbd2fb1d9add9093c4ae170d5627d3
qwen_train,1969-s0002,transversal,candidate_requires_context_review,624b3b273621020ec21b43c562f148baaedbd2fb1d9add9093c4ae170d5627d3
qwen_train,1969-s0003,coordination,candidate_requires_context_review,289e1a3bd724e690cae4cc815180bfca2ce037663380edb0f18f7efcccda36ef
qwen_train,1969-s0007,coordination,candidate_requires_context_review,576a8fa92fb160fe22a320602bb2879e5b7657789ba91eb8f6fd059a018ece4c
qwen_train,1969-s0008,coordination,candidate_requires_context_review,66c0e229b207e456093e56c2b1e2b6b244612bafce370253f608d4583e33757b
qwen_train,1969-s0011,coordination,candidate_requires_context_review,587c49a2ed6509dae61102b10c8ed7aedb13ea5e6ea13c58d7ea5a76b8f58f34
qwen_train,1972-s0000,coordination,candidate_requires_context_review,6a06ef7633cee165a7bafd305a2b2bec36a3d88d5e056caedaa64b5e8f7c9a10
qwen_train,1972-s0001,coordination,candidate_requires_context_review,31c9ea7ae15d02bd43152d39b1dff40086d82f80d948c03ed6da0eec4313ebeb
qwen_train,1972-s0002,coordination,candidate_requires_context_review,5013aab782a653b0df2204f452d6cd86f7c5c820d277d4f9969da435ca112b93
qwen_train,1972-s0005,coordination,candidate_requires_context_review,abbdba0ab21ac844bbee061f42b271f2ec371b33d6efbec22e9f4aeb88ff6f4d
qwen_train,1972-s0007,coordination,candidate_requires_context_review,e47fc568b288d6b994d3ba009fc35501ba37bd5b843c33c8c6994843469a55bf
qwen_train,1972-s0007,tool_theory,candidate_requires_context_review,e47fc568b288d6b994d3ba009fc35501ba37bd5b843c33c8c6994843469a55bf
qwen_train,1972-s0008,coordination,candidate_requires_context_review,7901d0dbce502cd0a719fa49cf514a809fe9ada17006e2a3fc60ebb095975be7
qwen_train,1972-s0008,transversal,candidate_requires_context_review,7901d0dbce502cd0a719fa49cf514a809fe9ada17006e2a3fc60ebb095975be7
qwen_train,1973-s0007,experience,candidate_requires_context_review,e2a6cc957f6fa756de4c647fe75493071401e4230b93125a06f063a1644f5791
qwen_train,1973-s0007,coordination,candidate_requires_context_review,e2a6cc957f6fa756de4c647fe75493071401e4230b93125a06f063a1644f5791
qwen_train,1973-s0008,experience,candidate_requires_context_review,2e8db732abbf1951a0027e3e7ae20fcf27e6222743268df3d6f9a9788ad4060b
qwen_train,1973-s0008,coordination,candidate_requires_context_review,2e8db732abbf1951a0027e3e7ae20fcf27e6222743268df3d6f9a9788ad4060b
qwen_train,1973-s0008,transversal,candidate_requires_context_review,2e8db732abbf1951a0027e3e7ae20fcf27e6222743268df3d6f9a9788ad4060b
qwen_train,1977-s0000,coordination,candidate_requires_context_review,19c80732e42364ec58ce1155beaf62b5e21c0cd4db9bd63351c3e423f1c87283
qwen_train,1977-s0000,transversal,candidate_requires_context_review,19c80732e42364ec58ce1155beaf62b5e21c0cd4db9bd63351c3e423f1c87283
qwen_train,1977-s0005,coordination,candidate_requires_context_review,0f47d799a7feb4cc8c0c161f056759fad5cffd77f5b7005d05ca3a087d360573
qwen_train,1977-s0006,coordination,candidate_requires_context_review,362aae0b94ce0cceca471b98d1db0a8448a62a28f37c1319298edd1cf3f78043
qwen_train,1977-s0008,coordination,candidate_requires_context_review,f77b445694b663fd0e03ed44ba920e2b96820a0834a91b3f1b51ba3c69c30f0a
qwen_train,1977-s0010,experience,candidate_requires_context_review,dbb8106c49602712c76b13e8703d73273aad742d6574ffc1134142a7b2ecbdc3
qwen_train,1977-s0010,coordination,candidate_requires_context_review,dbb8106c49602712c76b13e8703d73273aad742d6574ffc1134142a7b2ecbdc3
qwen_train,1983-s0000,coordination,candidate_requires_context_review,97da1861088d8c2d1d85c7e4ec9fed15c660e69f890126dc3296b1f00df06758
qwen_train,1983-s0000,transversal,candidate_requires_context_review,97da1861088d8c2d1d85c7e4ec9fed15c660e69f890126dc3296b1f00df06758
qwen_train,1801-s0001,coordination,candidate_requires_context_review,5bf8f20075fdb8d05614bb3e179bd7703d05336b52c8bfb87c1c61af65394bc3
qwen_train,1801-s0002,coordination,candidate_requires_context_review,cdd171076aa0ffcb506595a20def5b14b476229e0e8f62de4d1afbc928f30a58
qwen_train,1801-s0003,coordination,candidate_requires_context_review,f76ec87caee7f6dad8420824355e1ea63bdb56f53bb96ee058d5a2bbd3031367
qwen_train,1802-s0001,coordination,candidate_requires_context_review,bd20c7911c9abfaddcd7f50ba5171946c68542605c109ea3ac7657fa3e3c29ca
qwen_train,1802-s0002,coordination,candidate_requires_context_review,888fbacd74334f8f87fb45fa6ae0882bba0797045cee045a04847fea2db3c5c0
qwen_train,1802-s0003,coordination,candidate_requires_context_review,3aac4ab8d7a8f959f43c4cbe16fd6f111328aa96e84993eaa52ad235e50128fe
qwen_train,1802-s0004,coordination,candidate_requires_context_review,7ec6ef99b234ca728bd873d4a1e5c3bfe8517e88dd4465b005021e1d871b405b
qwen_train,1802-s0011,coordination,candidate_requires_context_review,fb1cfeafb62f961d4e9b6d142977e61faae147c94708794533ccaa18e3b1ff55
qwen_train,1802-s0011,transversal,candidate_requires_context_review,fb1cfeafb62f961d4e9b6d142977e61faae147c94708794533ccaa18e3b1ff55
qwen_train,1802-s0012,coordination,candidate_requires_context_review,5270b5edef8009b89ac8810c611cd325516ad1bbc435fffd9e03eaaf61bb6f6e
qwen_train,1802-s0013,coordination,candidate_requires_context_review,472d40571b39b0c5a41c7090f4b33bed929592390aed92841055f99f950a6f46
qwen_train,1802-s0013,transversal,candidate_requires_context_review,472d40571b39b0c5a41c7090f4b33bed929592390aed92841055f99f950a6f46
qwen_train,1802-s0015,coordination,candidate_requires_context_review,4ae2645f65cc39967dd1ed5461a2eed0750711101c98e1318fd7cd6e66108a9b
qwen_train,1802-s0016,coordination,candidate_requires_context_review,1eeb492eb8c449a600495ee4fda48b9bc7ebfd29101d1e99c9ada2bac002759e
qwen_train,1802-s0018,coordination,candidate_requires_context_review,f751c79a61274c058b3d8c55231a82aa777c1e49b5d845ea9603894e39f453e6
qwen_train,1803-s0009,coordination,candidate_requires_context_review,a6caa36ac36f81955193b24380ede494228becdda0c1b29518710488490381ee
qwen_train,1803-s0010,coordination,candidate_requires_context_review,0a605770e9548bc8cec943b97e26c6f35087dbd7fee0a6d5afadc73008a5aff8
qwen_train,1803-s0010,scope_empty,candidate_requires_context_review,0a605770e9548bc8cec943b97e26c6f35087dbd7fee0a6d5afadc73008a5aff8
qwen_train,1803-s0011,coordination,candidate_requires_context_review,01765c247de105e79a162a64040e11a943162bc6df8eb0c05a41b3eea1a5830e
qwen_train,1803-s0011,scope_empty,candidate_requires_context_review,01765c247de105e79a162a64040e11a943162bc6df8eb0c05a41b3eea1a5830e
qwen_train,1804-s0000,coordination,candidate_requires_context_review,17a2e85a71eef1237f6f05403793c72ba00f95635f4c58db248a59bc2cde9c45
qwen_train,1804-s0000,transversal,candidate_requires_context_review,17a2e85a71eef1237f6f05403793c72ba00f95635f4c58db248a59bc2cde9c45
qwen_train,1804-s0002,experience,candidate_requires_context_review,3562c07bdc907104ee773ad830b54c70f3cd12e779d85aa46549076f4aa08fe1
qwen_train,1804-s0002,coordination,candidate_requires_context_review,3562c07bdc907104ee773ad830b54c70f3cd12e779d85aa46549076f4aa08fe1
qwen_train,1804-s0002,tool_theory,candidate_requires_context_review,3562c07bdc907104ee773ad830b54c70f3cd12e779d85aa46549076f4aa08fe1
qwen_train,1804-s0002,transversal,candidate_requires_context_review,3562c07bdc907104ee773ad830b54c70f3cd12e779d85aa46549076f4aa08fe1
qwen_train,1804-s0009,coordination,candidate_requires_context_review,49d11909b012e2864f9149b1d679c2f60ca7a9e6ce94415d503a8f7542e5b769
qwen_train,1804-s0009,tool_theory,candidate_requires_context_review,49d11909b012e2864f9149b1d679c2f60ca7a9e6ce94415d503a8f7542e5b769
qwen_train,1804-s0009,transversal,candidate_requires_context_review,49d11909b012e2864f9149b1d679c2f60ca7a9e6ce94415d503a8f7542e5b769
qwen_train,1804-s0012,experience,candidate_requires_context_review,d88c74feabbc5411729333e3e8d83884f076eeee5cc65e4a445fb7746a2252f3
qwen_train,1804-s0012,coordination,candidate_requires_context_review,d88c74feabbc5411729333e3e8d83884f076eeee5cc65e4a445fb7746a2252f3
qwen_train,1804-s0014,coordination,candidate_requires_context_review,548149631390b87f6ef017ca22a0f003223bd0089ab9582b9007747343adbe6e
qwen_train,1804-s0014,transversal,candidate_requires_context_review,548149631390b87f6ef017ca22a0f003223bd0089ab9582b9007747343adbe6e
qwen_train,1805-s0000,coordination,candidate_requires_context_review,f57da05fd8f8794271bb6c329a1fb040268f8312dd50d4467793ebfb76370220
qwen_train,1805-s0003,coordination,candidate_requires_context_review,8493c76e692e347f32514c77eec89eef7b576ddd273497668907e61b2ac13ceb
qwen_train,1805-s0005,experience,candidate_requires_context_review,c66072e4769e442f50bb1af21d7fadf43022899e46de4a1e19a6b00dcf7fadae
qwen_train,1805-s0005,coordination,candidate_requires_context_review,c66072e4769e442f50bb1af21d7fadf43022899e46de4a1e19a6b00dcf7fadae
qwen_train,1805-s0006,coordination,candidate_requires_context_review,d3f5523ede0d61266fc278cdccedce309d1bd545c74acf2327315746e6817645
qwen_train,1805-s0006,transversal,candidate_requires_context_review,d3f5523ede0d61266fc278cdccedce309d1bd545c74acf2327315746e6817645
qwen_train,1805-s0007,coordination,candidate_requires_context_review,870692cf6d062c825118c6726b8cf5c0ec03363c02d20f4e6b582601edad9211
qwen_train,1805-s0007,transversal,candidate_requires_context_review,870692cf6d062c825118c6726b8cf5c0ec03363c02d20f4e6b582601edad9211
qwen_train,1805-s0008,coordination,candidate_requires_context_review,33039419f96394e5e35bb144dec5d183f04fc9650cfb0aa0e6e074f05fb5d966
qwen_train,1805-s0008,transversal,candidate_requires_context_review,33039419f96394e5e35bb144dec5d183f04fc9650cfb0aa0e6e074f05fb5d966
qwen_train,1806-s0000,coordination,candidate_requires_context_review,87e17ed4d844b01baacee52b781c6060cef829b4f32469e9391e289789269151
qwen_train,1806-s0000,tool_theory,candidate_requires_context_review,87e17ed4d844b01baacee52b781c6060cef829b4f32469e9391e289789269151
qwen_train,1806-s0001,coordination,candidate_requires_context_review,c533eade5dee8d15146af8e53ef20a37222cd8c64411ec4cb3da52c1d2b3d2dd
qwen_train,1806-s0002,coordination,candidate_requires_context_review,fefaf4116893d64d548c4d1ca10f95acddc21c0feac3d8cf1468b02625e2f02d
qwen_train,1806-s0004,experience,candidate_requires_context_review,422adcac3881dafdd912ecf191e2a6b27ae2ac89df86808f1ef8b24b09777c2a
qwen_train,1806-s0004,coordination,candidate_requires_context_review,422adcac3881dafdd912ecf191e2a6b27ae2ac89df86808f1ef8b24b09777c2a
qwen_train,1806-s0004,tool_theory,candidate_requires_context_review,422adcac3881dafdd912ecf191e2a6b27ae2ac89df86808f1ef8b24b09777c2a
qwen_train,1806-s0006,experience,candidate_requires_context_review,4ea32b1fdf20bfb0241ff13675c74fb3a960f7aa93109ebbd94b4b95f9f804ac
qwen_train,1806-s0007,transversal,candidate_requires_context_review,65b9e2285ee889bede2dc3a0e0fdd4974c49e8abb19e81a199cc8f42e0320daf
qwen_train,1807-s0000,coordination,candidate_requires_context_review,a94ec1700dfdcee9c462fba8d3d0ce70ab9fbcc0d4376fe6739dbf87c610b2af
qwen_train,1807-s0000,transversal,candidate_requires_context_review,a94ec1700dfdcee9c462fba8d3d0ce70ab9fbcc0d4376fe6739dbf87c610b2af
qwen_train,1807-s0000,scope_empty,candidate_requires_context_review,a94ec1700dfdcee9c462fba8d3d0ce70ab9fbcc0d4376fe6739dbf87c610b2af
qwen_train,1807-s0002,coordination,candidate_requires_context_review,0800391b1380d55d3393c90772997442037b972097cb40e4d0cf546d772e90f4
qwen_train,1807-s0004,coordination,candidate_requires_context_review,f5f7fd9f6170bde20144841306eb3c4fbb465c60a69eb9273e77c3755a15bf51
qwen_train,1807-s0005,coordination,candidate_requires_context_review,7656704f51342d806441f40301c7f7443b36853ea0efcbe728501f0068cee396
qwen_train,1807-s0006,experience,candidate_requires_context_review,4d4440d00a077277be8fb6a4d43bf0820fa1d4a2981079ed95ab47db7bb14894
qwen_train,1807-s0006,coordination,candidate_requires_context_review,4d4440d00a077277be8fb6a4d43bf0820fa1d4a2981079ed95ab47db7bb14894
qwen_train,1808-s0004,coordination,candidate_requires_context_review,de27f4b9662d5a4fd36e657273161bcb93aa99726a0d770487d7f4a27a34debc
qwen_train,1808-s0005,coordination,candidate_requires_context_review,d2f699bc4774dcf85855e4e36ee0c31953e080b5e32681076e7d6cba0dad0b99
qwen_train,1808-s0007,coordination,candidate_requires_context_review,6222bb7a6e974a3d3754d8c7ae7039a24a9317c8b0d37c1825d9dad3531f12d5
qwen_train,1808-s0007,tool_theory,candidate_requires_context_review,6222bb7a6e974a3d3754d8c7ae7039a24a9317c8b0d37c1825d9dad3531f12d5
qwen_train,1808-s0008,coordination,candidate_requires_context_review,6e7a97393476ca62b7a6b2bf438db376954849378e5db44ab8420907eb8ab0a3
qwen_train,1808-s0008,transversal,candidate_requires_context_review,6e7a97393476ca62b7a6b2bf438db376954849378e5db44ab8420907eb8ab0a3
qwen_train,1809-s0005,coordination,candidate_requires_context_review,d2c88f7b8bb69d43f130bdde74b442eb4077dcc5ca4d8e51a5f00775caedd789
qwen_train,1809-s0005,transversal,candidate_requires_context_review,d2c88f7b8bb69d43f130bdde74b442eb4077dcc5ca4d8e51a5f00775caedd789
qwen_train,1809-s0007,coordination,candidate_requires_context_review,3d45f81db92ec0de23e664ec4b4afd6f0d75e5046510f2e9d83285967722e719
qwen_train,1811-s0000,coordination,candidate_requires_context_review,950b9ed890f879c7c24da74ca4e69d4a8272ea377a5707ce352da39d8efa4a46
qwen_train,1811-s0008,scope_empty,candidate_requires_context_review,3e1dbcedb52f3a634b0934380efaf11e6a19899986f0f5487247ba2465bb69f0
qwen_train,1813-s0004,coordination,candidate_requires_context_review,b6ea5cec262910b6f2ebe6496f03881f8cfa2415802320a7225f901f26eb43c3
qwen_train,1814-s0000,coordination,candidate_requires_context_review,b15f7bfb11e8c37eeba17aa10d7881b657b0364bb1dbd02d54502297d2168ce5
qwen_train,1814-s0002,coordination,candidate_requires_context_review,87f82593e8ca6dbe0ddae79a73fa73c1cf2f8259c71902ce876756929294b51c
qwen_train,1814-s0009,coordination,candidate_requires_context_review,0dacfed3b025712d6a3e51609adc9a76b5ebd26242b9a3dead41cf028915679d
qwen_train,1814-s0012,coordination,candidate_requires_context_review,d7146ea688063c71e644063517775ec7d4b5b38a6cc9ac62508e92b10a853515
qwen_train,1814-s0013,coordination,candidate_requires_context_review,c3f6cce107b774cde5d2d0f72a842de4632b7e74e9a2b805818cd062cc040aa9
qwen_train,1814-s0014,scope_empty,candidate_requires_context_review,79fb8857f191a6defaa488b5c91c7860180e63fabe3707af5d6e67b6c2eacd95
qwen_train,1815-s0004,coordination,candidate_requires_context_review,1979665bc892e74e85ab1d94c74c3f2a167a5a457241b6664436554a2b179376
qwen_train,1815-s0004,transversal,candidate_requires_context_review,1979665bc892e74e85ab1d94c74c3f2a167a5a457241b6664436554a2b179376
qwen_train,1815-s0005,coordination,candidate_requires_context_review,456eee55b79adab2d86e1ac89019f58d3e8dc4e1580ee963a7ac13d44e74bf0d
qwen_train,1815-s0006,coordination,candidate_requires_context_review,30d33d36508b4ed98b8057d3f51b03da0bbeea67eab508ef8f36ef8d887e8a7b
qwen_train,1815-s0007,coordination,candidate_requires_context_review,f3fbbe6c6babee6358f8af36ade528fe3f4e775613011c0a895c3edeb29245da
qwen_train,1815-s0009,scope_empty,candidate_requires_context_review,add6915d50d9bd90f9b2a14a2e024e4460b3e74fc11b5ae9e3f7e701e1909d47
qwen_train,1815-s0010,coordination,candidate_requires_context_review,4c24409093bd35f5fe0063d7ffa3d08c3f13cf8a32096f551be9ebd801bc21a0
qwen_train,1815-s0011,coordination,candidate_requires_context_review,3c73106d786cd3f2cdb5609cbc717a452542be4f160f5240adaa8293ac15eb36
qwen_train,1815-s0012,coordination,candidate_requires_context_review,f900f4a81ff94ba859a9ee035721849126c1cce13d6ac794a603e8b1fda67585
qwen_train,1815-s0016,scope_empty,candidate_requires_context_review,e26f1a9d95886d7473230c595feca8d966202ae45515e0e231db4117c5a1b31c
qwen_train,1816-s0004,coordination,candidate_requires_context_review,3338ca8b5e979828d6c7445165dc541566f3e98b4d6b44e1810692e68249fd50
qwen_train,1816-s0007,coordination,candidate_requires_context_review,9caeae11acf76676804a5bbf2a23f4bba2b421d4640b32218666f9b1828243a7
qwen_train,1816-s0010,scope_empty,candidate_requires_context_review,f171284df0cfd50533d139026656bb0965aee3ef881dbe0dc519cc4a7472c734
qwen_train,1817-s0005,coordination,candidate_requires_context_review,b8374206897532bdc486b8aa2bccae78fcbbc37586a40e8e32acee08653312ca
qwen_train,1817-s0007,experience,candidate_requires_context_review,29915e70be14315191fa3b62d358a12a81debf0a64b1dc52630182305b5699e7
qwen_train,1817-s0007,coordination,candidate_requires_context_review,29915e70be14315191fa3b62d358a12a81debf0a64b1dc52630182305b5699e7
qwen_train,1817-s0008,coordination,candidate_requires_context_review,c172a6eb7ae66b2cc7dd4406a11d7046800f673140b224cacc54eba35f1e47b7
qwen_train,1817-s0010,coordination,candidate_requires_context_review,d0a6f7f0e62a2076af19c5a14599363fc9d971960df3eaa374afcaafe0fe4e6a
qwen_train,1817-s0011,coordination,candidate_requires_context_review,826d559700470bee719eaae8c7377f27d13b78c72c46165efdb8b94e1f4b0867
qwen_train,1818-s0000,coordination,candidate_requires_context_review,e60c76475756f14c2d22882e429b87d9800a738cd881144541da9d9ef47c1b7d
qwen_train,1818-s0001,coordination,candidate_requires_context_review,66efd4bbcb4675a05fc496e072980a43f329817358a650ee8a3f0b2815feb4e7
qwen_train,1818-s0007,coordination,candidate_requires_context_review,7273b02f112673402f36ca9d3881b4d4afc39b354cbe124aabce1b6511fa2db6
qwen_train,1818-s0007,transversal,candidate_requires_context_review,7273b02f112673402f36ca9d3881b4d4afc39b354cbe124aabce1b6511fa2db6
qwen_train,1819-s0000,coordination,candidate_requires_context_review,e91f5981e932f2eed73ebb2d867bd7eedde4475d7a4c8529578828eb3a6a0808
qwen_train,1819-s0001,coordination,candidate_requires_context_review,17e62a1d422e1ebf880081263926b42f8745d93a258a69551d0acebcab90863c
qwen_train,1819-s0003,coordination,candidate_requires_context_review,a4703ba81e6a8f2342a2292d9cc752cfef80fab89d9be54b927da809cc2269d5
qwen_train,1819-s0005,experience,candidate_requires_context_review,26b07902d07a121810eb8144fad0135fbcc23c1f42d8536e9196fd7add7538fd
qwen_train,1819-s0010,coordination,candidate_requires_context_review,ae0e4ca8ccea40e7e2953d64a987feba7ed1de2e09434043ee40175621673b4e
qwen_train,1820-s0000,coordination,candidate_requires_context_review,dea109e6f3421b693a8ea708203ddff01f84405625a3e495992b54324abc4445
qwen_train,1820-s0000,tool_theory,candidate_requires_context_review,dea109e6f3421b693a8ea708203ddff01f84405625a3e495992b54324abc4445
qwen_train,1820-s0001,coordination,candidate_requires_context_review,71ea0426e5e80530c4a9f8ba0b2895fd4f12b59092ea6ca4b805b6dc210bbd52
qwen_train,1820-s0004,coordination,candidate_requires_context_review,fc91a27c63cdcd1a387bffa9e31a01540230b097cbd223ac9d8224b61c0200fe
qwen_train,1820-s0004,tool_theory,candidate_requires_context_review,fc91a27c63cdcd1a387bffa9e31a01540230b097cbd223ac9d8224b61c0200fe
qwen_train,1820-s0008,coordination,candidate_requires_context_review,1ad42232bc2ceb9107bd73be2c1b2edbe8f5208995e556493dd0f1cc9fd369e5
qwen_train,1838-s0000,coordination,candidate_requires_context_review,d4b575eb9f4de08d35a0ffc57ef48e0cc68247378d0a3da20b4f7f766eef3454
qwen_train,1838-s0003,coordination,candidate_requires_context_review,9470ed28adee04500b54059603740a0a060df40383f1fb4145793b02929d1db4
qwen_train,1838-s0003,transversal,candidate_requires_context_review,9470ed28adee04500b54059603740a0a060df40383f1fb4145793b02929d1db4
qwen_train,1838-s0006,coordination,candidate_requires_context_review,c7ae313194ab2fca8560b21a003f2b1ccaad5d8346d173c2208a8d217007ffa4
qwen_train,1838-s0010,coordination,candidate_requires_context_review,ee3fa9292a44d36f2dafe9a7e0ae8a6d4ddf1999ab0f3da969f7c4ad32739fff
qwen_train,1838-s0010,transversal,candidate_requires_context_review,ee3fa9292a44d36f2dafe9a7e0ae8a6d4ddf1999ab0f3da969f7c4ad32739fff
qwen_train,1844-s0000,coordination,candidate_requires_context_review,94c3c92b5de8af52d7f853751e4c9692971c691efa0c3c6fe104a9c527f9dade
qwen_train,1844-s0001,coordination,candidate_requires_context_review,6e0a942183fa859a93a7fc2d979f61040f4b536ba4f6332c3bc42dd7ff46de3f
qwen_train,1844-s0003,transversal,candidate_requires_context_review,b57f511564cfd5d10a6a5a31c03d712e311a32029c5d863821263c9523089387
qwen_train,1844-s0005,coordination,candidate_requires_context_review,7f1080a95be851fc95419df09de0815c9653c88f06db2b1032123bee6c9f9ca5
qwen_train,1844-s0005,tool_theory,candidate_requires_context_review,7f1080a95be851fc95419df09de0815c9653c88f06db2b1032123bee6c9f9ca5
qwen_train,1844-s0005,transversal,candidate_requires_context_review,7f1080a95be851fc95419df09de0815c9653c88f06db2b1032123bee6c9f9ca5
qwen_train,1848-s0012,coordination,candidate_requires_context_review,f67d8c35ee37642562fcf75ade38194135faea4aadb49865799897594402b75a
qwen_train,1848-s0013,coordination,candidate_requires_context_review,aae773a707cc10628553bc30367b1d22073709d68c92dd35d061c4f5fe07da18
qwen_train,1853-s0001,coordination,candidate_requires_context_review,4431cae885983f74ae38be926ed1c1aa6e4d6324e07c17218b1e8793928abe36
qwen_train,1853-s0002,coordination,candidate_requires_context_review,bfd904b55e755c44fe50980f5ffeac8d7677075a8af386cc472678581fb423bf
qwen_train,1867-s0001,experience,candidate_requires_context_review,a062b3fd6ee22e8bd448c37f70727dc5eea9022f5f4aefa6371c7f6f3bcaac7e
qwen_train,1867-s0003,coordination,candidate_requires_context_review,c2a5ca72482110dc228f5c5c4c67a33a22b1e97e1ef39431769af10907b27e37
qwen_train,1867-s0006,coordination,candidate_requires_context_review,4c99564f2e34934c0c462693c14c96ccab6ea9476e0e0d1b68fbb5a5a899c2f5
qwen_train,1867-s0007,coordination,candidate_requires_context_review,14157b50a3606ab0c17462e006d6bb2ae733879dfc8cc1f517a543625560051a
qwen_train,1867-s0010,coordination,candidate_requires_context_review,7fe2b773298e24b723d994dd8e98b6351ac50128a1b9ebede80d56a66905c29f
qwen_train,1872-s0001,coordination,candidate_requires_context_review,94ad2876d34fb7514d337c3083fc027c8f65c51de5406f3da19f7b85bb325809
qwen_train,1872-s0002,coordination,candidate_requires_context_review,0540de9670275703a4b8ede160ee7d1d1e6e4064fed3dc2793b4972ee361e990
qwen_train,1872-s0009,coordination,candidate_requires_context_review,4e0b93212da4a95db36040da38c0a6980c07dc89c174a752efb75654619b6f4a
qwen_train,1872-s0010,experience,candidate_requires_context_review,4b31b5796258ea53e55c742d1029d2fdd703e525eff5bd6502fc4b9f63cf66b2
qwen_train,1872-s0010,coordination,candidate_requires_context_review,4b31b5796258ea53e55c742d1029d2fdd703e525eff5bd6502fc4b9f63cf66b2
qwen_train,1872-s0011,experience,candidate_requires_context_review,6981817212633c60aeb7bd429a74f52816fceb84380881ee91d14aa43135d1ba
qwen_train,1872-s0011,coordination,candidate_requires_context_review,6981817212633c60aeb7bd429a74f52816fceb84380881ee91d14aa43135d1ba
qwen_train,1877-s0000,coordination,candidate_requires_context_review,dcc26e173b0ba3f604e9f6b6b78a0db806c741daadc359b315a1941de402bc21
qwen_train,1881-s0002,coordination,candidate_requires_context_review,3bb75cb50a29b39a5ee39eb59a501c77af41fa1db7991f67604d478a9c64cb70
qwen_train,1881-s0003,coordination,candidate_requires_context_review,b7b93a81857870b8646f4c4f529b51f1dafde48d49e0791bacfcfedf258fd336
qwen_train,1881-s0005,coordination,candidate_requires_context_review,d62a1971eae49ac5f4d4713c6ec409a12a415d425df760f52578575f37153816
qwen_train,1881-s0009,experience,candidate_requires_context_review,656724c794be21bf5c2108d32614220c3baba3de86f9c2f200014affd967898e
qwen_train,1881-s0009,coordination,candidate_requires_context_review,656724c794be21bf5c2108d32614220c3baba3de86f9c2f200014affd967898e
qwen_train,1881-s0010,coordination,candidate_requires_context_review,b3d2f484571c757a6ada299b8b5030ca6b095482ea79ba365f7a54ea80565f7e
qwen_train,1881-s0014,experience,candidate_requires_context_review,55021e91e9fc8c71ae28717c64b44da0d971bde107e15cd2ded33093bd18a103
qwen_train,1881-s0014,coordination,candidate_requires_context_review,55021e91e9fc8c71ae28717c64b44da0d971bde107e15cd2ded33093bd18a103
qwen_train,1881-s0016,experience,candidate_requires_context_review,7aeaaf2e5a70770652c9d92db630e1e49d87e733495139d921b4c6b880cb5fc3
qwen_train,1881-s0016,coordination,candidate_requires_context_review,7aeaaf2e5a70770652c9d92db630e1e49d87e733495139d921b4c6b880cb5fc3
qwen_train,1886-s0001,coordination,candidate_requires_context_review,cb7e92e442f06668279f6188a0253651b5e55fca726ae1135e94784c4de7cbd7
qwen_train,1886-s0002,coordination,candidate_requires_context_review,5fd65b998a7dd28dfe750f5455b8e6db316270478def8d07505680266474c1d9
qwen_train,1886-s0002,scope_empty,candidate_requires_context_review,5fd65b998a7dd28dfe750f5455b8e6db316270478def8d07505680266474c1d9
qwen_train,1886-s0003,coordination,candidate_requires_context_review,443cfb625c7ef3b2a74544ea07a631d566c03d568305c9370b1a5e103ed77004
qwen_train,1886-s0004,coordination,candidate_requires_context_review,b805d4f9abf94d68d6e01d3de3dbb6533f38294dcc9ef9af459cb3c65074838c
qwen_train,1896-s0001,coordination,candidate_requires_context_review,c2401db39bead1967b35e88800969c55af20ea69e7f66d5bac7a4ae1582273fb
qwen_train,1897-s0003,experience,candidate_requires_context_review,6c6e8f9d188f57262d0971c80dbcb0da1bf38d49e9bf0db679868b28ef3f0950
qwen_train,1897-s0003,coordination,candidate_requires_context_review,6c6e8f9d188f57262d0971c80dbcb0da1bf38d49e9bf0db679868b28ef3f0950
qwen_train,1897-s0004,coordination,candidate_requires_context_review,c0c0a41cf5ee1002ba6bebdecdf927f5b848aae99510f241388910fd863e8603
qwen_train,1897-s0007,coordination,candidate_requires_context_review,c4a8db4009a28cda7734780151a77e8decf9e4527ca89cc1230ec323f980aac5
qwen_train,1897-s0007,scope_empty,candidate_requires_context_review,c4a8db4009a28cda7734780151a77e8decf9e4527ca89cc1230ec323f980aac5
qwen_train,1897-s0008,coordination,candidate_requires_context_review,5a7ff63404e62449e89c3f3cd95583c646479ff8c7267d7c4b62ae3193b1b3b7
qwen_train,1897-s0009,coordination,candidate_requires_context_review,f728f21c67af2988ad543a757873e36eb5172b61cad1ddd69b872f29faac261b
qwen_train,1903-s0007,coordination,candidate_requires_context_review,f3d80d10cfae3f728431c3f7cdd6bb0f0b193bf893ada2bb8874432bdf685838
qwen_train,1903-s0007,transversal,candidate_requires_context_review,f3d80d10cfae3f728431c3f7cdd6bb0f0b193bf893ada2bb8874432bdf685838
qwen_train,1903-s0008,coordination,candidate_requires_context_review,67d180108c42175e326afb78d1eb038f9b5795f84273cd55423b737b40f915c4
qwen_train,1903-s0008,transversal,candidate_requires_context_review,67d180108c42175e326afb78d1eb038f9b5795f84273cd55423b737b40f915c4
qwen_train,1905-s0005,coordination,candidate_requires_context_review,e0cdd123b16afb345c9dbdcbd6540960b8d666def003207f89c0b38f6a11ef93
qwen_train,1905-s0007,coordination,candidate_requires_context_review,b50f222d61359d2f9bb5a325f0fa3ca9776fb14473130db3fdd9c0baed659e54
qwen_train,1905-s0009,coordination,candidate_requires_context_review,5d2e2f4f13ed839a9611e13cb1e41251c09b1ed33b30a191c02ce307dd78fb8b
qwen_train,1905-s0012,experience,candidate_requires_context_review,a457b86a64b4661870ea0f7a195f04a3373943ffaa80af8aec7175991e415083
qwen_train,1905-s0012,coordination,candidate_requires_context_review,a457b86a64b4661870ea0f7a195f04a3373943ffaa80af8aec7175991e415083
qwen_train,1908-s0000,coordination,candidate_requires_context_review,cbad9b5e08663baf9f0b56a9671f739503a1616c7b9e7eaa888b09f577b16f45
qwen_train,1908-s0008,coordination,candidate_requires_context_review,7cf0b60673e7aaad5e8ca24a05d951598d4f1693a395642abef35f0fc3b7f9e1
qwen_train,1908-s0011,scope_empty,candidate_requires_context_review,e556079d78822dbcec422492a1243d93f39802e9ed39105f07be437e6d99ee4a
qwen_train,1909-s0000,coordination,candidate_requires_context_review,e01279cf249dc69e81f6cad2b248d5c64d82434943e0a206211afce070a38974
qwen_train,1909-s0000,tool_theory,candidate_requires_context_review,e01279cf249dc69e81f6cad2b248d5c64d82434943e0a206211afce070a38974
qwen_train,1909-s0001,coordination,candidate_requires_context_review,b06c9c5d165378117ae0060f5bd2963b951f5ece4394c7ade28afb9548ab0532
qwen_train,1914-s0001,coordination,candidate_requires_context_review,dc5812cb463977f2b5446477a4badbeef414562e7057635617e39a9d78f66f6c
qwen_train,1914-s0002,coordination,candidate_requires_context_review,f9a8b820f8a65983f38aa443ae1f8f25bf5c8edf8e2baa832faf9e0b7edb3888
qwen_train,1914-s0006,coordination,candidate_requires_context_review,fd80a044a8bc6bbb5d08b7bfe7da2a5c0deb530460e8c0dd7439b6ccbddee017
qwen_train,1914-s0006,tool_theory,candidate_requires_context_review,fd80a044a8bc6bbb5d08b7bfe7da2a5c0deb530460e8c0dd7439b6ccbddee017
qwen_train,1917-s0003,coordination,candidate_requires_context_review,111c169f231e65cfdf27e42bd2b706f6a035d5d04fb11ba79c0dea27059cc245
qwen_train,1917-s0007,coordination,candidate_requires_context_review,c4e37d9cdb94083f62c36c8bc2b4b9b65f620df1d2c6abb1c14aa98fd1581af4
qwen_train,1917-s0007,transversal,candidate_requires_context_review,c4e37d9cdb94083f62c36c8bc2b4b9b65f620df1d2c6abb1c14aa98fd1581af4
qwen_train,1921-s0005,tool_theory,candidate_requires_context_review,9bd6a4db76afb6ec1a1c9825409f67e86758de7ad364ba4e828597b5aa8720aa
qwen_train,1921-s0011,experience,candidate_requires_context_review,c845aaaf3bf427e0dfc205e70ca97daa8ee02022086cb6131bc6d527d2bec667
qwen_train,1924-s0012,coordination,candidate_requires_context_review,df81ce1f7b4baab5603516971521cfa170159e6186402cfc2c4deb5b003cc5cf
qwen_train,1924-s0012,transversal,candidate_requires_context_review,df81ce1f7b4baab5603516971521cfa170159e6186402cfc2c4deb5b003cc5cf
qwen_train,1924-s0013,coordination,candidate_requires_context_review,5de6f8d955ad9ee742ee1d3caded1557d8be155b3cfc06e576727b830baf36e2
qwen_train,1925-s0003,coordination,candidate_requires_context_review,456499ef24213d150ac7979e9bd823f647f408e5bcfda016385c2f469b85aec7
qwen_train,1925-s0004,coordination,candidate_requires_context_review,822e03fd098e83d193ef501213cce25ab6b1f20bd848079ab67fbf84244d9efe
qwen_train,1925-s0007,coordination,candidate_requires_context_review,e5b100c9b0937d63fe2289dbb075c5b81e4f087a727be61e629ead78b85d6f83
qwen_train,1925-s0007,tool_theory,candidate_requires_context_review,e5b100c9b0937d63fe2289dbb075c5b81e4f087a727be61e629ead78b85d6f83
qwen_train,1925-s0009,coordination,candidate_requires_context_review,f5ccc4ca18c4b95e497160c92d9e5b6b4068f2aed60fe788c69454c224b6f80d
qwen_train,1925-s0013,scope_empty,candidate_requires_context_review,48a7535c41a03e4ab5df3ebe88ac433839d1f9bc90d19a359a7be10aa90e7e9e
qwen_train,1925-s0014,coordination,candidate_requires_context_review,c12f4d655b7d4d3d9476bcbd3553ff147a1ef7130d80aa9d0b7765fd1c93b8cb
qwen_train,1925-s0015,coordination,candidate_requires_context_review,6fc9816365f3c6a8e65873b3c1dcf83e637e5e54e7237f46bb12a7725405ca0a
qwen_train,1925-s0015,scope_empty,candidate_requires_context_review,6fc9816365f3c6a8e65873b3c1dcf83e637e5e54e7237f46bb12a7725405ca0a
qwen_train,1925-s0016,coordination,candidate_requires_context_review,0009036d03076091fd42e28aaa7a8da37f95dba221d4824302f95f826bbc296b
qwen_train,1925-s0016,scope_empty,candidate_requires_context_review,0009036d03076091fd42e28aaa7a8da37f95dba221d4824302f95f826bbc296b
qwen_train,1925-s0018,coordination,candidate_requires_context_review,b96fd1da4d5000680197f6b7e89dd7bb72eb73a623a511c1a90934c61aeaad93
qwen_train,1925-s0018,scope_empty,candidate_requires_context_review,b96fd1da4d5000680197f6b7e89dd7bb72eb73a623a511c1a90934c61aeaad93
qwen_train,1925-s0019,coordination,candidate_requires_context_review,c51ad5b5593e088cfaf6ad89408641d7a2aea3f58a853bf02236079a43c28379
qwen_train,1925-s0022,coordination,candidate_requires_context_review,a19cc8f3ffde40a9920efdba140ed36c374837e955878ef20394bd0bc56ccf41
qwen_train,1925-s0024,tool_theory,candidate_requires_context_review,ef382fb0191ac761992a6abe71e5eed4b97eb7ad7ccc048610e72df177770410
qwen_train,1926-s0007,coordination,candidate_requires_context_review,21fdea40d983ef4812a28ca5c60e38afd0bc23d6b48a14f4484b6705103892cc
qwen_train,1926-s0007,tool_theory,candidate_requires_context_review,21fdea40d983ef4812a28ca5c60e38afd0bc23d6b48a14f4484b6705103892cc
qwen_train,1926-s0007,transversal,candidate_requires_context_review,21fdea40d983ef4812a28ca5c60e38afd0bc23d6b48a14f4484b6705103892cc
qwen_train,1935-s0000,coordination,candidate_requires_context_review,adb09e7af92a4e3a4f27f2bf9e29b0caada7e4318e8f3d36970906407d156dbe
qwen_train,1935-s0005,coordination,candidate_requires_context_review,6cc0f2f97c9242a5d0a67317dfdcc44b5065613fd80e8572a7b30b8b0468125c
qwen_train,1935-s0007,experience,candidate_requires_context_review,4add0ae167c2c7ae3cb55ddd3bdc19aed1bf692caa982d246c5496938ef76c88
qwen_train,1935-s0007,coordination,candidate_requires_context_review,4add0ae167c2c7ae3cb55ddd3bdc19aed1bf692caa982d246c5496938ef76c88
qwen_train,1935-s0007,tool_theory,candidate_requires_context_review,4add0ae167c2c7ae3cb55ddd3bdc19aed1bf692caa982d246c5496938ef76c88
qwen_train,1937-s0001,coordination,candidate_requires_context_review,b9a4f58bb1d02bb6b7ec2523c5c48c387e232aed01673c25b35fd531e916f71b
qwen_train,1937-s0004,coordination,candidate_requires_context_review,7938a88ac53215e8be344271f5c053bbdad95af54c74e69f3631e1a5c5722cdd
qwen_train,1937-s0008,coordination,candidate_requires_context_review,434e0f1fdbd6e03a768b09062435c1fe60078b53b50c2168d2d89a3d76008e28
qwen_train,1938-s0000,coordination,candidate_requires_context_review,8d9511751f5a7850322833cca67e8992db8d740a75d91bab2c0c4714ea8f305f
qwen_train,1938-s0001,coordination,candidate_requires_context_review,bff56a6d9d19f3441f26a7998fa08961ac2db17003b48b0f682a8c175b58a709
qwen_train,1938-s0002,coordination,candidate_requires_context_review,0f8f9f2c73aa0e6002ed928f68eefae5ce2d4117ca9a859d62ee1f3b869c805a
qwen_train,1938-s0003,coordination,candidate_requires_context_review,4c541c45e0daf2b8056345e02d63903bf63a5bae89e838c58b58866c5e9d7c1c
qwen_train,1938-s0004,coordination,candidate_requires_context_review,47501c19abebccc180fb50010f5804e49be53b7b2cd1d1fe568694d5fa1820cf
qwen_train,1938-s0006,experience,candidate_requires_context_review,783447f9c05c388c8774147e3d660be788ad08768551f926ad5cf9529f27a106
qwen_train,1938-s0010,coordination,candidate_requires_context_review,0403683e69977dbe3cb0d16515b82c5e710308db6893fbc5d886031d5186801b
qwen_train,1938-s0011,coordination,candidate_requires_context_review,17d367cb0aec664cf17fe18722f6c5bc2bbac1dc305756fc58f4a2a7a8291dc1
qwen_train,1938-s0011,scope_empty,candidate_requires_context_review,17d367cb0aec664cf17fe18722f6c5bc2bbac1dc305756fc58f4a2a7a8291dc1
qwen_train,1941-s0003,coordination,candidate_requires_context_review,f862799a9800be9b12d98e3d76c1cce23b031a2ca93f31bc25f9ae98b51bc914
qwen_train,1946-s0000,coordination,candidate_requires_context_review,b8190224576ad056b6c2c292a020f618c69cc48caf3e3fff6e75e2f1f32972b5
qwen_train,1946-s0002,coordination,candidate_requires_context_review,020cbc40a13948df61ecb7eea758281abcc205bfbfd48d3a53dbd4ce09160bc1
qwen_train,1946-s0003,coordination,candidate_requires_context_review,d47e7f7c4ff827e733c35d943c4ff9e2ca1e2e9b68a7a9f685d32fa875201299
qwen_train,1948-s0003,coordination,candidate_requires_context_review,3df1529071f68020f63c5f294d58b54d0afab0f484114e17c522707e9f880843
qwen_train,1948-s0006,coordination,candidate_requires_context_review,ee228c6c8f956989444539cf5a9307112274ea19f004ad7b53a67a6f8527af81
qwen_train,1948-s0012,coordination,candidate_requires_context_review,767518b235789806694e4a13eb5babb2fb0fc2355490ce999a8cf8d683b179e5
qwen_train,1948-s0012,transversal,candidate_requires_context_review,767518b235789806694e4a13eb5babb2fb0fc2355490ce999a8cf8d683b179e5
qwen_train,1951-s0001,coordination,candidate_requires_context_review,262e9b9e65436f7f9ef8041179b4e84e6f6113e43f91b3cc2b3b58a5c2539d45
qwen_train,1951-s0004,coordination,candidate_requires_context_review,f6ff17799a72a11bce90573ad540fda32a364479b775456b985e59ccb94d95d5
qwen_train,1951-s0006,experience,candidate_requires_context_review,f5dbfdfef467b4e8e37b96c40461efbea5d979abca23444d75b24db50a067699
qwen_train,1951-s0006,coordination,candidate_requires_context_review,f5dbfdfef467b4e8e37b96c40461efbea5d979abca23444d75b24db50a067699
qwen_train,1951-s0009,coordination,candidate_requires_context_review,a3596864dc195cd22cbfc03ba167739668529a5fad6c194f1f86e4e938de2f9b
qwen_train,1951-s0009,transversal,candidate_requires_context_review,a3596864dc195cd22cbfc03ba167739668529a5fad6c194f1f86e4e938de2f9b
qwen_train,1951-s0010,coordination,candidate_requires_context_review,184412a17335d154c2d39fe8f4418e0d7c1f27e9af95d56d18449db79f13bfb6
qwen_train,1951-s0013,coordination,candidate_requires_context_review,6e6661e2a708ff2f32b989233fafbeb79ce2fba1a0bbca69c2488e83bb2ebb7a
qwen_train,1951-s0014,coordination,candidate_requires_context_review,f445a5917273e95f9430fb104f8529641fcaecab882d6b94e7f4c01ebbe7b3ff
qwen_train,1951-s0014,tool_theory,candidate_requires_context_review,f445a5917273e95f9430fb104f8529641fcaecab882d6b94e7f4c01ebbe7b3ff
qwen_train,1951-s0015,experience,candidate_requires_context_review,03ddd51e17057afe00eb3536c7ed53e362b40f8a50c449af59b599733ed9de1c
qwen_train,1951-s0015,coordination,candidate_requires_context_review,03ddd51e17057afe00eb3536c7ed53e362b40f8a50c449af59b599733ed9de1c
qwen_train,1953-s0003,coordination,candidate_requires_context_review,e13f169f2ba4ac8bded5fcb6ca8efb3dd452884fbe99fd3e571502e1e7082e09
qwen_train,1953-s0008,transversal,candidate_requires_context_review,209bb3430890ed98bf6d634e51859ad9560faa408d6dc29875e26e13fe4867b5
qwen_train,1955-s0002,coordination,candidate_requires_context_review,475132426e18f73888c2616aa6dd51efdea8deb838a1ad9045479e2322978b2d
qwen_train,1955-s0003,coordination,candidate_requires_context_review,d1cd1ed4317cb7493a183ffcebecb3bae46ebc35cd6e062f4c7ada589050df48
qwen_train,1955-s0005,coordination,candidate_requires_context_review,71a3e461d7ab8391ead47c750d75eaa903c15f65c81059187a41e649b9537188
qwen_train,1955-s0008,experience,candidate_requires_context_review,3597189390c35c709a20a58a1a748df4ab894a211f411295a72502d1e00b426c
qwen_train,1955-s0008,coordination,candidate_requires_context_review,3597189390c35c709a20a58a1a748df4ab894a211f411295a72502d1e00b426c
qwen_train,1956-s0000,coordination,candidate_requires_context_review,b96dd6adca4619d3e7e5b7c2163a6566a76deb80eb4d627cb8e8b99676b9ff79
qwen_train,1956-s0006,coordination,candidate_requires_context_review,eb8c4711bbdf9ff642618d64fcc8d2c08b2f64955e034e1417138aaecb50cc1b
qwen_train,1956-s0007,experience,candidate_requires_context_review,8c1578f96414c8fec8c2a02f90a7e511a5d5eaf6764eedd8756df91f51cc6b3b
qwen_train,1956-s0007,coordination,candidate_requires_context_review,8c1578f96414c8fec8c2a02f90a7e511a5d5eaf6764eedd8756df91f51cc6b3b
qwen_train,1964-s0003,coordination,candidate_requires_context_review,ba727e6c2e7dbb86cc59dac66eff183790fbe78250ed835dc233f8290ea1fc73
qwen_train,1964-s0005,experience,candidate_requires_context_review,d3b193907857748a7dba748cf62c88b78c0b63c8fc4022ef39e2e595b8621118
qwen_train,1964-s0005,coordination,candidate_requires_context_review,d3b193907857748a7dba748cf62c88b78c0b63c8fc4022ef39e2e595b8621118
qwen_train,1964-s0006,coordination,candidate_requires_context_review,95e5ef73c5ba8d7da494cc3d122c4e3f52bc5c724cb6c612f744f270f08897d1
qwen_train,1964-s0007,coordination,candidate_requires_context_review,4658d77df327a083a287b1836ad96ecfe0d2b4760dbbd0e9963b46252e15319c
qwen_train,1964-s0008,coordination,candidate_requires_context_review,896bd1d84c57ad3b7d62ee5deef98a346d9925f5a0f57112afb0b692524608c0
qwen_train,1964-s0008,transversal,candidate_requires_context_review,896bd1d84c57ad3b7d62ee5deef98a346d9925f5a0f57112afb0b692524608c0
qwen_train,1967-s0002,coordination,candidate_requires_context_review,8e2759392d832912e9d2b2af303d638dc838a9bd72ec870398e745e42bf375fb
qwen_train,1967-s0005,experience,candidate_requires_context_review,a4f8ddff1f4eed8e052a2c0628c37718b27db0bc705a2f7f0ed8851373695a05
qwen_train,1967-s0005,coordination,candidate_requires_context_review,a4f8ddff1f4eed8e052a2c0628c37718b27db0bc705a2f7f0ed8851373695a05
qwen_train,1967-s0006,coordination,candidate_requires_context_review,6dd4e05039b5997163708820215f20b456c38547f81064cad472955f8207b6c5
qwen_train,1967-s0009,tool_theory,candidate_requires_context_review,2e650a3ca15389378f37c2e617cf722c3acd78bd92e0b3a288177e6c6d5008c8
qwen_train,1968-s0001,coordination,candidate_requires_context_review,604faa340d3a6d85d06f5bccee0ec4fd99fd6f6f4d974a69b36e882c6fdb8f24
qwen_train,1968-s0002,coordination,candidate_requires_context_review,57b63ed4d7c6bac43064b709969cc9f6d486cd4d759faf7347205a3167c46d52
qwen_train,1968-s0003,coordination,candidate_requires_context_review,aef9ff6fae858db555e1618a4d773c5d7dbbc25e5333cc53eaa09b912a46f90c
qwen_train,1968-s0003,transversal,candidate_requires_context_review,aef9ff6fae858db555e1618a4d773c5d7dbbc25e5333cc53eaa09b912a46f90c
qwen_train,1968-s0006,coordination,candidate_requires_context_review,b9a86ac5ca42d349d4413a2d460789865fa47b0c9c11e4adf719fde631b28e43
qwen_train,1968-s0007,coordination,candidate_requires_context_review,7d2c5ffb8e57de4e1d0048efde5b15cf1d08705079f5e28a5c189bccd10eadfc
qwen_train,1968-s0009,coordination,candidate_requires_context_review,9f1774cf5410f8c47976eca04b1c3872b821ab261faf197dbc0f901c893b352a
qwen_train,1968-s0010,coordination,candidate_requires_context_review,f996d5a8069879fb19b9bbfdc0f4bd19cde8304e1b60a0023fd2f24eba1ab9dd
qwen_train,1968-s0011,coordination,candidate_requires_context_review,d2ec5088064f5bd52c8600a84b6cbbd6c9aa16ca7e31063038bcd05265e9bb5d
qwen_train,1968-s0011,transversal,candidate_requires_context_review,d2ec5088064f5bd52c8600a84b6cbbd6c9aa16ca7e31063038bcd05265e9bb5d
qwen_train,1969-s0001,coordination,candidate_requires_context_review,63cec84617d12e8bd2ea823ceefdfa3d50cdfb892834dedb16c78ff6710179c5
qwen_train,1969-s0005,coordination,candidate_requires_context_review,543a0ad557b68a6426c22bb8d925afb8f401309dca492674b5e2d3787a5845f8
qwen_train,1969-s0006,coordination,candidate_requires_context_review,6413e1cb87a2ad3e5fbc9b7dada4c6f9920121da66423733892e98771c0f128b
qwen_train,1969-s0009,coordination,candidate_requires_context_review,c4c979ec24302268846b1c6e8f974e7f5e63d3cadbac7814556db7a436cddb4a
qwen_train,1969-s0010,coordination,candidate_requires_context_review,3c7c0a2a28ff702923672f1f1d05b16587aafb7b7a0ba2135902b91552196b51
qwen_train,1969-s0012,experience,candidate_requires_context_review,9d18760a5ca5e1ff7bcfcb970650c1b2caca3d2ee2dc881aed4ae2a21fdd5693
qwen_train,1969-s0012,coordination,candidate_requires_context_review,9d18760a5ca5e1ff7bcfcb970650c1b2caca3d2ee2dc881aed4ae2a21fdd5693
qwen_train,1972-s0003,coordination,candidate_requires_context_review,1c37e2a3aed87b1aed5de324394936c3a2835df9e5009e3e30accf891e66dc45
qwen_train,1972-s0009,coordination,candidate_requires_context_review,1cc898fba8bc366ce56f6b4fb1e734bcee64c0cad87f046fe43f11428791e316
qwen_train,1972-s0010,experience,candidate_requires_context_review,8f974d8c859e3c837af80034f858035f45e3750d16936cf26e22ce620dfa0d96
qwen_train,1972-s0010,tool_theory,candidate_requires_context_review,8f974d8c859e3c837af80034f858035f45e3750d16936cf26e22ce620dfa0d96
qwen_train,1973-s0000,coordination,candidate_requires_context_review,6ea0fa57f813cd8dd051b26dc71cd2944757d2d1cf293b207e89b9fdee31da33
qwen_train,1973-s0001,coordination,candidate_requires_context_review,4198b8bfb928a4b4703dcc34264ebe3680a42c4bc1e853a97715a9cb9321e4a3
qwen_train,1973-s0002,coordination,candidate_requires_context_review,4ec083c8784bfd2c32dd19a153047e1d18c68f5af6cb669324b6fb7a1a37488d
qwen_train,1973-s0002,scope_empty,candidate_requires_context_review,4ec083c8784bfd2c32dd19a153047e1d18c68f5af6cb669324b6fb7a1a37488d
qwen_train,1973-s0003,coordination,candidate_requires_context_review,3d5db018c074538d4238a33b45ca9bc88e7ebb1c2c275a287724a6714fc9e34f
qwen_train,1973-s0004,coordination,candidate_requires_context_review,508f4056c5155ba939f7f0c2da054548f160b72b1eb37cba24f2ad76fca4beb6
qwen_train,1973-s0005,coordination,candidate_requires_context_review,a357c65589a992ba6ab5a10693c8d0634f0193fa4a53f1e588ed4a575a4c88a3
qwen_train,1973-s0009,coordination,candidate_requires_context_review,f60848a65f88c8693e899ddc2d4863711cd64381e1e9a9b7360134630195145e
qwen_train,1973-s0009,scope_empty,candidate_requires_context_review,f60848a65f88c8693e899ddc2d4863711cd64381e1e9a9b7360134630195145e
qwen_train,1973-s0010,coordination,candidate_requires_context_review,fe4fc3a669c51aa19be73b10d2c6d7fcca7c908fb0330acb59b2f27051f40941
qwen_train,1973-s0011,coordination,candidate_requires_context_review,0f9df1ad03c5125198804453a5f1506d1b21c2dc8ad8d4c1eb150a493444108b
qwen_train,1973-s0012,coordination,candidate_requires_context_review,f8c76dff2108a6598dc9c82b01f6c96d097c533116ee86bf642e8b0477cdfe5a
qwen_train,1973-s0013,experience,candidate_requires_context_review,d78459f99c91fe32d2fd48ee6f1a98baf71127fc1e0bd489162878f1e54a0e60
qwen_train,1973-s0014,coordination,candidate_requires_context_review,4dfca337ed6ceb6cd8498d131221076973cea27d3361dbaecd0bbe1bb517dd77
qwen_train,1973-s0015,coordination,candidate_requires_context_review,c8432c0e243c846f67df071ca2c175341e732504be43106cc754e9c3bbb293db
qwen_train,1973-s0015,transversal,candidate_requires_context_review,c8432c0e243c846f67df071ca2c175341e732504be43106cc754e9c3bbb293db
qwen_train,1973-s0017,experience,candidate_requires_context_review,0f04ded2cfc339a47025a000464a439b078544f6ea475e2ad442e967c6a229e3
qwen_train,1973-s0017,coordination,candidate_requires_context_review,0f04ded2cfc339a47025a000464a439b078544f6ea475e2ad442e967c6a229e3
qwen_train,1973-s0017,scope_empty,candidate_requires_context_review,0f04ded2cfc339a47025a000464a439b078544f6ea475e2ad442e967c6a229e3
qwen_train,1973-s0018,coordination,candidate_requires_context_review,53d6dfcebfc70824e288bc40409ce51cf3fad3bc188f99b862d38e367306e2ca
qwen_train,1973-s0019,coordination,candidate_requires_context_review,641bb7c705e1a625c50c7798ab76b87b8e0117ebace279a74eeee7f5f85cbff7
qwen_train,1973-s0020,coordination,candidate_requires_context_review,959b5c4aa6a9d123737b8b6abb5790086e1eb57a4cd816c88a00305d51717bb0
qwen_train,1973-s0020,scope_empty,candidate_requires_context_review,959b5c4aa6a9d123737b8b6abb5790086e1eb57a4cd816c88a00305d51717bb0
qwen_train,1973-s0021,coordination,candidate_requires_context_review,8d19c291a8db2d09437d75cf680612d0154001ab7ca8135283952819cc694d17
qwen_train,1973-s0024,coordination,candidate_requires_context_review,f6a79fc16fe974777472ec455998e7cf741cc4fb547d72a6f6168c6d9c9f9ad0
qwen_train,1973-s0025,coordination,candidate_requires_context_review,100a82ec270eae732b45ebafbab2209a11f6995e2a16e66cc39330a41f1d973b
qwen_train,1973-s0026,coordination,candidate_requires_context_review,ef469df03beef3a09e069f0ec48280ab360dfa9b593f12054da96945ec18bb91
qwen_train,1973-s0026,scope_empty,candidate_requires_context_review,ef469df03beef3a09e069f0ec48280ab360dfa9b593f12054da96945ec18bb91
qwen_train,1973-s0028,coordination,candidate_requires_context_review,21aeeb1f47345a1ade2a4ca95831d2b4546aff3b56e29b501a81f049475aed2a
qwen_train,1973-s0029,coordination,candidate_requires_context_review,e4fa4b98bb806febad90e3a36858f8779eaac81a1275fe950a94f0b24c708a8f
qwen_train,1973-s0029,scope_empty,candidate_requires_context_review,e4fa4b98bb806febad90e3a36858f8779eaac81a1275fe950a94f0b24c708a8f
qwen_train,1973-s0030,coordination,candidate_requires_context_review,685317fa8734551ac7248ac7f0f1075f735c9fa7584a3094f4e1acd11150631b
qwen_train,1977-s0007,coordination,candidate_requires_context_review,3aa8d0b3236bf20cb3c8837c277d58a4a9be69d21eb0ebb10a3857bae4969378
qwen_train,1977-s0009,coordination,candidate_requires_context_review,3528af6dc522d3d7ada054ed5662066b8c80179fd747a2910089dcc9d7e50128
qwen_train,1977-s0009,tool_theory,candidate_requires_context_review,3528af6dc522d3d7ada054ed5662066b8c80179fd747a2910089dcc9d7e50128
qwen_train,1977-s0011,coordination,candidate_requires_context_review,0e78cafa7ceec771deee4a4b96cef9d0e8dd0043ae0b28f0b9114d1b52a51183
qwen_train,1977-s0011,tool_theory,candidate_requires_context_review,0e78cafa7ceec771deee4a4b96cef9d0e8dd0043ae0b28f0b9114d1b52a51183
qwen_train,1977-s0012,coordination,candidate_requires_context_review,1f60fecf8b02502671c0a7c0de646e0e5c7426125d434dd2fdb263874426b61c
qwen_train,1977-s0013,coordination,candidate_requires_context_review,dcd9be87e96a706d3e1136cea44a891a593bb19ee389a6ed0fcb44e8a839d397
qwen_train,1983-s0003,coordination,candidate_requires_context_review,6006817470a73d5a2b368981292fe948fab99cadd83f6fd3ed8ff56c073ced05
qwen_train,1990-s0000,coordination,candidate_requires_context_review,83df28683218f85f1a35ed4dfcb914ca7a34d81396b29ae37bb76e5cefb99991
qwen_train,1990-s0000,transversal,candidate_requires_context_review,83df28683218f85f1a35ed4dfcb914ca7a34d81396b29ae37bb76e5cefb99991
qwen_train,1990-s0001,coordination,candidate_requires_context_review,83df28683218f85f1a35ed4dfcb914ca7a34d81396b29ae37bb76e5cefb99991
qwen_train,1990-s0001,transversal,candidate_requires_context_review,83df28683218f85f1a35ed4dfcb914ca7a34d81396b29ae37bb76e5cefb99991
qwen_train,1990-s0003,coordination,candidate_requires_context_review,0ce1734c3fc5cf613f580d676f0542e0e40e0c14a6a2b66e77fc3ed841701937
qwen_train,1990-s0003,scope_empty,candidate_requires_context_review,0ce1734c3fc5cf613f580d676f0542e0e40e0c14a6a2b66e77fc3ed841701937
qwen_train,1990-s0010,experience,candidate_requires_context_review,e54975539e97604d67e443fe8e014596bbfef6ffc6b5fa4ede32970e118664b0
qwen_train,1990-s0010,coordination,candidate_requires_context_review,e54975539e97604d67e443fe8e014596bbfef6ffc6b5fa4ede32970e118664b0
qwen_train,1990-s0010,transversal,candidate_requires_context_review,e54975539e97604d67e443fe8e014596bbfef6ffc6b5fa4ede32970e118664b0
qwen_train,1990-s0011,experience,candidate_requires_context_review,e54975539e97604d67e443fe8e014596bbfef6ffc6b5fa4ede32970e118664b0
qwen_train,1990-s0011,coordination,candidate_requires_context_review,e54975539e97604d67e443fe8e014596bbfef6ffc6b5fa4ede32970e118664b0
qwen_train,1990-s0011,transversal,candidate_requires_context_review,e54975539e97604d67e443fe8e014596bbfef6ffc6b5fa4ede32970e118664b0
qwen_train,1990-s0012,coordination,candidate_requires_context_review,a3fda876e2a172290b3884f0beadd4c08c23f40b98c6e6396ccc750dba080e54
qwen_train,1990-s0013,coordination,candidate_requires_context_review,a3fda876e2a172290b3884f0beadd4c08c23f40b98c6e6396ccc750dba080e54
qwen_train,1990-s0014,coordination,candidate_requires_context_review,42cc6aa236e85717ff63e0058f776e97103b54d37611e6c38e141d3566b11b6f
qwen_train,1990-s0015,coordination,candidate_requires_context_review,42cc6aa236e85717ff63e0058f776e97103b54d37611e6c38e141d3566b11b6f
qwen_train,1990-s0016,coordination,candidate_requires_context_review,cd296ee94e7c2b75ea0b5ff79eaa77e85e63b5e2f249b870debe7ac84764693c
qwen_train,1990-s0016,transversal,candidate_requires_context_review,cd296ee94e7c2b75ea0b5ff79eaa77e85e63b5e2f249b870debe7ac84764693c
qwen_train,1990-s0017,coordination,candidate_requires_context_review,cd296ee94e7c2b75ea0b5ff79eaa77e85e63b5e2f249b870debe7ac84764693c
qwen_train,1990-s0017,transversal,candidate_requires_context_review,cd296ee94e7c2b75ea0b5ff79eaa77e85e63b5e2f249b870debe7ac84764693c
qwen_train,1887-s0001,coordination,candidate_requires_context_review,3dfe843f4eda9490982c0e283ccbadd5cc72f9642515d1a9938e493cbbde074c
qwen_train,1887-s0000,coordination,candidate_requires_context_review,35c2ffaccd7195410b68874766516183b75fd45066e5dafed192c2067ef2e4a2
qwen_train,1887-s0002,coordination,candidate_requires_context_review,f099d29ff23482a3006531eb26be89c7aabe87d8cee6bef99862c2a4eb57633e
qwen_train,1887-s0003,coordination,candidate_requires_context_review,2cb9304c69dd804b253e45c5c92c302af31d9598fe25094a56c240d77e72d7e3
qwen_train,1887-s0004,coordination,candidate_requires_context_review,1405ea4b6f42ea3b14d26d3b3dddf531a86cba6215e8e10c03f42c0766d5c0a4
qwen_train,1887-s0004,tool_theory,candidate_requires_context_review,1405ea4b6f42ea3b14d26d3b3dddf531a86cba6215e8e10c03f42c0766d5c0a4
qwen_train,1887-s0005,coordination,candidate_requires_context_review,06352035494b992b284d9a9094d22e0b50907e56c630a8aca37162a832b54362
qwen_train,1887-s0005,transversal,candidate_requires_context_review,06352035494b992b284d9a9094d22e0b50907e56c630a8aca37162a832b54362
qwen_train,1887-s0006,experience,candidate_requires_context_review,1863652af6caca46872a2ec97fae9f361d61522a5c7567c168b61482b7618a75
qwen_train,1887-s0006,coordination,candidate_requires_context_review,1863652af6caca46872a2ec97fae9f361d61522a5c7567c168b61482b7618a75
qwen_train,1887-s0007,experience,candidate_requires_context_review,9384a99d0d78b346f35c615428cbb8aa9ba0534f39a1395285500ce6c5acb2c8
qwen_train,1887-s0007,coordination,candidate_requires_context_review,9384a99d0d78b346f35c615428cbb8aa9ba0534f39a1395285500ce6c5acb2c8
qwen_train,1987-s0001,coordination,candidate_requires_context_review,464575f5bbb5266daf9aa939d43dec23c8d6d7f801a48a3d317332357b6d1468
qwen_train,1987-s0001,transversal,candidate_requires_context_review,464575f5bbb5266daf9aa939d43dec23c8d6d7f801a48a3d317332357b6d1468
qwen_train,1987-s0003,coordination,candidate_requires_context_review,4948bcfd52c182d879dac9fffbdee85797d100c0e9a66dae36759c1e795b7d75
qwen_train,1987-s0005,coordination,candidate_requires_context_review,300560f86c201c707e511ca4102342133d9bb7d53d51f4d6c5c4d389a89dc9b2
qwen_train,1987-s0005,scope_empty,candidate_requires_context_review,300560f86c201c707e511ca4102342133d9bb7d53d51f4d6c5c4d389a89dc9b2
qwen_train,1987-s0007,coordination,candidate_requires_context_review,157cd5af8a3d7661bb2b59e9921baa417d9bd356fa1e6faa3b47a54f471d796c
qwen_train,1987-s0009,coordination,candidate_requires_context_review,fa0f46ad4882f70ca4c2d08abfbb090076c9358386953a432c774a31398e8634
qwen_train,1987-s0011,coordination,candidate_requires_context_review,671ba210d95fef88c96b8ac427ca50c491f1f9b70708e3a8c46565b9b47c8c19
qwen_train,1987-s0013,coordination,candidate_requires_context_review,9edee21a15814166748e644d05bbfcf996396bce1dddb8d730773a6d788cbfc2
qwen_train,1987-s0015,transversal,candidate_requires_context_review,dbe59b4ae1329052dafae4833bf8c08bbbbe1869dfb75ce33dbcb0814fd610ae
qwen_train,1987-s0027,coordination,candidate_requires_context_review,a1e05d0f594bbee51fe293c26686a9c6bf6c79d2b1e744e236886c3b5362fad3
qwen_train,1987-s0027,transversal,candidate_requires_context_review,a1e05d0f594bbee51fe293c26686a9c6bf6c79d2b1e744e236886c3b5362fad3
qwen_train,1987-s0029,coordination,candidate_requires_context_review,a99a2e662d896a543731345aa21b6b7e50a1299fef4abd28dbf2926fdfa749f3
qwen_train,1987-s0033,coordination,candidate_requires_context_review,e1ffac08838772d31399e039333db4a2ff4b39e2352faf8bde135d285e451dd8
qwen_train,1987-s0035,experience,candidate_requires_context_review,8cdb73a7ef83f59340a45fe0ea68e48ef10faeeca814a77d27c127db599b1063
qwen_train,1987-s0035,coordination,candidate_requires_context_review,8cdb73a7ef83f59340a45fe0ea68e48ef10faeeca814a77d27c127db599b1063
qwen_train,1987-s0039,experience,candidate_requires_context_review,787386c37f6a0d76e53c749b3e4c28dd98d33b2d968388ea9b472b09d4c5d292
qwen_train,1987-s0041,coordination,candidate_requires_context_review,378f55ce26c0de1d58530a8f130a1d28bb49925c7407c34c24aec5635018ec39
qwen_train,1987-s0043,coordination,candidate_requires_context_review,fce5021263baec76a8f865b67c708437791f86b5482d77f9c80dc87601dff2fd
qwen_train,1987-s0045,coordination,candidate_requires_context_review,dd935268b37534018968983a870f4cd3c5119d8839b110d4f62f96c8b202e035
qwen_train,1987-s0047,coordination,candidate_requires_context_review,89a3c91fae24e1f40810f85b2bc260791f8bbf975e958ed87256ca1193380bf9
qwen_train,1987-s0053,coordination,candidate_requires_context_review,a6b6579e6e6c4ca025c8eccb12b2c4e89772b216d40d29ca8c2139028a9e0f85
qwen_train,1987-s0057,coordination,candidate_requires_context_review,94b9357366f120ac1070fd8421a8c6f1d1098e06188495879365b8312252ed43
qwen_train,1987-s0059,coordination,candidate_requires_context_review,cc553e945bd3bd610cded25acfb65bc9fbb498e52fb385d353a04d35ef7a8c71
qwen_train,1987-s0065,coordination,candidate_requires_context_review,2e98c724613dbeabd14e729630ca7063cd3efed5faa88fe9333efb445f903a22
qwen_train,1987-s0069,coordination,candidate_requires_context_review,55a4e5821fa309ca393986ac6ea335dc81da92974c030fc20de2c5a52f1dd4b6
qwen_train,1988-s0001,coordination,candidate_requires_context_review,cf2cf0534ea8824fd17a0e008f83f0e15af845f2d64f1b6b97f0240100813815
qwen_train,1988-s0003,coordination,candidate_requires_context_review,7117a7970b620374b71db985c18bdd85d35e0273d98ae3161b4a97e9673b9fb2
qwen_train,1988-s0005,coordination,candidate_requires_context_review,1a2cf59caa9bf141551fe2e65a1fb1eea0aa4088b3007e2f8784ebd7f6064084
qwen_train,1988-s0007,coordination,candidate_requires_context_review,484d9e5cd7bd30d5c27dc0dfb88de127cd444727ef0ef8896e704643d72a804b
qwen_train,1988-s0007,scope_empty,candidate_requires_context_review,484d9e5cd7bd30d5c27dc0dfb88de127cd444727ef0ef8896e704643d72a804b
qwen_train,1988-s0009,coordination,candidate_requires_context_review,e371aeee10dff49692da4cabad3a0301f396df1c540346f5d4c8019c95b4e0e8
qwen_train,1988-s0011,coordination,candidate_requires_context_review,1b2935cf79b77fcbc7dda1cc4f62187a3d8e5facf7417185aab3d49a3a39acac
qwen_train,1988-s0015,coordination,candidate_requires_context_review,2a2397dc83d3ba4826d259a3b15583468ad9269f6fb8edeedc9832fd3db352f2
qwen_train,1988-s0017,coordination,candidate_requires_context_review,dc3010c5d368e43bc3ac40cb97946f25578b5ee8f12323fb7cc1d3f353de32de
qwen_train,1988-s0019,transversal,candidate_requires_context_review,ba1a1ec3102594b0d13f32c72c6d3f5e894f447d82a8a1bc7110277302dfab51
qwen_train,1988-s0021,coordination,candidate_requires_context_review,e6ed2fd607bc2309f2b44ef9ad207eda76dec013e04dce16329ef3b626d6e023
qwen_train,1988-s0023,coordination,candidate_requires_context_review,a604d3fbd3755188dcb0884fc1eb30b74a91809d55143ccf076a7f36207da87e
qwen_train,1988-s0039,coordination,candidate_requires_context_review,b240c2654586913b408ca70a4bb992b1aadc5b78777ba51248dd3321b140c063
qwen_train,1988-s0041,coordination,candidate_requires_context_review,b8d3c4e5422efd272389494fcaf8bf75d1244585404b8eacd078a38e903b5229
qwen_train,1988-s0043,coordination,candidate_requires_context_review,882ef087ccd456d0b2f2c62028eceffe89d17b8e6946cd8aa27af8e002b3e77a
qwen_train,1988-s0045,coordination,candidate_requires_context_review,e163ad04023440c95f3a3de0521ac2921955ce366ec62ec6a15dc4106c7f71c0
qwen_train,1988-s0047,coordination,candidate_requires_context_review,c81343060514e34770a48d3a671cbf517d145bcc7135420465460840d2ad3481
qwen_train,1988-s0049,coordination,candidate_requires_context_review,2663ac0017af677f47fb4bef47469ddb6ad81a67d34650ce32280814040bb5b4
qwen_train,1988-s0055,coordination,candidate_requires_context_review,7ddf807f36cb533514a8cc83c8d5c511bbbf689de74771148fe42a99b0c095f8
qwen_train,1988-s0059,coordination,candidate_requires_context_review,ffa0baaa8235be5669fd5d5fc22340d168ac406dd4cf54dcb123b6bf57389b68
qwen_train,1988-s0067,coordination,candidate_requires_context_review,294d5f668a97b2b68dbef4d5db23b0f3eecf5330fc28df7b73e26547a173b123
qwen_train,1988-s0069,coordination,candidate_requires_context_review,4a6d9e562f0d48da6d04a749352e0a9e6d19170a00c81f3facf7daf62d1e5c33
qwen_train,1988-s0075,coordination,candidate_requires_context_review,e5c32e6fb5f30d00daffad874a9f1a7c34cefc6ef27c522a93c5860903e2f989
qwen_train,1988-s0077,coordination,candidate_requires_context_review,a9a14f7c48205c8f0f986b714e576e4a7e3600e150165f58567f83aeaf83ce9e
qwen_train,1988-s0079,coordination,candidate_requires_context_review,145eaea66b3ab4bc2b856b0eeb25d7f054d66752539c37b872fdef262e8c659a
qwen_train,1988-s0081,coordination,candidate_requires_context_review,d40507f552d21070fd0eacdc2bde36214542fbb47d30fe598751ee02e975ca1b
qwen_train,1988-s0083,coordination,candidate_requires_context_review,d0ba7d6af17d34a0d8b43c0f164f2257769d98b32618a11953c9c649f620af93
qwen_train,1988-s0085,coordination,candidate_requires_context_review,eb3f69f4acd41a1ea9db7c73d07d7d887d37b6641c1bf05126d78bc31a7a1634
qwen_train,1988-s0087,coordination,candidate_requires_context_review,c4fc0b14136971bd27ddb749c5f92d02caff7298155ffb1644aa8d8a47f2e935
qwen_train,1988-s0089,coordination,candidate_requires_context_review,086d3f6881f7473f8415b42ac0d940a8afaf397fe3e1f5f41ce493d8630cd658
qwen_train,1988-s0091,coordination,candidate_requires_context_review,26bd6de38253f0dc067e9f5b1e54f83933d9d6a5044ec2d326a40325f5842002
qwen_train,1988-s0095,coordination,candidate_requires_context_review,43555c61d93333c5e3f439eda3d6fa9518817e86bf76212fe19d8e3572815c3e
qwen_train,1988-s0102,coordination,candidate_requires_context_review,251f02c60035938bd044c1e6b4a8a50f9b480678f42220a53d07976b9aff1183
qwen_train,1988-s0103,coordination,candidate_requires_context_review,251f02c60035938bd044c1e6b4a8a50f9b480678f42220a53d07976b9aff1183
qwen_train,1988-s0104,coordination,candidate_requires_context_review,d1021ba6400877d1853ec0f83b428ce8729a13919449306d09fedff472eb663b
qwen_train,1988-s0105,coordination,candidate_requires_context_review,d1021ba6400877d1853ec0f83b428ce8729a13919449306d09fedff472eb663b
qwen_train,1988-s0109,coordination,candidate_requires_context_review,541c1d760db866f5b3c4abbd9d45d141d35f7d028e2738e52e2a206d6678146b
qwen_train,1988-s0111,coordination,candidate_requires_context_review,84244547ab9fcf59ae4f083616b22c8a4637b95ea19ba622966711a80de8ba87
qwen_train,1988-s0115,coordination,candidate_requires_context_review,06d963279fd41bc28132eea9e7e09dcadfb1c1eef0a21e96916c3039bf5eb812
qwen_train,1988-s0117,coordination,candidate_requires_context_review,eb086072f671212eb17188c0fa4f46d9f3fa977aeea692be7e40e2a07bdf9731
qwen_train,1988-s0119,coordination,candidate_requires_context_review,c2b727dd75858d06e9125dedba544c4adec6947380f5e6fd6ee345fdafdfb0e0
qwen_train,1988-s0121,coordination,candidate_requires_context_review,a7d5bb95c63ef65ff500e7c2fc45fac74d38ece1d3602836d14d311ae48b8583
qwen_train,1988-s0129,coordination,candidate_requires_context_review,1adcb692a7a66a2f9ef573476bf6a29329e7d12cfe5e082aef59d5a23000f361
qwen_train,1988-s0133,coordination,candidate_requires_context_review,f99d64932e9b5c5c36a6df0ee0a87d3a79b2b0b9a134e5b35de44478fc1692b1
qwen_train,1988-s0135,coordination,candidate_requires_context_review,8dd528eae1a3a673b312368c9081b64d52c5f811d1059d0d92cf87d3aaed2249
qwen_train,1988-s0137,coordination,candidate_requires_context_review,783e2e5cfd8fe8ea2502415a3075ff0dde8d2fb052c2c8d60eaab7e32ab11e0f
qwen_train,1988-s0139,coordination,candidate_requires_context_review,30973c9170126d713549bb7c86bc116bbf0e09a11fea6f964f6c7d32b7064a8f
qwen_train,1988-s0145,coordination,candidate_requires_context_review,4bd113982b9d767027336f57fb32f4009e6e453501d2cfb138285354f56361a6
qwen_train,1988-s0147,coordination,candidate_requires_context_review,19bf3eaef4900802df10deb554a81f020c207f99aaa1e2d55a52425ecfbaf390
qwen_train,1988-s0149,coordination,candidate_requires_context_review,22d5261e95e73d0754f1e678363092bc636cbd52ef1e482b8c7ff1af646f39a9
qwen_train,1988-s0151,coordination,candidate_requires_context_review,024d23535795e6989327e038a54880d97fdb141ab8ebaa6b2cf2a2e3f1aea93f
qwen_train,1988-s0153,coordination,candidate_requires_context_review,097adaf787c13cfca3ce072e8fb3f9d88065037a689766ba6d40b7a8814ebcf0
qwen_train,1988-s0157,coordination,candidate_requires_context_review,5b0f71374a1818032bbcb3e6e335cf16ad2ad361ccf7fcaef0a7fcf68360271c
qwen_train,1988-s0157,scope_empty,candidate_requires_context_review,5b0f71374a1818032bbcb3e6e335cf16ad2ad361ccf7fcaef0a7fcf68360271c
qwen_train,1988-s0163,coordination,candidate_requires_context_review,4a6f0029ade739e99f76487fbc6c673ed9d2edfab82c7e8999f0a860f3a4f3e3
qwen_train,1991-s0012,coordination,candidate_requires_context_review,8e1eeadef4d95e0d44c966245159fc71733eeac48bad37c97ef9d509bf13f273
qwen_train,1991-s0013,coordination,candidate_requires_context_review,8e1eeadef4d95e0d44c966245159fc71733eeac48bad37c97ef9d509bf13f273
qwen_train,1992-s0001,coordination,candidate_requires_context_review,b4d0c8ce7a28166ada39c13ea00705b7bae8f076a36ccf225b67b12eb65e261a
qwen_train,1992-s0003,coordination,candidate_requires_context_review,721bec6a9ff05503c21c3979c7152ddb6853a893eb0d245b9c56e37651d42732
qwen_train,1992-s0007,coordination,candidate_requires_context_review,2b466b4cb3016baed54dbb6173f6bd4486e40c92dac0e2f5371c83dbec36fec2
qwen_train,1993-s0001,coordination,candidate_requires_context_review,a5b9a6d114be2b6bc60eccac1cceb04b16202d6c0c130d80358c252c6b206ebe
qwen_train,1993-s0001,transversal,candidate_requires_context_review,a5b9a6d114be2b6bc60eccac1cceb04b16202d6c0c130d80358c252c6b206ebe
qwen_train,1993-s0003,coordination,candidate_requires_context_review,e5d857a21ccf04ba02c97d9a44b09b9ae1872daeb830d2e4f898da316db18493
qwen_train,1993-s0005,coordination,candidate_requires_context_review,4c91796c8453fdfbe5279bbbb2f153681b381c4bddc6d0ad8bc89f832c90bdf4
qwen_train,1993-s0005,transversal,candidate_requires_context_review,4c91796c8453fdfbe5279bbbb2f153681b381c4bddc6d0ad8bc89f832c90bdf4
qwen_train,1993-s0009,transversal,candidate_requires_context_review,cecf370fdb8f90f2dc13d277e9a51b7370e9b80e33054c453fce29ba8380a263
qwen_train,1993-s0011,coordination,candidate_requires_context_review,c20114a49fcfc893ec745548e3579d4f13a3cdf3e3f4135b7ec4cb1eee60fcfa
qwen_train,1994-s0001,coordination,candidate_requires_context_review,e729bfd346676101343228e8f6310cec24b10aa10036cb5183b4e020d3150eda
qwen_train,1994-s0001,scope_empty,candidate_requires_context_review,e729bfd346676101343228e8f6310cec24b10aa10036cb5183b4e020d3150eda
qwen_train,1994-s0003,coordination,candidate_requires_context_review,a02e7c07da33ebb8c3eac8677aff39194c3083c31d02a5568766cd4960990fef
qwen_train,1994-s0003,scope_empty,candidate_requires_context_review,a02e7c07da33ebb8c3eac8677aff39194c3083c31d02a5568766cd4960990fef
qwen_train,1995-s0001,coordination,candidate_requires_context_review,9828883cef3b97244e54b2ac84586a43f3242de6fdf1fee980512bd414513f3a
qwen_train,1995-s0003,coordination,candidate_requires_context_review,669dc8aa68066dc464bd15ccbd69ead8ec370ad3272c1ecc19c7f4fd3ff58148
qwen_train,1995-s0005,coordination,candidate_requires_context_review,f657be96ed31cfd0733d55970b47eb38018fae5418617a816c4e3424fc24c3b8
qwen_train,1995-s0005,scope_empty,candidate_requires_context_review,f657be96ed31cfd0733d55970b47eb38018fae5418617a816c4e3424fc24c3b8
qwen_train,1995-s0007,coordination,candidate_requires_context_review,cc0e3b23bb44a60ba0df3bc6e871b28b41f3a153a04365fb137a34844ac1082c
qwen_train,1995-s0009,coordination,candidate_requires_context_review,c8e9a2448280ffe112036c5c4bcfec28ca7806b51a1378f22ef1ff3f48998dc2
qwen_train,1995-s0011,coordination,candidate_requires_context_review,4f81af3dff0112216969120b49879cffdadd09f2a9c6816a79ab50ff02849bd6
qwen_train,1995-s0017,coordination,candidate_requires_context_review,7872e08e1c2e79964127b26d767c1c0e0305350144e7c67bef86838271760ced
qwen_train,1995-s0017,transversal,candidate_requires_context_review,7872e08e1c2e79964127b26d767c1c0e0305350144e7c67bef86838271760ced
qwen_train,1995-s0025,experience,candidate_requires_context_review,c2ef6429e60aa7147a946eca5412e261d0cbeae4e732f14f52807bd4c3981f45
qwen_train,1995-s0025,coordination,candidate_requires_context_review,c2ef6429e60aa7147a946eca5412e261d0cbeae4e732f14f52807bd4c3981f45
qwen_train,1995-s0025,scope_empty,candidate_requires_context_review,c2ef6429e60aa7147a946eca5412e261d0cbeae4e732f14f52807bd4c3981f45
qwen_train,1995-s0029,coordination,candidate_requires_context_review,5edd2ff6f5d2af58a55c2e8eb97f148c82a4c82841a3c4f07d6f07f588fd553d
qwen_train,1995-s0031,coordination,candidate_requires_context_review,4ad433ec223940cb6eeb42ee87ff6e44782996ece92c603c37278fcfb6f2973e
qwen_train,1995-s0035,coordination,candidate_requires_context_review,b3e1d60a62330c3cf01bd02319a4cfb2b89415d5816c8d79c5990d231ef9c3d0
qwen_train,1995-s0037,coordination,candidate_requires_context_review,5791353660b83ca86955d727d98c6cc3dbdcd8983b48999be7def6aad392e8b8
qwen_train,1995-s0039,coordination,candidate_requires_context_review,4d2307f572841ba3857c36b4c177f0e36779863f5f1d6e09686bcb1f0447a455
qwen_train,1995-s0043,coordination,candidate_requires_context_review,acbb0af677c5638aa90c4fdb0553ff8190eaee650eceeaff0ed727572ed830c0
qwen_train,1995-s0045,coordination,candidate_requires_context_review,e7805e897121ecbcb7675dcb1d76b754d308d8aab2f55fd1d0ca378fbf03db03
qwen_train,1995-s0051,coordination,candidate_requires_context_review,0b0c418355cd87019ddbe06b54685a55db9246eac3807cf70fcd366b8c60232a
qwen_train,1995-s0053,coordination,candidate_requires_context_review,7ee8a9edd9011e3b2dbf9c85966bfef70575e4d91e44616d3d0d75ca2542db10
qwen_train,1995-s0061,coordination,candidate_requires_context_review,e7539fd8d3c3c9f50575be9937d820f52ca746890d610c4e07894e4b93cad74e
qwen_train,1995-s0061,scope_empty,candidate_requires_context_review,e7539fd8d3c3c9f50575be9937d820f52ca746890d610c4e07894e4b93cad74e
qwen_train,1995-s0065,coordination,candidate_requires_context_review,f13011e44601553caa2f0332c7226f9ce2b69118796dd57e1afc3f084cd10747
qwen_train,1995-s0067,coordination,candidate_requires_context_review,98be018116e8f6595ee107f3d1d425e236ca1d4cfc793112350897d7a7d69767
qwen_train,1995-s0071,coordination,candidate_requires_context_review,e563095b0cbb11c3f0b8b43e79b1fb25f693c7b5de17e4bd4a471a25e267c6cd
qwen_train,1995-s0077,experience,candidate_requires_context_review,ad7e17c2062858d26235848ea10525439f4c1a96f9b79c120e878f561858bae1
qwen_train,1995-s0077,coordination,candidate_requires_context_review,ad7e17c2062858d26235848ea10525439f4c1a96f9b79c120e878f561858bae1
qwen_train,1995-s0077,transversal,candidate_requires_context_review,ad7e17c2062858d26235848ea10525439f4c1a96f9b79c120e878f561858bae1
qwen_train,1995-s0079,coordination,candidate_requires_context_review,9e29362729514df5654a3f948e1c6cd9c3441cb7cb174819a87e8e87deb1156f
qwen_train,1995-s0081,coordination,candidate_requires_context_review,2c1dab38ccbeb2d8e000e15fa872ed26954946dae2d02ffb0361fbaeee80c86a
qwen_train,1996-s0001,coordination,candidate_requires_context_review,cafabd41f550f1fc3525b7c54363e63c2478ff1d161df9b27cc404d9cc02de24
qwen_train,1996-s0003,coordination,candidate_requires_context_review,a51c683fa726030a8a1244c2dfbb57224bb1d2f2f7f29d793a56c871504a93fc
qwen_train,1996-s0005,coordination,candidate_requires_context_review,a39d4c285a9fb78b7df1d7010ea3581e2421de60656490be3fcf1f0cfa982ed9
qwen_train,1996-s0007,coordination,candidate_requires_context_review,23672f80637137e1089d493245485a5474e2e19ef48dddbcdc604e88805425fb
qwen_train,1996-s0009,coordination,candidate_requires_context_review,85aa3ffeb780c2abbe63637c466564e34bf81186cc1629c4e6c295bc8da15a10
qwen_train,1997-s0001,coordination,candidate_requires_context_review,47b9649991f6078ecc19306ce8562cf74f33d0fc02e19be929c8faacad112776
qwen_train,1997-s0003,coordination,candidate_requires_context_review,86f20dfcb3e67865e470fbb04b57b25458776c0f90c447aeeece91ac64a02efd
qwen_train,1997-s0003,transversal,candidate_requires_context_review,86f20dfcb3e67865e470fbb04b57b25458776c0f90c447aeeece91ac64a02efd
qwen_train,1997-s0005,coordination,candidate_requires_context_review,d41fa9095a1ad08ec995cfc4d05de5f61387bd0b71178fb6595760f0b6fedd37
qwen_train,1997-s0005,transversal,candidate_requires_context_review,d41fa9095a1ad08ec995cfc4d05de5f61387bd0b71178fb6595760f0b6fedd37
qwen_train,1997-s0007,coordination,candidate_requires_context_review,5986d91907448d49fa087d23527814d9f7a2e89137a59c3475fb9ad87d7f43b6
qwen_train,1997-s0009,coordination,candidate_requires_context_review,96a68fa7b7a7dee89e97b622304290544773232d3b866e48a639608a89281ebc
qwen_train,1997-s0011,coordination,candidate_requires_context_review,4210b1a3ef54eb5b2af8c8cd732bb773179a06b1b7f3beae7eaae4578fca4cba
qwen_train,1997-s0011,transversal,candidate_requires_context_review,4210b1a3ef54eb5b2af8c8cd732bb773179a06b1b7f3beae7eaae4578fca4cba
qwen_train,1999-s0003,coordination,candidate_requires_context_review,943e1e024cf75a5a9ca0b45824b27c4a7b281bd577a73fc068f690c59dd24087
qwen_train,1999-s0005,coordination,candidate_requires_context_review,3f1aa51b266b80d5ad4624dbd5e911681fb3f71ad3c7c1470c191d804be62f69
qwen_train,1999-s0007,coordination,candidate_requires_context_review,c76632c1cdc8d7409b4d7c4df4c2a6107bca52b0ef7f84afcefc5146f2cb3dbc
qwen_train,1999-s0007,scope_empty,candidate_requires_context_review,c76632c1cdc8d7409b4d7c4df4c2a6107bca52b0ef7f84afcefc5146f2cb3dbc
qwen_train,1999-s0009,coordination,candidate_requires_context_review,51f65607c3ff642db8922d620f87fc034de7b4d046bcb87cb00c65ead0a07558
qwen_train,1999-s0011,coordination,candidate_requires_context_review,cb35b888799c64cafdaed2e2d35590cb90ff4abb4861aa826d3837c27995ef23
qwen_train,1999-s0017,coordination,candidate_requires_context_review,75bf0b0242158720f7af6fac25411fcebeffcb6a59b5015292f15559e3c94813
qwen_train,1999-s0019,coordination,candidate_requires_context_review,cbb4cab00d782c979431b19a07b2410d81e920886b2f88c3135791f4d31cf25b
qwen_train,1999-s0019,scope_empty,candidate_requires_context_review,cbb4cab00d782c979431b19a07b2410d81e920886b2f88c3135791f4d31cf25b
qwen_train,1999-s0021,coordination,candidate_requires_context_review,8af4297edf561e8656cb299169a059e2db3bc148d9bc344c92063d132e3b9710
qwen_train,1999-s0023,coordination,candidate_requires_context_review,cdcc245524943174ae086276075ef7b640600188de72430f84a376485b60867f
qwen_train,1999-s0026,coordination,candidate_requires_context_review,9b845b066847354fed1dfc72004254fdce7b17ab2215a66b574a76baa956c5c9
qwen_train,1999-s0027,coordination,candidate_requires_context_review,9b845b066847354fed1dfc72004254fdce7b17ab2215a66b574a76baa956c5c9
qwen_train,1999-s0029,coordination,candidate_requires_context_review,167f525a11f21313396dfabc83285f04fa304f6b1805564b899fe652b6998bed
qwen_train,1999-s0031,coordination,candidate_requires_context_review,8bc883bb81a9db42e68ec925330b0ee3fe700e182fd361417d343a2164fa8461
qwen_train,1999-s0033,coordination,candidate_requires_context_review,0a28894e594f60ba97d2b15ca59ce5c35db618016c1489b8afa06efc7f40d71b
qwen_train,1999-s0035,coordination,candidate_requires_context_review,b5fc9a449208f9b6e59b036a3919c37aa598ea7a49947bc6e0a1076961bfcdc1
qwen_train,1999-s0038,coordination,candidate_requires_context_review,ed984f4afd7348521812996bf3da500c3cda9c878592fdb99dbb59df924cd684
qwen_train,1999-s0039,coordination,candidate_requires_context_review,ed984f4afd7348521812996bf3da500c3cda9c878592fdb99dbb59df924cd684
qwen_train,1999-s0041,coordination,candidate_requires_context_review,18cc4f1e4470ff6ebf3c6d80ff9c5f1c1977a700cd0873872213eae35fc76da7
qwen_train,1999-s0041,scope_empty,candidate_requires_context_review,18cc4f1e4470ff6ebf3c6d80ff9c5f1c1977a700cd0873872213eae35fc76da7
qwen_train,1999-s0043,scope_empty,candidate_requires_context_review,23e716f775e16e43cb04d0d2e7f30c84965e37005ae105471f1e902fa4e06c19
qwen_train,1999-s0045,coordination,candidate_requires_context_review,9be8b1569047b49e6b9f72d03f7cb6da2759e8f3024eb2945ffcd32b6aa78c37
qwen_train,1999-s0045,scope_empty,candidate_requires_context_review,9be8b1569047b49e6b9f72d03f7cb6da2759e8f3024eb2945ffcd32b6aa78c37
qwen_train,1999-s0047,coordination,candidate_requires_context_review,9f38d8492ad1152c2b67347676fb15ef2c7247701349778cdf8f9a8b8b2af72b
qwen_train,1999-s0051,coordination,candidate_requires_context_review,df4262ba26282550002a300e784055139dce6825f0f7bed18c94cb1e0fcd2cc9
qwen_train,1999-s0055,coordination,candidate_requires_context_review,12cb0c225169b36d618c9386246658ba5ccf529cc0a371b264803f635060d0e3
qwen_train,1999-s0061,coordination,candidate_requires_context_review,a9b2ead577cc6ce948ee8daae6baeba3f5ca98b737653d6a831c878a26693e21
qwen_train,1999-s0065,scope_empty,candidate_requires_context_review,f732e238490ea572964fcc2c17cc0fafbae5ff4ec0fb976e6aacf4d13a4adad0
qwen_train,1999-s0069,coordination,candidate_requires_context_review,e686f7411f5b60cb63d36d66484999905ab7a11188068b8b429133e77782a9c5
qwen_train,1999-s0071,coordination,candidate_requires_context_review,0610e2ea7e39d723124d55a69b95ec460d16492007d62cfc7917b6fb61f986d6
qwen_train,2000-s0001,coordination,candidate_requires_context_review,ce6a3c2b7171ed759da9c0e704f993d3fec2be7028daf136ba9e628b4096553c
qwen_train,2000-s0001,transversal,candidate_requires_context_review,ce6a3c2b7171ed759da9c0e704f993d3fec2be7028daf136ba9e628b4096553c
qwen_dev,1833-s0001,coordination,candidate_requires_context_review,86e19fd9d7c7ec808334eb4a84a7c1b57a1d2d561b0f5c273793e9ce89093343
qwen_dev,1833-s0002,experience,candidate_requires_context_review,de71962d91a3d4cf71bcd6f8c4781860639554aec29b6ff0e626d7806a3cee1f
qwen_dev,1833-s0002,coordination,candidate_requires_context_review,de71962d91a3d4cf71bcd6f8c4781860639554aec29b6ff0e626d7806a3cee1f
qwen_dev,1833-s0002,transversal,candidate_requires_context_review,de71962d91a3d4cf71bcd6f8c4781860639554aec29b6ff0e626d7806a3cee1f
qwen_dev,1833-s0003,coordination,candidate_requires_context_review,52c7ed0b3f6758b9c6d14b9a2b1186287eddf434b8a8170f490482fbc2b9dab6
qwen_dev,1833-s0003,transversal,candidate_requires_context_review,52c7ed0b3f6758b9c6d14b9a2b1186287eddf434b8a8170f490482fbc2b9dab6
qwen_dev,1833-s0004,coordination,candidate_requires_context_review,2f3eff3c54fe58e14579828ec9fa5df67bde3e9900ea9600f351530f57af00b0
qwen_dev,1833-s0004,transversal,candidate_requires_context_review,2f3eff3c54fe58e14579828ec9fa5df67bde3e9900ea9600f351530f57af00b0
qwen_dev,1833-s0005,coordination,candidate_requires_context_review,9a2cf4a1b2d0195f4fb456ce5425011fb9a13e98ad20fdfbd9cfe3f22a58e533
qwen_dev,1843-s0000,coordination,candidate_requires_context_review,0bbc7edd4df90bcdf47f64212c775e8d4cba0db189bfc39049b8aa1ef7886956
qwen_dev,1843-s0001,coordination,candidate_requires_context_review,89e922926f7959b052446924f2335e75c0231158efdf6276354a701886ff82aa
qwen_dev,1843-s0002,coordination,candidate_requires_context_review,0cb5253340c36b9d6a6c7af54203216e9cb5205384fd26cb23c20995551f0f80
qwen_dev,1843-s0003,coordination,candidate_requires_context_review,61c07e244ebc7ef08f08b128458b5270611fcfa8bfd35b8f7a143948dd29c74b
qwen_dev,1843-s0004,experience,candidate_requires_context_review,636ca4b300aee26b19037ca76d5e1efe1269e289f5f8d87b6eb83e6893e90f61
qwen_dev,1843-s0004,coordination,candidate_requires_context_review,636ca4b300aee26b19037ca76d5e1efe1269e289f5f8d87b6eb83e6893e90f61
qwen_dev,1843-s0004,tool_theory,candidate_requires_context_review,636ca4b300aee26b19037ca76d5e1efe1269e289f5f8d87b6eb83e6893e90f61
qwen_dev,1843-s0005,experience,candidate_requires_context_review,43de3c4498e59472e9d031d1d15dc1cffaa6ef40adb41e121c647ce48436edd4
qwen_dev,1843-s0005,coordination,candidate_requires_context_review,43de3c4498e59472e9d031d1d15dc1cffaa6ef40adb41e121c647ce48436edd4
qwen_dev,1843-s0005,tool_theory,candidate_requires_context_review,43de3c4498e59472e9d031d1d15dc1cffaa6ef40adb41e121c647ce48436edd4
qwen_dev,1843-s0006,experience,candidate_requires_context_review,96309890296c1a6a89da56adbc361150c4dfd970a28833a28b9de86a8eba52c3
qwen_dev,1843-s0006,coordination,candidate_requires_context_review,96309890296c1a6a89da56adbc361150c4dfd970a28833a28b9de86a8eba52c3
qwen_dev,1843-s0007,experience,candidate_requires_context_review,3e486abcc12c6a67d8141bc1bc163ba3cd523d58185925c8103c5a8fc5eed783
qwen_dev,1843-s0007,coordination,candidate_requires_context_review,3e486abcc12c6a67d8141bc1bc163ba3cd523d58185925c8103c5a8fc5eed783
qwen_dev,1843-s0008,coordination,candidate_requires_context_review,2479eae3d66be201d79e623d96dc4c42906b3b096672d25ea705f8b405000461
qwen_dev,1843-s0008,transversal,candidate_requires_context_review,2479eae3d66be201d79e623d96dc4c42906b3b096672d25ea705f8b405000461
qwen_dev,1850-s0000,experience,candidate_requires_context_review,35e53684e992fcce6283a8afda93fd08a5da6db382c3150ef0d6f04594a56a55
qwen_dev,1850-s0000,coordination,candidate_requires_context_review,35e53684e992fcce6283a8afda93fd08a5da6db382c3150ef0d6f04594a56a55
qwen_dev,1850-s0000,transversal,candidate_requires_context_review,35e53684e992fcce6283a8afda93fd08a5da6db382c3150ef0d6f04594a56a55
qwen_dev,1850-s0000,scope_empty,candidate_requires_context_review,35e53684e992fcce6283a8afda93fd08a5da6db382c3150ef0d6f04594a56a55
qwen_dev,1854-s0000,experience,candidate_requires_context_review,ea391263eed74d04d138fddaad18bdc49c2fefb740d37a83c9bfd8c2fe6fba71
qwen_dev,1854-s0000,coordination,candidate_requires_context_review,ea391263eed74d04d138fddaad18bdc49c2fefb740d37a83c9bfd8c2fe6fba71
qwen_dev,1854-s0001,experience,candidate_requires_context_review,f35ecb4071521902281fa36f8aa76415f36738a97cd7d96a777351d3806eb59f
qwen_dev,1854-s0001,coordination,candidate_requires_context_review,f35ecb4071521902281fa36f8aa76415f36738a97cd7d96a777351d3806eb59f
qwen_dev,1854-s0002,experience,candidate_requires_context_review,04a4074c119c49e5bbb6f373dda14e3844b20da6d2b965966210335a34cde7f3
qwen_dev,1854-s0002,coordination,candidate_requires_context_review,04a4074c119c49e5bbb6f373dda14e3844b20da6d2b965966210335a34cde7f3
qwen_dev,1854-s0002,transversal,candidate_requires_context_review,04a4074c119c49e5bbb6f373dda14e3844b20da6d2b965966210335a34cde7f3
qwen_dev,1862-s0000,coordination,candidate_requires_context_review,641965c2042c6ac12108398eb201f1312bb44a18ad1cf45337e305205e0d896c
qwen_dev,1862-s0000,tool_theory,candidate_requires_context_review,641965c2042c6ac12108398eb201f1312bb44a18ad1cf45337e305205e0d896c
qwen_dev,1862-s0001,coordination,candidate_requires_context_review,2dde5e716b88118271a59be2be170a73200a64aee1f45a16f6b5bc08c447265f
qwen_dev,1862-s0001,tool_theory,candidate_requires_context_review,2dde5e716b88118271a59be2be170a73200a64aee1f45a16f6b5bc08c447265f
qwen_dev,1862-s0002,coordination,candidate_requires_context_review,ec65d1054b6c9db4e86c2343b17ab00fccec4ee032f09632fea95f8438f08bb0
qwen_dev,1862-s0005,coordination,candidate_requires_context_review,0fbef5ba399bd1b482037564be535675a11b2de554d9d56be7fc87dd61fe322c
qwen_dev,1862-s0005,tool_theory,candidate_requires_context_review,0fbef5ba399bd1b482037564be535675a11b2de554d9d56be7fc87dd61fe322c
qwen_dev,1862-s0006,coordination,candidate_requires_context_review,a56f2c4b5374e26f8a0a35655238c97dc0514b9c584ccc8247d23c32c244b650
qwen_dev,1862-s0007,tool_theory,candidate_requires_context_review,82f85c3fb3a7d92450ec3b0ca69870e3417a013099872f93865ed08243f8b823
qwen_dev,1862-s0008,coordination,candidate_requires_context_review,36ef82fd82972a2629c4c1b6baebf828f53cd81e7ecb2a04fc2e4c92be1c0f6d
qwen_dev,1862-s0009,experience,candidate_requires_context_review,081d1c80b9a46cbf8c1fdd042284fe24c88728aea437fb21040bfda119794e6e
qwen_dev,1862-s0009,coordination,candidate_requires_context_review,081d1c80b9a46cbf8c1fdd042284fe24c88728aea437fb21040bfda119794e6e
qwen_dev,1862-s0009,tool_theory,candidate_requires_context_review,081d1c80b9a46cbf8c1fdd042284fe24c88728aea437fb21040bfda119794e6e
qwen_dev,1862-s0010,coordination,candidate_requires_context_review,f4d9ad17efe88f745645aeb1687518e33fce033940e1faad187c9e1081618b71
qwen_dev,1862-s0010,transversal,candidate_requires_context_review,f4d9ad17efe88f745645aeb1687518e33fce033940e1faad187c9e1081618b71
qwen_dev,1862-s0011,experience,candidate_requires_context_review,c13781976d17d0ce6dd2a794cd7d67a6f66365e7cd04a326359513e073f42c6b
qwen_dev,1862-s0012,experience,candidate_requires_context_review,ab74e6e3c4d244fb47550f1b599270d152fe24017c2a29a968ca82b6b8d89a38
qwen_dev,1876-s0000,coordination,candidate_requires_context_review,bc1ec90d509ab349ec5a9aef3c9d11e1077fd85607f7a6f626c15c1814fa47a0
qwen_dev,1876-s0001,coordination,candidate_requires_context_review,e49806437e169272890b220b0b8e51b2cc80a9e96d2db87d8ebb8e58aaee8213
qwen_dev,1876-s0003,coordination,candidate_requires_context_review,9a56604526557b0ce175f77a52e5d77d235a8c1488ebffb4f3c9dcdc5f0aaf9e
qwen_dev,1876-s0005,coordination,candidate_requires_context_review,69a89f847a26b0276e3c70caad83fb0f895cbe0d4ae0c206d1c05767ba2f6afb
qwen_dev,1876-s0008,transversal,candidate_requires_context_review,e60eff05b5420c64ffe49f9289c30fc1e616b7a9f4bf23afcbf233c4d2d86710
qwen_dev,1876-s0009,coordination,candidate_requires_context_review,d70b933b8d6095ff4a8bea33a40ee5bc97802bc1bd916e911c1c3109e9a05f91
qwen_dev,1876-s0011,transversal,candidate_requires_context_review,cd45cd636a2eafcdcafd057490979b359956abf38ffa2b9bbcc2496c5c707d14
qwen_dev,1876-s0012,coordination,candidate_requires_context_review,418d635be6512cbd7422be9a7ac8adcbd4cd822ea23328f1ba6cc5c4a24a7b04
qwen_dev,1876-s0012,transversal,candidate_requires_context_review,418d635be6512cbd7422be9a7ac8adcbd4cd822ea23328f1ba6cc5c4a24a7b04
qwen_dev,1876-s0013,coordination,candidate_requires_context_review,f9fec39096c511fe9399f4656e6f03a799259f6e737290605810f13ba7f45065
qwen_dev,1876-s0014,coordination,candidate_requires_context_review,08d97e80a4ee568b5e44c2823048ffb4c40ea772d84089c6590dd87bb152965f
qwen_dev,1876-s0016,coordination,candidate_requires_context_review,abbdbbb55e62e1757c9767096f8fad0f1e02bc722d3f34c15be5b64d5b1b5fc6
qwen_dev,1876-s0017,coordination,candidate_requires_context_review,1c7d60083005b5e7ef8e71f81cac16501c3f3d557cfb8645e1068d526c44c4f7
qwen_dev,1918-s0000,coordination,candidate_requires_context_review,f13247fb6e1f66267ce3130e52eb4b2f6c12d14ee51e1d53bdeef0d853a164c5
qwen_dev,1918-s0002,coordination,candidate_requires_context_review,6b28b9788340e429a82f8e29a0973c78da3296b4ca00883d7f4933940984fd81
qwen_dev,1918-s0004,coordination,candidate_requires_context_review,ad7ba569ddf9c0e73454ef474d13a0e2b3be0805cc69ab92b9376559a40f7713
qwen_dev,1918-s0005,coordination,candidate_requires_context_review,13d72f8da5a985af5bfbfb33e72ace4b61c1441a93f2d2c3743e0b079d5da18c
qwen_dev,1918-s0006,coordination,candidate_requires_context_review,a2ec3c1ca414888be1873c978c65c51a62dfd7840fde8e741504c5096c0fac11
qwen_dev,1918-s0006,transversal,candidate_requires_context_review,a2ec3c1ca414888be1873c978c65c51a62dfd7840fde8e741504c5096c0fac11
qwen_dev,1918-s0007,coordination,candidate_requires_context_review,f29065fe855c72b67d1c9f4c4d8c5d5896e64286ae925923070aad56d4d796d2
qwen_dev,1918-s0008,coordination,candidate_requires_context_review,164bb9e93b13e465402799e0e0779f02ee1adb9e092ea1e7240f1c93d0f4f258
qwen_dev,1918-s0009,experience,candidate_requires_context_review,b43091e389dd99920d833356ad308d682315f1e67ead539f5b794d5320bc28e6
qwen_dev,1918-s0009,coordination,candidate_requires_context_review,b43091e389dd99920d833356ad308d682315f1e67ead539f5b794d5320bc28e6
qwen_dev,1918-s0010,experience,candidate_requires_context_review,03d29555e251d936cb1990d47e721dff07faeb0c279dd5faffbeb23dd3802b08
qwen_dev,1918-s0010,coordination,candidate_requires_context_review,03d29555e251d936cb1990d47e721dff07faeb0c279dd5faffbeb23dd3802b08
qwen_dev,1918-s0010,transversal,candidate_requires_context_review,03d29555e251d936cb1990d47e721dff07faeb0c279dd5faffbeb23dd3802b08
qwen_dev,1918-s0011,coordination,candidate_requires_context_review,2a7b7bfbced7115b33590863342fcb130a9d0dedc3ee9512b1e4c7fc8e39a06b
qwen_dev,1918-s0011,transversal,candidate_requires_context_review,2a7b7bfbced7115b33590863342fcb130a9d0dedc3ee9512b1e4c7fc8e39a06b
qwen_dev,1923-s0000,experience,candidate_requires_context_review,c1b397513bc1626ad0176355eaeb35d302349b5c90b56cae27d7d42fe3797f62
qwen_dev,1923-s0000,coordination,candidate_requires_context_review,c1b397513bc1626ad0176355eaeb35d302349b5c90b56cae27d7d42fe3797f62
qwen_dev,1923-s0000,tool_theory,candidate_requires_context_review,c1b397513bc1626ad0176355eaeb35d302349b5c90b56cae27d7d42fe3797f62
qwen_dev,1923-s0000,transversal,candidate_requires_context_review,c1b397513bc1626ad0176355eaeb35d302349b5c90b56cae27d7d42fe3797f62
qwen_dev,1929-s0000,coordination,candidate_requires_context_review,a3432ac2a81b5fba8738b22f18a7645e15839fa76bfab377e1fbff43d85d200c
qwen_dev,1929-s0002,experience,candidate_requires_context_review,03fe5f2bbc458b2eb441ff6673b5052836eb1675898bd7b133a8292c00973494
qwen_dev,1929-s0002,tool_theory,candidate_requires_context_review,03fe5f2bbc458b2eb441ff6673b5052836eb1675898bd7b133a8292c00973494
qwen_dev,1929-s0003,experience,candidate_requires_context_review,1a0f518b816464d30dc74e3b5f6be9c6392fe2d2286fec28b464e98523f56ce5
qwen_dev,1929-s0003,coordination,candidate_requires_context_review,1a0f518b816464d30dc74e3b5f6be9c6392fe2d2286fec28b464e98523f56ce5
qwen_dev,1929-s0005,coordination,candidate_requires_context_review,fdb7e6b8d8069d53a610840ed1c77e2fa3bfdc1ed00d58c217032925df59b6ca
qwen_dev,1929-s0005,tool_theory,candidate_requires_context_review,fdb7e6b8d8069d53a610840ed1c77e2fa3bfdc1ed00d58c217032925df59b6ca
qwen_dev,1929-s0006,coordination,candidate_requires_context_review,d6bc1112b2f6bb5a47ab17d629108b8eb2e324f4fa62dc7d22e9245305ff26c2
qwen_dev,1929-s0007,coordination,candidate_requires_context_review,c3e97d25b264d121764afe711e93bd9a037fcfe8ecc4418e12cfdd6c7c6085c2
qwen_dev,1929-s0009,coordination,candidate_requires_context_review,fd8f45addd61858a64074f232be32aa172c721c022b4c54d388cb898cbe1a3ef
qwen_dev,1929-s0009,tool_theory,candidate_requires_context_review,fd8f45addd61858a64074f232be32aa172c721c022b4c54d388cb898cbe1a3ef
qwen_dev,1929-s0010,coordination,candidate_requires_context_review,ecbe83ccb1d007fa78d5af38ed04a64fd511dd4bb9519fa43b981bb7ae0efa57
qwen_dev,1929-s0010,tool_theory,candidate_requires_context_review,ecbe83ccb1d007fa78d5af38ed04a64fd511dd4bb9519fa43b981bb7ae0efa57
qwen_dev,1929-s0011,coordination,candidate_requires_context_review,5fc0237d77135df68e2000d0e64a6424a6dbd68b2ac76c2689c13e29ec7e358e
qwen_dev,1929-s0012,coordination,candidate_requires_context_review,6b0956b2f2309ac11bc019163dc04728c7743711472e20882eda9c7f1861de2d
qwen_dev,1929-s0013,coordination,candidate_requires_context_review,b95b58c5df9f78b57f59588905062cd6128346c59c83ce23501be5412e0f2113
qwen_dev,1943-s0002,coordination,candidate_requires_context_review,9cd406e4e4951e10607690dc448ffcdab90cf8b31c8dc0c32f8655d3349ce3bb
qwen_dev,1943-s0005,experience,candidate_requires_context_review,049e4d24e2e3fc4f3f8d3e587472004d2f46a9f413fa608d371ed9473dfed47a
qwen_dev,1943-s0005,coordination,candidate_requires_context_review,049e4d24e2e3fc4f3f8d3e587472004d2f46a9f413fa608d371ed9473dfed47a
qwen_dev,1943-s0006,coordination,candidate_requires_context_review,5177f8ffd5a4f9e5fd189ac1b39fe6e9d78ca929bb33ad80ec47c682525d021e
qwen_dev,1943-s0007,coordination,candidate_requires_context_review,84128eb4447d54640171885d4461e1850a0efbff7ed482b0f59209dbd460a4f5
qwen_dev,1954-s0000,coordination,candidate_requires_context_review,f4d02646e37787e8af80b3c3d7f910191a5473372164afba1fec08535d104191
qwen_dev,1954-s0001,coordination,candidate_requires_context_review,d52a45a8f72116e62119c6d7afcaa48b5c7a53b74ad7d4ae92ef9df3b12e56d5
qwen_dev,1954-s0001,transversal,candidate_requires_context_review,d52a45a8f72116e62119c6d7afcaa48b5c7a53b74ad7d4ae92ef9df3b12e56d5
qwen_dev,1954-s0002,experience,candidate_requires_context_review,37f862e2c3810300a6e25578ffd3f41e87153967f98c2b1f6d173baec109e196
qwen_dev,1954-s0002,coordination,candidate_requires_context_review,37f862e2c3810300a6e25578ffd3f41e87153967f98c2b1f6d173baec109e196
qwen_dev,1954-s0003,coordination,candidate_requires_context_review,3fb2eda8bd7f6be28a8e8f0870ea11235e4f26809253390ed3bb53cbe96a96db
qwen_dev,1954-s0004,coordination,candidate_requires_context_review,73a073ca33ba51fdb9a997d01bf32cfe0d91675781daa269e32223f2f92f201f
qwen_dev,1954-s0005,coordination,candidate_requires_context_review,fc9b4627929bb54f6f8360d21fb3f45c7bef7aebd4b9e51e4db35c54b6568277
qwen_dev,1954-s0005,scope_empty,candidate_requires_context_review,fc9b4627929bb54f6f8360d21fb3f45c7bef7aebd4b9e51e4db35c54b6568277
qwen_dev,1954-s0006,coordination,candidate_requires_context_review,615a8206621dec61d328eff8b5d45a8931e6bb50c731cddd2871910bcb372574
qwen_dev,1957-s0000,coordination,candidate_requires_context_review,3944741bf08699d4ed311e6a3c0db7f53dbaaf1240b0525a74663f03be9f4255
qwen_dev,1957-s0001,coordination,candidate_requires_context_review,cfb9c6adad91513a305f02421f7e6d46e7241c3f9d02ec996396192a89145ab2
qwen_dev,1957-s0001,tool_theory,candidate_requires_context_review,cfb9c6adad91513a305f02421f7e6d46e7241c3f9d02ec996396192a89145ab2
qwen_dev,1957-s0002,coordination,candidate_requires_context_review,3acd502d3ab9231475b48e6198ea644eec13a515c0b2d03f74ae1d6506dfde48
qwen_dev,1957-s0002,tool_theory,candidate_requires_context_review,3acd502d3ab9231475b48e6198ea644eec13a515c0b2d03f74ae1d6506dfde48
qwen_dev,1957-s0003,coordination,candidate_requires_context_review,3a966420bb2ec6480f8fb53ce62bacffb1c0bef181222ec9ad86319d840dc316
qwen_dev,1957-s0004,experience,candidate_requires_context_review,5722acfa06a966e038fccfb4b676cd91890d63e8b7cb4ffb4493ecf81da08250
qwen_dev,1957-s0004,coordination,candidate_requires_context_review,5722acfa06a966e038fccfb4b676cd91890d63e8b7cb4ffb4493ecf81da08250
qwen_dev,1957-s0004,tool_theory,candidate_requires_context_review,5722acfa06a966e038fccfb4b676cd91890d63e8b7cb4ffb4493ecf81da08250
qwen_dev,1957-s0005,experience,candidate_requires_context_review,bdb41cfa6b9349b9be4801f0336a142986c4dec1d5038e6ff72aabc66a202a8b
qwen_dev,1957-s0005,coordination,candidate_requires_context_review,bdb41cfa6b9349b9be4801f0336a142986c4dec1d5038e6ff72aabc66a202a8b
qwen_dev,1958-s0000,experience,candidate_requires_context_review,cc64fb566bc6416a8f1f12f5bc66c9965baccc173c14f11d248fbaefaf84ac9c
qwen_dev,1958-s0000,coordination,candidate_requires_context_review,cc64fb566bc6416a8f1f12f5bc66c9965baccc173c14f11d248fbaefaf84ac9c
qwen_dev,1962-s0000,coordination,candidate_requires_context_review,c9bc8f9f2d806492ae814a37d76073a15e57b1f30f5e3cd452575a7593098049
qwen_dev,1962-s0001,coordination,candidate_requires_context_review,f5b11276919d8391f1b1426189483a76d100755571cc6689809f53f6d15f7773
qwen_dev,1962-s0001,transversal,candidate_requires_context_review,f5b11276919d8391f1b1426189483a76d100755571cc6689809f53f6d15f7773
qwen_dev,1962-s0002,coordination,candidate_requires_context_review,26e2e94fba7c3485985f5f8e37072f2f7daa7dfbe2811c57910d60d3d82ca023
qwen_dev,1962-s0002,transversal,candidate_requires_context_review,26e2e94fba7c3485985f5f8e37072f2f7daa7dfbe2811c57910d60d3d82ca023
qwen_dev,1962-s0003,coordination,candidate_requires_context_review,5bcf159e576abd5da383c2d8da0a0898e485207671295452dd89485cf4672c3b
qwen_dev,1962-s0004,coordination,candidate_requires_context_review,e3c04036cbcc4727b3b56ac68315c4c705b2a20796f194c7237dc6554e17b94e
qwen_dev,1962-s0004,scope_empty,candidate_requires_context_review,e3c04036cbcc4727b3b56ac68315c4c705b2a20796f194c7237dc6554e17b94e
qwen_dev,1966-s0000,coordination,candidate_requires_context_review,9381a402b164548ffc5b1e8aaa323e3748b04ad5d939217e028356ac9e25e033
qwen_dev,1966-s0001,coordination,candidate_requires_context_review,9c15a0e2ac608cf2a7e77e44b4c6156af02503635dfb485b53958a893a9a49cc
qwen_dev,1966-s0002,coordination,candidate_requires_context_review,717ad570f19221b00ebcb75179f50e42078c856c7bdc3c73a43abe11db0c83f4
qwen_dev,1966-s0003,coordination,candidate_requires_context_review,70965f58fb41470ad5e017842a076a1ff2ec03e3ce94de1dc5720b8d22970220
qwen_dev,1966-s0004,coordination,candidate_requires_context_review,80438585b5847a98fa11ae9e8b0115e016dbbc30841dba619fbc88827ec2fa46
qwen_dev,1966-s0005,coordination,candidate_requires_context_review,d9f02e71144f831072a5cbcfd6891723e50405f35016b5105a655107dd18c710
qwen_dev,1966-s0006,coordination,candidate_requires_context_review,8856ed4577a25caf9f7be268550b26d52e18efdf009f3d4f8764cd230454d907
qwen_dev,1966-s0006,transversal,candidate_requires_context_review,8856ed4577a25caf9f7be268550b26d52e18efdf009f3d4f8764cd230454d907
qwen_dev,1966-s0007,coordination,candidate_requires_context_review,d7e3c0c06acfbd353c426d4067830ba32e7b6a1a4c93b82d2dbc05939add6af0
qwen_dev,1966-s0008,coordination,candidate_requires_context_review,35b41cd7dc692c160dde41929dab79ec7fa2bab4fd9d7888c57dfc06e4a6c661
qwen_dev,1966-s0009,experience,candidate_requires_context_review,abdac9c85c8a829dc8f397958ab618d8c922d372152ee151c02dac5368ef01f7
qwen_dev,1976-s0000,coordination,candidate_requires_context_review,1fc665a60eb2947790c229800a3d0b149792169624bb80bbf1cfaf83560cc24d
qwen_dev,1976-s0001,coordination,candidate_requires_context_review,55b54a198680cde1ee8b22e568b341e635e850f2ed0e8003eddc02f9256468fe
qwen_dev,1976-s0002,coordination,candidate_requires_context_review,b116a3cf23ca65063b6813cd5fb78cf5370e0cc561319b9108d42d5758fe2c91
qwen_dev,1976-s0003,coordination,candidate_requires_context_review,88d02db4c5dc0d6376b546690b493482166e6cae3fd9dc5adb4300f679230a98
qwen_dev,1976-s0004,coordination,candidate_requires_context_review,1d236344fe6531dc0e576dd3c6e8b58d75936a7c31b48c6bc09f433f49ff8c7c
qwen_dev,1976-s0005,coordination,candidate_requires_context_review,88fd8760e608beb8a19ad1f537611f3d8a5b8c4f043195e12d447d0e42fbee8f
qwen_dev,1976-s0006,coordination,candidate_requires_context_review,8b99f4f343cb3858529e96adfe2b82827b572e84397a8b4293f43c8588661277
qwen_dev,1976-s0007,experience,candidate_requires_context_review,99e5e6f3d34b0ab16b19eecda425527c1a6af2bade15c45ddccfe935883b61d2
qwen_dev,1976-s0007,coordination,candidate_requires_context_review,99e5e6f3d34b0ab16b19eecda425527c1a6af2bade15c45ddccfe935883b61d2
qwen_dev,1976-s0010,coordination,candidate_requires_context_review,3cd15809fc3e0b0692ddd6d63d5b96f1d06aa541eff8de1aae7049be10b48903
qwen_dev,1976-s0011,coordination,candidate_requires_context_review,28bdea53aec39f3a4f8e27f3928064d3b59768a343ead3c6a5ae10f78e52ceaf
qwen_dev,1976-s0012,coordination,candidate_requires_context_review,c8df041c30967b8eb4ac7ba8b5fee7953b0b2c9d6edeeb1fa6164c49bd3865fd
qwen_dev,1976-s0013,coordination,candidate_requires_context_review,1c57d131190e75bbac9c3ea5b62a163d4ed8d0556a6d1791cf5e02580f226faa
qwen_dev,1976-s0013,transversal,candidate_requires_context_review,1c57d131190e75bbac9c3ea5b62a163d4ed8d0556a6d1791cf5e02580f226faa
qwen_dev,1976-s0014,coordination,candidate_requires_context_review,3b41c04d2007d53e977216ce764f53f0f203e92fce1aeb54969e71d5d21f21a5
qwen_dev,1976-s0014,transversal,candidate_requires_context_review,3b41c04d2007d53e977216ce764f53f0f203e92fce1aeb54969e71d5d21f21a5
qwen_dev,1989-s0000,coordination,candidate_requires_context_review,2b908b8759077d398bd5f1a664e550e496cf8ad8e5a59f9a6687dd122a4ca55f
qwen_dev,1989-s0003,coordination,candidate_requires_context_review,308086566090738668af4f2dcda862ec217580854519d6f60a78a183b6d2a5f8
qwen_dev,1989-s0003,scope_empty,candidate_requires_context_review,308086566090738668af4f2dcda862ec217580854519d6f60a78a183b6d2a5f8
qwen_dev,1989-s0006,coordination,candidate_requires_context_review,4bd55044af774c8a5c1c508e3ee9ea6efff4edd39d3bfa77d6c422b71476c1ce
qwen_dev,1989-s0009,coordination,candidate_requires_context_review,f4a098d0eb8db576200b53bd553d9d530a565284b7e24d5e8b801709f5d4fcba
qwen_dev,1989-s0012,coordination,candidate_requires_context_review,99340c3c60e09462bae095ea8e47ddf64a64155a1ea3153848752b5171e4b101
qwen_dev,1989-s0015,coordination,candidate_requires_context_review,cd6ee4b86c7243df6ab149755977d58284f5b3ae8ff4eda4668a9fb6a66dc222
qwen_dev,1989-s0024,coordination,candidate_requires_context_review,9761593d6ad51c85769424390d3db0f2341368d95b8f1f871a8fe8ee57f9dee3
qwen_dev,1991-s0000,coordination,candidate_requires_context_review,33d402a72662d614be6860c9055d6204ac569b02fd3bc8804dc32023a7bce076
qwen_dev,1991-s0002,coordination,candidate_requires_context_review,5f3c9e1365ecfef4311db625d16201e44d41e9eedb73a69e74c02b3dd3e61028
qwen_dev,1991-s0002,scope_empty,candidate_requires_context_review,5f3c9e1365ecfef4311db625d16201e44d41e9eedb73a69e74c02b3dd3e61028
qwen_dev,1991-s0004,coordination,candidate_requires_context_review,92668c4121a13067c6578d2dcead2c7f8fc008e4993be3e06338845360222f9a
qwen_dev,1991-s0008,coordination,candidate_requires_context_review,665b38536998f61943465784c03cea63913e05e1865c1436b4b6674abac97436
qwen_dev,1991-s0010,coordination,candidate_requires_context_review,b2ae9c3920da05abaeee70480f05bfa4fe0745517899545b5434368d45203ec1
qwen_dev,1991-s0016,coordination,candidate_requires_context_review,3cd8a644b4aa36b8d8b5104df16b57dcc0c422f73951341d7132e0ce643f6bdd
qwen_dev,1991-s0018,coordination,candidate_requires_context_review,6862b43476a25b10ebfc2b1192db4fefc9c31840d894af958745f34d5ac2827d
qwen_dev,1991-s0020,coordination,candidate_requires_context_review,4b2a0d7e94060933343911b7cb712829617d1822a9cb66d058b465c05d0ae5d0
qwen_dev,1991-s0022,coordination,candidate_requires_context_review,0f558b085899ce7c73dc0f50c95be6deafe0de48b740cb1cce52e876323c3703
qwen_dev,1991-s0024,coordination,candidate_requires_context_review,838c72c83398fe107c7f5a4cd0361ce09ebfc1f34208140e7ef9d15622fd24cb
qwen_dev,1991-s0030,coordination,candidate_requires_context_review,9e5e73df23a9d032abdf1b1bdfcaccf52ec78403d22c91d112f25c488e8759de
qwen_dev,1991-s0032,coordination,candidate_requires_context_review,349b812346aa682b708902acf79765d86f7d20964bfb07bf42e7bcb81dd7cac1
qwen_dev,1991-s0034,coordination,candidate_requires_context_review,27e536997101ae3b85c6d6b7327f0584be0b0d197dc56bd8929206aa1ff1327d
qwen_dev,1991-s0036,coordination,candidate_requires_context_review,15033246cf5d8b5061ea4778fa055f95df881cefe1422b8674a7cec6ffa08bf2
qwen_dev,1991-s0050,coordination,candidate_requires_context_review,963dd36838eac7857ee8be7b30c89dde6457e23d20c54aa888230e957cecab5b
qwen_dev,1991-s0052,coordination,candidate_requires_context_review,1c623f9ba55515654be5fcc643fae6414a4aef5b5f863476beec9ebd3529fbb9
qwen_dev,1991-s0059,scope_empty,candidate_requires_context_review,67228edd8e0361b224deead4662a78b7dd3c0270fb834cf1325d796d37ac6ab0
