set,id,global_id,source_domain,model,empty_gold_span
test_not_in_gold,1801-s0000,1801,人工智能招聘,,
test_not_in_gold,1803-s0012,1803,人工智能招聘,,
test_not_in_gold,1805-s0009,1805,人工智能招聘,,
test_not_in_gold,1805-s0010,1805,人工智能招聘,,
test_not_in_gold,1807-s0007,1807,人工智能招聘,,
test_not_in_gold,1810-s0001,1810,人工智能招聘,,
test_not_in_gold,1813-s0000,1813,人工智能招聘,,
test_not_in_gold,1817-s0012,1817,人工智能招聘,,
test_not_in_gold,1822-s0012,1822,人工智能招聘,,
test_not_in_gold,1827-s0015,1827,人工智能招聘,,
test_not_in_gold,1883-s0016,1883,人工智能招聘,,
test_not_in_gold,1884-s0016,1884,人工智能招聘,,
test_not_in_gold,1886-s0005,1886,人工智能招聘,,
test_not_in_gold,1897-s0010,1897,人工智能招聘,,
test_not_in_gold,1919-s0008,1919,人工智能招聘,,
test_not_in_gold,1938-s0009,1938,人工智能招聘,,
test_not_in_gold,1946-s0004,1946,阿里云公开数据集,,
test_not_in_gold,1947-s0014,1947,阿里云公开数据集,,
test_not_in_gold,1948-s0013,1948,阿里云公开数据集,,
test_not_in_gold,1949-s0007,1949,阿里云公开数据集,,
test_not_in_gold,1958-s0001,1958,阿里云公开数据集,,
test_not_in_gold,1965-s0021,1965,阿里云公开数据集,,
test_not_in_gold,1968-s0013,1968,阿里云公开数据集,,
test_not_in_gold,1969-s0013,1969,阿里云公开数据集,,
test_not_in_gold,1971-s0015,1971,阿里云公开数据集,,
test_not_in_gold,1973-s0031,1973,阿里云公开数据集,,
test_not_in_gold,1975-s0008,1975,阿里云公开数据集,,
test_not_in_gold,1976-s0015,1976,阿里云公开数据集,,
test_not_in_gold,1977-s0015,1977,阿里云公开数据集,,
test_not_in_gold,1978-s0007,1978,阿里云公开数据集,,
test_not_in_gold,1979-s0009,1979,阿里云公开数据集,,
test_not_in_gold,1980-s0008,1980,阿里云公开数据集,,
test_not_in_gold,1987-s0055,1987,事业单位招聘,,
test_not_in_gold,1987-s0074,1987,事业单位招聘,,
test_not_in_gold,1987-s0075,1987,事业单位招聘,,
test_not_in_gold,1987-s0076,1987,事业单位招聘,,
test_not_in_gold,1987-s0077,1987,事业单位招聘,,
test_not_in_gold,1987-s0078,1987,事业单位招聘,,
test_not_in_gold,1987-s0079,1987,事业单位招聘,,
test_not_in_gold,1987-s0080,1987,事业单位招聘,,
test_not_in_gold,1987-s0081,1987,事业单位招聘,,
test_not_in_gold,1987-s0082,1987,事业单位招聘,,
test_not_in_gold,1987-s0083,1987,事业单位招聘,,
test_not_in_gold,1987-s0084,1987,事业单位招聘,,
test_not_in_gold,1987-s0085,1987,事业单位招聘,,
test_not_in_gold,1987-s0086,1987,事业单位招聘,,
test_not_in_gold,1987-s0087,1987,事业单位招聘,,
test_not_in_gold,1987-s0088,1987,事业单位招聘,,
test_not_in_gold,1987-s0089,1987,事业单位招聘,,
test_not_in_gold,1987-s0090,1987,事业单位招聘,,
test_not_in_gold,1987-s0091,1987,事业单位招聘,,
test_not_in_gold,1987-s0092,1987,事业单位招聘,,
test_not_in_gold,1987-s0093,1987,事业单位招聘,,
test_not_in_gold,1987-s0094,1987,事业单位招聘,,
test_not_in_gold,1987-s0095,1987,事业单位招聘,,
test_not_in_gold,1987-s0096,1987,事业单位招聘,,
test_not_in_gold,1987-s0097,1987,事业单位招聘,,
test_not_in_gold,1987-s0098,1987,事业单位招聘,,
test_not_in_gold,1987-s0099,1987,事业单位招聘,,
test_not_in_gold,1987-s0100,1987,事业单位招聘,,
test_not_in_gold,1987-s0101,1987,事业单位招聘,,
test_not_in_gold,1987-s0102,1987,事业单位招聘,,
test_not_in_gold,1987-s0103,1987,事业单位招聘,,
test_not_in_gold,1987-s0104,1987,事业单位招聘,,
test_not_in_gold,1987-s0105,1987,事业单位招聘,,
test_not_in_gold,1987-s0106,1987,事业单位招聘,,
test_not_in_gold,1987-s0107,1987,事业单位招聘,,
test_not_in_gold,1987-s0108,1987,事业单位招聘,,
test_not_in_gold,1987-s0109,1987,事业单位招聘,,
test_not_in_gold,1987-s0110,1987,事业单位招聘,,
test_not_in_gold,1987-s0111,1987,事业单位招聘,,
test_not_in_gold,1987-s0112,1987,事业单位招聘,,
test_not_in_gold,1987-s0113,1987,事业单位招聘,,
test_not_in_gold,1987-s0114,1987,事业单位招聘,,
test_not_in_gold,1987-s0115,1987,事业单位招聘,,
test_not_in_gold,1987-s0116,1987,事业单位招聘,,
test_not_in_gold,1987-s0117,1987,事业单位招聘,,
test_not_in_gold,1987-s0118,1987,事业单位招聘,,
test_not_in_gold,1987-s0119,1987,事业单位招聘,,
test_not_in_gold,1987-s0120,1987,事业单位招聘,,
test_not_in_gold,1987-s0121,1987,事业单位招聘,,
test_not_in_gold,1987-s0122,1987,事业单位招聘,,
test_not_in_gold,1987-s0123,1987,事业单位招聘,,
test_not_in_gold,1987-s0124,1987,事业单位招聘,,
test_not_in_gold,1987-s0125,1987,事业单位招聘,,
test_not_in_gold,1987-s0126,1987,事业单位招聘,,
test_not_in_gold,1987-s0127,1987,事业单位招聘,,
test_not_in_gold,1987-s0128,1987,事业单位招聘,,
test_not_in_gold,1987-s0129,1987,事业单位招聘,,
test_not_in_gold,1987-s0130,1987,事业单位招聘,,
test_not_in_gold,1987-s0131,1987,事业单位招聘,,
test_not_in_gold,1987-s0132,1987,事业单位招聘,,
test_not_in_gold,1987-s0133,1987,事业单位招聘,,
test_not_in_gold,1987-s0134,1987,事业单位招聘,,
test_not_in_gold,1987-s0135,1987,事业单位招聘,,
test_not_in_gold,1987-s0136,1987,事业单位招聘,,
test_not_in_gold,1987-s0137,1987,事业单位招聘,,
test_not_in_gold,1987-s0138,1987,事业单位招聘,,
test_not_in_gold,1987-s0139,1987,事业单位招聘,,
test_not_in_gold,1987-s0140,1987,事业单位招聘,,
test_not_in_gold,1987-s0141,1987,事业单位招聘,,
test_not_in_gold,1987-s0142,1987,事业单位招聘,,
test_not_in_gold,1987-s0143,1987,事业单位招聘,,
test_not_in_gold,1987-s0144,1987,事业单位招聘,,
test_not_in_gold,1987-s0145,1987,事业单位招聘,,
test_not_in_gold,1987-s0146,1987,事业单位招聘,,
test_not_in_gold,1987-s0147,1987,事业单位招聘,,
test_not_in_gold,1988-s0164,1988,事业单位招聘,,
test_not_in_gold,1988-s0165,1988,事业单位招聘,,
test_not_in_gold,1988-s0166,1988,事业单位招聘,,
test_not_in_gold,1988-s0167,1988,事业单位招聘,,
test_not_in_gold,1988-s0168,1988,事业单位招聘,,
test_not_in_gold,1988-s0169,1988,事业单位招聘,,
test_not_in_gold,1988-s0170,1988,事业单位招聘,,
test_not_in_gold,1988-s0171,1988,事业单位招聘,,
test_not_in_gold,1988-s0172,1988,事业单位招聘,,
test_not_in_gold,1988-s0173,1988,事业单位招聘,,
test_not_in_gold,1988-s0174,1988,事业单位招聘,,
test_not_in_gold,1988-s0175,1988,事业单位招聘,,
test_not_in_gold,1988-s0176,1988,事业单位招聘,,
test_not_in_gold,1988-s0177,1988,事业单位招聘,,
test_not_in_gold,1988-s0178,1988,事业单位招聘,,
test_not_in_gold,1988-s0179,1988,事业单位招聘,,
test_not_in_gold,1988-s0180,1988,事业单位招聘,,
test_not_in_gold,1988-s0181,1988,事业单位招聘,,
test_not_in_gold,1988-s0182,1988,事业单位招聘,,
test_not_in_gold,1988-s0183,1988,事业单位招聘,,
test_not_in_gold,1988-s0184,1988,事业单位招聘,,
test_not_in_gold,1988-s0185,1988,事业单位招聘,,
test_not_in_gold,1988-s0186,1988,事业单位招聘,,
test_not_in_gold,1988-s0187,1988,事业单位招聘,,
test_not_in_gold,1988-s0188,1988,事业单位招聘,,
test_not_in_gold,1988-s0189,1988,事业单位招聘,,
test_not_in_gold,1988-s0190,1988,事业单位招聘,,
test_not_in_gold,1988-s0191,1988,事业单位招聘,,
test_not_in_gold,1988-s0192,1988,事业单位招聘,,
test_not_in_gold,1988-s0193,1988,事业单位招聘,,
test_not_in_gold,1988-s0194,1988,事业单位招聘,,
test_not_in_gold,1988-s0195,1988,事业单位招聘,,
test_not_in_gold,1988-s0196,1988,事业单位招聘,,
test_not_in_gold,1988-s0197,1988,事业单位招聘,,
test_not_in_gold,1988-s0198,1988,事业单位招聘,,
test_not_in_gold,1988-s0199,1988,事业单位招聘,,
test_not_in_gold,1988-s0200,1988,事业单位招聘,,
test_not_in_gold,1988-s0201,1988,事业单位招聘,,
test_not_in_gold,1988-s0202,1988,事业单位招聘,,
test_not_in_gold,1988-s0203,1988,事业单位招聘,,
test_not_in_gold,1988-s0204,1988,事业单位招聘,,
test_not_in_gold,1988-s0205,1988,事业单位招聘,,
test_not_in_gold,1988-s0206,1988,事业单位招聘,,
test_not_in_gold,1988-s0207,1988,事业单位招聘,,
test_not_in_gold,1988-s0208,1988,事业单位招聘,,
test_not_in_gold,1988-s0209,1988,事业单位招聘,,
test_not_in_gold,1988-s0210,1988,事业单位招聘,,
test_not_in_gold,1988-s0211,1988,事业单位招聘,,
test_not_in_gold,1988-s0212,1988,事业单位招聘,,
test_not_in_gold,1988-s0213,1988,事业单位招聘,,
test_not_in_gold,1988-s0214,1988,事业单位招聘,,
test_not_in_gold,1988-s0215,1988,事业单位招聘,,
test_not_in_gold,1988-s0216,1988,事业单位招聘,,
test_not_in_gold,1988-s0217,1988,事业单位招聘,,
test_not_in_gold,1988-s0218,1988,事业单位招聘,,
test_not_in_gold,1988-s0219,1988,事业单位招聘,,
test_not_in_gold,1988-s0220,1988,事业单位招聘,,
test_not_in_gold,1988-s0221,1988,事业单位招聘,,
test_not_in_gold,1988-s0222,1988,事业单位招聘,,
test_not_in_gold,1988-s0223,1988,事业单位招聘,,
test_not_in_gold,1988-s0224,1988,事业单位招聘,,
test_not_in_gold,1988-s0225,1988,事业单位招聘,,
test_not_in_gold,1988-s0226,1988,事业单位招聘,,
test_not_in_gold,1988-s0227,1988,事业单位招聘,,
test_not_in_gold,1988-s0228,1988,事业单位招聘,,
test_not_in_gold,1988-s0229,1988,事业单位招聘,,
test_not_in_gold,1988-s0230,1988,事业单位招聘,,
test_not_in_gold,1988-s0231,1988,事业单位招聘,,
test_not_in_gold,1988-s0232,1988,事业单位招聘,,
test_not_in_gold,1988-s0233,1988,事业单位招聘,,
test_not_in_gold,1988-s0234,1988,事业单位招聘,,
test_not_in_gold,1988-s0235,1988,事业单位招聘,,
test_not_in_gold,1988-s0236,1988,事业单位招聘,,
test_not_in_gold,1988-s0237,1988,事业单位招聘,,
test_not_in_gold,1988-s0238,1988,事业单位招聘,,
test_not_in_gold,1988-s0239,1988,事业单位招聘,,
test_not_in_gold,1988-s0240,1988,事业单位招聘,,
test_not_in_gold,1988-s0241,1988,事业单位招聘,,
test_not_in_gold,1988-s0242,1988,事业单位招聘,,
test_not_in_gold,1988-s0243,1988,事业单位招聘,,
test_not_in_gold,1988-s0244,1988,事业单位招聘,,
test_not_in_gold,1988-s0245,1988,事业单位招聘,,
test_not_in_gold,1988-s0246,1988,事业单位招聘,,
test_not_in_gold,1988-s0247,1988,事业单位招聘,,
test_not_in_gold,1988-s0248,1988,事业单位招聘,,
test_not_in_gold,1988-s0249,1988,事业单位招聘,,
test_not_in_gold,1988-s0250,1988,事业单位招聘,,
test_not_in_gold,1988-s0251,1988,事业单位招聘,,
test_not_in_gold,1988-s0252,1988,事业单位招聘,,
test_not_in_gold,1988-s0253,1988,事业单位招聘,,
test_not_in_gold,1988-s0254,1988,事业单位招聘,,
test_not_in_gold,1988-s0255,1988,事业单位招聘,,
test_not_in_gold,1988-s0256,1988,事业单位招聘,,
test_not_in_gold,1988-s0257,1988,事业单位招聘,,
test_not_in_gold,1988-s0258,1988,事业单位招聘,,
test_not_in_gold,1988-s0259,1988,事业单位招聘,,
test_not_in_gold,1988-s0260,1988,事业单位招聘,,
test_not_in_gold,1988-s0261,1988,事业单位招聘,,
test_not_in_gold,1988-s0262,1988,事业单位招聘,,
test_not_in_gold,1988-s0263,1988,事业单位招聘,,
test_not_in_gold,1988-s0264,1988,事业单位招聘,,
test_not_in_gold,1988-s0265,1988,事业单位招聘,,
test_not_in_gold,1988-s0266,1988,事业单位招聘,,
test_not_in_gold,1988-s0267,1988,事业单位招聘,,
test_not_in_gold,1988-s0268,1988,事业单位招聘,,
test_not_in_gold,1988-s0269,1988,事业单位招聘,,
test_not_in_gold,1988-s0270,1988,事业单位招聘,,
test_not_in_gold,1988-s0271,1988,事业单位招聘,,
test_not_in_gold,1988-s0272,1988,事业单位招聘,,
test_not_in_gold,1988-s0273,1988,事业单位招聘,,
test_not_in_gold,1988-s0274,1988,事业单位招聘,,
test_not_in_gold,1988-s0275,1988,事业单位招聘,,
test_not_in_gold,1988-s0276,1988,事业单位招聘,,
test_not_in_gold,1988-s0277,1988,事业单位招聘,,
test_not_in_gold,1988-s0278,1988,事业单位招聘,,
test_not_in_gold,1988-s0279,1988,事业单位招聘,,
test_not_in_gold,1988-s0280,1988,事业单位招聘,,
test_not_in_gold,1988-s0281,1988,事业单位招聘,,
test_not_in_gold,1988-s0282,1988,事业单位招聘,,
test_not_in_gold,1988-s0283,1988,事业单位招聘,,
test_not_in_gold,1988-s0284,1988,事业单位招聘,,
test_not_in_gold,1988-s0285,1988,事业单位招聘,,
test_not_in_gold,1988-s0286,1988,事业单位招聘,,
test_not_in_gold,1988-s0287,1988,事业单位招聘,,
test_not_in_gold,1988-s0288,1988,事业单位招聘,,
test_not_in_gold,1988-s0289,1988,事业单位招聘,,
test_not_in_gold,1988-s0290,1988,事业单位招聘,,
test_not_in_gold,1988-s0291,1988,事业单位招聘,,
test_not_in_gold,1988-s0292,1988,事业单位招聘,,
test_not_in_gold,1988-s0293,1988,事业单位招聘,,
test_not_in_gold,1988-s0294,1988,事业单位招聘,,
test_not_in_gold,1988-s0295,1988,事业单位招聘,,
test_not_in_gold,1988-s0296,1988,事业单位招聘,,
test_not_in_gold,1988-s0297,1988,事业单位招聘,,
test_not_in_gold,1988-s0298,1988,事业单位招聘,,
test_not_in_gold,1988-s0299,1988,事业单位招聘,,
test_not_in_gold,1988-s0300,1988,事业单位招聘,,
test_not_in_gold,1988-s0301,1988,事业单位招聘,,
test_not_in_gold,1988-s0302,1988,事业单位招聘,,
test_not_in_gold,1988-s0303,1988,事业单位招聘,,
test_not_in_gold,1988-s0304,1988,事业单位招聘,,
test_not_in_gold,1988-s0305,1988,事业单位招聘,,
test_not_in_gold,1988-s0306,1988,事业单位招聘,,
test_not_in_gold,1988-s0307,1988,事业单位招聘,,
test_not_in_gold,1988-s0308,1988,事业单位招聘,,
test_not_in_gold,1988-s0309,1988,事业单位招聘,,
test_not_in_gold,1988-s0310,1988,事业单位招聘,,
test_not_in_gold,1988-s0311,1988,事业单位招聘,,
test_not_in_gold,1988-s0312,1988,事业单位招聘,,
test_not_in_gold,1988-s0313,1988,事业单位招聘,,
test_not_in_gold,1988-s0314,1988,事业单位招聘,,
test_not_in_gold,1988-s0315,1988,事业单位招聘,,
test_not_in_gold,1988-s0316,1988,事业单位招聘,,
test_not_in_gold,1988-s0317,1988,事业单位招聘,,
test_not_in_gold,1988-s0318,1988,事业单位招聘,,
test_not_in_gold,1988-s0319,1988,事业单位招聘,,
test_not_in_gold,1988-s0320,1988,事业单位招聘,,
test_not_in_gold,1988-s0321,1988,事业单位招聘,,
test_not_in_gold,1988-s0322,1988,事业单位招聘,,
test_not_in_gold,1988-s0323,1988,事业单位招聘,,
test_not_in_gold,1988-s0324,1988,事业单位招聘,,
test_not_in_gold,1988-s0325,1988,事业单位招聘,,
test_not_in_gold,1988-s0326,1988,事业单位招聘,,
test_not_in_gold,1988-s0327,1988,事业单位招聘,,
test_not_in_gold,1988-s0328,1988,事业单位招聘,,
test_not_in_gold,1988-s0329,1988,事业单位招聘,,
test_not_in_gold,1988-s0330,1988,事业单位招聘,,
test_not_in_gold,1988-s0331,1988,事业单位招聘,,
test_not_in_gold,1988-s0332,1988,事业单位招聘,,
test_not_in_gold,1988-s0333,1988,事业单位招聘,,
test_not_in_gold,1988-s0334,1988,事业单位招聘,,
test_not_in_gold,1988-s0335,1988,事业单位招聘,,
test_not_in_gold,1989-s0031,1989,事业单位招聘,,
test_not_in_gold,1989-s0032,1989,事业单位招聘,,
test_not_in_gold,1989-s0033,1989,事业单位招聘,,
test_not_in_gold,1989-s0034,1989,事业单位招聘,,
test_not_in_gold,1989-s0035,1989,事业单位招聘,,
test_not_in_gold,1989-s0036,1989,事业单位招聘,,
test_not_in_gold,1989-s0037,1989,事业单位招聘,,
test_not_in_gold,1989-s0038,1989,事业单位招聘,,
test_not_in_gold,1989-s0039,1989,事业单位招聘,,
test_not_in_gold,1989-s0040,1989,事业单位招聘,,
test_not_in_gold,1989-s0041,1989,事业单位招聘,,
test_not_in_gold,1989-s0042,1989,事业单位招聘,,
test_not_in_gold,1989-s0043,1989,事业单位招聘,,
test_not_in_gold,1989-s0044,1989,事业单位招聘,,
test_not_in_gold,1989-s0045,1989,事业单位招聘,,
test_not_in_gold,1989-s0046,1989,事业单位招聘,,
test_not_in_gold,1989-s0047,1989,事业单位招聘,,
test_not_in_gold,1989-s0048,1989,事业单位招聘,,
test_not_in_gold,1989-s0049,1989,事业单位招聘,,
test_not_in_gold,1989-s0050,1989,事业单位招聘,,
test_not_in_gold,1989-s0051,1989,事业单位招聘,,
test_not_in_gold,1989-s0052,1989,事业单位招聘,,
test_not_in_gold,1989-s0053,1989,事业单位招聘,,
test_not_in_gold,1989-s0054,1989,事业单位招聘,,
test_not_in_gold,1989-s0055,1989,事业单位招聘,,
test_not_in_gold,1989-s0056,1989,事业单位招聘,,
test_not_in_gold,1989-s0057,1989,事业单位招聘,,
test_not_in_gold,1989-s0058,1989,事业单位招聘,,
test_not_in_gold,1989-s0059,1989,事业单位招聘,,
test_not_in_gold,1989-s0060,1989,事业单位招聘,,
test_not_in_gold,1989-s0061,1989,事业单位招聘,,
test_not_in_gold,1989-s0062,1989,事业单位招聘,,
test_not_in_gold,1989-s0063,1989,事业单位招聘,,
test_not_in_gold,1989-s0064,1989,事业单位招聘,,
test_not_in_gold,1989-s0065,1989,事业单位招聘,,
test_not_in_gold,1989-s0066,1989,事业单位招聘,,
test_not_in_gold,1989-s0067,1989,事业单位招聘,,
test_not_in_gold,1989-s0068,1989,事业单位招聘,,
test_not_in_gold,1989-s0069,1989,事业单位招聘,,
test_not_in_gold,1989-s0070,1989,事业单位招聘,,
test_not_in_gold,1989-s0071,1989,事业单位招聘,,
test_not_in_gold,1989-s0072,1989,事业单位招聘,,
test_not_in_gold,1989-s0073,1989,事业单位招聘,,
test_not_in_gold,1990-s0025,1990,事业单位招聘,,
test_not_in_gold,1990-s0026,1990,事业单位招聘,,
test_not_in_gold,1990-s0027,1990,事业单位招聘,,
test_not_in_gold,1990-s0028,1990,事业单位招聘,,
test_not_in_gold,1990-s0029,1990,事业单位招聘,,
test_not_in_gold,1990-s0030,1990,事业单位招聘,,
test_not_in_gold,1990-s0031,1990,事业单位招聘,,
test_not_in_gold,1990-s0032,1990,事业单位招聘,,
test_not_in_gold,1990-s0033,1990,事业单位招聘,,
test_not_in_gold,1990-s0034,1990,事业单位招聘,,
test_not_in_gold,1990-s0035,1990,事业单位招聘,,
test_not_in_gold,1990-s0036,1990,事业单位招聘,,
test_not_in_gold,1990-s0037,1990,事业单位招聘,,
test_not_in_gold,1990-s0038,1990,事业单位招聘,,
test_not_in_gold,1990-s0039,1990,事业单位招聘,,
test_not_in_gold,1990-s0040,1990,事业单位招聘,,
test_not_in_gold,1990-s0041,1990,事业单位招聘,,
test_not_in_gold,1990-s0042,1990,事业单位招聘,,
test_not_in_gold,1990-s0043,1990,事业单位招聘,,
test_not_in_gold,1990-s0044,1990,事业单位招聘,,
test_not_in_gold,1990-s0045,1990,事业单位招聘,,
test_not_in_gold,1990-s0046,1990,事业单位招聘,,
test_not_in_gold,1990-s0047,1990,事业单位招聘,,
test_not_in_gold,1990-s0048,1990,事业单位招聘,,
test_not_in_gold,1990-s0049,1990,事业单位招聘,,
test_not_in_gold,1991-s0048,1991,事业单位招聘,,
test_not_in_gold,1991-s0054,1991,事业单位招聘,,
test_not_in_gold,1991-s0058,1991,事业单位招聘,,
test_not_in_gold,1991-s0060,1991,事业单位招聘,,
test_not_in_gold,1991-s0061,1991,事业单位招聘,,
test_not_in_gold,1991-s0062,1991,事业单位招聘,,
test_not_in_gold,1991-s0063,1991,事业单位招聘,,
test_not_in_gold,1991-s0064,1991,事业单位招聘,,
test_not_in_gold,1991-s0065,1991,事业单位招聘,,
test_not_in_gold,1991-s0066,1991,事业单位招聘,,
test_not_in_gold,1991-s0067,1991,事业单位招聘,,
test_not_in_gold,1991-s0068,1991,事业单位招聘,,
test_not_in_gold,1991-s0069,1991,事业单位招聘,,
test_not_in_gold,1991-s0070,1991,事业单位招聘,,
test_not_in_gold,1991-s0071,1991,事业单位招聘,,
test_not_in_gold,1991-s0072,1991,事业单位招聘,,
test_not_in_gold,1991-s0073,1991,事业单位招聘,,
test_not_in_gold,1991-s0074,1991,事业单位招聘,,
test_not_in_gold,1991-s0075,1991,事业单位招聘,,
test_not_in_gold,1991-s0076,1991,事业单位招聘,,
test_not_in_gold,1991-s0077,1991,事业单位招聘,,
test_not_in_gold,1991-s0078,1991,事业单位招聘,,
test_not_in_gold,1991-s0079,1991,事业单位招聘,,
test_not_in_gold,1991-s0080,1991,事业单位招聘,,
test_not_in_gold,1991-s0081,1991,事业单位招聘,,
test_not_in_gold,1991-s0082,1991,事业单位招聘,,
test_not_in_gold,1991-s0083,1991,事业单位招聘,,
test_not_in_gold,1991-s0084,1991,事业单位招聘,,
test_not_in_gold,1991-s0085,1991,事业单位招聘,,
test_not_in_gold,1991-s0086,1991,事业单位招聘,,
test_not_in_gold,1991-s0087,1991,事业单位招聘,,
test_not_in_gold,1991-s0088,1991,事业单位招聘,,
test_not_in_gold,1991-s0089,1991,事业单位招聘,,
test_not_in_gold,1991-s0090,1991,事业单位招聘,,
test_not_in_gold,1991-s0091,1991,事业单位招聘,,
test_not_in_gold,1991-s0092,1991,事业单位招聘,,
test_not_in_gold,1991-s0093,1991,事业单位招聘,,
test_not_in_gold,1991-s0094,1991,事业单位招聘,,
test_not_in_gold,1991-s0095,1991,事业单位招聘,,
test_not_in_gold,1991-s0096,1991,事业单位招聘,,
test_not_in_gold,1991-s0097,1991,事业单位招聘,,
test_not_in_gold,1991-s0098,1991,事业单位招聘,,
test_not_in_gold,1991-s0099,1991,事业单位招聘,,
test_not_in_gold,1991-s0100,1991,事业单位招聘,,
test_not_in_gold,1991-s0101,1991,事业单位招聘,,
test_not_in_gold,1991-s0102,1991,事业单位招聘,,
test_not_in_gold,1991-s0103,1991,事业单位招聘,,
test_not_in_gold,1991-s0104,1991,事业单位招聘,,
test_not_in_gold,1991-s0105,1991,事业单位招聘,,
test_not_in_gold,1991-s0106,1991,事业单位招聘,,
test_not_in_gold,1991-s0107,1991,事业单位招聘,,
test_not_in_gold,1991-s0108,1991,事业单位招聘,,
test_not_in_gold,1991-s0109,1991,事业单位招聘,,
test_not_in_gold,1991-s0110,1991,事业单位招聘,,
test_not_in_gold,1991-s0111,1991,事业单位招聘,,
test_not_in_gold,1991-s0112,1991,事业单位招聘,,
test_not_in_gold,1991-s0113,1991,事业单位招聘,,
test_not_in_gold,1991-s0114,1991,事业单位招聘,,
test_not_in_gold,1991-s0115,1991,事业单位招聘,,
test_not_in_gold,1991-s0116,1991,事业单位招聘,,
test_not_in_gold,1991-s0117,1991,事业单位招聘,,
test_not_in_gold,1991-s0118,1991,事业单位招聘,,
test_not_in_gold,1991-s0119,1991,事业单位招聘,,
test_not_in_gold,1992-s0008,1992,事业单位招聘,,
test_not_in_gold,1992-s0009,1992,事业单位招聘,,
test_not_in_gold,1992-s0010,1992,事业单位招聘,,
test_not_in_gold,1992-s0011,1992,事业单位招聘,,
test_not_in_gold,1992-s0012,1992,事业单位招聘,,
test_not_in_gold,1992-s0013,1992,事业单位招聘,,
test_not_in_gold,1992-s0014,1992,事业单位招聘,,
test_not_in_gold,1992-s0015,1992,事业单位招聘,,
test_not_in_gold,1993-s0012,1993,事业单位招聘,,
test_not_in_gold,1993-s0013,1993,事业单位招聘,,
test_not_in_gold,1993-s0014,1993,事业单位招聘,,
test_not_in_gold,1993-s0015,1993,事业单位招聘,,
test_not_in_gold,1993-s0016,1993,事业单位招聘,,
test_not_in_gold,1993-s0017,1993,事业单位招聘,,
test_not_in_gold,1993-s0018,1993,事业单位招聘,,
test_not_in_gold,1993-s0019,1993,事业单位招聘,,
test_not_in_gold,1993-s0020,1993,事业单位招聘,,
test_not_in_gold,1993-s0021,1993,事业单位招聘,,
test_not_in_gold,1993-s0022,1993,事业单位招聘,,
test_not_in_gold,1993-s0023,1993,事业单位招聘,,
test_not_in_gold,1994-s0007,1994,事业单位招聘,,
test_not_in_gold,1994-s0008,1994,事业单位招聘,,
test_not_in_gold,1994-s0009,1994,事业单位招聘,,
test_not_in_gold,1994-s0010,1994,事业单位招聘,,
test_not_in_gold,1994-s0011,1994,事业单位招聘,,
test_not_in_gold,1994-s0012,1994,事业单位招聘,,
test_not_in_gold,1994-s0013,1994,事业单位招聘,,
test_not_in_gold,1995-s0047,1995,事业单位招聘,,
test_not_in_gold,1995-s0068,1995,事业单位招聘,,
test_not_in_gold,1995-s0088,1995,事业单位招聘,,
test_not_in_gold,1995-s0089,1995,事业单位招聘,,
test_not_in_gold,1995-s0090,1995,事业单位招聘,,
test_not_in_gold,1995-s0091,1995,事业单位招聘,,
test_not_in_gold,1995-s0092,1995,事业单位招聘,,
test_not_in_gold,1995-s0093,1995,事业单位招聘,,
test_not_in_gold,1995-s0094,1995,事业单位招聘,,
test_not_in_gold,1995-s0095,1995,事业单位招聘,,
test_not_in_gold,1995-s0096,1995,事业单位招聘,,
test_not_in_gold,1995-s0097,1995,事业单位招聘,,
test_not_in_gold,1995-s0098,1995,事业单位招聘,,
test_not_in_gold,1995-s0099,1995,事业单位招聘,,
test_not_in_gold,1995-s0100,1995,事业单位招聘,,
test_not_in_gold,1995-s0101,1995,事业单位招聘,,
test_not_in_gold,1995-s0102,1995,事业单位招聘,,
test_not_in_gold,1995-s0103,1995,事业单位招聘,,
test_not_in_gold,1995-s0104,1995,事业单位招聘,,
test_not_in_gold,1995-s0105,1995,事业单位招聘,,
test_not_in_gold,1995-s0106,1995,事业单位招聘,,
test_not_in_gold,1995-s0107,1995,事业单位招聘,,
test_not_in_gold,1995-s0108,1995,事业单位招聘,,
test_not_in_gold,1995-s0109,1995,事业单位招聘,,
test_not_in_gold,1995-s0110,1995,事业单位招聘,,
test_not_in_gold,1995-s0111,1995,事业单位招聘,,
test_not_in_gold,1995-s0112,1995,事业单位招聘,,
test_not_in_gold,1995-s0113,1995,事业单位招聘,,
test_not_in_gold,1995-s0114,1995,事业单位招聘,,
test_not_in_gold,1995-s0115,1995,事业单位招聘,,
test_not_in_gold,1995-s0116,1995,事业单位招聘,,
test_not_in_gold,1995-s0117,1995,事业单位招聘,,
test_not_in_gold,1995-s0118,1995,事业单位招聘,,
test_not_in_gold,1995-s0119,1995,事业单位招聘,,
test_not_in_gold,1995-s0120,1995,事业单位招聘,,
test_not_in_gold,1995-s0121,1995,事业单位招聘,,
test_not_in_gold,1995-s0122,1995,事业单位招聘,,
test_not_in_gold,1995-s0123,1995,事业单位招聘,,
test_not_in_gold,1995-s0124,1995,事业单位招聘,,
test_not_in_gold,1995-s0125,1995,事业单位招聘,,
test_not_in_gold,1995-s0126,1995,事业单位招聘,,
test_not_in_gold,1995-s0127,1995,事业单位招聘,,
test_not_in_gold,1995-s0128,1995,事业单位招聘,,
test_not_in_gold,1995-s0129,1995,事业单位招聘,,
test_not_in_gold,1995-s0130,1995,事业单位招聘,,
test_not_in_gold,1995-s0131,1995,事业单位招聘,,
test_not_in_gold,1995-s0132,1995,事业单位招聘,,
test_not_in_gold,1995-s0133,1995,事业单位招聘,,
test_not_in_gold,1995-s0134,1995,事业单位招聘,,
test_not_in_gold,1995-s0135,1995,事业单位招聘,,
test_not_in_gold,1995-s0136,1995,事业单位招聘,,
test_not_in_gold,1995-s0137,1995,事业单位招聘,,
test_not_in_gold,1995-s0138,1995,事业单位招聘,,
test_not_in_gold,1995-s0139,1995,事业单位招聘,,
test_not_in_gold,1995-s0140,1995,事业单位招聘,,
test_not_in_gold,1995-s0141,1995,事业单位招聘,,
test_not_in_gold,1995-s0142,1995,事业单位招聘,,
test_not_in_gold,1995-s0143,1995,事业单位招聘,,
test_not_in_gold,1995-s0144,1995,事业单位招聘,,
test_not_in_gold,1995-s0145,1995,事业单位招聘,,
test_not_in_gold,1995-s0146,1995,事业单位招聘,,
test_not_in_gold,1995-s0147,1995,事业单位招聘,,
test_not_in_gold,1995-s0148,1995,事业单位招聘,,
test_not_in_gold,1995-s0149,1995,事业单位招聘,,
test_not_in_gold,1995-s0150,1995,事业单位招聘,,
test_not_in_gold,1995-s0151,1995,事业单位招聘,,
test_not_in_gold,1995-s0152,1995,事业单位招聘,,
test_not_in_gold,1995-s0153,1995,事业单位招聘,,
test_not_in_gold,1995-s0154,1995,事业单位招聘,,
test_not_in_gold,1995-s0155,1995,事业单位招聘,,
test_not_in_gold,1995-s0156,1995,事业单位招聘,,
test_not_in_gold,1995-s0157,1995,事业单位招聘,,
test_not_in_gold,1995-s0158,1995,事业单位招聘,,
test_not_in_gold,1995-s0159,1995,事业单位招聘,,
test_not_in_gold,1995-s0160,1995,事业单位招聘,,
test_not_in_gold,1995-s0161,1995,事业单位招聘,,
test_not_in_gold,1995-s0162,1995,事业单位招聘,,
test_not_in_gold,1995-s0163,1995,事业单位招聘,,
test_not_in_gold,1995-s0164,1995,事业单位招聘,,
test_not_in_gold,1995-s0165,1995,事业单位招聘,,
test_not_in_gold,1995-s0166,1995,事业单位招聘,,
test_not_in_gold,1995-s0167,1995,事业单位招聘,,
test_not_in_gold,1995-s0168,1995,事业单位招聘,,
test_not_in_gold,1995-s0169,1995,事业单位招聘,,
test_not_in_gold,1995-s0170,1995,事业单位招聘,,
test_not_in_gold,1995-s0171,1995,事业单位招聘,,
test_not_in_gold,1995-s0172,1995,事业单位招聘,,
test_not_in_gold,1995-s0173,1995,事业单位招聘,,
test_not_in_gold,1995-s0174,1995,事业单位招聘,,
test_not_in_gold,1995-s0175,1995,事业单位招聘,,
test_not_in_gold,1996-s0017,1996,事业单位招聘,,
test_not_in_gold,1996-s0018,1996,事业单位招聘,,
test_not_in_gold,1996-s0019,1996,事业单位招聘,,
test_not_in_gold,1996-s0020,1996,事业单位招聘,,
test_not_in_gold,1996-s0021,1996,事业单位招聘,,
test_not_in_gold,1996-s0022,1996,事业单位招聘,,
test_not_in_gold,1996-s0023,1996,事业单位招聘,,
test_not_in_gold,1996-s0024,1996,事业单位招聘,,
test_not_in_gold,1996-s0025,1996,事业单位招聘,,
test_not_in_gold,1996-s0026,1996,事业单位招聘,,
test_not_in_gold,1996-s0027,1996,事业单位招聘,,
test_not_in_gold,1996-s0028,1996,事业单位招聘,,
test_not_in_gold,1996-s0029,1996,事业单位招聘,,
test_not_in_gold,1996-s0030,1996,事业单位招聘,,
test_not_in_gold,1996-s0031,1996,事业单位招聘,,
test_not_in_gold,1996-s0032,1996,事业单位招聘,,
test_not_in_gold,1996-s0033,1996,事业单位招聘,,
test_not_in_gold,1997-s0012,1997,事业单位招聘,,
test_not_in_gold,1997-s0013,1997,事业单位招聘,,
test_not_in_gold,1997-s0014,1997,事业单位招聘,,
test_not_in_gold,1997-s0015,1997,事业单位招聘,,
test_not_in_gold,1997-s0016,1997,事业单位招聘,,
test_not_in_gold,1997-s0017,1997,事业单位招聘,,
test_not_in_gold,1997-s0018,1997,事业单位招聘,,
test_not_in_gold,1997-s0019,1997,事业单位招聘,,
test_not_in_gold,1997-s0020,1997,事业单位招聘,,
test_not_in_gold,1997-s0021,1997,事业单位招聘,,
test_not_in_gold,1997-s0022,1997,事业单位招聘,,
test_not_in_gold,1997-s0023,1997,事业单位招聘,,
test_not_in_gold,1998-s0001,1998,事业单位招聘,,
test_not_in_gold,1999-s0077,1999,事业单位招聘,,
test_not_in_gold,1999-s0078,1999,事业单位招聘,,
test_not_in_gold,1999-s0079,1999,事业单位招聘,,
test_not_in_gold,1999-s0080,1999,事业单位招聘,,
test_not_in_gold,1999-s0081,1999,事业单位招聘,,
test_not_in_gold,1999-s0082,1999,事业单位招聘,,
test_not_in_gold,1999-s0083,1999,事业单位招聘,,
test_not_in_gold,1999-s0084,1999,事业单位招聘,,
test_not_in_gold,1999-s0085,1999,事业单位招聘,,
test_not_in_gold,1999-s0086,1999,事业单位招聘,,
test_not_in_gold,1999-s0087,1999,事业单位招聘,,
test_not_in_gold,1999-s0088,1999,事业单位招聘,,
test_not_in_gold,1999-s0089,1999,事业单位招聘,,
test_not_in_gold,1999-s0090,1999,事业单位招聘,,
test_not_in_gold,1999-s0091,1999,事业单位招聘,,
test_not_in_gold,1999-s0092,1999,事业单位招聘,,
test_not_in_gold,1999-s0093,1999,事业单位招聘,,
test_not_in_gold,1999-s0094,1999,事业单位招聘,,
test_not_in_gold,1999-s0095,1999,事业单位招聘,,
test_not_in_gold,1999-s0096,1999,事业单位招聘,,
test_not_in_gold,1999-s0097,1999,事业单位招聘,,
test_not_in_gold,1999-s0098,1999,事业单位招聘,,
test_not_in_gold,1999-s0099,1999,事业单位招聘,,
test_not_in_gold,1999-s0100,1999,事业单位招聘,,
test_not_in_gold,1999-s0101,1999,事业单位招聘,,
test_not_in_gold,1999-s0102,1999,事业单位招聘,,
test_not_in_gold,1999-s0103,1999,事业单位招聘,,
test_not_in_gold,1999-s0104,1999,事业单位招聘,,
test_not_in_gold,1999-s0105,1999,事业单位招聘,,
test_not_in_gold,1999-s0106,1999,事业单位招聘,,
test_not_in_gold,1999-s0107,1999,事业单位招聘,,
test_not_in_gold,1999-s0108,1999,事业单位招聘,,
test_not_in_gold,1999-s0109,1999,事业单位招聘,,
test_not_in_gold,1999-s0110,1999,事业单位招聘,,
test_not_in_gold,1999-s0111,1999,事业单位招聘,,
test_not_in_gold,1999-s0112,1999,事业单位招聘,,
test_not_in_gold,1999-s0113,1999,事业单位招聘,,
test_not_in_gold,1999-s0114,1999,事业单位招聘,,
test_not_in_gold,1999-s0115,1999,事业单位招聘,,
test_not_in_gold,1999-s0116,1999,事业单位招聘,,
test_not_in_gold,1999-s0117,1999,事业单位招聘,,
test_not_in_gold,1999-s0118,1999,事业单位招聘,,
test_not_in_gold,1999-s0119,1999,事业单位招聘,,
test_not_in_gold,1999-s0120,1999,事业单位招聘,,
test_not_in_gold,1999-s0121,1999,事业单位招聘,,
test_not_in_gold,1999-s0122,1999,事业单位招聘,,
test_not_in_gold,1999-s0123,1999,事业单位招聘,,
test_not_in_gold,1999-s0124,1999,事业单位招聘,,
test_not_in_gold,1999-s0125,1999,事业单位招聘,,
test_not_in_gold,1999-s0126,1999,事业单位招聘,,
test_not_in_gold,1999-s0127,1999,事业单位招聘,,
test_not_in_gold,1999-s0128,1999,事业单位招聘,,
test_not_in_gold,1999-s0129,1999,事业单位招聘,,
test_not_in_gold,1999-s0130,1999,事业单位招聘,,
test_not_in_gold,1999-s0131,1999,事业单位招聘,,
test_not_in_gold,1999-s0132,1999,事业单位招聘,,
test_not_in_gold,1999-s0133,1999,事业单位招聘,,
test_not_in_gold,1999-s0134,1999,事业单位招聘,,
test_not_in_gold,1999-s0135,1999,事业单位招聘,,
test_not_in_gold,1999-s0136,1999,事业单位招聘,,
test_not_in_gold,1999-s0137,1999,事业单位招聘,,
test_not_in_gold,1999-s0138,1999,事业单位招聘,,
test_not_in_gold,1999-s0139,1999,事业单位招聘,,
test_not_in_gold,1999-s0140,1999,事业单位招聘,,
test_not_in_gold,1999-s0141,1999,事业单位招聘,,
test_not_in_gold,1999-s0142,1999,事业单位招聘,,
test_not_in_gold,1999-s0143,1999,事业单位招聘,,
test_not_in_gold,1999-s0144,1999,事业单位招聘,,
test_not_in_gold,1999-s0145,1999,事业单位招聘,,
test_not_in_gold,1999-s0146,1999,事业单位招聘,,
test_not_in_gold,1999-s0147,1999,事业单位招聘,,
test_not_in_gold,1999-s0148,1999,事业单位招聘,,
test_not_in_gold,1999-s0149,1999,事业单位招聘,,
test_not_in_gold,1999-s0150,1999,事业单位招聘,,
test_not_in_gold,1999-s0151,1999,事业单位招聘,,
test_not_in_gold,1999-s0152,1999,事业单位招聘,,
test_not_in_gold,1999-s0153,1999,事业单位招聘,,
test_not_in_gold,2000-s0002,2000,事业单位招聘,,
test_not_in_gold,2000-s0003,2000,事业单位招聘,,
gold_duplicate_id,1987-s0016,1987,事业单位招聘,,2
gold_duplicate_id,1987-s0022,1987,事业单位招聘,,2
gold_duplicate_id,1987-s0038,1987,事业单位招聘,,2
gold_duplicate_id,1987-s0045,1987,事业单位招聘,,2
gold_duplicate_id,1987-s0059,1987,事业单位招聘,,2
gold_duplicate_id,1987-s0066,1987,事业单位招聘,,2
gold_duplicate_id,1988-s0005,1988,事业单位招聘,,2
gold_duplicate_id,1988-s0006,1988,事业单位招聘,,2
gold_duplicate_id,1988-s0010,1988,事业单位招聘,,2
gold_duplicate_id,1988-s0026,1988,事业单位招聘,,2
gold_duplicate_id,1988-s0027,1988,事业单位招聘,,2
gold_duplicate_id,1988-s0035,1988,事业单位招聘,,2
gold_duplicate_id,1988-s0038,1988,事业单位招聘,,2
gold_duplicate_id,1988-s0049,1988,事业单位招聘,,2
gold_duplicate_id,1988-s0054,1988,事业单位招聘,,2
gold_duplicate_id,1988-s0056,1988,事业单位招聘,,2
gold_duplicate_id,1988-s0063,1988,事业单位招聘,,2
gold_duplicate_id,1988-s0085,1988,事业单位招聘,,2
gold_duplicate_id,1988-s0091,1988,事业单位招聘,,2
gold_duplicate_id,1988-s0101,1988,事业单位招聘,,2
gold_duplicate_id,1988-s0107,1988,事业单位招聘,,2
gold_duplicate_id,1988-s0113,1988,事业单位招聘,,2
gold_duplicate_id,1988-s0126,1988,事业单位招聘,,2
gold_duplicate_id,1988-s0145,1988,事业单位招聘,,2
gold_duplicate_id,1988-s0154,1988,事业单位招聘,,2
gold_duplicate_id,1988-s0156,1988,事业单位招聘,,2
gold_duplicate_id,1988-s0157,1988,事业单位招聘,,2
gold_duplicate_id,1988-s0159,1988,事业单位招聘,,2
gold_duplicate_id,1988-s0161,1988,事业单位招聘,,2
gold_duplicate_id,1989-s0000,1989,事业单位招聘,,2
gold_duplicate_id,1989-s0001,1989,事业单位招聘,,3
gold_duplicate_id,1989-s0006,1989,事业单位招聘,,2
gold_duplicate_id,1989-s0007,1989,事业单位招聘,,2
gold_duplicate_id,1989-s0013,1989,事业单位招聘,,2
gold_duplicate_id,1989-s0021,1989,事业单位招聘,,2
gold_duplicate_id,1989-s0022,1989,事业单位招聘,,2
gold_duplicate_id,1989-s0023,1989,事业单位招聘,,2
gold_duplicate_id,1989-s0024,1989,事业单位招聘,,2
gold_duplicate_id,1989-s0025,1989,事业单位招聘,,2
gold_duplicate_id,1989-s0026,1989,事业单位招聘,,2
gold_duplicate_id,1989-s0029,1989,事业单位招聘,,2
gold_duplicate_id,1990-s0013,1990,事业单位招聘,,2
gold_duplicate_id,1990-s0017,1990,事业单位招聘,,2
gold_duplicate_id,1990-s0018,1990,事业单位招聘,,2
gold_duplicate_id,1991-s0003,1991,事业单位招聘,,2
gold_duplicate_id,1991-s0006,1991,事业单位招聘,,2
gold_duplicate_id,1991-s0008,1991,事业单位招聘,,2
gold_duplicate_id,1991-s0010,1991,事业单位招聘,,2
gold_duplicate_id,1991-s0011,1991,事业单位招聘,,2
gold_duplicate_id,1991-s0033,1991,事业单位招聘,,2
gold_duplicate_id,1991-s0035,1991,事业单位招聘,,2
gold_duplicate_id,1991-s0036,1991,事业单位招聘,,2
gold_duplicate_id,1991-s0037,1991,事业单位招聘,,2
gold_duplicate_id,1991-s0038,1991,事业单位招聘,,2
gold_duplicate_id,1991-s0042,1991,事业单位招聘,,2
gold_duplicate_id,1991-s0045,1991,事业单位招聘,,2
gold_duplicate_id,1993-s0009,1993,事业单位招聘,,2
gold_duplicate_id,1995-s0001,1995,事业单位招聘,,2
gold_duplicate_id,1995-s0013,1995,事业单位招聘,,2
gold_duplicate_id,1995-s0019,1995,事业单位招聘,,2
gold_duplicate_id,1995-s0020,1995,事业单位招聘,,2
gold_duplicate_id,1995-s0030,1995,事业单位招聘,,2
gold_duplicate_id,1995-s0036,1995,事业单位招聘,,2
gold_duplicate_id,1995-s0037,1995,事业单位招聘,,2
gold_duplicate_id,1995-s0052,1995,事业单位招聘,,2
gold_duplicate_id,1995-s0053,1995,事业单位招聘,,2
gold_duplicate_id,1995-s0087,1995,事业单位招聘,,2
gold_duplicate_id,1996-s0006,1996,事业单位招聘,,2
gold_duplicate_id,1999-s0012,1999,事业单位招聘,,2
gold_duplicate_id,1999-s0018,1999,事业单位招聘,,2
gold_duplicate_id,1999-s0019,1999,事业单位招聘,,2
gold_duplicate_id,1999-s0043,1999,事业单位招聘,,2
gold_duplicate_id,1999-s0072,1999,事业单位招聘,,2
gold_duplicate_id,1999-s0074,1999,事业单位招聘,,2
gold_empty_span,1802-s0009,1802,人工智能招聘,,1
gold_empty_span,1802-s0010,1802,人工智能招聘,,1
gold_empty_span,1802-s0011,1802,人工智能招聘,,1
gold_empty_span,1802-s0012,1802,人工智能招聘,,1
gold_empty_span,1802-s0014,1802,人工智能招聘,,1
gold_empty_span,1802-s0015,1802,人工智能招聘,,1
gold_empty_span,1802-s0016,1802,人工智能招聘,,1
gold_empty_span,1802-s0017,1802,人工智能招聘,,1
gold_empty_span,1802-s0018,1802,人工智能招聘,,1
gold_empty_span,1802-s0013,1802,人工智能招聘,,1
gold_empty_span,1803-s0011,1803,人工智能招聘,,1
gold_empty_span,1803-s0010,1803,人工智能招聘,,1
gold_empty_span,1804-s0002,1804,人工智能招聘,,1
gold_empty_span,1804-s0003,1804,人工智能招聘,,1
gold_empty_span,1804-s0004,1804,人工智能招聘,,1
gold_empty_span,1804-s0005,1804,人工智能招聘,,1
gold_empty_span,1805-s0003,1805,人工智能招聘,,1
gold_empty_span,1806-s0008,1806,人工智能招聘,,1
gold_empty_span,1807-s0004,1807,人工智能招聘,,1
gold_empty_span,1811-s0008,1811,人工智能招聘,,1
gold_empty_span,1814-s0008,1814,人工智能招聘,,1
gold_empty_span,1814-s0014,1814,人工智能招聘,,1
gold_empty_span,1814-s0015,1814,人工智能招聘,,1
gold_empty_span,1815-s0007,1815,人工智能招聘,,1
gold_empty_span,1815-s0009,1815,人工智能招聘,,1
gold_empty_span,1815-s0010,1815,人工智能招聘,,1
gold_empty_span,1815-s0011,1815,人工智能招聘,,1
gold_empty_span,1815-s0012,1815,人工智能招聘,,1
gold_empty_span,1815-s0013,1815,人工智能招聘,,1
gold_empty_span,1815-s0014,1815,人工智能招聘,,1
gold_empty_span,1815-s0016,1815,人工智能招聘,,1
gold_empty_span,1816-s0010,1816,人工智能招聘,,1
gold_empty_span,1816-s0007,1816,人工智能招聘,,1
gold_empty_span,1816-s0008,1816,人工智能招聘,,1
gold_empty_span,1816-s0009,1816,人工智能招聘,,1
gold_empty_span,1818-s0008,1818,人工智能招聘,,1
gold_empty_span,1820-s0009,1820,人工智能招聘,,1
gold_empty_span,1822-s0004,1822,人工智能招聘,,1
gold_empty_span,1823-s0010,1823,人工智能招聘,,1
gold_empty_span,1824-s0010,1824,人工智能招聘,,1
gold_empty_span,1827-s0003,1827,人工智能招聘,,1
gold_empty_span,1827-s0011,1827,人工智能招聘,,1
gold_empty_span,1827-s0013,1827,人工智能招聘,,1
gold_empty_span,1827-s0014,1827,人工智能招聘,,1
gold_empty_span,1828-s0003,1828,人工智能招聘,,1
gold_empty_span,1829-s0015,1829,人工智能招聘,,1
gold_empty_span,1829-s0006,1829,人工智能招聘,,1
gold_empty_span,1829-s0008,1829,人工智能招聘,,1
gold_empty_span,1829-s0009,1829,人工智能招聘,,1
gold_empty_span,1829-s0010,1829,人工智能招聘,,1
gold_empty_span,1829-s0011,1829,人工智能招聘,,1
gold_empty_span,1831-s0006,1831,人工智能招聘,,1
gold_empty_span,1832-s0003,1832,人工智能招聘,,1
gold_empty_span,1832-s0004,1832,人工智能招聘,,1
gold_empty_span,1833-s0000,1833,人工智能招聘,,1
gold_empty_span,1835-s0006,1835,人工智能招聘,,1
gold_empty_span,1837-s0010,1837,人工智能招聘,,1
gold_empty_span,1836-s0018,1836,人工智能招聘,,1
gold_empty_span,1837-s0000,1837,人工智能招聘,,1
gold_empty_span,1837-s0001,1837,人工智能招聘,,1
gold_empty_span,1837-s0002,1837,人工智能招聘,,1
gold_empty_span,1837-s0004,1837,人工智能招聘,,1
gold_empty_span,1837-s0005,1837,人工智能招聘,,1
gold_empty_span,1837-s0008,1837,人工智能招聘,,1
gold_empty_span,1837-s0007,1837,人工智能招聘,,1
gold_empty_span,1837-s0009,1837,人工智能招聘,,1
gold_empty_span,1837-s0017,1837,人工智能招聘,,1
gold_empty_span,1837-s0012,1837,人工智能招聘,,1
gold_empty_span,1837-s0013,1837,人工智能招聘,,1
gold_empty_span,1837-s0014,1837,人工智能招聘,,1
gold_empty_span,1837-s0016,1837,人工智能招聘,,1
gold_empty_span,1837-s0018,1837,人工智能招聘,,1
gold_empty_span,1837-s0019,1837,人工智能招聘,,1
gold_empty_span,1837-s0020,1837,人工智能招聘,,1
gold_empty_span,1837-s0021,1837,人工智能招聘,,1
gold_empty_span,1841-s0009,1841,人工智能招聘,,1
gold_empty_span,1840-s0005,1840,人工智能招聘,,1
gold_empty_span,1841-s0010,1841,人工智能招聘,,1
gold_empty_span,1841-s0011,1841,人工智能招聘,,1
gold_empty_span,1841-s0012,1841,人工智能招聘,,1
gold_empty_span,1841-s0014,1841,人工智能招聘,,1
gold_empty_span,1841-s0017,1841,人工智能招聘,,1
gold_empty_span,1841-s0018,1841,人工智能招聘,,1
gold_empty_span,1841-s0020,1841,人工智能招聘,,1
gold_empty_span,1841-s0022,1841,人工智能招聘,,1
gold_empty_span,1841-s0023,1841,人工智能招聘,,1
gold_empty_span,1841-s0025,1841,人工智能招聘,,1
gold_empty_span,1841-s0013,1841,人工智能招聘,,1
gold_empty_span,1841-s0015,1841,人工智能招聘,,1
gold_empty_span,1843-s0009,1843,人工智能招聘,,1
gold_empty_span,1843-s0010,1843,人工智能招聘,,1
gold_empty_span,1845-s0014,1845,人工智能招聘,,1
gold_empty_span,1845-s0015,1845,人工智能招聘,,1
gold_empty_span,1845-s0016,1845,人工智能招聘,,1
gold_empty_span,1846-s0000,1846,人工智能招聘,,1
gold_empty_span,1846-s0001,1846,人工智能招聘,,1
gold_empty_span,1846-s0002,1846,人工智能招聘,,1
gold_empty_span,1846-s0003,1846,人工智能招聘,,1
gold_empty_span,1846-s0004,1846,人工智能招聘,,1
gold_empty_span,1846-s0014,1846,人工智能招聘,,1
gold_empty_span,1846-s0016,1846,人工智能招聘,,1
gold_empty_span,1846-s0017,1846,人工智能招聘,,1
gold_empty_span,1847-s0008,1847,人工智能招聘,,1
gold_empty_span,1849-s0000,1849,人工智能招聘,,1
gold_empty_span,1851-s0007,1851,人工智能招聘,,1
gold_empty_span,1852-s0001,1852,人工智能招聘,,1
gold_empty_span,1852-s0004,1852,人工智能招聘,,1
gold_empty_span,1852-s0010,1852,人工智能招聘,,1
gold_empty_span,1852-s0015,1852,人工智能招聘,,1
gold_empty_span,1852-s0016,1852,人工智能招聘,,1
gold_empty_span,1852-s0017,1852,人工智能招聘,,1
gold_empty_span,1852-s0019,1852,人工智能招聘,,1
gold_empty_span,1852-s0020,1852,人工智能招聘,,1
gold_empty_span,1852-s0013,1852,人工智能招聘,,1
gold_empty_span,1855-s0000,1855,人工智能招聘,,1
gold_empty_span,1855-s0005,1855,人工智能招聘,,1
gold_empty_span,1855-s0015,1855,人工智能招聘,,1
gold_empty_span,1856-s0001,1856,人工智能招聘,,1
gold_empty_span,1858-s0000,1858,人工智能招聘,,1
gold_empty_span,1858-s0012,1858,人工智能招聘,,1
gold_empty_span,1858-s0014,1858,人工智能招聘,,1
gold_empty_span,1858-s0016,1858,人工智能招聘,,1
gold_empty_span,1858-s0017,1858,人工智能招聘,,1
gold_empty_span,1861-s0005,1861,人工智能招聘,,1
gold_empty_span,1862-s0004,1862,人工智能招聘,,1
gold_empty_span,1862-s0002,1862,人工智能招聘,,1
gold_empty_span,1862-s0003,1862,人工智能招聘,,1
gold_empty_span,1865-s0003,1865,人工智能招聘,,1
gold_empty_span,1867-s0007,1867,人工智能招聘,,1
gold_empty_span,1867-s0000,1867,人工智能招聘,,1
gold_empty_span,1867-s0001,1867,人工智能招聘,,1
gold_empty_span,1866-s0010,1866,人工智能招聘,,1
gold_empty_span,1867-s0011,1867,人工智能招聘,,1
gold_empty_span,1867-s0012,1867,人工智能招聘,,1
gold_empty_span,1867-s0010,1867,人工智能招聘,,1
gold_empty_span,1869-s0005,1869,人工智能招聘,,1
gold_empty_span,1869-s0006,1869,人工智能招聘,,1
gold_empty_span,1869-s0007,1869,人工智能招聘,,1
gold_empty_span,1869-s0008,1869,人工智能招聘,,1
gold_empty_span,1872-s0010,1872,人工智能招聘,,1
gold_empty_span,1873-s0003,1873,人工智能招聘,,1
gold_empty_span,1873-s0009,1873,人工智能招聘,,1
gold_empty_span,1873-s0011,1873,人工智能招聘,,1
gold_empty_span,1873-s0012,1873,人工智能招聘,,1
gold_empty_span,1875-s0004,1875,人工智能招聘,,1
gold_empty_span,1876-s0002,1876,人工智能招聘,,1
gold_empty_span,1876-s0003,1876,人工智能招聘,,1
gold_empty_span,1876-s0004,1876,人工智能招聘,,1
gold_empty_span,1876-s0010,1876,人工智能招聘,,1
gold_empty_span,1876-s0014,1876,人工智能招聘,,1
gold_empty_span,1876-s0018,1876,人工智能招聘,,1
gold_empty_span,1876-s0007,1876,人工智能招聘,,1
gold_empty_span,1877-s0011,1877,人工智能招聘,,1
gold_empty_span,1878-s0002,1878,人工智能招聘,,1
gold_empty_span,1878-s0003,1878,人工智能招聘,,1
gold_empty_span,1881-s0005,1881,人工智能招聘,,1
gold_empty_span,1883-s0000,1883,人工智能招聘,,1
gold_empty_span,1882-s0006,1882,人工智能招聘,,1
gold_empty_span,1882-s0010,1882,人工智能招聘,,1
gold_empty_span,1883-s0001,1883,人工智能招聘,,1
gold_empty_span,1883-s0003,1883,人工智能招聘,,1
gold_empty_span,1883-s0004,1883,人工智能招聘,,1
gold_empty_span,1883-s0011,1883,人工智能招聘,,1
gold_empty_span,1883-s0013,1883,人工智能招聘,,1
gold_empty_span,1883-s0008,1883,人工智能招聘,,1
gold_empty_span,1883-s0014,1883,人工智能招聘,,1
gold_empty_span,1883-s0006,1883,人工智能招聘,,1
gold_empty_span,1884-s0010,1884,人工智能招聘,,1
gold_empty_span,1885-s0003,1885,人工智能招聘,,1
gold_empty_span,1885-s0005,1885,人工智能招聘,,1
gold_empty_span,1886-s0000,1886,人工智能招聘,,1
gold_empty_span,1886-s0001,1886,人工智能招聘,,1
gold_empty_span,1886-s0004,1886,人工智能招聘,,1
gold_empty_span,1887-s0006,1887,人工智能招聘,,1
gold_empty_span,1887-s0007,1887,人工智能招聘,,1
gold_empty_span,1889-s0001,1889,人工智能招聘,,1
gold_empty_span,1890-s0004,1890,人工智能招聘,,1
gold_empty_span,1891-s0013,1891,人工智能招聘,,1
gold_empty_span,1893-s0004,1893,人工智能招聘,,1
gold_empty_span,1897-s0003,1897,人工智能招聘,,1
gold_empty_span,1897-s0009,1897,人工智能招聘,,1
gold_empty_span,1898-s0009,1898,人工智能招聘,,1
gold_empty_span,1898-s0015,1898,人工智能招聘,,1
gold_empty_span,1898-s0016,1898,人工智能招聘,,1
gold_empty_span,1899-s0001,1899,人工智能招聘,,1
gold_empty_span,1899-s0002,1899,人工智能招聘,,1
gold_empty_span,1899-s0003,1899,人工智能招聘,,1
gold_empty_span,1899-s0004,1899,人工智能招聘,,1
gold_empty_span,1899-s0006,1899,人工智能招聘,,1
gold_empty_span,1899-s0008,1899,人工智能招聘,,1
gold_empty_span,1899-s0014,1899,人工智能招聘,,1
gold_empty_span,1902-s0000,1902,人工智能招聘,,1
gold_empty_span,1903-s0009,1903,人工智能招聘,,1
gold_empty_span,1903-s0010,1903,人工智能招聘,,1
gold_empty_span,1905-s0009,1905,人工智能招聘,,1
gold_empty_span,1905-s0010,1905,人工智能招聘,,1
gold_empty_span,1904-s0006,1904,人工智能招聘,,1
gold_empty_span,1905-s0012,1905,人工智能招聘,,1
gold_empty_span,1905-s0016,1905,人工智能招聘,,1
gold_empty_span,1908-s0010,1908,人工智能招聘,,1
gold_empty_span,1910-s0003,1910,人工智能招聘,,1
gold_empty_span,1912-s0010,1912,人工智能招聘,,1
gold_empty_span,1913-s0006,1913,人工智能招聘,,1
gold_empty_span,1913-s0010,1913,人工智能招聘,,1
gold_empty_span,1914-s0005,1914,人工智能招聘,,1
gold_empty_span,1914-s0008,1914,人工智能招聘,,1
gold_empty_span,1916-s0006,1916,人工智能招聘,,1
gold_empty_span,1915-s0007,1915,人工智能招聘,,1
gold_empty_span,1917-s0008,1917,人工智能招聘,,1
gold_empty_span,1918-s0000,1918,人工智能招聘,,1
gold_empty_span,1918-s0003,1918,人工智能招聘,,1
gold_empty_span,1918-s0008,1918,人工智能招聘,,1
gold_empty_span,1919-s0000,1919,人工智能招聘,,1
gold_empty_span,1919-s0005,1919,人工智能招聘,,1
gold_empty_span,1919-s0006,1919,人工智能招聘,,1
gold_empty_span,1919-s0007,1919,人工智能招聘,,1
gold_empty_span,1919-s0009,1919,人工智能招聘,,1
gold_empty_span,1921-s0012,1921,人工智能招聘,,1
gold_empty_span,1922-s0002,1922,人工智能招聘,,1
gold_empty_span,1922-s0011,1922,人工智能招聘,,1
gold_empty_span,1922-s0012,1922,人工智能招聘,,1
gold_empty_span,1924-s0005,1924,人工智能招聘,,1
gold_empty_span,1924-s0013,1924,人工智能招聘,,1
gold_empty_span,1924-s0014,1924,人工智能招聘,,1
gold_empty_span,1925-s0015,1925,人工智能招聘,,1
gold_empty_span,1925-s0016,1925,人工智能招聘,,1
gold_empty_span,1925-s0018,1925,人工智能招聘,,1
gold_empty_span,1925-s0019,1925,人工智能招聘,,1
gold_empty_span,1925-s0020,1925,人工智能招聘,,1
gold_empty_span,1925-s0021,1925,人工智能招聘,,1
gold_empty_span,1925-s0023,1925,人工智能招聘,,1
gold_empty_span,1926-s0009,1926,人工智能招聘,,1
gold_empty_span,1927-s0009,1927,人工智能招聘,,1
gold_empty_span,1927-s0010,1927,人工智能招聘,,1
gold_empty_span,1928-s0004,1928,人工智能招聘,,1
gold_empty_span,1928-s0005,1928,人工智能招聘,,1
gold_empty_span,1929-s0000,1929,人工智能招聘,,1
gold_empty_span,1929-s0001,1929,人工智能招聘,,1
gold_empty_span,1929-s0004,1929,人工智能招聘,,1
gold_empty_span,1929-s0013,1929,人工智能招聘,,1
gold_empty_span,1930-s0005,1930,人工智能招聘,,1
gold_empty_span,1931-s0000,1931,人工智能招聘,,1
gold_empty_span,1931-s0004,1931,人工智能招聘,,1
gold_empty_span,1932-s0005,1932,人工智能招聘,,1
gold_empty_span,1932-s0011,1932,人工智能招聘,,1
gold_empty_span,1933-s0013,1933,人工智能招聘,,1
gold_empty_span,1934-s0000,1934,人工智能招聘,,1
gold_empty_span,1934-s0001,1934,人工智能招聘,,1
gold_empty_span,1935-s0010,1935,人工智能招聘,,1
gold_empty_span,1936-s0006,1936,人工智能招聘,,1
gold_empty_span,1938-s0001,1938,人工智能招聘,,1
gold_empty_span,1938-s0004,1938,人工智能招聘,,1
gold_empty_span,1938-s0006,1938,人工智能招聘,,1
gold_empty_span,1938-s0011,1938,人工智能招聘,,1
gold_empty_span,1940-s0009,1940,人工智能招聘,,1
gold_empty_span,1941-s0004,1941,阿里云公开数据集,,1
gold_empty_span,1941-s0005,1941,阿里云公开数据集,,1
gold_empty_span,1942-s0009,1942,阿里云公开数据集,,1
gold_empty_span,1943-s0000,1943,阿里云公开数据集,,1
gold_empty_span,1943-s0001,1943,阿里云公开数据集,,1
gold_empty_span,1943-s0002,1943,阿里云公开数据集,,1
gold_empty_span,1940-s0013,1940,人工智能招聘,,1
gold_empty_span,1943-s0004,1943,阿里云公开数据集,,1
gold_empty_span,1943-s0008,1943,阿里云公开数据集,,1
gold_empty_span,1944-s0009,1944,阿里云公开数据集,,1
gold_empty_span,1944-s0010,1944,阿里云公开数据集,,1
gold_empty_span,1945-s0000,1945,阿里云公开数据集,,1
gold_empty_span,1944-s0011,1944,阿里云公开数据集,,1
gold_empty_span,1944-s0012,1944,阿里云公开数据集,,1
gold_empty_span,1945-s0010,1945,阿里云公开数据集,,1
gold_empty_span,1947-s0010,1947,阿里云公开数据集,,1
gold_empty_span,1950-s0004,1950,阿里云公开数据集,,1
gold_empty_span,1951-s0016,1951,阿里云公开数据集,,1
gold_empty_span,1952-s0008,1952,阿里云公开数据集,,1
gold_empty_span,1952-s0011,1952,阿里云公开数据集,,1
gold_empty_span,1952-s0012,1952,阿里云公开数据集,,1
gold_empty_span,1952-s0013,1952,阿里云公开数据集,,1
gold_empty_span,1952-s0007,1952,阿里云公开数据集,,1
gold_empty_span,1953-s0010,1953,阿里云公开数据集,,1
gold_empty_span,1953-s0005,1953,阿里云公开数据集,,1
gold_empty_span,1954-s0004,1954,阿里云公开数据集,,1
gold_empty_span,1954-s0005,1954,阿里云公开数据集,,1
gold_empty_span,1954-s0006,1954,阿里云公开数据集,,1
gold_empty_span,1954-s0007,1954,阿里云公开数据集,,1
gold_empty_span,1955-s0010,1955,阿里云公开数据集,,1
gold_empty_span,1956-s0011,1956,阿里云公开数据集,,1
gold_empty_span,1959-s0006,1959,阿里云公开数据集,,1
gold_empty_span,1959-s0011,1959,阿里云公开数据集,,1
gold_empty_span,1956-s0012,1956,阿里云公开数据集,,1
gold_empty_span,1960-s0022,1960,阿里云公开数据集,,1
gold_empty_span,1960-s0013,1960,阿里云公开数据集,,1
gold_empty_span,1960-s0015,1960,阿里云公开数据集,,1
gold_empty_span,1960-s0016,1960,阿里云公开数据集,,1
gold_empty_span,1960-s0017,1960,阿里云公开数据集,,1
gold_empty_span,1960-s0018,1960,阿里云公开数据集,,1
gold_empty_span,1960-s0019,1960,阿里云公开数据集,,1
gold_empty_span,1960-s0020,1960,阿里云公开数据集,,1
gold_empty_span,1960-s0021,1960,阿里云公开数据集,,1
gold_empty_span,1960-s0024,1960,阿里云公开数据集,,1
gold_empty_span,1960-s0025,1960,阿里云公开数据集,,1
gold_empty_span,1962-s0003,1962,阿里云公开数据集,,1
gold_empty_span,1962-s0004,1962,阿里云公开数据集,,1
gold_empty_span,1963-s0010,1963,阿里云公开数据集,,1
gold_empty_span,1965-s0015,1965,阿里云公开数据集,,1
gold_empty_span,1964-s0007,1964,阿里云公开数据集,,1
gold_empty_span,1964-s0009,1964,阿里云公开数据集,,1
gold_empty_span,1965-s0018,1965,阿里云公开数据集,,1
gold_empty_span,1965-s0020,1965,阿里云公开数据集,,1
gold_empty_span,1967-s0015,1967,阿里云公开数据集,,1
gold_empty_span,1968-s0005,1968,阿里云公开数据集,,1
gold_empty_span,1969-s0010,1969,阿里云公开数据集,,1
gold_empty_span,1969-s0012,1969,阿里云公开数据集,,1
gold_empty_span,1970-s0007,1970,阿里云公开数据集,,1
gold_empty_span,1970-s0008,1970,阿里云公开数据集,,1
gold_empty_span,1972-s0009,1972,阿里云公开数据集,,1
gold_empty_span,1973-s0004,1973,阿里云公开数据集,,1
gold_empty_span,1973-s0009,1973,阿里云公开数据集,,1
gold_empty_span,1973-s0016,1973,阿里云公开数据集,,1
gold_empty_span,1973-s0018,1973,阿里云公开数据集,,1
gold_empty_span,1973-s0019,1973,阿里云公开数据集,,1
gold_empty_span,1973-s0020,1973,阿里云公开数据集,,1
gold_empty_span,1973-s0021,1973,阿里云公开数据集,,1
gold_empty_span,1973-s0010,1973,阿里云公开数据集,,1
gold_empty_span,1973-s0011,1973,阿里云公开数据集,,1
gold_empty_span,1973-s0022,1973,阿里云公开数据集,,1
gold_empty_span,1973-s0014,1973,阿里云公开数据集,,1
gold_empty_span,1973-s0024,1973,阿里云公开数据集,,1
gold_empty_span,1973-s0026,1973,阿里云公开数据集,,1
gold_empty_span,1973-s0027,1973,阿里云公开数据集,,1
gold_empty_span,1973-s0029,1973,阿里云公开数据集,,1
gold_empty_span,1974-s0000,1974,阿里云公开数据集,,1
gold_empty_span,1973-s0023,1973,阿里云公开数据集,,1
gold_empty_span,1973-s0025,1973,阿里云公开数据集,,1
gold_empty_span,1976-s0005,1976,阿里云公开数据集,,1
gold_empty_span,1976-s0006,1976,阿里云公开数据集,,1
gold_empty_span,1976-s0008,1976,阿里云公开数据集,,1
gold_empty_span,1976-s0009,1976,阿里云公开数据集,,1
gold_empty_span,1976-s0012,1976,阿里云公开数据集,,1
gold_empty_span,1977-s0012,1977,阿里云公开数据集,,1
gold_empty_span,1979-s0002,1979,阿里云公开数据集,,1
gold_empty_span,1979-s0003,1979,阿里云公开数据集,,1
gold_empty_span,1979-s0005,1979,阿里云公开数据集,,1
gold_empty_span,1981-s0010,1981,事业单位招聘,,1
gold_empty_span,1981-s0000,1981,事业单位招聘,,1
gold_empty_span,1981-s0001,1981,事业单位招聘,,1
gold_empty_span,1981-s0002,1981,事业单位招聘,,1
gold_empty_span,1981-s0003,1981,事业单位招聘,,1
gold_empty_span,1981-s0004,1981,事业单位招聘,,1
gold_empty_span,1982-s0009,1982,事业单位招聘,,1
gold_empty_span,1982-s0010,1982,事业单位招聘,,1
gold_empty_span,1982-s0011,1982,事业单位招聘,,1
gold_empty_span,1982-s0012,1982,事业单位招聘,,1
gold_empty_span,1981-s0011,1981,事业单位招聘,,1
gold_empty_span,1981-s0012,1981,事业单位招聘,,1
gold_empty_span,1981-s0013,1981,事业单位招聘,,1
gold_empty_span,1981-s0014,1981,事业单位招聘,,1
gold_empty_span,1981-s0015,1981,事业单位招聘,,1
gold_empty_span,1981-s0016,1981,事业单位招聘,,1
gold_empty_span,1981-s0017,1981,事业单位招聘,,1
gold_empty_span,1981-s0018,1981,事业单位招聘,,1
gold_empty_span,1982-s0000,1982,事业单位招聘,,1
gold_empty_span,1982-s0002,1982,事业单位招聘,,1
gold_empty_span,1982-s0004,1982,事业单位招聘,,1
gold_empty_span,1982-s0017,1982,事业单位招聘,,1
gold_empty_span,1982-s0018,1982,事业单位招聘,,1
gold_empty_span,1982-s0019,1982,事业单位招聘,,1
gold_empty_span,1983-s0002,1983,事业单位招聘,,1
gold_empty_span,1983-s0003,1983,事业单位招聘,,1
gold_empty_span,1982-s0016,1982,事业单位招聘,,1
gold_empty_span,1982-s0015,1982,事业单位招聘,,1
gold_empty_span,1984-s0003,1984,事业单位招聘,,1
gold_empty_span,1984-s0004,1984,事业单位招聘,,1
gold_empty_span,1984-s0006,1984,事业单位招聘,,1
gold_empty_span,1984-s0007,1984,事业单位招聘,,1
gold_empty_span,1984-s0008,1984,事业单位招聘,,1
gold_empty_span,1984-s0009,1984,事业单位招聘,,1
gold_empty_span,1984-s0010,1984,事业单位招聘,,1
gold_empty_span,1984-s0011,1984,事业单位招聘,,1
gold_empty_span,1984-s0002,1984,事业单位招聘,,1
gold_empty_span,1984-s0014,1984,事业单位招聘,,1
gold_empty_span,1984-s0015,1984,事业单位招聘,,1
gold_empty_span,1984-s0016,1984,事业单位招聘,,1
gold_empty_span,1984-s0017,1984,事业单位招聘,,1
gold_empty_span,1984-s0018,1984,事业单位招聘,,1
gold_empty_span,1984-s0019,1984,事业单位招聘,,1
gold_empty_span,1984-s0020,1984,事业单位招聘,,1
gold_empty_span,1984-s0021,1984,事业单位招聘,,1
gold_empty_span,1984-s0022,1984,事业单位招聘,,1
gold_empty_span,1984-s0024,1984,事业单位招聘,,1
gold_empty_span,1984-s0012,1984,事业单位招聘,,1
gold_empty_span,1984-s0013,1984,事业单位招聘,,1
gold_empty_span,1984-s0026,1984,事业单位招聘,,1
gold_empty_span,1984-s0025,1984,事业单位招聘,,1
gold_empty_span,1984-s0027,1984,事业单位招聘,,1
gold_empty_span,1984-s0028,1984,事业单位招聘,,1
gold_empty_span,1984-s0029,1984,事业单位招聘,,1
gold_empty_span,1984-s0030,1984,事业单位招聘,,1
gold_empty_span,1984-s0031,1984,事业单位招聘,,1
gold_empty_span,1984-s0032,1984,事业单位招聘,,1
gold_empty_span,1984-s0033,1984,事业单位招聘,,1
gold_empty_span,1984-s0034,1984,事业单位招聘,,1
gold_empty_span,1984-s0035,1984,事业单位招聘,,1
gold_empty_span,1984-s0036,1984,事业单位招聘,,1
gold_empty_span,1984-s0041,1984,事业单位招聘,,1
gold_empty_span,1984-s0042,1984,事业单位招聘,,1
gold_empty_span,1984-s0044,1984,事业单位招聘,,1
gold_empty_span,1984-s0046,1984,事业单位招聘,,1
gold_empty_span,1984-s0047,1984,事业单位招聘,,1
gold_empty_span,1984-s0048,1984,事业单位招聘,,1
gold_empty_span,1984-s0049,1984,事业单位招聘,,1
gold_empty_span,1984-s0037,1984,事业单位招聘,,1
gold_empty_span,1984-s0038,1984,事业单位招聘,,1
gold_empty_span,1984-s0040,1984,事业单位招聘,,1
gold_empty_span,1984-s0052,1984,事业单位招聘,,1
gold_empty_span,1984-s0053,1984,事业单位招聘,,1
gold_empty_span,1984-s0054,1984,事业单位招聘,,1
gold_empty_span,1984-s0055,1984,事业单位招聘,,1
gold_empty_span,1984-s0056,1984,事业单位招聘,,1
gold_empty_span,1984-s0057,1984,事业单位招聘,,1
gold_empty_span,1984-s0058,1984,事业单位招聘,,1
gold_empty_span,1984-s0059,1984,事业单位招聘,,1
gold_empty_span,1984-s0060,1984,事业单位招聘,,1
gold_empty_span,1984-s0051,1984,事业单位招聘,,1
gold_empty_span,1984-s0062,1984,事业单位招聘,,1
gold_empty_span,1984-s0061,1984,事业单位招聘,,1
gold_empty_span,1984-s0063,1984,事业单位招聘,,1
gold_empty_span,1984-s0065,1984,事业单位招聘,,1
gold_empty_span,1984-s0067,1984,事业单位招聘,,1
gold_empty_span,1984-s0068,1984,事业单位招聘,,1
gold_empty_span,1984-s0069,1984,事业单位招聘,,1
gold_empty_span,1984-s0070,1984,事业单位招聘,,1
gold_empty_span,1984-s0071,1984,事业单位招聘,,1
gold_empty_span,1984-s0072,1984,事业单位招聘,,1
gold_empty_span,1984-s0073,1984,事业单位招聘,,1
gold_empty_span,1984-s0076,1984,事业单位招聘,,1
gold_empty_span,1984-s0077,1984,事业单位招聘,,1
gold_empty_span,1984-s0078,1984,事业单位招聘,,1
gold_empty_span,1984-s0079,1984,事业单位招聘,,1
gold_empty_span,1984-s0080,1984,事业单位招聘,,1
gold_empty_span,1984-s0081,1984,事业单位招聘,,1
gold_empty_span,1984-s0082,1984,事业单位招聘,,1
gold_empty_span,1984-s0083,1984,事业单位招聘,,1
gold_empty_span,1984-s0084,1984,事业单位招聘,,1
gold_empty_span,1984-s0085,1984,事业单位招聘,,1
gold_empty_span,1984-s0086,1984,事业单位招聘,,1
gold_empty_span,1985-s0000,1985,事业单位招聘,,1
gold_empty_span,1984-s0074,1984,事业单位招聘,,1
gold_empty_span,1985-s0003,1985,事业单位招聘,,1
gold_empty_span,1985-s0004,1985,事业单位招聘,,1
gold_empty_span,1985-s0005,1985,事业单位招聘,,1
gold_empty_span,1985-s0006,1985,事业单位招聘,,1
gold_empty_span,1985-s0007,1985,事业单位招聘,,1
gold_empty_span,1985-s0008,1985,事业单位招聘,,1
gold_empty_span,1985-s0009,1985,事业单位招聘,,1
gold_empty_span,1985-s0002,1985,事业单位招聘,,1
gold_empty_span,1985-s0010,1985,事业单位招聘,,1
gold_empty_span,1985-s0012,1985,事业单位招聘,,1
gold_empty_span,1985-s0014,1985,事业单位招聘,,1
gold_empty_span,1985-s0015,1985,事业单位招聘,,1
gold_empty_span,1985-s0016,1985,事业单位招聘,,1
gold_empty_span,1985-s0017,1985,事业单位招聘,,1
gold_empty_span,1985-s0018,1985,事业单位招聘,,1
gold_empty_span,1985-s0019,1985,事业单位招聘,,1
gold_empty_span,1985-s0020,1985,事业单位招聘,,1
gold_empty_span,1985-s0029,1985,事业单位招聘,,1
gold_empty_span,1985-s0025,1985,事业单位招聘,,1
gold_empty_span,1985-s0026,1985,事业单位招聘,,1
gold_empty_span,1985-s0028,1985,事业单位招聘,,1
gold_empty_span,1986-s0001,1986,事业单位招聘,,1
gold_empty_span,1985-s0027,1985,事业单位招聘,,1
gold_empty_span,1985-s0024,1985,事业单位招聘,,1
gold_empty_span,1987-s0001,1987,事业单位招聘,,1
gold_empty_span,1987-s0003,1987,事业单位招聘,,1
gold_empty_span,1986-s0003,1986,事业单位招聘,,1
gold_empty_span,1987-s0008,1987,事业单位招聘,,1
gold_empty_span,1987-s0004,1987,事业单位招聘,,1
gold_empty_span,1987-s0005,1987,事业单位招聘,,1
gold_empty_span,1987-s0007,1987,事业单位招聘,,1
gold_empty_span,1987-s0009,1987,事业单位招聘,,1
gold_empty_span,1987-s0011,1987,事业单位招聘,,1
gold_empty_span,1987-s0012,1987,事业单位招聘,,1
gold_empty_span,1987-s0010,1987,事业单位招聘,,1
gold_empty_span,1987-s0015,1987,事业单位招聘,,1
gold_empty_span,1987-s0016,1987,事业单位招聘,,1
gold_empty_span,1987-s0016,1987,事业单位招聘,,1
gold_empty_span,1987-s0017,1987,事业单位招聘,,1
gold_empty_span,1987-s0018,1987,事业单位招聘,,1
gold_empty_span,1987-s0019,1987,事业单位招聘,,1
gold_empty_span,1987-s0020,1987,事业单位招聘,,1
gold_empty_span,1987-s0021,1987,事业单位招聘,,1
gold_empty_span,1987-s0022,1987,事业单位招聘,,1
gold_empty_span,1987-s0022,1987,事业单位招聘,,1
gold_empty_span,1987-s0024,1987,事业单位招聘,,1
gold_empty_span,1987-s0026,1987,事业单位招聘,,1
gold_empty_span,1987-s0028,1987,事业单位招聘,,1
gold_empty_span,1987-s0029,1987,事业单位招聘,,1
gold_empty_span,1987-s0030,1987,事业单位招聘,,1
gold_empty_span,1987-s0031,1987,事业单位招聘,,1
gold_empty_span,1987-s0033,1987,事业单位招聘,,1
gold_empty_span,1987-s0034,1987,事业单位招聘,,1
gold_empty_span,1987-s0035,1987,事业单位招聘,,1
gold_empty_span,1987-s0036,1987,事业单位招聘,,1
gold_empty_span,1987-s0037,1987,事业单位招聘,,1
gold_empty_span,1987-s0038,1987,事业单位招聘,,1
gold_empty_span,1987-s0032,1987,事业单位招聘,,1
gold_empty_span,1987-s0039,1987,事业单位招聘,,1
gold_empty_span,1987-s0040,1987,事业单位招聘,,1
gold_empty_span,1987-s0041,1987,事业单位招聘,,1
gold_empty_span,1987-s0042,1987,事业单位招聘,,1
gold_empty_span,1987-s0043,1987,事业单位招聘,,1
gold_empty_span,1987-s0044,1987,事业单位招聘,,1
gold_empty_span,1987-s0038,1987,事业单位招聘,,1
gold_empty_span,1987-s0046,1987,事业单位招聘,,1
gold_empty_span,1987-s0047,1987,事业单位招聘,,1
gold_empty_span,1987-s0049,1987,事业单位招聘,,1
gold_empty_span,1987-s0050,1987,事业单位招聘,,1
gold_empty_span,1987-s0054,1987,事业单位招聘,,1
gold_empty_span,1987-s0056,1987,事业单位招聘,,1
gold_empty_span,1987-s0057,1987,事业单位招聘,,1
gold_empty_span,1987-s0058,1987,事业单位招聘,,1
gold_empty_span,1987-s0053,1987,事业单位招聘,,1
gold_empty_span,1987-s0064,1987,事业单位招聘,,1
gold_empty_span,1987-s0060,1987,事业单位招聘,,1
gold_empty_span,1987-s0061,1987,事业单位招聘,,1
gold_empty_span,1987-s0062,1987,事业单位招聘,,1
gold_empty_span,1987-s0065,1987,事业单位招聘,,1
gold_empty_span,1987-s0066,1987,事业单位招聘,,1
gold_empty_span,1987-s0069,1987,事业单位招聘,,1
gold_empty_span,1987-s0070,1987,事业单位招聘,,1
gold_empty_span,1987-s0068,1987,事业单位招聘,,1
gold_empty_span,1987-s0071,1987,事业单位招聘,,1
gold_empty_span,1987-s0072,1987,事业单位招聘,,1
gold_empty_span,1987-s0073,1987,事业单位招聘,,1
gold_empty_span,1987-s0066,1987,事业单位招聘,,1
gold_empty_span,1987-s0067,1987,事业单位招聘,,1
gold_empty_span,1988-s0002,1988,事业单位招聘,,1
gold_empty_span,1988-s0003,1988,事业单位招聘,,1
gold_empty_span,1988-s0004,1988,事业单位招聘,,1
gold_empty_span,1988-s0005,1988,事业单位招聘,,1
gold_empty_span,1988-s0005,1988,事业单位招聘,,1
gold_empty_span,1988-s0006,1988,事业单位招聘,,1
gold_empty_span,1988-s0009,1988,事业单位招聘,,1
gold_empty_span,1988-s0006,1988,事业单位招聘,,1
gold_empty_span,1988-s0008,1988,事业单位招聘,,1
gold_empty_span,1988-s0010,1988,事业单位招聘,,1
gold_empty_span,1988-s0010,1988,事业单位招聘,,1
gold_empty_span,1988-s0011,1988,事业单位招聘,,1
gold_empty_span,1988-s0016,1988,事业单位招聘,,1
gold_empty_span,1988-s0017,1988,事业单位招聘,,1
gold_empty_span,1988-s0014,1988,事业单位招聘,,1
gold_empty_span,1988-s0012,1988,事业单位招聘,,1
gold_empty_span,1988-s0015,1988,事业单位招聘,,1
gold_empty_span,1988-s0013,1988,事业单位招聘,,1
gold_empty_span,1988-s0023,1988,事业单位招聘,,1
gold_empty_span,1988-s0021,1988,事业单位招聘,,1
gold_empty_span,1988-s0025,1988,事业单位招聘,,1
gold_empty_span,1988-s0027,1988,事业单位招聘,,1
gold_empty_span,1988-s0028,1988,事业单位招聘,,1
gold_empty_span,1988-s0034,1988,事业单位招聘,,1
gold_empty_span,1988-s0035,1988,事业单位招聘,,1
gold_empty_span,1988-s0031,1988,事业单位招聘,,1
gold_empty_span,1988-s0032,1988,事业单位招聘,,1
gold_empty_span,1988-s0033,1988,事业单位招聘,,1
gold_empty_span,1988-s0029,1988,事业单位招聘,,1
gold_empty_span,1988-s0030,1988,事业单位招聘,,1
gold_empty_span,1988-s0040,1988,事业单位招聘,,1
gold_empty_span,1988-s0041,1988,事业单位招聘,,1
gold_empty_span,1988-s0042,1988,事业单位招聘,,1
gold_empty_span,1988-s0035,1988,事业单位招聘,,1
gold_empty_span,1988-s0037,1988,事业单位招聘,,1
gold_empty_span,1988-s0038,1988,事业单位招聘,,1
gold_empty_span,1988-s0038,1988,事业单位招聘,,1
gold_empty_span,1988-s0039,1988,事业单位招聘,,1
gold_empty_span,1988-s0043,1988,事业单位招聘,,1
gold_empty_span,1988-s0044,1988,事业单位招聘,,1
gold_empty_span,1988-s0045,1988,事业单位招聘,,1
gold_empty_span,1988-s0046,1988,事业单位招聘,,1
gold_empty_span,1988-s0047,1988,事业单位招聘,,1
gold_empty_span,1988-s0049,1988,事业单位招聘,,1
gold_empty_span,1988-s0049,1988,事业单位招聘,,1
gold_empty_span,1988-s0050,1988,事业单位招聘,,1
gold_empty_span,1988-s0051,1988,事业单位招聘,,1
gold_empty_span,1988-s0052,1988,事业单位招聘,,1
gold_empty_span,1988-s0053,1988,事业单位招聘,,1
gold_empty_span,1988-s0054,1988,事业单位招聘,,1
gold_empty_span,1988-s0054,1988,事业单位招聘,,1
gold_empty_span,1988-s0055,1988,事业单位招聘,,1
gold_empty_span,1988-s0056,1988,事业单位招聘,,1
gold_empty_span,1988-s0061,1988,事业单位招聘,,1
gold_empty_span,1988-s0056,1988,事业单位招聘,,1
gold_empty_span,1988-s0058,1988,事业单位招聘,,1
gold_empty_span,1988-s0059,1988,事业单位招聘,,1
gold_empty_span,1988-s0065,1988,事业单位招聘,,1
gold_empty_span,1988-s0066,1988,事业单位招聘,,1
gold_empty_span,1988-s0068,1988,事业单位招聘,,1
gold_empty_span,1988-s0071,1988,事业单位招聘,,1
gold_empty_span,1988-s0072,1988,事业单位招聘,,1
gold_empty_span,1988-s0073,1988,事业单位招聘,,1
gold_empty_span,1988-s0074,1988,事业单位招聘,,1
gold_empty_span,1988-s0075,1988,事业单位招聘,,1
gold_empty_span,1988-s0076,1988,事业单位招聘,,1
gold_empty_span,1988-s0077,1988,事业单位招聘,,1
gold_empty_span,1988-s0079,1988,事业单位招聘,,1
gold_empty_span,1988-s0078,1988,事业单位招聘,,1
gold_empty_span,1988-s0080,1988,事业单位招聘,,1
gold_empty_span,1988-s0081,1988,事业单位招聘,,1
gold_empty_span,1988-s0082,1988,事业单位招聘,,1
gold_empty_span,1988-s0083,1988,事业单位招聘,,1
gold_empty_span,1988-s0091,1988,事业单位招聘,,1
gold_empty_span,1988-s0091,1988,事业单位招聘,,1
gold_empty_span,1988-s0092,1988,事业单位招聘,,1
gold_empty_span,1988-s0099,1988,事业单位招聘,,1
gold_empty_span,1988-s0094,1988,事业单位招聘,,1
gold_empty_span,1988-s0095,1988,事业单位招聘,,1
gold_empty_span,1988-s0096,1988,事业单位招聘,,1
gold_empty_span,1988-s0097,1988,事业单位招聘,,1
gold_empty_span,1988-s0098,1988,事业单位招聘,,1
gold_empty_span,1988-s0101,1988,事业单位招聘,,1
gold_empty_span,1988-s0101,1988,事业单位招聘,,1
gold_empty_span,1988-s0103,1988,事业单位招聘,,1
gold_empty_span,1988-s0104,1988,事业单位招聘,,1
gold_empty_span,1988-s0106,1988,事业单位招聘,,1
gold_empty_span,1988-s0108,1988,事业单位招聘,,1
gold_empty_span,1988-s0110,1988,事业单位招聘,,1
gold_empty_span,1988-s0111,1988,事业单位招聘,,1
gold_empty_span,1988-s0113,1988,事业单位招聘,,1
gold_empty_span,1988-s0115,1988,事业单位招聘,,1
gold_empty_span,1988-s0117,1988,事业单位招聘,,1
gold_empty_span,1988-s0119,1988,事业单位招聘,,1
gold_empty_span,1988-s0120,1988,事业单位招聘,,1
gold_empty_span,1988-s0123,1988,事业单位招聘,,1
gold_empty_span,1988-s0124,1988,事业单位招聘,,1
gold_empty_span,1988-s0125,1988,事业单位招聘,,1
gold_empty_span,1988-s0126,1988,事业单位招聘,,1
gold_empty_span,1988-s0126,1988,事业单位招聘,,1
gold_empty_span,1988-s0127,1988,事业单位招聘,,1
gold_empty_span,1988-s0128,1988,事业单位招聘,,1
gold_empty_span,1988-s0129,1988,事业单位招聘,,1
gold_empty_span,1988-s0130,1988,事业单位招聘,,1
gold_empty_span,1988-s0131,1988,事业单位招聘,,1
gold_empty_span,1988-s0132,1988,事业单位招聘,,1
gold_empty_span,1988-s0133,1988,事业单位招聘,,1
gold_empty_span,1988-s0136,1988,事业单位招聘,,1
gold_empty_span,1988-s0134,1988,事业单位招聘,,1
gold_empty_span,1988-s0135,1988,事业单位招聘,,1
gold_empty_span,1988-s0137,1988,事业单位招聘,,1
gold_empty_span,1988-s0138,1988,事业单位招聘,,1
gold_empty_span,1988-s0139,1988,事业单位招聘,,1
gold_empty_span,1988-s0142,1988,事业单位招聘,,1
gold_empty_span,1988-s0140,1988,事业单位招聘,,1
gold_empty_span,1988-s0141,1988,事业单位招聘,,1
gold_empty_span,1988-s0143,1988,事业单位招聘,,1
gold_empty_span,1988-s0144,1988,事业单位招聘,,1
gold_empty_span,1988-s0145,1988,事业单位招聘,,1
gold_empty_span,1988-s0149,1988,事业单位招聘,,1
gold_empty_span,1988-s0145,1988,事业单位招聘,,1
gold_empty_span,1988-s0148,1988,事业单位招聘,,1
gold_empty_span,1988-s0150,1988,事业单位招聘,,1
gold_empty_span,1988-s0151,1988,事业单位招聘,,1
gold_empty_span,1988-s0153,1988,事业单位招聘,,1
gold_empty_span,1988-s0157,1988,事业单位招聘,,1
gold_empty_span,1988-s0158,1988,事业单位招聘,,1
gold_empty_span,1988-s0159,1988,事业单位招聘,,1
gold_empty_span,1988-s0159,1988,事业单位招聘,,1
gold_empty_span,1988-s0160,1988,事业单位招聘,,1
gold_empty_span,1988-s0157,1988,事业单位招聘,,1
gold_empty_span,1989-s0001,1989,事业单位招聘,,1
gold_empty_span,1988-s0161,1988,事业单位招聘,,1
gold_empty_span,1988-s0162,1988,事业单位招聘,,1
gold_empty_span,1988-s0163,1988,事业单位招聘,,1
gold_empty_span,1989-s0000,1989,事业单位招聘,,1
gold_empty_span,1989-s0000,1989,事业单位招聘,,1
gold_empty_span,1989-s0001,1989,事业单位招聘,,1
gold_empty_span,1989-s0002,1989,事业单位招聘,,1
gold_empty_span,1989-s0003,1989,事业单位招聘,,1
gold_empty_span,1989-s0006,1989,事业单位招聘,,1
gold_empty_span,1989-s0006,1989,事业单位招聘,,1
gold_empty_span,1989-s0007,1989,事业单位招聘,,1
gold_empty_span,1989-s0007,1989,事业单位招聘,,1
gold_empty_span,1989-s0008,1989,事业单位招聘,,1
gold_empty_span,1989-s0009,1989,事业单位招聘,,1
gold_empty_span,1989-s0010,1989,事业单位招聘,,1
gold_empty_span,1989-s0011,1989,事业单位招聘,,1
gold_empty_span,1989-s0012,1989,事业单位招聘,,1
gold_empty_span,1989-s0013,1989,事业单位招聘,,1
gold_empty_span,1989-s0015,1989,事业单位招聘,,1
gold_empty_span,1989-s0013,1989,事业单位招聘,,1
gold_empty_span,1989-s0014,1989,事业单位招聘,,1
gold_empty_span,1989-s0016,1989,事业单位招聘,,1
gold_empty_span,1989-s0021,1989,事业单位招聘,,1
gold_empty_span,1989-s0018,1989,事业单位招聘,,1
gold_empty_span,1989-s0020,1989,事业单位招聘,,1
gold_empty_span,1989-s0021,1989,事业单位招聘,,1
gold_empty_span,1989-s0022,1989,事业单位招聘,,1
gold_empty_span,1989-s0022,1989,事业单位招聘,,1
gold_empty_span,1989-s0024,1989,事业单位招聘,,1
gold_empty_span,1989-s0025,1989,事业单位招聘,,1
gold_empty_span,1989-s0025,1989,事业单位招聘,,1
gold_empty_span,1989-s0026,1989,事业单位招聘,,1
gold_empty_span,1989-s0023,1989,事业单位招聘,,1
gold_empty_span,1989-s0024,1989,事业单位招聘,,1
gold_empty_span,1989-s0029,1989,事业单位招聘,,1
gold_empty_span,1989-s0026,1989,事业单位招聘,,1
gold_empty_span,1989-s0027,1989,事业单位招聘,,1
gold_empty_span,1989-s0028,1989,事业单位招聘,,1
gold_empty_span,1989-s0029,1989,事业单位招聘,,1
gold_empty_span,1989-s0030,1989,事业单位招聘,,1
gold_empty_span,1990-s0006,1990,事业单位招聘,,1
gold_empty_span,1990-s0010,1990,事业单位招聘,,1
gold_empty_span,1990-s0012,1990,事业单位招聘,,1
gold_empty_span,1990-s0009,1990,事业单位招聘,,1
gold_empty_span,1990-s0013,1990,事业单位招聘,,1
gold_empty_span,1990-s0013,1990,事业单位招聘,,1
gold_empty_span,1990-s0014,1990,事业单位招聘,,1
gold_empty_span,1990-s0015,1990,事业单位招聘,,1
gold_empty_span,1990-s0016,1990,事业单位招聘,,1
gold_empty_span,1990-s0017,1990,事业单位招聘,,1
gold_empty_span,1990-s0020,1990,事业单位招聘,,1
gold_empty_span,1990-s0017,1990,事业单位招聘,,1
gold_empty_span,1990-s0018,1990,事业单位招聘,,1
gold_empty_span,1990-s0018,1990,事业单位招聘,,1
gold_empty_span,1990-s0019,1990,事业单位招聘,,1
gold_empty_span,1990-s0021,1990,事业单位招聘,,1
gold_empty_span,1990-s0022,1990,事业单位招聘,,1
gold_empty_span,1991-s0001,1991,事业单位招聘,,1
gold_empty_span,1991-s0002,1991,事业单位招聘,,1
gold_empty_span,1991-s0000,1991,事业单位招聘,,1
gold_empty_span,1991-s0008,1991,事业单位招聘,,1
gold_empty_span,1991-s0010,1991,事业单位招聘,,1
gold_empty_span,1991-s0004,1991,事业单位招聘,,1
gold_empty_span,1991-s0007,1991,事业单位招聘,,1
gold_empty_span,1991-s0005,1991,事业单位招聘,,1
gold_empty_span,1991-s0006,1991,事业单位招聘,,1
gold_empty_span,1991-s0008,1991,事业单位招聘,,1
gold_empty_span,1991-s0009,1991,事业单位招聘,,1
gold_empty_span,1991-s0011,1991,事业单位招聘,,1
gold_empty_span,1991-s0010,1991,事业单位招聘,,1
gold_empty_span,1991-s0012,1991,事业单位招聘,,1
gold_empty_span,1991-s0011,1991,事业单位招聘,,1
gold_empty_span,1991-s0013,1991,事业单位招聘,,1
gold_empty_span,1991-s0015,1991,事业单位招聘,,1
gold_empty_span,1991-s0016,1991,事业单位招聘,,1
gold_empty_span,1991-s0017,1991,事业单位招聘,,1
gold_empty_span,1991-s0020,1991,事业单位招聘,,1
gold_empty_span,1991-s0018,1991,事业单位招聘,,1
gold_empty_span,1991-s0019,1991,事业单位招聘,,1
gold_empty_span,1991-s0024,1991,事业单位招聘,,1
gold_empty_span,1991-s0025,1991,事业单位招聘,,1
gold_empty_span,1991-s0026,1991,事业单位招聘,,1
gold_empty_span,1991-s0027,1991,事业单位招聘,,1
gold_empty_span,1991-s0029,1991,事业单位招聘,,1
gold_empty_span,1991-s0028,1991,事业单位招聘,,1
gold_empty_span,1991-s0021,1991,事业单位招聘,,1
gold_empty_span,1991-s0022,1991,事业单位招聘,,1
gold_empty_span,1991-s0036,1991,事业单位招聘,,1
gold_empty_span,1991-s0030,1991,事业单位招聘,,1
gold_empty_span,1991-s0031,1991,事业单位招聘,,1
gold_empty_span,1991-s0032,1991,事业单位招聘,,1
gold_empty_span,1991-s0034,1991,事业单位招聘,,1
gold_empty_span,1991-s0035,1991,事业单位招聘,,1
gold_empty_span,1991-s0035,1991,事业单位招聘,,1
gold_empty_span,1991-s0036,1991,事业单位招聘,,1
gold_empty_span,1991-s0037,1991,事业单位招聘,,1
gold_empty_span,1991-s0038,1991,事业单位招聘,,1
gold_empty_span,1991-s0038,1991,事业单位招聘,,1
gold_empty_span,1991-s0039,1991,事业单位招聘,,1
gold_empty_span,1991-s0040,1991,事业单位招聘,,1
gold_empty_span,1991-s0041,1991,事业单位招聘,,1
gold_empty_span,1991-s0044,1991,事业单位招聘,,1
gold_empty_span,1991-s0043,1991,事业单位招聘,,1
gold_empty_span,1991-s0037,1991,事业单位招聘,,1
gold_empty_span,1991-s0057,1991,事业单位招聘,,1
gold_empty_span,1991-s0045,1991,事业单位招聘,,1
gold_empty_span,1991-s0045,1991,事业单位招聘,,1
gold_empty_span,1991-s0047,1991,事业单位招聘,,1
gold_empty_span,1991-s0049,1991,事业单位招聘,,1
gold_empty_span,1991-s0051,1991,事业单位招聘,,1
gold_empty_span,1991-s0052,1991,事业单位招聘,,1
gold_empty_span,1991-s0053,1991,事业单位招聘,,1
gold_empty_span,1991-s0055,1991,事业单位招聘,,1
gold_empty_span,1991-s0056,1991,事业单位招聘,,1
gold_empty_span,1991-s0059,1991,事业单位招聘,,1
gold_empty_span,1992-s0005,1992,事业单位招聘,,1
gold_empty_span,1992-s0006,1992,事业单位招聘,,1
gold_empty_span,1992-s0000,1992,事业单位招聘,,1
gold_empty_span,1992-s0001,1992,事业单位招聘,,1
gold_empty_span,1992-s0004,1992,事业单位招聘,,1
gold_empty_span,1993-s0000,1993,事业单位招聘,,1
gold_empty_span,1992-s0007,1992,事业单位招聘,,1
gold_empty_span,1993-s0002,1993,事业单位招聘,,1
gold_empty_span,1993-s0008,1993,事业单位招聘,,1
gold_empty_span,1993-s0009,1993,事业单位招聘,,1
gold_empty_span,1993-s0009,1993,事业单位招聘,,1
gold_empty_span,1993-s0010,1993,事业单位招聘,,1
gold_empty_span,1993-s0006,1993,事业单位招聘,,1
gold_empty_span,1994-s0000,1994,事业单位招聘,,1
gold_empty_span,1994-s0001,1994,事业单位招聘,,1
gold_empty_span,1994-s0002,1994,事业单位招聘,,1
gold_empty_span,1994-s0003,1994,事业单位招聘,,1
gold_empty_span,1994-s0004,1994,事业单位招聘,,1
gold_empty_span,1994-s0005,1994,事业单位招聘,,1
gold_empty_span,1994-s0006,1994,事业单位招聘,,1
gold_empty_span,1995-s0001,1995,事业单位招聘,,1
gold_empty_span,1995-s0003,1995,事业单位招聘,,1
gold_empty_span,1995-s0004,1995,事业单位招聘,,1
gold_empty_span,1995-s0002,1995,事业单位招聘,,1
gold_empty_span,1995-s0001,1995,事业单位招聘,,1
gold_empty_span,1995-s0005,1995,事业单位招聘,,1
gold_empty_span,1995-s0006,1995,事业单位招聘,,1
gold_empty_span,1995-s0009,1995,事业单位招聘,,1
gold_empty_span,1995-s0007,1995,事业单位招聘,,1
gold_empty_span,1995-s0008,1995,事业单位招聘,,1
gold_empty_span,1995-s0010,1995,事业单位招聘,,1
gold_empty_span,1995-s0011,1995,事业单位招聘,,1
gold_empty_span,1995-s0012,1995,事业单位招聘,,1
gold_empty_span,1995-s0013,1995,事业单位招聘,,1
gold_empty_span,1995-s0014,1995,事业单位招聘,,1
gold_empty_span,1995-s0015,1995,事业单位招聘,,1
gold_empty_span,1995-s0016,1995,事业单位招聘,,1
gold_empty_span,1995-s0017,1995,事业单位招聘,,1
gold_empty_span,1995-s0018,1995,事业单位招聘,,1
gold_empty_span,1995-s0019,1995,事业单位招聘,,1
gold_empty_span,1995-s0019,1995,事业单位招聘,,1
gold_empty_span,1995-s0013,1995,事业单位招聘,,1
gold_empty_span,1995-s0020,1995,事业单位招聘,,1
gold_empty_span,1995-s0022,1995,事业单位招聘,,1
gold_empty_span,1995-s0023,1995,事业单位招聘,,1
gold_empty_span,1995-s0024,1995,事业单位招聘,,1
gold_empty_span,1995-s0020,1995,事业单位招聘,,1
gold_empty_span,1995-s0021,1995,事业单位招聘,,1
gold_empty_span,1995-s0027,1995,事业单位招聘,,1
gold_empty_span,1995-s0028,1995,事业单位招聘,,1
gold_empty_span,1995-s0029,1995,事业单位招聘,,1
gold_empty_span,1995-s0030,1995,事业单位招聘,,1
gold_empty_span,1995-s0026,1995,事业单位招聘,,1
gold_empty_span,1995-s0032,1995,事业单位招聘,,1
gold_empty_span,1995-s0033,1995,事业单位招聘,,1
gold_empty_span,1995-s0034,1995,事业单位招聘,,1
gold_empty_span,1995-s0035,1995,事业单位招聘,,1
gold_empty_span,1995-s0036,1995,事业单位招聘,,1
gold_empty_span,1995-s0037,1995,事业单位招聘,,1
gold_empty_span,1995-s0030,1995,事业单位招聘,,1
gold_empty_span,1995-s0031,1995,事业单位招聘,,1
gold_empty_span,1995-s0042,1995,事业单位招聘,,1
gold_empty_span,1995-s0038,1995,事业单位招聘,,1
gold_empty_span,1995-s0039,1995,事业单位招聘,,1
gold_empty_span,1995-s0040,1995,事业单位招聘,,1
gold_empty_span,1995-s0041,1995,事业单位招聘,,1
gold_empty_span,1995-s0043,1995,事业单位招聘,,1
gold_empty_span,1995-s0044,1995,事业单位招聘,,1
gold_empty_span,1995-s0046,1995,事业单位招聘,,1
gold_empty_span,1995-s0049,1995,事业单位招聘,,1
gold_empty_span,1995-s0051,1995,事业单位招聘,,1
gold_empty_span,1995-s0050,1995,事业单位招聘,,1
gold_empty_span,1995-s0052,1995,事业单位招聘,,1
gold_empty_span,1995-s0052,1995,事业单位招聘,,1
gold_empty_span,1995-s0053,1995,事业单位招聘,,1
gold_empty_span,1995-s0055,1995,事业单位招聘,,1
gold_empty_span,1995-s0054,1995,事业单位招聘,,1
gold_empty_span,1995-s0053,1995,事业单位招聘,,1
gold_empty_span,1995-s0057,1995,事业单位招聘,,1
gold_empty_span,1995-s0058,1995,事业单位招聘,,1
gold_empty_span,1995-s0059,1995,事业单位招聘,,1
gold_empty_span,1995-s0063,1995,事业单位招聘,,1
gold_empty_span,1995-s0064,1995,事业单位招聘,,1
gold_empty_span,1995-s0065,1995,事业单位招聘,,1
gold_empty_span,1995-s0062,1995,事业单位招聘,,1
gold_empty_span,1995-s0069,1995,事业单位招聘,,1
gold_empty_span,1995-s0070,1995,事业单位招聘,,1
gold_empty_span,1995-s0071,1995,事业单位招聘,,1
gold_empty_span,1995-s0074,1995,事业单位招聘,,1
gold_empty_span,1995-s0077,1995,事业单位招聘,,1
gold_empty_span,1995-s0076,1995,事业单位招聘,,1
gold_empty_span,1995-s0075,1995,事业单位招聘,,1
gold_empty_span,1995-s0087,1995,事业单位招聘,,1
gold_empty_span,1995-s0081,1995,事业单位招聘,,1
gold_empty_span,1995-s0082,1995,事业单位招聘,,1
gold_empty_span,1995-s0083,1995,事业单位招聘,,1
gold_empty_span,1995-s0084,1995,事业单位招聘,,1
gold_empty_span,1995-s0085,1995,事业单位招聘,,1
gold_empty_span,1995-s0086,1995,事业单位招聘,,1
gold_empty_span,1995-s0087,1995,事业单位招聘,,1
gold_empty_span,1996-s0004,1996,事业单位招聘,,1
gold_empty_span,1996-s0006,1996,事业单位招聘,,1
gold_empty_span,1995-s0079,1995,事业单位招聘,,1
gold_empty_span,1996-s0006,1996,事业单位招聘,,1
gold_empty_span,1996-s0009,1996,事业单位招聘,,1
gold_empty_span,1996-s0010,1996,事业单位招聘,,1
gold_empty_span,1996-s0011,1996,事业单位招聘,,1
gold_empty_span,1996-s0012,1996,事业单位招聘,,1
gold_empty_span,1996-s0013,1996,事业单位招聘,,1
gold_empty_span,1996-s0015,1996,事业单位招聘,,1
gold_empty_span,1996-s0016,1996,事业单位招聘,,1
gold_empty_span,1997-s0007,1997,事业单位招聘,,1
gold_empty_span,1997-s0008,1997,事业单位招聘,,1
gold_empty_span,1997-s0009,1997,事业单位招聘,,1
gold_empty_span,1997-s0010,1997,事业单位招聘,,1
gold_empty_span,1997-s0011,1997,事业单位招聘,,1
gold_empty_span,1998-s0000,1998,事业单位招聘,,1
gold_empty_span,1999-s0000,1999,事业单位招聘,,1
gold_empty_span,1999-s0003,1999,事业单位招聘,,1
gold_empty_span,1999-s0004,1999,事业单位招聘,,1
gold_empty_span,1999-s0005,1999,事业单位招聘,,1
gold_empty_span,1999-s0007,1999,事业单位招聘,,1
gold_empty_span,1999-s0019,1999,事业单位招聘,,1
gold_empty_span,1999-s0012,1999,事业单位招聘,,1
gold_empty_span,1999-s0013,1999,事业单位招聘,,1
gold_empty_span,1999-s0014,1999,事业单位招聘,,1
gold_empty_span,1999-s0015,1999,事业单位招聘,,1
gold_empty_span,1999-s0016,1999,事业单位招聘,,1
gold_empty_span,1999-s0017,1999,事业单位招聘,,1
gold_empty_span,1999-s0018,1999,事业单位招聘,,1
gold_empty_span,1999-s0019,1999,事业单位招聘,,1
gold_empty_span,1999-s0020,1999,事业单位招聘,,1
gold_empty_span,1999-s0021,1999,事业单位招聘,,1
gold_empty_span,1999-s0024,1999,事业单位招聘,,1
gold_empty_span,1999-s0025,1999,事业单位招聘,,1
gold_empty_span,1999-s0026,1999,事业单位招聘,,1
gold_empty_span,1999-s0027,1999,事业单位招聘,,1
gold_empty_span,1999-s0028,1999,事业单位招聘,,1
gold_empty_span,1999-s0029,1999,事业单位招聘,,1
gold_empty_span,1999-s0010,1999,事业单位招聘,,1
gold_empty_span,1999-s0030,1999,事业单位招聘,,1
gold_empty_span,1999-s0031,1999,事业单位招聘,,1
gold_empty_span,1999-s0009,1999,事业单位招聘,,1
gold_empty_span,1999-s0032,1999,事业单位招聘,,1
gold_empty_span,1999-s0033,1999,事业单位招聘,,1
gold_empty_span,1999-s0034,1999,事业单位招聘,,1
gold_empty_span,1999-s0035,1999,事业单位招聘,,1
gold_empty_span,1999-s0036,1999,事业单位招聘,,1
gold_empty_span,1999-s0038,1999,事业单位招聘,,1
gold_empty_span,1999-s0040,1999,事业单位招聘,,1
gold_empty_span,1999-s0041,1999,事业单位招聘,,1
gold_empty_span,1999-s0018,1999,事业单位招聘,,1
gold_empty_span,1999-s0042,1999,事业单位招聘,,1
gold_empty_span,1999-s0043,1999,事业单位招聘,,1
gold_empty_span,1999-s0012,1999,事业单位招聘,,1
gold_empty_span,1999-s0064,1999,事业单位招聘,,1
gold_empty_span,1999-s0043,1999,事业单位招聘,,1
gold_empty_span,1999-s0044,1999,事业单位招聘,,1
gold_empty_span,1999-s0045,1999,事业单位招聘,,1
gold_empty_span,1999-s0046,1999,事业单位招聘,,1
gold_empty_span,1999-s0048,1999,事业单位招聘,,1
gold_empty_span,1999-s0050,1999,事业单位招聘,,1
gold_empty_span,1999-s0051,1999,事业单位招聘,,1
gold_empty_span,1999-s0055,1999,事业单位招聘,,1
gold_empty_span,1999-s0056,1999,事业单位招聘,,1
gold_empty_span,1999-s0057,1999,事业单位招聘,,1
gold_empty_span,1999-s0058,1999,事业单位招聘,,1
gold_empty_span,1999-s0059,1999,事业单位招聘,,1
gold_empty_span,1999-s0061,1999,事业单位招聘,,1
gold_empty_span,1999-s0062,1999,事业单位招聘,,1
gold_empty_span,1999-s0063,1999,事业单位招聘,,1
gold_empty_span,1999-s0065,1999,事业单位招聘,,1
gold_empty_span,1999-s0066,1999,事业单位招聘,,1
gold_empty_span,1999-s0071,1999,事业单位招聘,,1
gold_empty_span,1999-s0073,1999,事业单位招聘,,1
gold_empty_span,1999-s0074,1999,事业单位招聘,,1
gold_empty_span,1999-s0074,1999,事业单位招聘,,1
gold_empty_span,1999-s0075,1999,事业单位招聘,,1
gold_empty_span,1999-s0076,1999,事业单位招聘,,1
gold_empty_span,2000-s0001,2000,事业单位招聘,,1
gold_empty_span,2000-s0000,2000,事业单位招聘,,1
pred_extra_not_in_gold,1801-s0000,1801,人工智能招聘,ChatGPT,
pred_extra_not_in_gold,1803-s0012,1803,人工智能招聘,ChatGPT,
pred_extra_not_in_gold,1805-s0009,1805,人工智能招聘,ChatGPT,
pred_extra_not_in_gold,1805-s0010,1805,人工智能招聘,ChatGPT,
pred_extra_not_in_gold,1807-s0007,1807,人工智能招聘,ChatGPT,
pred_extra_not_in_gold,1810-s0001,1810,人工智能招聘,ChatGPT,
pred_extra_not_in_gold,1813-s0000,1813,人工智能招聘,ChatGPT,
pred_extra_not_in_gold,1817-s0012,1817,人工智能招聘,ChatGPT,
pred_extra_not_in_gold,1822-s0012,1822,人工智能招聘,ChatGPT,
pred_extra_not_in_gold,1827-s0015,1827,人工智能招聘,ChatGPT,
pred_extra_not_in_gold,1883-s0016,1883,人工智能招聘,ChatGPT,
pred_extra_not_in_gold,1884-s0016,1884,人工智能招聘,ChatGPT,
pred_extra_not_in_gold,1886-s0005,1886,人工智能招聘,ChatGPT,
pred_extra_not_in_gold,1897-s0010,1897,人工智能招聘,ChatGPT,
pred_extra_not_in_gold,1919-s0008,1919,人工智能招聘,ChatGPT,
pred_extra_not_in_gold,1938-s0009,1938,人工智能招聘,ChatGPT,
pred_extra_not_in_gold,1946-s0004,1946,阿里云公开数据集,ChatGPT,
pred_extra_not_in_gold,1947-s0014,1947,阿里云公开数据集,ChatGPT,
pred_extra_not_in_gold,1948-s0013,1948,阿里云公开数据集,ChatGPT,
pred_extra_not_in_gold,1949-s0007,1949,阿里云公开数据集,ChatGPT,
pred_extra_not_in_gold,1958-s0001,1958,阿里云公开数据集,ChatGPT,
pred_extra_not_in_gold,1965-s0021,1965,阿里云公开数据集,ChatGPT,
pred_extra_not_in_gold,1968-s0013,1968,阿里云公开数据集,ChatGPT,
pred_extra_not_in_gold,1969-s0013,1969,阿里云公开数据集,ChatGPT,
pred_extra_not_in_gold,1971-s0015,1971,阿里云公开数据集,ChatGPT,
pred_extra_not_in_gold,1973-s0031,1973,阿里云公开数据集,ChatGPT,
pred_extra_not_in_gold,1975-s0008,1975,阿里云公开数据集,ChatGPT,
pred_extra_not_in_gold,1976-s0015,1976,阿里云公开数据集,ChatGPT,
pred_extra_not_in_gold,1977-s0015,1977,阿里云公开数据集,ChatGPT,
pred_extra_not_in_gold,1978-s0007,1978,阿里云公开数据集,ChatGPT,
pred_extra_not_in_gold,1979-s0009,1979,阿里云公开数据集,ChatGPT,
pred_extra_not_in_gold,1980-s0008,1980,阿里云公开数据集,ChatGPT,
pred_extra_not_in_gold,1987-s0055,1987,事业单位招聘,ChatGPT,
pred_extra_not_in_gold,1991-s0048,1991,事业单位招聘,ChatGPT,
pred_extra_not_in_gold,1991-s0054,1991,事业单位招聘,ChatGPT,
pred_extra_not_in_gold,1991-s0058,1991,事业单位招聘,ChatGPT,
pred_extra_not_in_gold,1995-s0047,1995,事业单位招聘,ChatGPT,
pred_extra_not_in_gold,1995-s0068,1995,事业单位招聘,ChatGPT,
pred_duplicate_id,1987-s0000,,,ChatGPT,2
pred_duplicate_id,1987-s0001,,,ChatGPT,2
pred_duplicate_id,1987-s0002,,,ChatGPT,2
pred_duplicate_id,1987-s0003,,,ChatGPT,2
pred_duplicate_id,1987-s0004,,,ChatGPT,2
pred_duplicate_id,1987-s0005,,,ChatGPT,2
pred_duplicate_id,1987-s0006,,,ChatGPT,2
pred_duplicate_id,1987-s0007,,,ChatGPT,2
pred_duplicate_id,1987-s0008,,,ChatGPT,2
pred_duplicate_id,1987-s0009,,,ChatGPT,2
pred_duplicate_id,1987-s0010,,,ChatGPT,2
pred_duplicate_id,1987-s0011,,,ChatGPT,2
pred_duplicate_id,1987-s0012,,,ChatGPT,2
pred_duplicate_id,1987-s0013,,,ChatGPT,2
pred_duplicate_id,1987-s0014,,,ChatGPT,2
pred_duplicate_id,1987-s0015,,,ChatGPT,2
pred_duplicate_id,1987-s0016,,,ChatGPT,2
pred_duplicate_id,1987-s0017,,,ChatGPT,2
pred_duplicate_id,1987-s0018,,,ChatGPT,2
pred_duplicate_id,1987-s0019,,,ChatGPT,2
pred_duplicate_id,1987-s0020,,,ChatGPT,2
pred_duplicate_id,1987-s0021,,,ChatGPT,2
pred_duplicate_id,1987-s0022,,,ChatGPT,2
pred_duplicate_id,1987-s0023,,,ChatGPT,2
pred_duplicate_id,1987-s0024,,,ChatGPT,2
pred_duplicate_id,1987-s0025,,,ChatGPT,2
pred_duplicate_id,1987-s0026,,,ChatGPT,2
pred_duplicate_id,1987-s0027,,,ChatGPT,2
pred_duplicate_id,1987-s0028,,,ChatGPT,2
pred_duplicate_id,1987-s0029,,,ChatGPT,2
pred_duplicate_id,1987-s0030,,,ChatGPT,2
pred_duplicate_id,1987-s0031,,,ChatGPT,2
pred_duplicate_id,1987-s0032,,,ChatGPT,2
pred_duplicate_id,1987-s0033,,,ChatGPT,2
pred_duplicate_id,1987-s0034,,,ChatGPT,2
pred_duplicate_id,1987-s0035,,,ChatGPT,2
pred_duplicate_id,1987-s0036,,,ChatGPT,2
pred_duplicate_id,1987-s0037,,,ChatGPT,2
pred_duplicate_id,1987-s0038,,,ChatGPT,2
pred_duplicate_id,1987-s0039,,,ChatGPT,2
pred_duplicate_id,1987-s0040,,,ChatGPT,2
pred_duplicate_id,1987-s0041,,,ChatGPT,2
pred_duplicate_id,1987-s0042,,,ChatGPT,2
pred_duplicate_id,1987-s0043,,,ChatGPT,2
pred_duplicate_id,1987-s0044,,,ChatGPT,2
pred_duplicate_id,1987-s0045,,,ChatGPT,2
pred_duplicate_id,1987-s0046,,,ChatGPT,2
pred_duplicate_id,1987-s0047,,,ChatGPT,2
pred_duplicate_id,1987-s0048,,,ChatGPT,2
pred_duplicate_id,1987-s0049,,,ChatGPT,2
pred_duplicate_id,1987-s0050,,,ChatGPT,2
pred_duplicate_id,1987-s0051,,,ChatGPT,2
pred_duplicate_id,1987-s0052,,,ChatGPT,2
pred_duplicate_id,1987-s0053,,,ChatGPT,2
pred_duplicate_id,1987-s0054,,,ChatGPT,2
pred_duplicate_id,1987-s0055,,,ChatGPT,2
pred_duplicate_id,1987-s0056,,,ChatGPT,2
pred_duplicate_id,1987-s0057,,,ChatGPT,2
pred_duplicate_id,1987-s0058,,,ChatGPT,2
pred_duplicate_id,1987-s0059,,,ChatGPT,2
pred_duplicate_id,1987-s0060,,,ChatGPT,2
pred_duplicate_id,1987-s0061,,,ChatGPT,2
pred_duplicate_id,1987-s0062,,,ChatGPT,2
pred_duplicate_id,1987-s0063,,,ChatGPT,2
pred_duplicate_id,1987-s0064,,,ChatGPT,2
pred_duplicate_id,1987-s0065,,,ChatGPT,2
pred_duplicate_id,1987-s0066,,,ChatGPT,2
pred_duplicate_id,1987-s0067,,,ChatGPT,2
pred_duplicate_id,1987-s0068,,,ChatGPT,2
pred_duplicate_id,1987-s0069,,,ChatGPT,2
pred_duplicate_id,1987-s0070,,,ChatGPT,2
pred_duplicate_id,1987-s0071,,,ChatGPT,2
pred_duplicate_id,1987-s0072,,,ChatGPT,2
pred_duplicate_id,1987-s0073,,,ChatGPT,2
pred_duplicate_id,1988-s0000,,,ChatGPT,2
pred_duplicate_id,1988-s0001,,,ChatGPT,2
pred_duplicate_id,1988-s0002,,,ChatGPT,2
pred_duplicate_id,1988-s0003,,,ChatGPT,2
pred_duplicate_id,1988-s0004,,,ChatGPT,2
pred_duplicate_id,1988-s0005,,,ChatGPT,2
pred_duplicate_id,1988-s0006,,,ChatGPT,2
pred_duplicate_id,1988-s0007,,,ChatGPT,2
pred_duplicate_id,1988-s0008,,,ChatGPT,2
pred_duplicate_id,1988-s0009,,,ChatGPT,2
pred_duplicate_id,1988-s0010,,,ChatGPT,2
pred_duplicate_id,1988-s0011,,,ChatGPT,2
pred_duplicate_id,1988-s0012,,,ChatGPT,2
pred_duplicate_id,1988-s0013,,,ChatGPT,2
pred_duplicate_id,1988-s0014,,,ChatGPT,2
pred_duplicate_id,1988-s0015,,,ChatGPT,2
pred_duplicate_id,1988-s0016,,,ChatGPT,2
pred_duplicate_id,1988-s0017,,,ChatGPT,2
pred_duplicate_id,1988-s0018,,,ChatGPT,2
pred_duplicate_id,1988-s0019,,,ChatGPT,2
pred_duplicate_id,1988-s0020,,,ChatGPT,2
pred_duplicate_id,1988-s0021,,,ChatGPT,2
pred_duplicate_id,1988-s0022,,,ChatGPT,2
pred_duplicate_id,1988-s0023,,,ChatGPT,2
pred_duplicate_id,1988-s0024,,,ChatGPT,2
pred_duplicate_id,1988-s0025,,,ChatGPT,2
pred_duplicate_id,1988-s0026,,,ChatGPT,2
pred_duplicate_id,1988-s0027,,,ChatGPT,2
pred_duplicate_id,1988-s0028,,,ChatGPT,2
pred_duplicate_id,1988-s0029,,,ChatGPT,2
pred_duplicate_id,1988-s0030,,,ChatGPT,2
pred_duplicate_id,1988-s0031,,,ChatGPT,2
pred_duplicate_id,1988-s0032,,,ChatGPT,2
pred_duplicate_id,1988-s0033,,,ChatGPT,2
pred_duplicate_id,1988-s0034,,,ChatGPT,2
pred_duplicate_id,1988-s0035,,,ChatGPT,2
pred_duplicate_id,1988-s0036,,,ChatGPT,2
pred_duplicate_id,1988-s0037,,,ChatGPT,2
pred_duplicate_id,1988-s0038,,,ChatGPT,2
pred_duplicate_id,1988-s0039,,,ChatGPT,2
pred_duplicate_id,1988-s0040,,,ChatGPT,2
pred_duplicate_id,1988-s0041,,,ChatGPT,2
pred_duplicate_id,1988-s0042,,,ChatGPT,2
pred_duplicate_id,1988-s0043,,,ChatGPT,2
pred_duplicate_id,1988-s0044,,,ChatGPT,2
pred_duplicate_id,1988-s0045,,,ChatGPT,2
pred_duplicate_id,1988-s0046,,,ChatGPT,2
pred_duplicate_id,1988-s0047,,,ChatGPT,2
pred_duplicate_id,1988-s0048,,,ChatGPT,2
pred_duplicate_id,1988-s0049,,,ChatGPT,2
pred_duplicate_id,1988-s0050,,,ChatGPT,2
pred_duplicate_id,1988-s0051,,,ChatGPT,2
pred_duplicate_id,1988-s0052,,,ChatGPT,2
pred_duplicate_id,1988-s0053,,,ChatGPT,2
pred_duplicate_id,1988-s0054,,,ChatGPT,2
pred_duplicate_id,1988-s0055,,,ChatGPT,2
pred_duplicate_id,1988-s0056,,,ChatGPT,2
pred_duplicate_id,1988-s0057,,,ChatGPT,2
pred_duplicate_id,1988-s0058,,,ChatGPT,2
pred_duplicate_id,1988-s0059,,,ChatGPT,2
pred_duplicate_id,1988-s0060,,,ChatGPT,2
pred_duplicate_id,1988-s0061,,,ChatGPT,2
pred_duplicate_id,1988-s0062,,,ChatGPT,2
pred_duplicate_id,1988-s0063,,,ChatGPT,2
pred_duplicate_id,1988-s0064,,,ChatGPT,2
pred_duplicate_id,1988-s0065,,,ChatGPT,2
pred_duplicate_id,1988-s0066,,,ChatGPT,2
pred_duplicate_id,1988-s0067,,,ChatGPT,2
pred_duplicate_id,1988-s0068,,,ChatGPT,2
pred_duplicate_id,1988-s0069,,,ChatGPT,2
pred_duplicate_id,1988-s0070,,,ChatGPT,2
pred_duplicate_id,1988-s0071,,,ChatGPT,2
pred_duplicate_id,1988-s0072,,,ChatGPT,2
pred_duplicate_id,1988-s0073,,,ChatGPT,2
pred_duplicate_id,1988-s0074,,,ChatGPT,2
pred_duplicate_id,1988-s0075,,,ChatGPT,2
pred_duplicate_id,1988-s0076,,,ChatGPT,2
pred_duplicate_id,1988-s0077,,,ChatGPT,2
pred_duplicate_id,1988-s0078,,,ChatGPT,2
pred_duplicate_id,1988-s0079,,,ChatGPT,2
pred_duplicate_id,1988-s0080,,,ChatGPT,2
pred_duplicate_id,1988-s0081,,,ChatGPT,2
pred_duplicate_id,1988-s0082,,,ChatGPT,2
pred_duplicate_id,1988-s0083,,,ChatGPT,2
pred_duplicate_id,1988-s0084,,,ChatGPT,2
pred_duplicate_id,1988-s0085,,,ChatGPT,2
pred_duplicate_id,1988-s0086,,,ChatGPT,2
pred_duplicate_id,1988-s0087,,,ChatGPT,2
pred_duplicate_id,1988-s0088,,,ChatGPT,2
pred_duplicate_id,1988-s0089,,,ChatGPT,2
pred_duplicate_id,1988-s0090,,,ChatGPT,2
pred_duplicate_id,1988-s0091,,,ChatGPT,2
pred_duplicate_id,1988-s0092,,,ChatGPT,2
pred_duplicate_id,1988-s0093,,,ChatGPT,2
pred_duplicate_id,1988-s0094,,,ChatGPT,2
pred_duplicate_id,1988-s0095,,,ChatGPT,2
pred_duplicate_id,1988-s0096,,,ChatGPT,2
pred_duplicate_id,1988-s0097,,,ChatGPT,2
pred_duplicate_id,1988-s0098,,,ChatGPT,2
pred_duplicate_id,1988-s0099,,,ChatGPT,2
pred_duplicate_id,1988-s0100,,,ChatGPT,2
pred_duplicate_id,1988-s0101,,,ChatGPT,2
pred_duplicate_id,1988-s0102,,,ChatGPT,2
pred_duplicate_id,1988-s0103,,,ChatGPT,2
pred_duplicate_id,1988-s0104,,,ChatGPT,2
pred_duplicate_id,1988-s0105,,,ChatGPT,2
pred_duplicate_id,1988-s0106,,,ChatGPT,2
pred_duplicate_id,1988-s0107,,,ChatGPT,2
pred_duplicate_id,1988-s0108,,,ChatGPT,2
pred_duplicate_id,1988-s0109,,,ChatGPT,2
pred_duplicate_id,1988-s0110,,,ChatGPT,2
pred_duplicate_id,1988-s0111,,,ChatGPT,2
pred_duplicate_id,1988-s0112,,,ChatGPT,2
pred_duplicate_id,1988-s0113,,,ChatGPT,2
pred_duplicate_id,1988-s0114,,,ChatGPT,2
pred_duplicate_id,1988-s0115,,,ChatGPT,2
pred_duplicate_id,1988-s0116,,,ChatGPT,2
pred_duplicate_id,1988-s0117,,,ChatGPT,2
pred_duplicate_id,1988-s0118,,,ChatGPT,2
pred_duplicate_id,1988-s0119,,,ChatGPT,2
pred_duplicate_id,1988-s0120,,,ChatGPT,2
pred_duplicate_id,1988-s0121,,,ChatGPT,2
pred_duplicate_id,1988-s0122,,,ChatGPT,2
pred_duplicate_id,1988-s0123,,,ChatGPT,2
pred_duplicate_id,1988-s0124,,,ChatGPT,2
pred_duplicate_id,1988-s0125,,,ChatGPT,2
pred_duplicate_id,1988-s0126,,,ChatGPT,2
pred_duplicate_id,1988-s0127,,,ChatGPT,2
pred_duplicate_id,1988-s0128,,,ChatGPT,2
pred_duplicate_id,1988-s0129,,,ChatGPT,2
pred_duplicate_id,1988-s0130,,,ChatGPT,2
pred_duplicate_id,1988-s0131,,,ChatGPT,2
pred_duplicate_id,1988-s0132,,,ChatGPT,2
pred_duplicate_id,1988-s0133,,,ChatGPT,2
pred_duplicate_id,1988-s0134,,,ChatGPT,2
pred_duplicate_id,1988-s0135,,,ChatGPT,2
pred_duplicate_id,1988-s0136,,,ChatGPT,2
pred_duplicate_id,1988-s0137,,,ChatGPT,2
pred_duplicate_id,1988-s0138,,,ChatGPT,2
pred_duplicate_id,1988-s0139,,,ChatGPT,2
pred_duplicate_id,1988-s0140,,,ChatGPT,2
pred_duplicate_id,1988-s0141,,,ChatGPT,2
pred_duplicate_id,1988-s0142,,,ChatGPT,2
pred_duplicate_id,1988-s0143,,,ChatGPT,2
pred_duplicate_id,1988-s0144,,,ChatGPT,2
pred_duplicate_id,1988-s0145,,,ChatGPT,2
pred_duplicate_id,1988-s0146,,,ChatGPT,2
pred_duplicate_id,1988-s0147,,,ChatGPT,2
pred_duplicate_id,1988-s0148,,,ChatGPT,2
pred_duplicate_id,1988-s0149,,,ChatGPT,2
pred_duplicate_id,1988-s0150,,,ChatGPT,2
pred_duplicate_id,1988-s0151,,,ChatGPT,2
pred_duplicate_id,1988-s0152,,,ChatGPT,2
pred_duplicate_id,1988-s0153,,,ChatGPT,2
pred_duplicate_id,1988-s0154,,,ChatGPT,2
pred_duplicate_id,1988-s0155,,,ChatGPT,2
pred_duplicate_id,1988-s0156,,,ChatGPT,3
pred_duplicate_id,1988-s0157,,,ChatGPT,3
pred_duplicate_id,1988-s0158,,,ChatGPT,3
pred_duplicate_id,1988-s0159,,,ChatGPT,3
pred_duplicate_id,1988-s0160,,,ChatGPT,3
pred_duplicate_id,1988-s0161,,,ChatGPT,3
pred_duplicate_id,1988-s0162,,,ChatGPT,3
pred_duplicate_id,1988-s0163,,,ChatGPT,3
pred_duplicate_id,1989-s0000,,,ChatGPT,3
pred_duplicate_id,1989-s0001,,,ChatGPT,3
pred_duplicate_id,1989-s0002,,,ChatGPT,3
pred_duplicate_id,1989-s0003,,,ChatGPT,3
pred_duplicate_id,1989-s0004,,,ChatGPT,3
pred_duplicate_id,1989-s0005,,,ChatGPT,3
pred_duplicate_id,1989-s0006,,,ChatGPT,3
pred_duplicate_id,1989-s0007,,,ChatGPT,3
pred_duplicate_id,1989-s0008,,,ChatGPT,3
pred_duplicate_id,1989-s0009,,,ChatGPT,3
pred_duplicate_id,1989-s0010,,,ChatGPT,3
pred_duplicate_id,1989-s0011,,,ChatGPT,3
pred_duplicate_id,1989-s0012,,,ChatGPT,2
pred_duplicate_id,1989-s0013,,,ChatGPT,2
pred_duplicate_id,1989-s0014,,,ChatGPT,2
pred_duplicate_id,1989-s0015,,,ChatGPT,2
pred_duplicate_id,1989-s0016,,,ChatGPT,2
pred_duplicate_id,1989-s0017,,,ChatGPT,2
pred_duplicate_id,1989-s0018,,,ChatGPT,2
pred_duplicate_id,1989-s0019,,,ChatGPT,2
pred_duplicate_id,1989-s0020,,,ChatGPT,2
pred_duplicate_id,1989-s0021,,,ChatGPT,2
pred_duplicate_id,1989-s0022,,,ChatGPT,2
pred_duplicate_id,1989-s0023,,,ChatGPT,2
pred_duplicate_id,1989-s0024,,,ChatGPT,2
pred_duplicate_id,1989-s0025,,,ChatGPT,2
pred_duplicate_id,1989-s0026,,,ChatGPT,2
pred_duplicate_id,1989-s0027,,,ChatGPT,2
pred_duplicate_id,1989-s0028,,,ChatGPT,2
pred_duplicate_id,1989-s0029,,,ChatGPT,2
pred_duplicate_id,1989-s0030,,,ChatGPT,2
pred_duplicate_id,1990-s0000,,,ChatGPT,2
pred_duplicate_id,1990-s0001,,,ChatGPT,2
pred_duplicate_id,1990-s0002,,,ChatGPT,2
pred_duplicate_id,1990-s0003,,,ChatGPT,2
pred_duplicate_id,1990-s0004,,,ChatGPT,2
pred_duplicate_id,1990-s0005,,,ChatGPT,2
pred_duplicate_id,1990-s0006,,,ChatGPT,2
pred_duplicate_id,1990-s0007,,,ChatGPT,2
pred_duplicate_id,1990-s0008,,,ChatGPT,2
pred_duplicate_id,1990-s0009,,,ChatGPT,2
pred_duplicate_id,1990-s0010,,,ChatGPT,2
pred_duplicate_id,1990-s0011,,,ChatGPT,2
pred_duplicate_id,1990-s0012,,,ChatGPT,2
pred_duplicate_id,1990-s0013,,,ChatGPT,2
pred_duplicate_id,1990-s0014,,,ChatGPT,2
pred_duplicate_id,1990-s0015,,,ChatGPT,2
pred_duplicate_id,1990-s0016,,,ChatGPT,2
pred_duplicate_id,1990-s0017,,,ChatGPT,2
pred_duplicate_id,1990-s0018,,,ChatGPT,2
pred_duplicate_id,1990-s0019,,,ChatGPT,2
pred_duplicate_id,1990-s0020,,,ChatGPT,2
pred_duplicate_id,1990-s0021,,,ChatGPT,2
pred_duplicate_id,1990-s0022,,,ChatGPT,2
pred_duplicate_id,1990-s0023,,,ChatGPT,2
pred_duplicate_id,1990-s0024,,,ChatGPT,2
pred_duplicate_id,1991-s0000,,,ChatGPT,2
pred_duplicate_id,1991-s0001,,,ChatGPT,2
pred_duplicate_id,1991-s0002,,,ChatGPT,2
pred_duplicate_id,1991-s0003,,,ChatGPT,2
pred_duplicate_id,1991-s0004,,,ChatGPT,2
pred_duplicate_id,1991-s0005,,,ChatGPT,2
pred_duplicate_id,1991-s0006,,,ChatGPT,2
pred_duplicate_id,1991-s0007,,,ChatGPT,2
pred_duplicate_id,1991-s0008,,,ChatGPT,2
pred_duplicate_id,1991-s0009,,,ChatGPT,2
pred_duplicate_id,1991-s0010,,,ChatGPT,2
pred_duplicate_id,1991-s0011,,,ChatGPT,2
pred_duplicate_id,1991-s0012,,,ChatGPT,2
pred_duplicate_id,1991-s0013,,,ChatGPT,2
pred_duplicate_id,1991-s0014,,,ChatGPT,2
pred_duplicate_id,1991-s0015,,,ChatGPT,2
pred_duplicate_id,1991-s0016,,,ChatGPT,2
pred_duplicate_id,1991-s0017,,,ChatGPT,2
pred_duplicate_id,1991-s0018,,,ChatGPT,2
pred_duplicate_id,1991-s0019,,,ChatGPT,2
pred_duplicate_id,1991-s0020,,,ChatGPT,2
pred_duplicate_id,1991-s0021,,,ChatGPT,2
pred_duplicate_id,1991-s0022,,,ChatGPT,2
pred_duplicate_id,1991-s0023,,,ChatGPT,2
pred_duplicate_id,1991-s0024,,,ChatGPT,2
pred_duplicate_id,1991-s0025,,,ChatGPT,2
pred_duplicate_id,1991-s0026,,,ChatGPT,2
pred_duplicate_id,1991-s0027,,,ChatGPT,2
pred_duplicate_id,1991-s0028,,,ChatGPT,2
pred_duplicate_id,1991-s0029,,,ChatGPT,2
pred_duplicate_id,1991-s0030,,,ChatGPT,2
pred_duplicate_id,1991-s0031,,,ChatGPT,2
pred_duplicate_id,1991-s0032,,,ChatGPT,2
pred_duplicate_id,1991-s0033,,,ChatGPT,2
pred_duplicate_id,1991-s0034,,,ChatGPT,2
pred_duplicate_id,1991-s0035,,,ChatGPT,2
pred_duplicate_id,1991-s0036,,,ChatGPT,2
pred_duplicate_id,1991-s0037,,,ChatGPT,2
pred_duplicate_id,1991-s0038,,,ChatGPT,2
pred_duplicate_id,1991-s0039,,,ChatGPT,2
pred_duplicate_id,1991-s0040,,,ChatGPT,2
pred_duplicate_id,1991-s0041,,,ChatGPT,2
pred_duplicate_id,1991-s0042,,,ChatGPT,2
pred_duplicate_id,1991-s0043,,,ChatGPT,2
pred_duplicate_id,1991-s0044,,,ChatGPT,2
pred_duplicate_id,1991-s0045,,,ChatGPT,2
pred_duplicate_id,1991-s0046,,,ChatGPT,2
pred_duplicate_id,1991-s0047,,,ChatGPT,2
pred_duplicate_id,1991-s0048,,,ChatGPT,2
pred_duplicate_id,1991-s0049,,,ChatGPT,2
pred_duplicate_id,1991-s0050,,,ChatGPT,2
pred_duplicate_id,1991-s0051,,,ChatGPT,2
pred_duplicate_id,1991-s0052,,,ChatGPT,2
pred_duplicate_id,1991-s0053,,,ChatGPT,2
pred_duplicate_id,1991-s0054,,,ChatGPT,2
pred_duplicate_id,1991-s0055,,,ChatGPT,2
pred_duplicate_id,1991-s0056,,,ChatGPT,2
pred_duplicate_id,1991-s0057,,,ChatGPT,2
pred_duplicate_id,1991-s0058,,,ChatGPT,2
pred_duplicate_id,1991-s0059,,,ChatGPT,2
pred_duplicate_id,1992-s0000,,,ChatGPT,2
pred_duplicate_id,1992-s0001,,,ChatGPT,2
pred_duplicate_id,1992-s0002,,,ChatGPT,2
pred_duplicate_id,1992-s0003,,,ChatGPT,2
pred_duplicate_id,1992-s0004,,,ChatGPT,2
pred_duplicate_id,1992-s0005,,,ChatGPT,2
pred_duplicate_id,1992-s0006,,,ChatGPT,2
pred_duplicate_id,1992-s0007,,,ChatGPT,2
pred_duplicate_id,1993-s0000,,,ChatGPT,2
pred_duplicate_id,1993-s0001,,,ChatGPT,2
pred_duplicate_id,1993-s0002,,,ChatGPT,2
pred_duplicate_id,1993-s0003,,,ChatGPT,2
pred_duplicate_id,1993-s0004,,,ChatGPT,2
pred_duplicate_id,1993-s0005,,,ChatGPT,2
pred_duplicate_id,1993-s0006,,,ChatGPT,2
pred_duplicate_id,1993-s0007,,,ChatGPT,2
pred_duplicate_id,1993-s0008,,,ChatGPT,2
pred_duplicate_id,1993-s0009,,,ChatGPT,2
pred_duplicate_id,1993-s0010,,,ChatGPT,2
pred_duplicate_id,1993-s0011,,,ChatGPT,2
pred_duplicate_id,1994-s0000,,,ChatGPT,2
pred_duplicate_id,1994-s0001,,,ChatGPT,2
pred_duplicate_id,1994-s0002,,,ChatGPT,2
pred_duplicate_id,1994-s0003,,,ChatGPT,2
pred_duplicate_id,1994-s0004,,,ChatGPT,2
pred_duplicate_id,1994-s0005,,,ChatGPT,2
pred_duplicate_id,1994-s0006,,,ChatGPT,2
pred_duplicate_id,1995-s0000,,,ChatGPT,2
pred_duplicate_id,1995-s0001,,,ChatGPT,2
pred_duplicate_id,1995-s0002,,,ChatGPT,2
pred_duplicate_id,1995-s0003,,,ChatGPT,2
pred_duplicate_id,1995-s0004,,,ChatGPT,2
pred_duplicate_id,1995-s0005,,,ChatGPT,2
pred_duplicate_id,1995-s0006,,,ChatGPT,2
pred_duplicate_id,1995-s0007,,,ChatGPT,2
pred_duplicate_id,1995-s0008,,,ChatGPT,2
pred_duplicate_id,1995-s0009,,,ChatGPT,2
pred_duplicate_id,1995-s0010,,,ChatGPT,2
pred_duplicate_id,1995-s0011,,,ChatGPT,2
pred_duplicate_id,1995-s0012,,,ChatGPT,2
pred_duplicate_id,1995-s0013,,,ChatGPT,2
pred_duplicate_id,1995-s0014,,,ChatGPT,2
pred_duplicate_id,1995-s0015,,,ChatGPT,2
pred_duplicate_id,1995-s0016,,,ChatGPT,2
pred_duplicate_id,1995-s0017,,,ChatGPT,2
pred_duplicate_id,1995-s0018,,,ChatGPT,2
pred_duplicate_id,1995-s0019,,,ChatGPT,2
pred_duplicate_id,1995-s0020,,,ChatGPT,2
pred_duplicate_id,1995-s0021,,,ChatGPT,2
pred_duplicate_id,1995-s0022,,,ChatGPT,2
pred_duplicate_id,1995-s0023,,,ChatGPT,2
pred_duplicate_id,1995-s0024,,,ChatGPT,2
pred_duplicate_id,1995-s0025,,,ChatGPT,2
pred_duplicate_id,1995-s0026,,,ChatGPT,2
pred_duplicate_id,1995-s0027,,,ChatGPT,2
pred_duplicate_id,1995-s0028,,,ChatGPT,2
pred_duplicate_id,1995-s0029,,,ChatGPT,2
pred_duplicate_id,1995-s0030,,,ChatGPT,2
pred_duplicate_id,1995-s0031,,,ChatGPT,2
pred_duplicate_id,1995-s0032,,,ChatGPT,2
pred_duplicate_id,1995-s0033,,,ChatGPT,2
pred_duplicate_id,1995-s0034,,,ChatGPT,2
pred_duplicate_id,1995-s0035,,,ChatGPT,2
pred_duplicate_id,1995-s0036,,,ChatGPT,2
pred_duplicate_id,1995-s0037,,,ChatGPT,2
pred_duplicate_id,1995-s0038,,,ChatGPT,2
pred_duplicate_id,1995-s0039,,,ChatGPT,2
pred_duplicate_id,1995-s0040,,,ChatGPT,2
pred_duplicate_id,1995-s0041,,,ChatGPT,2
pred_duplicate_id,1995-s0042,,,ChatGPT,2
pred_duplicate_id,1995-s0043,,,ChatGPT,2
pred_duplicate_id,1995-s0044,,,ChatGPT,2
pred_duplicate_id,1995-s0045,,,ChatGPT,2
pred_duplicate_id,1995-s0046,,,ChatGPT,2
pred_duplicate_id,1995-s0047,,,ChatGPT,2
pred_duplicate_id,1995-s0048,,,ChatGPT,2
pred_duplicate_id,1995-s0049,,,ChatGPT,2
pred_duplicate_id,1995-s0050,,,ChatGPT,2
pred_duplicate_id,1995-s0051,,,ChatGPT,2
pred_duplicate_id,1995-s0052,,,ChatGPT,2
pred_duplicate_id,1995-s0053,,,ChatGPT,2
pred_duplicate_id,1995-s0054,,,ChatGPT,2
pred_duplicate_id,1995-s0055,,,ChatGPT,2
pred_duplicate_id,1995-s0056,,,ChatGPT,2
pred_duplicate_id,1995-s0057,,,ChatGPT,2
pred_duplicate_id,1995-s0058,,,ChatGPT,2
pred_duplicate_id,1995-s0059,,,ChatGPT,2
pred_duplicate_id,1995-s0060,,,ChatGPT,2
pred_duplicate_id,1995-s0061,,,ChatGPT,2
pred_duplicate_id,1995-s0062,,,ChatGPT,2
pred_duplicate_id,1995-s0063,,,ChatGPT,2
pred_duplicate_id,1995-s0064,,,ChatGPT,2
pred_duplicate_id,1995-s0065,,,ChatGPT,2
pred_duplicate_id,1995-s0066,,,ChatGPT,2
pred_duplicate_id,1995-s0067,,,ChatGPT,2
pred_duplicate_id,1995-s0068,,,ChatGPT,2
pred_duplicate_id,1995-s0069,,,ChatGPT,2
pred_duplicate_id,1995-s0070,,,ChatGPT,2
pred_duplicate_id,1995-s0071,,,ChatGPT,2
pred_duplicate_id,1995-s0072,,,ChatGPT,2
pred_duplicate_id,1995-s0073,,,ChatGPT,2
pred_duplicate_id,1995-s0074,,,ChatGPT,2
pred_duplicate_id,1995-s0075,,,ChatGPT,2
pred_duplicate_id,1995-s0076,,,ChatGPT,2
pred_duplicate_id,1995-s0077,,,ChatGPT,2
pred_duplicate_id,1995-s0078,,,ChatGPT,2
pred_duplicate_id,1995-s0079,,,ChatGPT,2
pred_duplicate_id,1995-s0080,,,ChatGPT,2
pred_duplicate_id,1995-s0081,,,ChatGPT,2
pred_duplicate_id,1995-s0082,,,ChatGPT,2
pred_duplicate_id,1995-s0083,,,ChatGPT,2
pred_duplicate_id,1995-s0084,,,ChatGPT,2
pred_duplicate_id,1995-s0085,,,ChatGPT,2
pred_duplicate_id,1995-s0086,,,ChatGPT,2
pred_duplicate_id,1995-s0087,,,ChatGPT,2
pred_duplicate_id,1996-s0000,,,ChatGPT,2
pred_duplicate_id,1996-s0001,,,ChatGPT,2
pred_duplicate_id,1996-s0002,,,ChatGPT,2
pred_duplicate_id,1996-s0003,,,ChatGPT,2
pred_duplicate_id,1996-s0004,,,ChatGPT,2
pred_duplicate_id,1996-s0005,,,ChatGPT,2
pred_duplicate_id,1996-s0006,,,ChatGPT,2
pred_duplicate_id,1996-s0007,,,ChatGPT,2
pred_duplicate_id,1996-s0008,,,ChatGPT,2
pred_duplicate_id,1996-s0009,,,ChatGPT,2
pred_duplicate_id,1996-s0010,,,ChatGPT,2
pred_duplicate_id,1996-s0011,,,ChatGPT,2
pred_duplicate_id,1996-s0012,,,ChatGPT,2
pred_duplicate_id,1996-s0013,,,ChatGPT,2
pred_duplicate_id,1996-s0014,,,ChatGPT,2
pred_duplicate_id,1996-s0015,,,ChatGPT,2
pred_duplicate_id,1996-s0016,,,ChatGPT,2
pred_duplicate_id,1997-s0000,,,ChatGPT,2
pred_duplicate_id,1997-s0001,,,ChatGPT,2
pred_duplicate_id,1997-s0002,,,ChatGPT,2
pred_duplicate_id,1997-s0003,,,ChatGPT,2
pred_duplicate_id,1997-s0004,,,ChatGPT,2
pred_duplicate_id,1997-s0005,,,ChatGPT,2
pred_duplicate_id,1997-s0006,,,ChatGPT,2
pred_duplicate_id,1997-s0007,,,ChatGPT,2
pred_duplicate_id,1997-s0008,,,ChatGPT,2
pred_duplicate_id,1997-s0009,,,ChatGPT,2
pred_duplicate_id,1997-s0010,,,ChatGPT,2
pred_duplicate_id,1997-s0011,,,ChatGPT,2
pred_duplicate_id,1998-s0000,,,ChatGPT,2
pred_duplicate_id,1999-s0000,,,ChatGPT,2
pred_duplicate_id,1999-s0001,,,ChatGPT,2
pred_duplicate_id,1999-s0002,,,ChatGPT,2
pred_duplicate_id,1999-s0003,,,ChatGPT,2
pred_duplicate_id,1999-s0004,,,ChatGPT,2
pred_duplicate_id,1999-s0005,,,ChatGPT,2
pred_duplicate_id,1999-s0006,,,ChatGPT,2
pred_duplicate_id,1999-s0007,,,ChatGPT,2
pred_duplicate_id,1999-s0008,,,ChatGPT,2
pred_duplicate_id,1999-s0009,,,ChatGPT,2
pred_duplicate_id,1999-s0010,,,ChatGPT,2
pred_duplicate_id,1999-s0011,,,ChatGPT,2
pred_duplicate_id,1999-s0012,,,ChatGPT,2
pred_duplicate_id,1999-s0013,,,ChatGPT,2
pred_duplicate_id,1999-s0014,,,ChatGPT,2
pred_duplicate_id,1999-s0015,,,ChatGPT,2
pred_duplicate_id,1999-s0016,,,ChatGPT,2
pred_duplicate_id,1999-s0017,,,ChatGPT,2
pred_duplicate_id,1999-s0018,,,ChatGPT,2
pred_duplicate_id,1999-s0019,,,ChatGPT,2
pred_duplicate_id,1999-s0020,,,ChatGPT,2
pred_duplicate_id,1999-s0021,,,ChatGPT,2
pred_duplicate_id,1999-s0022,,,ChatGPT,2
pred_duplicate_id,1999-s0023,,,ChatGPT,2
pred_duplicate_id,1999-s0024,,,ChatGPT,2
pred_duplicate_id,1999-s0025,,,ChatGPT,2
pred_duplicate_id,1999-s0026,,,ChatGPT,2
pred_duplicate_id,1999-s0027,,,ChatGPT,2
pred_duplicate_id,1999-s0028,,,ChatGPT,2
pred_duplicate_id,1999-s0029,,,ChatGPT,2
pred_duplicate_id,1999-s0030,,,ChatGPT,2
pred_duplicate_id,1999-s0031,,,ChatGPT,2
pred_duplicate_id,1999-s0032,,,ChatGPT,2
pred_duplicate_id,1999-s0033,,,ChatGPT,2
pred_duplicate_id,1999-s0034,,,ChatGPT,2
pred_duplicate_id,1999-s0035,,,ChatGPT,2
pred_duplicate_id,1999-s0036,,,ChatGPT,2
pred_duplicate_id,1999-s0037,,,ChatGPT,2
pred_duplicate_id,1999-s0038,,,ChatGPT,2
pred_duplicate_id,1999-s0039,,,ChatGPT,2
pred_duplicate_id,1999-s0040,,,ChatGPT,2
pred_duplicate_id,1999-s0041,,,ChatGPT,2
pred_duplicate_id,1999-s0042,,,ChatGPT,2
pred_duplicate_id,1999-s0043,,,ChatGPT,2
pred_duplicate_id,1999-s0044,,,ChatGPT,2
pred_duplicate_id,1999-s0045,,,ChatGPT,2
pred_duplicate_id,1999-s0046,,,ChatGPT,2
pred_duplicate_id,1999-s0047,,,ChatGPT,2
pred_duplicate_id,1999-s0048,,,ChatGPT,2
pred_duplicate_id,1999-s0049,,,ChatGPT,2
pred_duplicate_id,1999-s0050,,,ChatGPT,2
pred_duplicate_id,1999-s0051,,,ChatGPT,2
pred_duplicate_id,1999-s0052,,,ChatGPT,2
pred_duplicate_id,1999-s0053,,,ChatGPT,2
pred_duplicate_id,1999-s0054,,,ChatGPT,2
pred_duplicate_id,1999-s0055,,,ChatGPT,2
pred_duplicate_id,1999-s0056,,,ChatGPT,2
pred_duplicate_id,1999-s0057,,,ChatGPT,2
pred_duplicate_id,1999-s0058,,,ChatGPT,2
pred_duplicate_id,1999-s0059,,,ChatGPT,2
pred_duplicate_id,1999-s0060,,,ChatGPT,2
pred_duplicate_id,1999-s0061,,,ChatGPT,2
pred_duplicate_id,1999-s0062,,,ChatGPT,2
pred_duplicate_id,1999-s0063,,,ChatGPT,2
pred_duplicate_id,1999-s0064,,,ChatGPT,2
pred_duplicate_id,1999-s0065,,,ChatGPT,2
pred_duplicate_id,1999-s0066,,,ChatGPT,2
pred_duplicate_id,1999-s0067,,,ChatGPT,2
pred_duplicate_id,1999-s0068,,,ChatGPT,2
pred_duplicate_id,1999-s0069,,,ChatGPT,2
pred_duplicate_id,1999-s0070,,,ChatGPT,2
pred_duplicate_id,1999-s0071,,,ChatGPT,2
pred_duplicate_id,1999-s0072,,,ChatGPT,2
pred_duplicate_id,1999-s0073,,,ChatGPT,2
pred_duplicate_id,1999-s0074,,,ChatGPT,2
pred_duplicate_id,1999-s0075,,,ChatGPT,2
pred_duplicate_id,1999-s0076,,,ChatGPT,2
pred_duplicate_id,2000-s0000,,,ChatGPT,2
pred_duplicate_id,2000-s0001,,,ChatGPT,2
pred_missing_gold,1801-s0001,1801,人工智能招聘,Claude,
pred_missing_gold,1801-s0002,1801,人工智能招聘,Claude,
pred_missing_gold,1801-s0003,1801,人工智能招聘,Claude,
pred_missing_gold,1801-s0004,1801,人工智能招聘,Claude,
pred_missing_gold,1802-s0000,1802,人工智能招聘,Claude,
pred_missing_gold,1802-s0001,1802,人工智能招聘,Claude,
pred_missing_gold,1802-s0002,1802,人工智能招聘,Claude,
pred_missing_gold,1802-s0003,1802,人工智能招聘,Claude,
pred_missing_gold,1802-s0004,1802,人工智能招聘,Claude,
pred_missing_gold,1802-s0005,1802,人工智能招聘,Claude,
pred_missing_gold,1802-s0006,1802,人工智能招聘,Claude,
pred_missing_gold,1802-s0007,1802,人工智能招聘,Claude,
pred_missing_gold,1802-s0008,1802,人工智能招聘,Claude,
pred_missing_gold,1802-s0009,1802,人工智能招聘,Claude,
pred_missing_gold,1802-s0010,1802,人工智能招聘,Claude,
pred_missing_gold,1802-s0011,1802,人工智能招聘,Claude,
pred_missing_gold,1802-s0012,1802,人工智能招聘,Claude,
pred_missing_gold,1802-s0013,1802,人工智能招聘,Claude,
pred_missing_gold,1802-s0014,1802,人工智能招聘,Claude,
pred_missing_gold,1802-s0015,1802,人工智能招聘,Claude,
pred_missing_gold,1802-s0016,1802,人工智能招聘,Claude,
pred_missing_gold,1802-s0017,1802,人工智能招聘,Claude,
pred_missing_gold,1802-s0018,1802,人工智能招聘,Claude,
pred_missing_gold,1803-s0000,1803,人工智能招聘,Claude,
pred_missing_gold,1803-s0001,1803,人工智能招聘,Claude,
pred_missing_gold,1803-s0002,1803,人工智能招聘,Claude,
pred_missing_gold,1803-s0003,1803,人工智能招聘,Claude,
pred_missing_gold,1803-s0004,1803,人工智能招聘,Claude,
pred_missing_gold,1803-s0005,1803,人工智能招聘,Claude,
pred_missing_gold,1803-s0006,1803,人工智能招聘,Claude,
pred_missing_gold,1803-s0007,1803,人工智能招聘,Claude,
pred_missing_gold,1803-s0008,1803,人工智能招聘,Claude,
pred_missing_gold,1803-s0009,1803,人工智能招聘,Claude,
pred_missing_gold,1803-s0010,1803,人工智能招聘,Claude,
pred_missing_gold,1803-s0011,1803,人工智能招聘,Claude,
pred_missing_gold,1804-s0000,1804,人工智能招聘,Claude,
pred_missing_gold,1804-s0001,1804,人工智能招聘,Claude,
pred_missing_gold,1804-s0002,1804,人工智能招聘,Claude,
pred_missing_gold,1804-s0003,1804,人工智能招聘,Claude,
pred_missing_gold,1804-s0004,1804,人工智能招聘,Claude,
pred_missing_gold,1804-s0005,1804,人工智能招聘,Claude,
pred_missing_gold,1804-s0006,1804,人工智能招聘,Claude,
pred_missing_gold,1804-s0007,1804,人工智能招聘,Claude,
pred_missing_gold,1804-s0008,1804,人工智能招聘,Claude,
pred_missing_gold,1804-s0009,1804,人工智能招聘,Claude,
pred_missing_gold,1804-s0010,1804,人工智能招聘,Claude,
pred_missing_gold,1804-s0011,1804,人工智能招聘,Claude,
pred_missing_gold,1804-s0012,1804,人工智能招聘,Claude,
pred_missing_gold,1804-s0013,1804,人工智能招聘,Claude,
pred_missing_gold,1804-s0014,1804,人工智能招聘,Claude,
pred_missing_gold,1804-s0015,1804,人工智能招聘,Claude,
pred_missing_gold,1804-s0016,1804,人工智能招聘,Claude,
pred_missing_gold,1804-s0017,1804,人工智能招聘,Claude,
pred_missing_gold,1804-s0018,1804,人工智能招聘,Claude,
pred_missing_gold,1804-s0019,1804,人工智能招聘,Claude,
pred_missing_gold,1804-s0020,1804,人工智能招聘,Claude,
pred_missing_gold,1805-s0000,1805,人工智能招聘,Claude,
pred_missing_gold,1805-s0001,1805,人工智能招聘,Claude,
pred_missing_gold,1805-s0002,1805,人工智能招聘,Claude,
pred_missing_gold,1805-s0003,1805,人工智能招聘,Claude,
pred_missing_gold,1805-s0004,1805,人工智能招聘,Claude,
pred_missing_gold,1805-s0005,1805,人工智能招聘,Claude,
pred_missing_gold,1805-s0006,1805,人工智能招聘,Claude,
pred_missing_gold,1805-s0007,1805,人工智能招聘,Claude,
pred_missing_gold,1805-s0008,1805,人工智能招聘,Claude,
pred_missing_gold,1806-s0000,1806,人工智能招聘,Claude,
pred_missing_gold,1806-s0001,1806,人工智能招聘,Claude,
pred_missing_gold,1806-s0002,1806,人工智能招聘,Claude,
pred_missing_gold,1806-s0003,1806,人工智能招聘,Claude,
pred_missing_gold,1806-s0004,1806,人工智能招聘,Claude,
pred_missing_gold,1806-s0005,1806,人工智能招聘,Claude,
pred_missing_gold,1806-s0006,1806,人工智能招聘,Claude,
pred_missing_gold,1806-s0007,1806,人工智能招聘,Claude,
pred_missing_gold,1806-s0008,1806,人工智能招聘,Claude,
pred_missing_gold,1807-s0000,1807,人工智能招聘,Claude,
pred_missing_gold,1807-s0001,1807,人工智能招聘,Claude,
pred_missing_gold,1807-s0002,1807,人工智能招聘,Claude,
pred_missing_gold,1807-s0003,1807,人工智能招聘,Claude,
pred_missing_gold,1807-s0004,1807,人工智能招聘,Claude,
pred_missing_gold,1807-s0005,1807,人工智能招聘,Claude,
pred_missing_gold,1807-s0006,1807,人工智能招聘,Claude,
pred_missing_gold,1808-s0000,1808,人工智能招聘,Claude,
pred_missing_gold,1808-s0001,1808,人工智能招聘,Claude,
pred_missing_gold,1808-s0002,1808,人工智能招聘,Claude,
pred_missing_gold,1808-s0003,1808,人工智能招聘,Claude,
pred_missing_gold,1808-s0004,1808,人工智能招聘,Claude,
pred_missing_gold,1808-s0005,1808,人工智能招聘,Claude,
pred_missing_gold,1808-s0006,1808,人工智能招聘,Claude,
pred_missing_gold,1808-s0007,1808,人工智能招聘,Claude,
pred_missing_gold,1808-s0008,1808,人工智能招聘,Claude,
pred_missing_gold,1809-s0000,1809,人工智能招聘,Claude,
pred_missing_gold,1809-s0001,1809,人工智能招聘,Claude,
pred_missing_gold,1809-s0002,1809,人工智能招聘,Claude,
pred_missing_gold,1809-s0003,1809,人工智能招聘,Claude,
pred_missing_gold,1809-s0004,1809,人工智能招聘,Claude,
pred_missing_gold,1809-s0005,1809,人工智能招聘,Claude,
pred_missing_gold,1809-s0006,1809,人工智能招聘,Claude,
pred_missing_gold,1809-s0007,1809,人工智能招聘,Claude,
pred_extra_not_in_gold,1810-s0001,1810,人工智能招聘,Claude,
pred_extra_not_in_gold,1813-s0000,1813,人工智能招聘,Claude,
pred_extra_not_in_gold,1817-s0012,1817,人工智能招聘,Claude,
pred_extra_not_in_gold,1822-s0012,1822,人工智能招聘,Claude,
pred_extra_not_in_gold,1827-s0015,1827,人工智能招聘,Claude,
pred_extra_not_in_gold,1883-s0016,1883,人工智能招聘,Claude,
pred_extra_not_in_gold,1884-s0016,1884,人工智能招聘,Claude,
pred_extra_not_in_gold,1886-s0005,1886,人工智能招聘,Claude,
pred_extra_not_in_gold,1897-s0010,1897,人工智能招聘,Claude,
pred_extra_not_in_gold,1919-s0008,1919,人工智能招聘,Claude,
pred_extra_not_in_gold,1938-s0009,1938,人工智能招聘,Claude,
pred_extra_not_in_gold,1946-s0004,1946,阿里云公开数据集,Claude,
pred_extra_not_in_gold,1947-s0014,1947,阿里云公开数据集,Claude,
pred_extra_not_in_gold,1948-s0013,1948,阿里云公开数据集,Claude,
pred_extra_not_in_gold,1949-s0007,1949,阿里云公开数据集,Claude,
pred_extra_not_in_gold,1958-s0001,1958,阿里云公开数据集,Claude,
pred_extra_not_in_gold,1965-s0021,1965,阿里云公开数据集,Claude,
pred_extra_not_in_gold,1968-s0013,1968,阿里云公开数据集,Claude,
pred_extra_not_in_gold,1969-s0013,1969,阿里云公开数据集,Claude,
pred_extra_not_in_gold,1971-s0015,1971,阿里云公开数据集,Claude,
pred_extra_not_in_gold,1973-s0031,1973,阿里云公开数据集,Claude,
pred_extra_not_in_gold,1975-s0008,1975,阿里云公开数据集,Claude,
pred_extra_not_in_gold,1976-s0015,1976,阿里云公开数据集,Claude,
pred_extra_not_in_gold,1977-s0015,1977,阿里云公开数据集,Claude,
pred_extra_not_in_gold,1978-s0007,1978,阿里云公开数据集,Claude,
pred_extra_not_in_gold,1979-s0009,1979,阿里云公开数据集,Claude,
pred_extra_not_in_gold,1980-s0008,1980,阿里云公开数据集,Claude,
pred_extra_not_in_gold,1987-s0055,1987,事业单位招聘,Claude,
pred_extra_not_in_gold,1991-s0048,1991,事业单位招聘,Claude,
pred_extra_not_in_gold,1991-s0054,1991,事业单位招聘,Claude,
pred_extra_not_in_gold,1991-s0058,1991,事业单位招聘,Claude,
pred_extra_not_in_gold,1995-s0047,1995,事业单位招聘,Claude,
pred_extra_not_in_gold,1995-s0068,1995,事业单位招聘,Claude,
pred_missing_gold,1898-s0001,1898,人工智能招聘,Kimi,
pred_missing_gold,1898-s0002,1898,人工智能招聘,Kimi,
pred_missing_gold,1898-s0003,1898,人工智能招聘,Kimi,
pred_missing_gold,1898-s0004,1898,人工智能招聘,Kimi,
pred_missing_gold,1898-s0005,1898,人工智能招聘,Kimi,
pred_missing_gold,1898-s0006,1898,人工智能招聘,Kimi,
pred_missing_gold,1898-s0007,1898,人工智能招聘,Kimi,
pred_missing_gold,1898-s0008,1898,人工智能招聘,Kimi,
pred_missing_gold,1898-s0009,1898,人工智能招聘,Kimi,
pred_missing_gold,1898-s0010,1898,人工智能招聘,Kimi,
pred_missing_gold,1898-s0011,1898,人工智能招聘,Kimi,
pred_missing_gold,1898-s0012,1898,人工智能招聘,Kimi,
pred_missing_gold,1898-s0013,1898,人工智能招聘,Kimi,
pred_missing_gold,1898-s0014,1898,人工智能招聘,Kimi,
pred_missing_gold,1898-s0015,1898,人工智能招聘,Kimi,
pred_missing_gold,1898-s0016,1898,人工智能招聘,Kimi,
pred_missing_gold,1899-s0000,1899,人工智能招聘,Kimi,
pred_missing_gold,1899-s0001,1899,人工智能招聘,Kimi,
pred_missing_gold,1899-s0002,1899,人工智能招聘,Kimi,
pred_missing_gold,1899-s0003,1899,人工智能招聘,Kimi,
pred_missing_gold,1899-s0004,1899,人工智能招聘,Kimi,
pred_missing_gold,1899-s0005,1899,人工智能招聘,Kimi,
pred_missing_gold,1899-s0006,1899,人工智能招聘,Kimi,
pred_missing_gold,1899-s0007,1899,人工智能招聘,Kimi,
pred_missing_gold,1899-s0008,1899,人工智能招聘,Kimi,
pred_missing_gold,1899-s0009,1899,人工智能招聘,Kimi,
pred_missing_gold,1899-s0010,1899,人工智能招聘,Kimi,
pred_missing_gold,1899-s0011,1899,人工智能招聘,Kimi,
pred_missing_gold,1899-s0012,1899,人工智能招聘,Kimi,
pred_missing_gold,1899-s0013,1899,人工智能招聘,Kimi,
pred_missing_gold,1899-s0014,1899,人工智能招聘,Kimi,
pred_missing_gold,1900-s0000,1900,人工智能招聘,Kimi,
pred_missing_gold,1900-s0001,1900,人工智能招聘,Kimi,
pred_missing_gold,1900-s0002,1900,人工智能招聘,Kimi,
pred_missing_gold,1901-s0000,1901,人工智能招聘,Kimi,
pred_missing_gold,1901-s0001,1901,人工智能招聘,Kimi,
pred_missing_gold,1901-s0002,1901,人工智能招聘,Kimi,
pred_missing_gold,1901-s0003,1901,人工智能招聘,Kimi,
pred_missing_gold,1902-s0000,1902,人工智能招聘,Kimi,
pred_missing_gold,1902-s0001,1902,人工智能招聘,Kimi,
pred_missing_gold,1902-s0002,1902,人工智能招聘,Kimi,
pred_missing_gold,1902-s0003,1902,人工智能招聘,Kimi,
pred_missing_gold,1902-s0004,1902,人工智能招聘,Kimi,
pred_missing_gold,1902-s0005,1902,人工智能招聘,Kimi,
pred_missing_gold,1902-s0006,1902,人工智能招聘,Kimi,
pred_missing_gold,1903-s0000,1903,人工智能招聘,Kimi,
pred_missing_gold,1903-s0001,1903,人工智能招聘,Kimi,
pred_missing_gold,1903-s0002,1903,人工智能招聘,Kimi,
pred_missing_gold,1903-s0003,1903,人工智能招聘,Kimi,
pred_missing_gold,1903-s0004,1903,人工智能招聘,Kimi,
pred_missing_gold,1903-s0005,1903,人工智能招聘,Kimi,
pred_missing_gold,1903-s0006,1903,人工智能招聘,Kimi,
pred_missing_gold,1903-s0007,1903,人工智能招聘,Kimi,
pred_missing_gold,1903-s0008,1903,人工智能招聘,Kimi,
pred_missing_gold,1903-s0009,1903,人工智能招聘,Kimi,
pred_missing_gold,1903-s0010,1903,人工智能招聘,Kimi,
pred_missing_gold,1904-s0000,1904,人工智能招聘,Kimi,
pred_missing_gold,1904-s0001,1904,人工智能招聘,Kimi,
pred_missing_gold,1904-s0002,1904,人工智能招聘,Kimi,
pred_missing_gold,1904-s0003,1904,人工智能招聘,Kimi,
pred_missing_gold,1904-s0004,1904,人工智能招聘,Kimi,
pred_missing_gold,1904-s0005,1904,人工智能招聘,Kimi,
pred_missing_gold,1904-s0006,1904,人工智能招聘,Kimi,
pred_missing_gold,1905-s0011,1905,人工智能招聘,Kimi,
pred_missing_gold,1905-s0012,1905,人工智能招聘,Kimi,
pred_missing_gold,1905-s0013,1905,人工智能招聘,Kimi,
pred_missing_gold,1905-s0014,1905,人工智能招聘,Kimi,
pred_missing_gold,1905-s0016,1905,人工智能招聘,Kimi,
pred_missing_gold,1906-s0000,1906,人工智能招聘,Kimi,
pred_missing_gold,1907-s0000,1907,人工智能招聘,Kimi,
pred_missing_gold,1907-s0001,1907,人工智能招聘,Kimi,
pred_missing_gold,1907-s0002,1907,人工智能招聘,Kimi,
pred_missing_gold,1907-s0003,1907,人工智能招聘,Kimi,
pred_missing_gold,1907-s0004,1907,人工智能招聘,Kimi,
pred_missing_gold,1907-s0006,1907,人工智能招聘,Kimi,
pred_missing_gold,1907-s0007,1907,人工智能招聘,Kimi,
pred_missing_gold,1907-s0008,1907,人工智能招聘,Kimi,
pred_missing_gold,1907-s0009,1907,人工智能招聘,Kimi,
pred_missing_gold,1907-s0010,1907,人工智能招聘,Kimi,
pred_missing_gold,1907-s0011,1907,人工智能招聘,Kimi,
pred_missing_gold,1907-s0012,1907,人工智能招聘,Kimi,
pred_missing_gold,1908-s0000,1908,人工智能招聘,Kimi,
pred_missing_gold,1908-s0001,1908,人工智能招聘,Kimi,
pred_missing_gold,1908-s0002,1908,人工智能招聘,Kimi,
pred_missing_gold,1908-s0003,1908,人工智能招聘,Kimi,
pred_missing_gold,1908-s0004,1908,人工智能招聘,Kimi,
pred_missing_gold,1908-s0005,1908,人工智能招聘,Kimi,
pred_missing_gold,1908-s0006,1908,人工智能招聘,Kimi,
pred_missing_gold,1908-s0007,1908,人工智能招聘,Kimi,
pred_missing_gold,1908-s0008,1908,人工智能招聘,Kimi,
pred_missing_gold,1908-s0009,1908,人工智能招聘,Kimi,
pred_missing_gold,1908-s0010,1908,人工智能招聘,Kimi,
pred_missing_gold,1908-s0011,1908,人工智能招聘,Kimi,
pred_missing_gold,1909-s0001,1909,人工智能招聘,Kimi,
pred_missing_gold,1909-s0002,1909,人工智能招聘,Kimi,
pred_missing_gold,1909-s0003,1909,人工智能招聘,Kimi,
pred_missing_gold,1909-s0004,1909,人工智能招聘,Kimi,
pred_missing_gold,1910-s0000,1910,人工智能招聘,Kimi,
pred_missing_gold,1910-s0001,1910,人工智能招聘,Kimi,
pred_missing_gold,1910-s0002,1910,人工智能招聘,Kimi,
pred_missing_gold,1910-s0003,1910,人工智能招聘,Kimi,
pred_missing_gold,1910-s0004,1910,人工智能招聘,Kimi,
pred_missing_gold,1910-s0005,1910,人工智能招聘,Kimi,
pred_missing_gold,1910-s0006,1910,人工智能招聘,Kimi,
pred_missing_gold,1911-s0000,1911,人工智能招聘,Kimi,
pred_missing_gold,1911-s0001,1911,人工智能招聘,Kimi,
pred_missing_gold,1911-s0002,1911,人工智能招聘,Kimi,
pred_missing_gold,1911-s0003,1911,人工智能招聘,Kimi,
pred_missing_gold,1911-s0004,1911,人工智能招聘,Kimi,
pred_missing_gold,1912-s0000,1912,人工智能招聘,Kimi,
pred_missing_gold,1912-s0001,1912,人工智能招聘,Kimi,
pred_missing_gold,1912-s0002,1912,人工智能招聘,Kimi,
pred_missing_gold,1912-s0003,1912,人工智能招聘,Kimi,
pred_missing_gold,1912-s0004,1912,人工智能招聘,Kimi,
pred_missing_gold,1912-s0005,1912,人工智能招聘,Kimi,
pred_missing_gold,1912-s0006,1912,人工智能招聘,Kimi,
pred_missing_gold,1912-s0007,1912,人工智能招聘,Kimi,
pred_missing_gold,1912-s0008,1912,人工智能招聘,Kimi,
pred_missing_gold,1912-s0009,1912,人工智能招聘,Kimi,
pred_missing_gold,1912-s0010,1912,人工智能招聘,Kimi,
pred_missing_gold,1913-s0000,1913,人工智能招聘,Kimi,
pred_missing_gold,1913-s0001,1913,人工智能招聘,Kimi,
pred_missing_gold,1913-s0002,1913,人工智能招聘,Kimi,
pred_missing_gold,1913-s0003,1913,人工智能招聘,Kimi,
pred_missing_gold,1913-s0004,1913,人工智能招聘,Kimi,
pred_missing_gold,1913-s0005,1913,人工智能招聘,Kimi,
pred_missing_gold,1913-s0006,1913,人工智能招聘,Kimi,
pred_missing_gold,1913-s0007,1913,人工智能招聘,Kimi,
pred_missing_gold,1913-s0008,1913,人工智能招聘,Kimi,
pred_missing_gold,1913-s0009,1913,人工智能招聘,Kimi,
pred_missing_gold,1913-s0010,1913,人工智能招聘,Kimi,
pred_missing_gold,1914-s0000,1914,人工智能招聘,Kimi,
pred_missing_gold,1914-s0001,1914,人工智能招聘,Kimi,
pred_missing_gold,1914-s0002,1914,人工智能招聘,Kimi,
pred_missing_gold,1914-s0003,1914,人工智能招聘,Kimi,
pred_missing_gold,1914-s0004,1914,人工智能招聘,Kimi,
pred_missing_gold,1914-s0005,1914,人工智能招聘,Kimi,
pred_missing_gold,1914-s0006,1914,人工智能招聘,Kimi,
pred_missing_gold,1914-s0007,1914,人工智能招聘,Kimi,
pred_missing_gold,1914-s0008,1914,人工智能招聘,Kimi,
pred_missing_gold,1915-s0000,1915,人工智能招聘,Kimi,
pred_missing_gold,1915-s0001,1915,人工智能招聘,Kimi,
pred_missing_gold,1915-s0002,1915,人工智能招聘,Kimi,
pred_missing_gold,1915-s0003,1915,人工智能招聘,Kimi,
pred_missing_gold,1915-s0004,1915,人工智能招聘,Kimi,
pred_missing_gold,1915-s0005,1915,人工智能招聘,Kimi,
pred_missing_gold,1915-s0006,1915,人工智能招聘,Kimi,
pred_missing_gold,1915-s0007,1915,人工智能招聘,Kimi,
pred_missing_gold,1916-s0000,1916,人工智能招聘,Kimi,
pred_missing_gold,1916-s0001,1916,人工智能招聘,Kimi,
pred_missing_gold,1916-s0002,1916,人工智能招聘,Kimi,
pred_missing_gold,1916-s0003,1916,人工智能招聘,Kimi,
pred_missing_gold,1916-s0004,1916,人工智能招聘,Kimi,
pred_missing_gold,1916-s0005,1916,人工智能招聘,Kimi,
pred_missing_gold,1916-s0006,1916,人工智能招聘,Kimi,
pred_missing_gold,1916-s0007,1916,人工智能招聘,Kimi,
pred_missing_gold,1916-s0008,1916,人工智能招聘,Kimi,
pred_missing_gold,1916-s0009,1916,人工智能招聘,Kimi,
pred_missing_gold,1916-s0010,1916,人工智能招聘,Kimi,
pred_missing_gold,1918-s0010,1918,人工智能招聘,Kimi,
pred_missing_gold,1918-s0011,1918,人工智能招聘,Kimi,
pred_missing_gold,1918-s0012,1918,人工智能招聘,Kimi,
pred_missing_gold,1919-s0000,1919,人工智能招聘,Kimi,
pred_missing_gold,1919-s0002,1919,人工智能招聘,Kimi,
pred_missing_gold,1919-s0003,1919,人工智能招聘,Kimi,
pred_missing_gold,1919-s0004,1919,人工智能招聘,Kimi,
pred_missing_gold,1919-s0005,1919,人工智能招聘,Kimi,
pred_missing_gold,1919-s0006,1919,人工智能招聘,Kimi,
pred_missing_gold,1919-s0007,1919,人工智能招聘,Kimi,
pred_missing_gold,1919-s0009,1919,人工智能招聘,Kimi,
pred_missing_gold,1920-s0000,1920,人工智能招聘,Kimi,
pred_missing_gold,1920-s0001,1920,人工智能招聘,Kimi,
pred_missing_gold,1920-s0002,1920,人工智能招聘,Kimi,
pred_missing_gold,1920-s0003,1920,人工智能招聘,Kimi,
pred_missing_gold,1920-s0004,1920,人工智能招聘,Kimi,
pred_missing_gold,1920-s0005,1920,人工智能招聘,Kimi,
pred_missing_gold,1920-s0006,1920,人工智能招聘,Kimi,
pred_missing_gold,1920-s0007,1920,人工智能招聘,Kimi,
pred_missing_gold,1920-s0008,1920,人工智能招聘,Kimi,
pred_missing_gold,1920-s0009,1920,人工智能招聘,Kimi,
pred_missing_gold,1921-s0000,1921,人工智能招聘,Kimi,
pred_missing_gold,1921-s0002,1921,人工智能招聘,Kimi,
pred_missing_gold,1921-s0003,1921,人工智能招聘,Kimi,
pred_missing_gold,1921-s0004,1921,人工智能招聘,Kimi,
pred_missing_gold,1921-s0005,1921,人工智能招聘,Kimi,
pred_missing_gold,1921-s0006,1921,人工智能招聘,Kimi,
pred_missing_gold,1921-s0007,1921,人工智能招聘,Kimi,
pred_missing_gold,1921-s0008,1921,人工智能招聘,Kimi,
pred_missing_gold,1921-s0009,1921,人工智能招聘,Kimi,
pred_missing_gold,1921-s0010,1921,人工智能招聘,Kimi,
pred_missing_gold,1921-s0011,1921,人工智能招聘,Kimi,
pred_missing_gold,1921-s0012,1921,人工智能招聘,Kimi,
pred_missing_gold,1922-s0000,1922,人工智能招聘,Kimi,
pred_missing_gold,1922-s0001,1922,人工智能招聘,Kimi,
pred_missing_gold,1922-s0002,1922,人工智能招聘,Kimi,
pred_missing_gold,1922-s0003,1922,人工智能招聘,Kimi,
pred_missing_gold,1922-s0004,1922,人工智能招聘,Kimi,
pred_missing_gold,1922-s0005,1922,人工智能招聘,Kimi,
pred_missing_gold,1922-s0006,1922,人工智能招聘,Kimi,
pred_missing_gold,1922-s0007,1922,人工智能招聘,Kimi,
pred_missing_gold,1922-s0008,1922,人工智能招聘,Kimi,
pred_missing_gold,1922-s0009,1922,人工智能招聘,Kimi,
pred_missing_gold,1922-s0010,1922,人工智能招聘,Kimi,
pred_missing_gold,1922-s0011,1922,人工智能招聘,Kimi,
pred_missing_gold,1922-s0012,1922,人工智能招聘,Kimi,
pred_missing_gold,1923-s0000,1923,人工智能招聘,Kimi,
pred_missing_gold,1924-s0000,1924,人工智能招聘,Kimi,
pred_missing_gold,1924-s0001,1924,人工智能招聘,Kimi,
pred_missing_gold,1924-s0002,1924,人工智能招聘,Kimi,
pred_missing_gold,1924-s0003,1924,人工智能招聘,Kimi,
pred_missing_gold,1924-s0004,1924,人工智能招聘,Kimi,
pred_missing_gold,1924-s0005,1924,人工智能招聘,Kimi,
pred_missing_gold,1924-s0006,1924,人工智能招聘,Kimi,
pred_missing_gold,1924-s0007,1924,人工智能招聘,Kimi,
pred_missing_gold,1924-s0008,1924,人工智能招聘,Kimi,
pred_missing_gold,1924-s0009,1924,人工智能招聘,Kimi,
pred_missing_gold,1924-s0010,1924,人工智能招聘,Kimi,
pred_missing_gold,1924-s0011,1924,人工智能招聘,Kimi,
pred_missing_gold,1924-s0012,1924,人工智能招聘,Kimi,
pred_missing_gold,1924-s0013,1924,人工智能招聘,Kimi,
pred_missing_gold,1924-s0014,1924,人工智能招聘,Kimi,
pred_missing_gold,1925-s0000,1925,人工智能招聘,Kimi,
pred_missing_gold,1925-s0001,1925,人工智能招聘,Kimi,
pred_missing_gold,1925-s0002,1925,人工智能招聘,Kimi,
pred_missing_gold,1925-s0003,1925,人工智能招聘,Kimi,
pred_missing_gold,1925-s0004,1925,人工智能招聘,Kimi,
pred_missing_gold,1925-s0005,1925,人工智能招聘,Kimi,
pred_missing_gold,1925-s0006,1925,人工智能招聘,Kimi,
pred_missing_gold,1925-s0007,1925,人工智能招聘,Kimi,
pred_missing_gold,1925-s0008,1925,人工智能招聘,Kimi,
pred_missing_gold,1925-s0009,1925,人工智能招聘,Kimi,
pred_missing_gold,1925-s0010,1925,人工智能招聘,Kimi,
pred_missing_gold,1925-s0011,1925,人工智能招聘,Kimi,
pred_missing_gold,1925-s0012,1925,人工智能招聘,Kimi,
pred_missing_gold,1925-s0013,1925,人工智能招聘,Kimi,
pred_missing_gold,1925-s0014,1925,人工智能招聘,Kimi,
pred_missing_gold,1925-s0015,1925,人工智能招聘,Kimi,
pred_missing_gold,1925-s0016,1925,人工智能招聘,Kimi,
pred_missing_gold,1925-s0017,1925,人工智能招聘,Kimi,
pred_missing_gold,1925-s0018,1925,人工智能招聘,Kimi,
pred_missing_gold,1925-s0019,1925,人工智能招聘,Kimi,
pred_missing_gold,1925-s0020,1925,人工智能招聘,Kimi,
pred_missing_gold,1925-s0021,1925,人工智能招聘,Kimi,
pred_missing_gold,1925-s0022,1925,人工智能招聘,Kimi,
pred_missing_gold,1925-s0023,1925,人工智能招聘,Kimi,
pred_missing_gold,1925-s0024,1925,人工智能招聘,Kimi,
pred_missing_gold,1969-s0011,1969,阿里云公开数据集,Kimi,
pred_missing_gold,1969-s0012,1969,阿里云公开数据集,Kimi,
pred_missing_gold,1970-s0001,1970,阿里云公开数据集,Kimi,
pred_missing_gold,1970-s0002,1970,阿里云公开数据集,Kimi,
pred_missing_gold,1970-s0003,1970,阿里云公开数据集,Kimi,
pred_missing_gold,1970-s0004,1970,阿里云公开数据集,Kimi,
pred_missing_gold,1970-s0005,1970,阿里云公开数据集,Kimi,
pred_missing_gold,1970-s0006,1970,阿里云公开数据集,Kimi,
pred_missing_gold,1970-s0007,1970,阿里云公开数据集,Kimi,
pred_missing_gold,1970-s0008,1970,阿里云公开数据集,Kimi,
pred_missing_gold,1971-s0000,1971,阿里云公开数据集,Kimi,
pred_missing_gold,1971-s0001,1971,阿里云公开数据集,Kimi,
pred_missing_gold,1971-s0002,1971,阿里云公开数据集,Kimi,
pred_missing_gold,1971-s0003,1971,阿里云公开数据集,Kimi,
pred_missing_gold,1971-s0004,1971,阿里云公开数据集,Kimi,
pred_missing_gold,1971-s0005,1971,阿里云公开数据集,Kimi,
pred_missing_gold,1971-s0006,1971,阿里云公开数据集,Kimi,
pred_missing_gold,1971-s0007,1971,阿里云公开数据集,Kimi,
pred_missing_gold,1971-s0008,1971,阿里云公开数据集,Kimi,
pred_missing_gold,1971-s0009,1971,阿里云公开数据集,Kimi,
pred_missing_gold,1971-s0010,1971,阿里云公开数据集,Kimi,
pred_missing_gold,1971-s0011,1971,阿里云公开数据集,Kimi,
pred_missing_gold,1971-s0012,1971,阿里云公开数据集,Kimi,
pred_missing_gold,1971-s0013,1971,阿里云公开数据集,Kimi,
pred_missing_gold,1971-s0014,1971,阿里云公开数据集,Kimi,
pred_missing_gold,1977-s0000,1977,阿里云公开数据集,Kimi,
pred_missing_gold,1977-s0001,1977,阿里云公开数据集,Kimi,
pred_missing_gold,1977-s0002,1977,阿里云公开数据集,Kimi,
pred_missing_gold,1977-s0003,1977,阿里云公开数据集,Kimi,
pred_missing_gold,1977-s0004,1977,阿里云公开数据集,Kimi,
pred_missing_gold,1977-s0005,1977,阿里云公开数据集,Kimi,
pred_missing_gold,1977-s0006,1977,阿里云公开数据集,Kimi,
pred_missing_gold,1977-s0007,1977,阿里云公开数据集,Kimi,
pred_missing_gold,1977-s0008,1977,阿里云公开数据集,Kimi,
pred_missing_gold,1977-s0009,1977,阿里云公开数据集,Kimi,
pred_missing_gold,1977-s0010,1977,阿里云公开数据集,Kimi,
pred_missing_gold,1977-s0011,1977,阿里云公开数据集,Kimi,
pred_missing_gold,1977-s0012,1977,阿里云公开数据集,Kimi,
pred_missing_gold,1977-s0013,1977,阿里云公开数据集,Kimi,
pred_missing_gold,1977-s0014,1977,阿里云公开数据集,Kimi,
pred_missing_gold,1978-s0000,1978,阿里云公开数据集,Kimi,
pred_missing_gold,1978-s0001,1978,阿里云公开数据集,Kimi,
pred_missing_gold,1978-s0002,1978,阿里云公开数据集,Kimi,
pred_missing_gold,1978-s0003,1978,阿里云公开数据集,Kimi,
pred_missing_gold,1978-s0004,1978,阿里云公开数据集,Kimi,
pred_missing_gold,1978-s0005,1978,阿里云公开数据集,Kimi,
pred_missing_gold,1978-s0006,1978,阿里云公开数据集,Kimi,
pred_extra_not_in_gold,1801-s0000,1801,人工智能招聘,Kimi,
pred_extra_not_in_gold,1803-s0012,1803,人工智能招聘,Kimi,
pred_extra_not_in_gold,1805-s0009,1805,人工智能招聘,Kimi,
pred_extra_not_in_gold,1805-s0010,1805,人工智能招聘,Kimi,
pred_extra_not_in_gold,1807-s0007,1807,人工智能招聘,Kimi,
pred_extra_not_in_gold,1810-s0001,1810,人工智能招聘,Kimi,
pred_extra_not_in_gold,1813-s0000,1813,人工智能招聘,Kimi,
pred_extra_not_in_gold,1817-s0012,1817,人工智能招聘,Kimi,
pred_extra_not_in_gold,1822-s0012,1822,人工智能招聘,Kimi,
pred_extra_not_in_gold,1827-s0015,1827,人工智能招聘,Kimi,
pred_extra_not_in_gold,1883-s0016,1883,人工智能招聘,Kimi,
pred_extra_not_in_gold,1884-s0016,1884,人工智能招聘,Kimi,
pred_extra_not_in_gold,1886-s0005,1886,人工智能招聘,Kimi,
pred_extra_not_in_gold,1897-s0010,1897,人工智能招聘,Kimi,
pred_extra_not_in_gold,1938-s0009,1938,人工智能招聘,Kimi,
pred_extra_not_in_gold,1946-s0004,1946,阿里云公开数据集,Kimi,
pred_extra_not_in_gold,1947-s0014,1947,阿里云公开数据集,Kimi,
pred_extra_not_in_gold,1948-s0013,1948,阿里云公开数据集,Kimi,
pred_extra_not_in_gold,1949-s0007,1949,阿里云公开数据集,Kimi,
pred_extra_not_in_gold,1958-s0001,1958,阿里云公开数据集,Kimi,
pred_extra_not_in_gold,1965-s0021,1965,阿里云公开数据集,Kimi,
pred_extra_not_in_gold,1968-s0013,1968,阿里云公开数据集,Kimi,
pred_extra_not_in_gold,1973-s0031,1973,阿里云公开数据集,Kimi,
pred_extra_not_in_gold,1975-s0008,1975,阿里云公开数据集,Kimi,
pred_extra_not_in_gold,1976-s0015,1976,阿里云公开数据集,Kimi,
pred_extra_not_in_gold,1979-s0009,1979,阿里云公开数据集,Kimi,
pred_extra_not_in_gold,1980-s0008,1980,阿里云公开数据集,Kimi,
pred_extra_not_in_gold,1987-s0055,1987,事业单位招聘,Kimi,
pred_extra_not_in_gold,1991-s0048,1991,事业单位招聘,Kimi,
pred_extra_not_in_gold,1991-s0054,1991,事业单位招聘,Kimi,
pred_extra_not_in_gold,1991-s0058,1991,事业单位招聘,Kimi,
pred_extra_not_in_gold,1995-s0047,1995,事业单位招聘,Kimi,
pred_extra_not_in_gold,1995-s0068,1995,事业单位招聘,Kimi,
pred_extra_not_in_gold,1801-s0000,1801,人工智能招聘,DeepSeek,
pred_extra_not_in_gold,1803-s0012,1803,人工智能招聘,DeepSeek,
pred_extra_not_in_gold,1805-s0009,1805,人工智能招聘,DeepSeek,
pred_extra_not_in_gold,1805-s0010,1805,人工智能招聘,DeepSeek,
pred_extra_not_in_gold,1807-s0007,1807,人工智能招聘,DeepSeek,
pred_extra_not_in_gold,1810-s0001,1810,人工智能招聘,DeepSeek,
pred_extra_not_in_gold,1813-s0000,1813,人工智能招聘,DeepSeek,
pred_extra_not_in_gold,1817-s0012,1817,人工智能招聘,DeepSeek,
pred_extra_not_in_gold,1822-s0012,1822,人工智能招聘,DeepSeek,
pred_extra_not_in_gold,1827-s0015,1827,人工智能招聘,DeepSeek,
pred_extra_not_in_gold,1883-s0016,1883,人工智能招聘,DeepSeek,
pred_extra_not_in_gold,1884-s0016,1884,人工智能招聘,DeepSeek,
pred_extra_not_in_gold,1886-s0005,1886,人工智能招聘,DeepSeek,
pred_extra_not_in_gold,1897-s0010,1897,人工智能招聘,DeepSeek,
pred_extra_not_in_gold,1919-s0008,1919,人工智能招聘,DeepSeek,
pred_extra_not_in_gold,1938-s0009,1938,人工智能招聘,DeepSeek,
pred_extra_not_in_gold,1946-s0004,1946,阿里云公开数据集,DeepSeek,
pred_extra_not_in_gold,1947-s0014,1947,阿里云公开数据集,DeepSeek,
pred_extra_not_in_gold,1948-s0013,1948,阿里云公开数据集,DeepSeek,
pred_extra_not_in_gold,1949-s0007,1949,阿里云公开数据集,DeepSeek,
pred_extra_not_in_gold,1958-s0001,1958,阿里云公开数据集,DeepSeek,
pred_extra_not_in_gold,1965-s0021,1965,阿里云公开数据集,DeepSeek,
pred_extra_not_in_gold,1968-s0013,1968,阿里云公开数据集,DeepSeek,
pred_extra_not_in_gold,1969-s0013,1969,阿里云公开数据集,DeepSeek,
pred_extra_not_in_gold,1971-s0015,1971,阿里云公开数据集,DeepSeek,
pred_extra_not_in_gold,1973-s0031,1973,阿里云公开数据集,DeepSeek,
pred_extra_not_in_gold,1975-s0008,1975,阿里云公开数据集,DeepSeek,
pred_extra_not_in_gold,1976-s0015,1976,阿里云公开数据集,DeepSeek,
pred_extra_not_in_gold,1977-s0015,1977,阿里云公开数据集,DeepSeek,
pred_extra_not_in_gold,1978-s0007,1978,阿里云公开数据集,DeepSeek,
pred_extra_not_in_gold,1979-s0009,1979,阿里云公开数据集,DeepSeek,
pred_extra_not_in_gold,1980-s0008,1980,阿里云公开数据集,DeepSeek,
pred_extra_not_in_gold,1987-s0055,1987,事业单位招聘,DeepSeek,
pred_extra_not_in_gold,1991-s0048,1991,事业单位招聘,DeepSeek,
pred_extra_not_in_gold,1991-s0054,1991,事业单位招聘,DeepSeek,
pred_extra_not_in_gold,1991-s0058,1991,事业单位招聘,DeepSeek,
pred_extra_not_in_gold,1995-s0047,1995,事业单位招聘,DeepSeek,
pred_extra_not_in_gold,1995-s0068,1995,事业单位招聘,DeepSeek,
pred_extra_not_in_gold,1801-s0000,1801,人工智能招聘,Qwen,
pred_extra_not_in_gold,1803-s0012,1803,人工智能招聘,Qwen,
pred_extra_not_in_gold,1805-s0009,1805,人工智能招聘,Qwen,
pred_extra_not_in_gold,1805-s0010,1805,人工智能招聘,Qwen,
pred_extra_not_in_gold,1807-s0007,1807,人工智能招聘,Qwen,
pred_extra_not_in_gold,1810-s0001,1810,人工智能招聘,Qwen,
pred_extra_not_in_gold,1813-s0000,1813,人工智能招聘,Qwen,
pred_extra_not_in_gold,1817-s0012,1817,人工智能招聘,Qwen,
pred_extra_not_in_gold,1822-s0012,1822,人工智能招聘,Qwen,
pred_extra_not_in_gold,1827-s0015,1827,人工智能招聘,Qwen,
pred_extra_not_in_gold,1883-s0016,1883,人工智能招聘,Qwen,
pred_extra_not_in_gold,1884-s0016,1884,人工智能招聘,Qwen,
pred_extra_not_in_gold,1886-s0005,1886,人工智能招聘,Qwen,
pred_extra_not_in_gold,1897-s0010,1897,人工智能招聘,Qwen,
pred_extra_not_in_gold,1919-s0008,1919,人工智能招聘,Qwen,
pred_extra_not_in_gold,1938-s0009,1938,人工智能招聘,Qwen,
pred_extra_not_in_gold,1946-s0004,1946,阿里云公开数据集,Qwen,
pred_extra_not_in_gold,1947-s0014,1947,阿里云公开数据集,Qwen,
pred_extra_not_in_gold,1948-s0013,1948,阿里云公开数据集,Qwen,
pred_extra_not_in_gold,1949-s0007,1949,阿里云公开数据集,Qwen,
pred_extra_not_in_gold,1958-s0001,1958,阿里云公开数据集,Qwen,
pred_extra_not_in_gold,1965-s0021,1965,阿里云公开数据集,Qwen,
pred_extra_not_in_gold,1968-s0013,1968,阿里云公开数据集,Qwen,
pred_extra_not_in_gold,1969-s0013,1969,阿里云公开数据集,Qwen,
pred_extra_not_in_gold,1971-s0015,1971,阿里云公开数据集,Qwen,
pred_extra_not_in_gold,1973-s0031,1973,阿里云公开数据集,Qwen,
pred_extra_not_in_gold,1975-s0008,1975,阿里云公开数据集,Qwen,
pred_extra_not_in_gold,1976-s0015,1976,阿里云公开数据集,Qwen,
pred_extra_not_in_gold,1977-s0015,1977,阿里云公开数据集,Qwen,
pred_extra_not_in_gold,1978-s0007,1978,阿里云公开数据集,Qwen,
pred_extra_not_in_gold,1979-s0009,1979,阿里云公开数据集,Qwen,
pred_extra_not_in_gold,1980-s0008,1980,阿里云公开数据集,Qwen,
pred_extra_not_in_gold,1987-s0055,1987,事业单位招聘,Qwen,
pred_extra_not_in_gold,1987-s0074,1987,事业单位招聘,Qwen,
pred_extra_not_in_gold,1987-s0075,1987,事业单位招聘,Qwen,
pred_extra_not_in_gold,1987-s0076,1987,事业单位招聘,Qwen,
pred_extra_not_in_gold,1987-s0077,1987,事业单位招聘,Qwen,
pred_extra_not_in_gold,1987-s0078,1987,事业单位招聘,Qwen,
pred_extra_not_in_gold,1987-s0079,1987,事业单位招聘,Qwen,
pred_extra_not_in_gold,1987-s0080,1987,事业单位招聘,Qwen,
pred_extra_not_in_gold,1987-s0081,1987,事业单位招聘,Qwen,
pred_extra_not_in_gold,1987-s0082,1987,事业单位招聘,Qwen,
pred_extra_not_in_gold,1987-s0083,1987,事业单位招聘,Qwen,
pred_extra_not_in_gold,1987-s0084,1987,事业单位招聘,Qwen,
pred_extra_not_in_gold,1987-s0085,1987,事业单位招聘,Qwen,
pred_extra_not_in_gold,1987-s0086,1987,事业单位招聘,Qwen,
pred_extra_not_in_gold,1987-s0087,1987,事业单位招聘,Qwen,
pred_extra_not_in_gold,1987-s0088,1987,事业单位招聘,Qwen,
pred_extra_not_in_gold,1987-s0089,1987,事业单位招聘,Qwen,
pred_extra_not_in_gold,1987-s0090,1987,事业单位招聘,Qwen,
pred_extra_not_in_gold,1987-s0091,1987,事业单位招聘,Qwen,
pred_extra_not_in_gold,1987-s0092,1987,事业单位招聘,Qwen,
pred_extra_not_in_gold,1987-s0093,1987,事业单位招聘,Qwen,
pred_extra_not_in_gold,1987-s0094,1987,事业单位招聘,Qwen,
pred_extra_not_in_gold,1987-s0095,1987,事业单位招聘,Qwen,
pred_extra_not_in_gold,1987-s0096,1987,事业单位招聘,Qwen,
pred_extra_not_in_gold,1987-s0097,1987,事业单位招聘,Qwen,
pred_extra_not_in_gold,1987-s0098,1987,事业单位招聘,Qwen,
pred_extra_not_in_gold,1987-s0099,1987,事业单位招聘,Qwen,
pred_extra_not_in_gold,1987-s0100,1987,事业单位招聘,Qwen,
pred_extra_not_in_gold,1987-s0101,1987,事业单位招聘,Qwen,
pred_extra_not_in_gold,1987-s0102,1987,事业单位招聘,Qwen,
pred_extra_not_in_gold,1987-s0103,1987,事业单位招聘,Qwen,
pred_extra_not_in_gold,1987-s0104,1987,事业单位招聘,Qwen,
pred_extra_not_in_gold,1987-s0105,1987,事业单位招聘,Qwen,
pred_extra_not_in_gold,1987-s0106,1987,事业单位招聘,Qwen,
pred_extra_not_in_gold,1987-s0107,1987,事业单位招聘,Qwen,
pred_extra_not_in_gold,1987-s0108,1987,事业单位招聘,Qwen,
pred_extra_not_in_gold,1987-s0109,1987,事业单位招聘,Qwen,
pred_extra_not_in_gold,1987-s0110,1987,事业单位招聘,Qwen,
pred_extra_not_in_gold,1987-s0111,1987,事业单位招聘,Qwen,
pred_extra_not_in_gold,1987-s0112,1987,事业单位招聘,Qwen,
pred_extra_not_in_gold,1987-s0113,1987,事业单位招聘,Qwen,
pred_extra_not_in_gold,1987-s0114,1987,事业单位招聘,Qwen,
pred_extra_not_in_gold,1987-s0115,1987,事业单位招聘,Qwen,
pred_extra_not_in_gold,1987-s0116,1987,事业单位招聘,Qwen,
pred_extra_not_in_gold,1987-s0117,1987,事业单位招聘,Qwen,
pred_extra_not_in_gold,1987-s0118,1987,事业单位招聘,Qwen,
pred_extra_not_in_gold,1987-s0119,1987,事业单位招聘,Qwen,
pred_extra_not_in_gold,1987-s0120,1987,事业单位招聘,Qwen,
pred_extra_not_in_gold,1987-s0121,1987,事业单位招聘,Qwen,
pred_extra_not_in_gold,1987-s0122,1987,事业单位招聘,Qwen,
pred_extra_not_in_gold,1987-s0123,1987,事业单位招聘,Qwen,
pred_extra_not_in_gold,1987-s0124,1987,事业单位招聘,Qwen,
pred_extra_not_in_gold,1987-s0125,1987,事业单位招聘,Qwen,
pred_extra_not_in_gold,1987-s0126,1987,事业单位招聘,Qwen,
pred_extra_not_in_gold,1987-s0127,1987,事业单位招聘,Qwen,
pred_extra_not_in_gold,1987-s0128,1987,事业单位招聘,Qwen,
pred_extra_not_in_gold,1987-s0129,1987,事业单位招聘,Qwen,
pred_extra_not_in_gold,1987-s0130,1987,事业单位招聘,Qwen,
pred_extra_not_in_gold,1987-s0131,1987,事业单位招聘,Qwen,
pred_extra_not_in_gold,1987-s0132,1987,事业单位招聘,Qwen,
pred_extra_not_in_gold,1987-s0133,1987,事业单位招聘,Qwen,
pred_extra_not_in_gold,1987-s0134,1987,事业单位招聘,Qwen,
pred_extra_not_in_gold,1987-s0135,1987,事业单位招聘,Qwen,
pred_extra_not_in_gold,1987-s0136,1987,事业单位招聘,Qwen,
pred_extra_not_in_gold,1987-s0137,1987,事业单位招聘,Qwen,
pred_extra_not_in_gold,1987-s0138,1987,事业单位招聘,Qwen,
pred_extra_not_in_gold,1987-s0139,1987,事业单位招聘,Qwen,
pred_extra_not_in_gold,1987-s0140,1987,事业单位招聘,Qwen,
pred_extra_not_in_gold,1987-s0141,1987,事业单位招聘,Qwen,
pred_extra_not_in_gold,1987-s0142,1987,事业单位招聘,Qwen,
pred_extra_not_in_gold,1987-s0143,1987,事业单位招聘,Qwen,
pred_extra_not_in_gold,1987-s0144,1987,事业单位招聘,Qwen,
pred_extra_not_in_gold,1987-s0145,1987,事业单位招聘,Qwen,
pred_extra_not_in_gold,1987-s0146,1987,事业单位招聘,Qwen,
pred_extra_not_in_gold,1987-s0147,1987,事业单位招聘,Qwen,
pred_extra_not_in_gold,1988-s0164,1988,事业单位招聘,Qwen,
pred_extra_not_in_gold,1988-s0165,1988,事业单位招聘,Qwen,
pred_extra_not_in_gold,1988-s0166,1988,事业单位招聘,Qwen,
pred_extra_not_in_gold,1988-s0167,1988,事业单位招聘,Qwen,
pred_extra_not_in_gold,1988-s0168,1988,事业单位招聘,Qwen,
pred_extra_not_in_gold,1988-s0169,1988,事业单位招聘,Qwen,
pred_extra_not_in_gold,1988-s0170,1988,事业单位招聘,Qwen,
pred_extra_not_in_gold,1988-s0171,1988,事业单位招聘,Qwen,
pred_extra_not_in_gold,1988-s0172,1988,事业单位招聘,Qwen,
pred_extra_not_in_gold,1988-s0173,1988,事业单位招聘,Qwen,
pred_extra_not_in_gold,1988-s0174,1988,事业单位招聘,Qwen,
pred_extra_not_in_gold,1988-s0175,1988,事业单位招聘,Qwen,
pred_extra_not_in_gold,1988-s0176,1988,事业单位招聘,Qwen,
pred_extra_not_in_gold,1988-s0177,1988,事业单位招聘,Qwen,
pred_extra_not_in_gold,1988-s0178,1988,事业单位招聘,Qwen,
pred_extra_not_in_gold,1988-s0179,1988,事业单位招聘,Qwen,
pred_extra_not_in_gold,1988-s0180,1988,事业单位招聘,Qwen,
pred_extra_not_in_gold,1988-s0181,1988,事业单位招聘,Qwen,
pred_extra_not_in_gold,1988-s0182,1988,事业单位招聘,Qwen,
pred_extra_not_in_gold,1988-s0183,1988,事业单位招聘,Qwen,
pred_extra_not_in_gold,1988-s0184,1988,事业单位招聘,Qwen,
pred_extra_not_in_gold,1988-s0185,1988,事业单位招聘,Qwen,
pred_extra_not_in_gold,1988-s0186,1988,事业单位招聘,Qwen,
pred_extra_not_in_gold,1988-s0187,1988,事业单位招聘,Qwen,
pred_extra_not_in_gold,1988-s0188,1988,事业单位招聘,Qwen,
pred_extra_not_in_gold,1988-s0189,1988,事业单位招聘,Qwen,
pred_extra_not_in_gold,1988-s0190,1988,事业单位招聘,Qwen,
pred_extra_not_in_gold,1988-s0191,1988,事业单位招聘,Qwen,
pred_extra_not_in_gold,1988-s0192,1988,事业单位招聘,Qwen,
pred_extra_not_in_gold,1988-s0193,1988,事业单位招聘,Qwen,
pred_extra_not_in_gold,1988-s0194,1988,事业单位招聘,Qwen,
pred_extra_not_in_gold,1988-s0195,1988,事业单位招聘,Qwen,
pred_extra_not_in_gold,1988-s0196,1988,事业单位招聘,Qwen,
pred_extra_not_in_gold,1988-s0197,1988,事业单位招聘,Qwen,
pred_extra_not_in_gold,1988-s0198,1988,事业单位招聘,Qwen,
pred_extra_not_in_gold,1988-s0199,1988,事业单位招聘,Qwen,
pred_extra_not_in_gold,1988-s0200,1988,事业单位招聘,Qwen,
pred_extra_not_in_gold,1988-s0201,1988,事业单位招聘,Qwen,
pred_extra_not_in_gold,1988-s0202,1988,事业单位招聘,Qwen,
pred_extra_not_in_gold,1988-s0203,1988,事业单位招聘,Qwen,
pred_extra_not_in_gold,1988-s0204,1988,事业单位招聘,Qwen,
pred_extra_not_in_gold,1988-s0205,1988,事业单位招聘,Qwen,
pred_extra_not_in_gold,1988-s0206,1988,事业单位招聘,Qwen,
pred_extra_not_in_gold,1988-s0207,1988,事业单位招聘,Qwen,
pred_extra_not_in_gold,1988-s0208,1988,事业单位招聘,Qwen,
pred_extra_not_in_gold,1988-s0209,1988,事业单位招聘,Qwen,
pred_extra_not_in_gold,1988-s0210,1988,事业单位招聘,Qwen,
pred_extra_not_in_gold,1988-s0211,1988,事业单位招聘,Qwen,
pred_extra_not_in_gold,1988-s0212,1988,事业单位招聘,Qwen,
pred_extra_not_in_gold,1988-s0213,1988,事业单位招聘,Qwen,
pred_extra_not_in_gold,1988-s0214,1988,事业单位招聘,Qwen,
pred_extra_not_in_gold,1988-s0215,1988,事业单位招聘,Qwen,
pred_extra_not_in_gold,1988-s0216,1988,事业单位招聘,Qwen,
pred_extra_not_in_gold,1988-s0217,1988,事业单位招聘,Qwen,
pred_extra_not_in_gold,1988-s0218,1988,事业单位招聘,Qwen,
pred_extra_not_in_gold,1988-s0219,1988,事业单位招聘,Qwen,
pred_extra_not_in_gold,1988-s0220,1988,事业单位招聘,Qwen,
pred_extra_not_in_gold,1988-s0221,1988,事业单位招聘,Qwen,
pred_extra_not_in_gold,1988-s0222,1988,事业单位招聘,Qwen,
pred_extra_not_in_gold,1988-s0223,1988,事业单位招聘,Qwen,
pred_extra_not_in_gold,1988-s0224,1988,事业单位招聘,Qwen,
pred_extra_not_in_gold,1988-s0225,1988,事业单位招聘,Qwen,
pred_extra_not_in_gold,1988-s0226,1988,事业单位招聘,Qwen,
pred_extra_not_in_gold,1988-s0227,1988,事业单位招聘,Qwen,
pred_extra_not_in_gold,1988-s0228,1988,事业单位招聘,Qwen,
pred_extra_not_in_gold,1988-s0229,1988,事业单位招聘,Qwen,
pred_extra_not_in_gold,1988-s0230,1988,事业单位招聘,Qwen,
pred_extra_not_in_gold,1988-s0231,1988,事业单位招聘,Qwen,
pred_extra_not_in_gold,1988-s0232,1988,事业单位招聘,Qwen,
pred_extra_not_in_gold,1988-s0233,1988,事业单位招聘,Qwen,
pred_extra_not_in_gold,1988-s0234,1988,事业单位招聘,Qwen,
pred_extra_not_in_gold,1988-s0235,1988,事业单位招聘,Qwen,
pred_extra_not_in_gold,1988-s0236,1988,事业单位招聘,Qwen,
pred_extra_not_in_gold,1988-s0237,1988,事业单位招聘,Qwen,
pred_extra_not_in_gold,1988-s0238,1988,事业单位招聘,Qwen,
pred_extra_not_in_gold,1988-s0239,1988,事业单位招聘,Qwen,
pred_extra_not_in_gold,1988-s0240,1988,事业单位招聘,Qwen,
pred_extra_not_in_gold,1988-s0241,1988,事业单位招聘,Qwen,
pred_extra_not_in_gold,1988-s0242,1988,事业单位招聘,Qwen,
pred_extra_not_in_gold,1988-s0243,1988,事业单位招聘,Qwen,
pred_extra_not_in_gold,1988-s0244,1988,事业单位招聘,Qwen,
pred_extra_not_in_gold,1988-s0245,1988,事业单位招聘,Qwen,
pred_extra_not_in_gold,1988-s0246,1988,事业单位招聘,Qwen,
pred_extra_not_in_gold,1988-s0247,1988,事业单位招聘,Qwen,
pred_extra_not_in_gold,1988-s0248,1988,事业单位招聘,Qwen,
pred_extra_not_in_gold,1988-s0249,1988,事业单位招聘,Qwen,
pred_extra_not_in_gold,1988-s0250,1988,事业单位招聘,Qwen,
pred_extra_not_in_gold,1988-s0251,1988,事业单位招聘,Qwen,
pred_extra_not_in_gold,1988-s0252,1988,事业单位招聘,Qwen,
pred_extra_not_in_gold,1988-s0253,1988,事业单位招聘,Qwen,
pred_extra_not_in_gold,1988-s0254,1988,事业单位招聘,Qwen,
pred_extra_not_in_gold,1988-s0255,1988,事业单位招聘,Qwen,
pred_extra_not_in_gold,1988-s0256,1988,事业单位招聘,Qwen,
pred_extra_not_in_gold,1988-s0257,1988,事业单位招聘,Qwen,
pred_extra_not_in_gold,1988-s0258,1988,事业单位招聘,Qwen,
pred_extra_not_in_gold,1988-s0259,1988,事业单位招聘,Qwen,
pred_extra_not_in_gold,1988-s0260,1988,事业单位招聘,Qwen,
pred_extra_not_in_gold,1988-s0261,1988,事业单位招聘,Qwen,
pred_extra_not_in_gold,1988-s0262,1988,事业单位招聘,Qwen,
pred_extra_not_in_gold,1988-s0263,1988,事业单位招聘,Qwen,
pred_extra_not_in_gold,1988-s0264,1988,事业单位招聘,Qwen,
pred_extra_not_in_gold,1988-s0265,1988,事业单位招聘,Qwen,
pred_extra_not_in_gold,1988-s0266,1988,事业单位招聘,Qwen,
pred_extra_not_in_gold,1988-s0267,1988,事业单位招聘,Qwen,
pred_extra_not_in_gold,1988-s0268,1988,事业单位招聘,Qwen,
pred_extra_not_in_gold,1988-s0269,1988,事业单位招聘,Qwen,
pred_extra_not_in_gold,1988-s0270,1988,事业单位招聘,Qwen,
pred_extra_not_in_gold,1988-s0271,1988,事业单位招聘,Qwen,
pred_extra_not_in_gold,1988-s0272,1988,事业单位招聘,Qwen,
pred_extra_not_in_gold,1988-s0273,1988,事业单位招聘,Qwen,
pred_extra_not_in_gold,1988-s0274,1988,事业单位招聘,Qwen,
pred_extra_not_in_gold,1988-s0275,1988,事业单位招聘,Qwen,
pred_extra_not_in_gold,1988-s0276,1988,事业单位招聘,Qwen,
pred_extra_not_in_gold,1988-s0277,1988,事业单位招聘,Qwen,
pred_extra_not_in_gold,1988-s0278,1988,事业单位招聘,Qwen,
pred_extra_not_in_gold,1988-s0279,1988,事业单位招聘,Qwen,
pred_extra_not_in_gold,1988-s0280,1988,事业单位招聘,Qwen,
pred_extra_not_in_gold,1988-s0281,1988,事业单位招聘,Qwen,
pred_extra_not_in_gold,1988-s0282,1988,事业单位招聘,Qwen,
pred_extra_not_in_gold,1988-s0283,1988,事业单位招聘,Qwen,
pred_extra_not_in_gold,1988-s0284,1988,事业单位招聘,Qwen,
pred_extra_not_in_gold,1988-s0285,1988,事业单位招聘,Qwen,
pred_extra_not_in_gold,1988-s0286,1988,事业单位招聘,Qwen,
pred_extra_not_in_gold,1988-s0287,1988,事业单位招聘,Qwen,
pred_extra_not_in_gold,1988-s0288,1988,事业单位招聘,Qwen,
pred_extra_not_in_gold,1988-s0289,1988,事业单位招聘,Qwen,
pred_extra_not_in_gold,1988-s0290,1988,事业单位招聘,Qwen,
pred_extra_not_in_gold,1988-s0291,1988,事业单位招聘,Qwen,
pred_extra_not_in_gold,1988-s0292,1988,事业单位招聘,Qwen,
pred_extra_not_in_gold,1988-s0293,1988,事业单位招聘,Qwen,
pred_extra_not_in_gold,1988-s0294,1988,事业单位招聘,Qwen,
pred_extra_not_in_gold,1988-s0295,1988,事业单位招聘,Qwen,
pred_extra_not_in_gold,1988-s0296,1988,事业单位招聘,Qwen,
pred_extra_not_in_gold,1988-s0297,1988,事业单位招聘,Qwen,
pred_extra_not_in_gold,1988-s0298,1988,事业单位招聘,Qwen,
pred_extra_not_in_gold,1988-s0299,1988,事业单位招聘,Qwen,
pred_extra_not_in_gold,1988-s0300,1988,事业单位招聘,Qwen,
pred_extra_not_in_gold,1988-s0301,1988,事业单位招聘,Qwen,
pred_extra_not_in_gold,1988-s0302,1988,事业单位招聘,Qwen,
pred_extra_not_in_gold,1988-s0303,1988,事业单位招聘,Qwen,
pred_extra_not_in_gold,1988-s0304,1988,事业单位招聘,Qwen,
pred_extra_not_in_gold,1988-s0305,1988,事业单位招聘,Qwen,
pred_extra_not_in_gold,1988-s0306,1988,事业单位招聘,Qwen,
pred_extra_not_in_gold,1988-s0307,1988,事业单位招聘,Qwen,
pred_extra_not_in_gold,1988-s0308,1988,事业单位招聘,Qwen,
pred_extra_not_in_gold,1988-s0309,1988,事业单位招聘,Qwen,
pred_extra_not_in_gold,1988-s0310,1988,事业单位招聘,Qwen,
pred_extra_not_in_gold,1988-s0311,1988,事业单位招聘,Qwen,
pred_extra_not_in_gold,1988-s0312,1988,事业单位招聘,Qwen,
pred_extra_not_in_gold,1988-s0313,1988,事业单位招聘,Qwen,
pred_extra_not_in_gold,1988-s0314,1988,事业单位招聘,Qwen,
pred_extra_not_in_gold,1988-s0315,1988,事业单位招聘,Qwen,
pred_extra_not_in_gold,1988-s0316,1988,事业单位招聘,Qwen,
pred_extra_not_in_gold,1988-s0317,1988,事业单位招聘,Qwen,
pred_extra_not_in_gold,1988-s0318,1988,事业单位招聘,Qwen,
pred_extra_not_in_gold,1988-s0319,1988,事业单位招聘,Qwen,
pred_extra_not_in_gold,1988-s0320,1988,事业单位招聘,Qwen,
pred_extra_not_in_gold,1988-s0321,1988,事业单位招聘,Qwen,
pred_extra_not_in_gold,1988-s0322,1988,事业单位招聘,Qwen,
pred_extra_not_in_gold,1988-s0323,1988,事业单位招聘,Qwen,
pred_extra_not_in_gold,1988-s0324,1988,事业单位招聘,Qwen,
pred_extra_not_in_gold,1988-s0325,1988,事业单位招聘,Qwen,
pred_extra_not_in_gold,1988-s0326,1988,事业单位招聘,Qwen,
pred_extra_not_in_gold,1988-s0327,1988,事业单位招聘,Qwen,
pred_extra_not_in_gold,1988-s0328,1988,事业单位招聘,Qwen,
pred_extra_not_in_gold,1988-s0329,1988,事业单位招聘,Qwen,
pred_extra_not_in_gold,1988-s0330,1988,事业单位招聘,Qwen,
pred_extra_not_in_gold,1988-s0331,1988,事业单位招聘,Qwen,
pred_extra_not_in_gold,1988-s0332,1988,事业单位招聘,Qwen,
pred_extra_not_in_gold,1988-s0333,1988,事业单位招聘,Qwen,
pred_extra_not_in_gold,1988-s0334,1988,事业单位招聘,Qwen,
pred_extra_not_in_gold,1988-s0335,1988,事业单位招聘,Qwen,
pred_extra_not_in_gold,1989-s0031,1989,事业单位招聘,Qwen,
pred_extra_not_in_gold,1989-s0032,1989,事业单位招聘,Qwen,
pred_extra_not_in_gold,1989-s0033,1989,事业单位招聘,Qwen,
pred_extra_not_in_gold,1989-s0034,1989,事业单位招聘,Qwen,
pred_extra_not_in_gold,1989-s0035,1989,事业单位招聘,Qwen,
pred_extra_not_in_gold,1989-s0036,1989,事业单位招聘,Qwen,
pred_extra_not_in_gold,1989-s0037,1989,事业单位招聘,Qwen,
pred_extra_not_in_gold,1989-s0038,1989,事业单位招聘,Qwen,
pred_extra_not_in_gold,1989-s0039,1989,事业单位招聘,Qwen,
pred_extra_not_in_gold,1989-s0040,1989,事业单位招聘,Qwen,
pred_extra_not_in_gold,1989-s0041,1989,事业单位招聘,Qwen,
pred_extra_not_in_gold,1989-s0042,1989,事业单位招聘,Qwen,
pred_extra_not_in_gold,1989-s0043,1989,事业单位招聘,Qwen,
pred_extra_not_in_gold,1989-s0044,1989,事业单位招聘,Qwen,
pred_extra_not_in_gold,1989-s0045,1989,事业单位招聘,Qwen,
pred_extra_not_in_gold,1989-s0046,1989,事业单位招聘,Qwen,
pred_extra_not_in_gold,1989-s0047,1989,事业单位招聘,Qwen,
pred_extra_not_in_gold,1989-s0048,1989,事业单位招聘,Qwen,
pred_extra_not_in_gold,1989-s0049,1989,事业单位招聘,Qwen,
pred_extra_not_in_gold,1989-s0050,1989,事业单位招聘,Qwen,
pred_extra_not_in_gold,1989-s0051,1989,事业单位招聘,Qwen,
pred_extra_not_in_gold,1989-s0052,1989,事业单位招聘,Qwen,
pred_extra_not_in_gold,1989-s0053,1989,事业单位招聘,Qwen,
pred_extra_not_in_gold,1989-s0054,1989,事业单位招聘,Qwen,
pred_extra_not_in_gold,1989-s0055,1989,事业单位招聘,Qwen,
pred_extra_not_in_gold,1989-s0056,1989,事业单位招聘,Qwen,
pred_extra_not_in_gold,1989-s0057,1989,事业单位招聘,Qwen,
pred_extra_not_in_gold,1989-s0058,1989,事业单位招聘,Qwen,
pred_extra_not_in_gold,1989-s0059,1989,事业单位招聘,Qwen,
pred_extra_not_in_gold,1989-s0060,1989,事业单位招聘,Qwen,
pred_extra_not_in_gold,1989-s0061,1989,事业单位招聘,Qwen,
pred_extra_not_in_gold,1989-s0062,1989,事业单位招聘,Qwen,
pred_extra_not_in_gold,1989-s0063,1989,事业单位招聘,Qwen,
pred_extra_not_in_gold,1989-s0064,1989,事业单位招聘,Qwen,
pred_extra_not_in_gold,1989-s0065,1989,事业单位招聘,Qwen,
pred_extra_not_in_gold,1989-s0066,1989,事业单位招聘,Qwen,
pred_extra_not_in_gold,1989-s0067,1989,事业单位招聘,Qwen,
pred_extra_not_in_gold,1989-s0068,1989,事业单位招聘,Qwen,
pred_extra_not_in_gold,1989-s0069,1989,事业单位招聘,Qwen,
pred_extra_not_in_gold,1989-s0070,1989,事业单位招聘,Qwen,
pred_extra_not_in_gold,1989-s0071,1989,事业单位招聘,Qwen,
pred_extra_not_in_gold,1989-s0072,1989,事业单位招聘,Qwen,
pred_extra_not_in_gold,1989-s0073,1989,事业单位招聘,Qwen,
pred_extra_not_in_gold,1990-s0025,1990,事业单位招聘,Qwen,
pred_extra_not_in_gold,1990-s0026,1990,事业单位招聘,Qwen,
pred_extra_not_in_gold,1990-s0027,1990,事业单位招聘,Qwen,
pred_extra_not_in_gold,1990-s0028,1990,事业单位招聘,Qwen,
pred_extra_not_in_gold,1990-s0029,1990,事业单位招聘,Qwen,
pred_extra_not_in_gold,1990-s0030,1990,事业单位招聘,Qwen,
pred_extra_not_in_gold,1990-s0031,1990,事业单位招聘,Qwen,
pred_extra_not_in_gold,1990-s0032,1990,事业单位招聘,Qwen,
pred_extra_not_in_gold,1990-s0033,1990,事业单位招聘,Qwen,
pred_extra_not_in_gold,1990-s0034,1990,事业单位招聘,Qwen,
pred_extra_not_in_gold,1990-s0035,1990,事业单位招聘,Qwen,
pred_extra_not_in_gold,1990-s0036,1990,事业单位招聘,Qwen,
pred_extra_not_in_gold,1990-s0037,1990,事业单位招聘,Qwen,
pred_extra_not_in_gold,1990-s0038,1990,事业单位招聘,Qwen,
pred_extra_not_in_gold,1990-s0039,1990,事业单位招聘,Qwen,
pred_extra_not_in_gold,1990-s0040,1990,事业单位招聘,Qwen,
pred_extra_not_in_gold,1990-s0041,1990,事业单位招聘,Qwen,
pred_extra_not_in_gold,1990-s0042,1990,事业单位招聘,Qwen,
pred_extra_not_in_gold,1990-s0043,1990,事业单位招聘,Qwen,
pred_extra_not_in_gold,1990-s0044,1990,事业单位招聘,Qwen,
pred_extra_not_in_gold,1990-s0045,1990,事业单位招聘,Qwen,
pred_extra_not_in_gold,1990-s0046,1990,事业单位招聘,Qwen,
pred_extra_not_in_gold,1990-s0047,1990,事业单位招聘,Qwen,
pred_extra_not_in_gold,1990-s0048,1990,事业单位招聘,Qwen,
pred_extra_not_in_gold,1990-s0049,1990,事业单位招聘,Qwen,
pred_extra_not_in_gold,1991-s0048,1991,事业单位招聘,Qwen,
pred_extra_not_in_gold,1991-s0054,1991,事业单位招聘,Qwen,
pred_extra_not_in_gold,1991-s0058,1991,事业单位招聘,Qwen,
pred_extra_not_in_gold,1991-s0060,1991,事业单位招聘,Qwen,
pred_extra_not_in_gold,1991-s0061,1991,事业单位招聘,Qwen,
pred_extra_not_in_gold,1991-s0062,1991,事业单位招聘,Qwen,
pred_extra_not_in_gold,1991-s0063,1991,事业单位招聘,Qwen,
pred_extra_not_in_gold,1991-s0064,1991,事业单位招聘,Qwen,
pred_extra_not_in_gold,1991-s0065,1991,事业单位招聘,Qwen,
pred_extra_not_in_gold,1991-s0066,1991,事业单位招聘,Qwen,
pred_extra_not_in_gold,1991-s0067,1991,事业单位招聘,Qwen,
pred_extra_not_in_gold,1991-s0068,1991,事业单位招聘,Qwen,
pred_extra_not_in_gold,1991-s0069,1991,事业单位招聘,Qwen,
pred_extra_not_in_gold,1991-s0070,1991,事业单位招聘,Qwen,
pred_extra_not_in_gold,1991-s0071,1991,事业单位招聘,Qwen,
pred_extra_not_in_gold,1991-s0072,1991,事业单位招聘,Qwen,
pred_extra_not_in_gold,1991-s0073,1991,事业单位招聘,Qwen,
pred_extra_not_in_gold,1991-s0074,1991,事业单位招聘,Qwen,
pred_extra_not_in_gold,1991-s0075,1991,事业单位招聘,Qwen,
pred_extra_not_in_gold,1991-s0076,1991,事业单位招聘,Qwen,
pred_extra_not_in_gold,1991-s0077,1991,事业单位招聘,Qwen,
pred_extra_not_in_gold,1991-s0078,1991,事业单位招聘,Qwen,
pred_extra_not_in_gold,1991-s0079,1991,事业单位招聘,Qwen,
pred_extra_not_in_gold,1991-s0080,1991,事业单位招聘,Qwen,
pred_extra_not_in_gold,1991-s0081,1991,事业单位招聘,Qwen,
pred_extra_not_in_gold,1991-s0082,1991,事业单位招聘,Qwen,
pred_extra_not_in_gold,1991-s0083,1991,事业单位招聘,Qwen,
pred_extra_not_in_gold,1991-s0084,1991,事业单位招聘,Qwen,
pred_extra_not_in_gold,1991-s0085,1991,事业单位招聘,Qwen,
pred_extra_not_in_gold,1991-s0086,1991,事业单位招聘,Qwen,
pred_extra_not_in_gold,1991-s0087,1991,事业单位招聘,Qwen,
pred_extra_not_in_gold,1991-s0088,1991,事业单位招聘,Qwen,
pred_extra_not_in_gold,1991-s0089,1991,事业单位招聘,Qwen,
pred_extra_not_in_gold,1991-s0090,1991,事业单位招聘,Qwen,
pred_extra_not_in_gold,1991-s0091,1991,事业单位招聘,Qwen,
pred_extra_not_in_gold,1991-s0092,1991,事业单位招聘,Qwen,
pred_extra_not_in_gold,1991-s0093,1991,事业单位招聘,Qwen,
pred_extra_not_in_gold,1991-s0094,1991,事业单位招聘,Qwen,
pred_extra_not_in_gold,1991-s0095,1991,事业单位招聘,Qwen,
pred_extra_not_in_gold,1991-s0096,1991,事业单位招聘,Qwen,
pred_extra_not_in_gold,1991-s0097,1991,事业单位招聘,Qwen,
pred_extra_not_in_gold,1991-s0098,1991,事业单位招聘,Qwen,
pred_extra_not_in_gold,1991-s0099,1991,事业单位招聘,Qwen,
pred_extra_not_in_gold,1991-s0100,1991,事业单位招聘,Qwen,
pred_extra_not_in_gold,1991-s0101,1991,事业单位招聘,Qwen,
pred_extra_not_in_gold,1991-s0102,1991,事业单位招聘,Qwen,
pred_extra_not_in_gold,1991-s0103,1991,事业单位招聘,Qwen,
pred_extra_not_in_gold,1991-s0104,1991,事业单位招聘,Qwen,
pred_extra_not_in_gold,1991-s0105,1991,事业单位招聘,Qwen,
pred_extra_not_in_gold,1991-s0106,1991,事业单位招聘,Qwen,
pred_extra_not_in_gold,1991-s0107,1991,事业单位招聘,Qwen,
pred_extra_not_in_gold,1991-s0108,1991,事业单位招聘,Qwen,
pred_extra_not_in_gold,1991-s0109,1991,事业单位招聘,Qwen,
pred_extra_not_in_gold,1991-s0110,1991,事业单位招聘,Qwen,
pred_extra_not_in_gold,1991-s0111,1991,事业单位招聘,Qwen,
pred_extra_not_in_gold,1991-s0112,1991,事业单位招聘,Qwen,
pred_extra_not_in_gold,1991-s0113,1991,事业单位招聘,Qwen,
pred_extra_not_in_gold,1991-s0114,1991,事业单位招聘,Qwen,
pred_extra_not_in_gold,1991-s0115,1991,事业单位招聘,Qwen,
pred_extra_not_in_gold,1991-s0116,1991,事业单位招聘,Qwen,
pred_extra_not_in_gold,1991-s0117,1991,事业单位招聘,Qwen,
pred_extra_not_in_gold,1991-s0118,1991,事业单位招聘,Qwen,
pred_extra_not_in_gold,1991-s0119,1991,事业单位招聘,Qwen,
pred_extra_not_in_gold,1992-s0008,1992,事业单位招聘,Qwen,
pred_extra_not_in_gold,1992-s0009,1992,事业单位招聘,Qwen,
pred_extra_not_in_gold,1992-s0010,1992,事业单位招聘,Qwen,
pred_extra_not_in_gold,1992-s0011,1992,事业单位招聘,Qwen,
pred_extra_not_in_gold,1992-s0012,1992,事业单位招聘,Qwen,
pred_extra_not_in_gold,1992-s0013,1992,事业单位招聘,Qwen,
pred_extra_not_in_gold,1992-s0014,1992,事业单位招聘,Qwen,
pred_extra_not_in_gold,1992-s0015,1992,事业单位招聘,Qwen,
pred_extra_not_in_gold,1993-s0012,1993,事业单位招聘,Qwen,
pred_extra_not_in_gold,1993-s0013,1993,事业单位招聘,Qwen,
pred_extra_not_in_gold,1993-s0014,1993,事业单位招聘,Qwen,
pred_extra_not_in_gold,1993-s0015,1993,事业单位招聘,Qwen,
pred_extra_not_in_gold,1993-s0016,1993,事业单位招聘,Qwen,
pred_extra_not_in_gold,1993-s0017,1993,事业单位招聘,Qwen,
pred_extra_not_in_gold,1993-s0018,1993,事业单位招聘,Qwen,
pred_extra_not_in_gold,1993-s0019,1993,事业单位招聘,Qwen,
pred_extra_not_in_gold,1993-s0020,1993,事业单位招聘,Qwen,
pred_extra_not_in_gold,1993-s0021,1993,事业单位招聘,Qwen,
pred_extra_not_in_gold,1993-s0022,1993,事业单位招聘,Qwen,
pred_extra_not_in_gold,1993-s0023,1993,事业单位招聘,Qwen,
pred_extra_not_in_gold,1994-s0007,1994,事业单位招聘,Qwen,
pred_extra_not_in_gold,1994-s0008,1994,事业单位招聘,Qwen,
pred_extra_not_in_gold,1994-s0009,1994,事业单位招聘,Qwen,
pred_extra_not_in_gold,1994-s0010,1994,事业单位招聘,Qwen,
pred_extra_not_in_gold,1994-s0011,1994,事业单位招聘,Qwen,
pred_extra_not_in_gold,1994-s0012,1994,事业单位招聘,Qwen,
pred_extra_not_in_gold,1994-s0013,1994,事业单位招聘,Qwen,
pred_extra_not_in_gold,1995-s0047,1995,事业单位招聘,Qwen,
pred_extra_not_in_gold,1995-s0068,1995,事业单位招聘,Qwen,
pred_extra_not_in_gold,1995-s0088,1995,事业单位招聘,Qwen,
pred_extra_not_in_gold,1995-s0089,1995,事业单位招聘,Qwen,
pred_extra_not_in_gold,1995-s0090,1995,事业单位招聘,Qwen,
pred_extra_not_in_gold,1995-s0091,1995,事业单位招聘,Qwen,
pred_extra_not_in_gold,1995-s0092,1995,事业单位招聘,Qwen,
pred_extra_not_in_gold,1995-s0093,1995,事业单位招聘,Qwen,
pred_extra_not_in_gold,1995-s0094,1995,事业单位招聘,Qwen,
pred_extra_not_in_gold,1995-s0095,1995,事业单位招聘,Qwen,
pred_extra_not_in_gold,1995-s0096,1995,事业单位招聘,Qwen,
pred_extra_not_in_gold,1995-s0097,1995,事业单位招聘,Qwen,
pred_extra_not_in_gold,1995-s0098,1995,事业单位招聘,Qwen,
pred_extra_not_in_gold,1995-s0099,1995,事业单位招聘,Qwen,
pred_extra_not_in_gold,1995-s0100,1995,事业单位招聘,Qwen,
pred_extra_not_in_gold,1995-s0101,1995,事业单位招聘,Qwen,
pred_extra_not_in_gold,1995-s0102,1995,事业单位招聘,Qwen,
pred_extra_not_in_gold,1995-s0103,1995,事业单位招聘,Qwen,
pred_extra_not_in_gold,1995-s0104,1995,事业单位招聘,Qwen,
pred_extra_not_in_gold,1995-s0105,1995,事业单位招聘,Qwen,
pred_extra_not_in_gold,1995-s0106,1995,事业单位招聘,Qwen,
pred_extra_not_in_gold,1995-s0107,1995,事业单位招聘,Qwen,
pred_extra_not_in_gold,1995-s0108,1995,事业单位招聘,Qwen,
pred_extra_not_in_gold,1995-s0109,1995,事业单位招聘,Qwen,
pred_extra_not_in_gold,1995-s0110,1995,事业单位招聘,Qwen,
pred_extra_not_in_gold,1995-s0111,1995,事业单位招聘,Qwen,
pred_extra_not_in_gold,1995-s0112,1995,事业单位招聘,Qwen,
pred_extra_not_in_gold,1995-s0113,1995,事业单位招聘,Qwen,
pred_extra_not_in_gold,1995-s0114,1995,事业单位招聘,Qwen,
pred_extra_not_in_gold,1995-s0115,1995,事业单位招聘,Qwen,
pred_extra_not_in_gold,1995-s0116,1995,事业单位招聘,Qwen,
pred_extra_not_in_gold,1995-s0117,1995,事业单位招聘,Qwen,
pred_extra_not_in_gold,1995-s0118,1995,事业单位招聘,Qwen,
pred_extra_not_in_gold,1995-s0119,1995,事业单位招聘,Qwen,
pred_extra_not_in_gold,1995-s0120,1995,事业单位招聘,Qwen,
pred_extra_not_in_gold,1995-s0121,1995,事业单位招聘,Qwen,
pred_extra_not_in_gold,1995-s0122,1995,事业单位招聘,Qwen,
pred_extra_not_in_gold,1995-s0123,1995,事业单位招聘,Qwen,
pred_extra_not_in_gold,1995-s0124,1995,事业单位招聘,Qwen,
pred_extra_not_in_gold,1995-s0125,1995,事业单位招聘,Qwen,
pred_extra_not_in_gold,1995-s0126,1995,事业单位招聘,Qwen,
pred_extra_not_in_gold,1995-s0127,1995,事业单位招聘,Qwen,
pred_extra_not_in_gold,1995-s0128,1995,事业单位招聘,Qwen,
pred_extra_not_in_gold,1995-s0129,1995,事业单位招聘,Qwen,
pred_extra_not_in_gold,1995-s0130,1995,事业单位招聘,Qwen,
pred_extra_not_in_gold,1995-s0131,1995,事业单位招聘,Qwen,
pred_extra_not_in_gold,1995-s0132,1995,事业单位招聘,Qwen,
pred_extra_not_in_gold,1995-s0133,1995,事业单位招聘,Qwen,
pred_extra_not_in_gold,1995-s0134,1995,事业单位招聘,Qwen,
pred_extra_not_in_gold,1995-s0135,1995,事业单位招聘,Qwen,
pred_extra_not_in_gold,1995-s0136,1995,事业单位招聘,Qwen,
pred_extra_not_in_gold,1995-s0137,1995,事业单位招聘,Qwen,
pred_extra_not_in_gold,1995-s0138,1995,事业单位招聘,Qwen,
pred_extra_not_in_gold,1995-s0139,1995,事业单位招聘,Qwen,
pred_extra_not_in_gold,1995-s0140,1995,事业单位招聘,Qwen,
pred_extra_not_in_gold,1995-s0141,1995,事业单位招聘,Qwen,
pred_extra_not_in_gold,1995-s0142,1995,事业单位招聘,Qwen,
pred_extra_not_in_gold,1995-s0143,1995,事业单位招聘,Qwen,
pred_extra_not_in_gold,1995-s0144,1995,事业单位招聘,Qwen,
pred_extra_not_in_gold,1995-s0145,1995,事业单位招聘,Qwen,
pred_extra_not_in_gold,1995-s0146,1995,事业单位招聘,Qwen,
pred_extra_not_in_gold,1995-s0147,1995,事业单位招聘,Qwen,
pred_extra_not_in_gold,1995-s0148,1995,事业单位招聘,Qwen,
pred_extra_not_in_gold,1995-s0149,1995,事业单位招聘,Qwen,
pred_extra_not_in_gold,1995-s0150,1995,事业单位招聘,Qwen,
pred_extra_not_in_gold,1995-s0151,1995,事业单位招聘,Qwen,
pred_extra_not_in_gold,1995-s0152,1995,事业单位招聘,Qwen,
pred_extra_not_in_gold,1995-s0153,1995,事业单位招聘,Qwen,
pred_extra_not_in_gold,1995-s0154,1995,事业单位招聘,Qwen,
pred_extra_not_in_gold,1995-s0155,1995,事业单位招聘,Qwen,
pred_extra_not_in_gold,1995-s0156,1995,事业单位招聘,Qwen,
pred_extra_not_in_gold,1995-s0157,1995,事业单位招聘,Qwen,
pred_extra_not_in_gold,1995-s0158,1995,事业单位招聘,Qwen,
pred_extra_not_in_gold,1995-s0159,1995,事业单位招聘,Qwen,
pred_extra_not_in_gold,1995-s0160,1995,事业单位招聘,Qwen,
pred_extra_not_in_gold,1995-s0161,1995,事业单位招聘,Qwen,
pred_extra_not_in_gold,1995-s0162,1995,事业单位招聘,Qwen,
pred_extra_not_in_gold,1995-s0163,1995,事业单位招聘,Qwen,
pred_extra_not_in_gold,1995-s0164,1995,事业单位招聘,Qwen,
pred_extra_not_in_gold,1995-s0165,1995,事业单位招聘,Qwen,
pred_extra_not_in_gold,1995-s0166,1995,事业单位招聘,Qwen,
pred_extra_not_in_gold,1995-s0167,1995,事业单位招聘,Qwen,
pred_extra_not_in_gold,1995-s0168,1995,事业单位招聘,Qwen,
pred_extra_not_in_gold,1995-s0169,1995,事业单位招聘,Qwen,
pred_extra_not_in_gold,1995-s0170,1995,事业单位招聘,Qwen,
pred_extra_not_in_gold,1995-s0171,1995,事业单位招聘,Qwen,
pred_extra_not_in_gold,1995-s0172,1995,事业单位招聘,Qwen,
pred_extra_not_in_gold,1995-s0173,1995,事业单位招聘,Qwen,
pred_extra_not_in_gold,1995-s0174,1995,事业单位招聘,Qwen,
pred_extra_not_in_gold,1995-s0175,1995,事业单位招聘,Qwen,
pred_extra_not_in_gold,1996-s0017,1996,事业单位招聘,Qwen,
pred_extra_not_in_gold,1996-s0018,1996,事业单位招聘,Qwen,
pred_extra_not_in_gold,1996-s0019,1996,事业单位招聘,Qwen,
pred_extra_not_in_gold,1996-s0020,1996,事业单位招聘,Qwen,
pred_extra_not_in_gold,1996-s0021,1996,事业单位招聘,Qwen,
pred_extra_not_in_gold,1996-s0022,1996,事业单位招聘,Qwen,
pred_extra_not_in_gold,1996-s0023,1996,事业单位招聘,Qwen,
pred_extra_not_in_gold,1996-s0024,1996,事业单位招聘,Qwen,
pred_extra_not_in_gold,1996-s0025,1996,事业单位招聘,Qwen,
pred_extra_not_in_gold,1996-s0026,1996,事业单位招聘,Qwen,
pred_extra_not_in_gold,1996-s0027,1996,事业单位招聘,Qwen,
pred_extra_not_in_gold,1996-s0028,1996,事业单位招聘,Qwen,
pred_extra_not_in_gold,1996-s0029,1996,事业单位招聘,Qwen,
pred_extra_not_in_gold,1996-s0030,1996,事业单位招聘,Qwen,
pred_extra_not_in_gold,1996-s0031,1996,事业单位招聘,Qwen,
pred_extra_not_in_gold,1996-s0032,1996,事业单位招聘,Qwen,
pred_extra_not_in_gold,1996-s0033,1996,事业单位招聘,Qwen,
pred_extra_not_in_gold,1997-s0012,1997,事业单位招聘,Qwen,
pred_extra_not_in_gold,1997-s0013,1997,事业单位招聘,Qwen,
pred_extra_not_in_gold,1997-s0014,1997,事业单位招聘,Qwen,
pred_extra_not_in_gold,1997-s0015,1997,事业单位招聘,Qwen,
pred_extra_not_in_gold,1997-s0016,1997,事业单位招聘,Qwen,
pred_extra_not_in_gold,1997-s0017,1997,事业单位招聘,Qwen,
pred_extra_not_in_gold,1997-s0018,1997,事业单位招聘,Qwen,
pred_extra_not_in_gold,1997-s0019,1997,事业单位招聘,Qwen,
pred_extra_not_in_gold,1997-s0020,1997,事业单位招聘,Qwen,
pred_extra_not_in_gold,1997-s0021,1997,事业单位招聘,Qwen,
pred_extra_not_in_gold,1997-s0022,1997,事业单位招聘,Qwen,
pred_extra_not_in_gold,1997-s0023,1997,事业单位招聘,Qwen,
pred_extra_not_in_gold,1998-s0001,1998,事业单位招聘,Qwen,
pred_extra_not_in_gold,1999-s0077,1999,事业单位招聘,Qwen,
pred_extra_not_in_gold,1999-s0078,1999,事业单位招聘,Qwen,
pred_extra_not_in_gold,1999-s0079,1999,事业单位招聘,Qwen,
pred_extra_not_in_gold,1999-s0080,1999,事业单位招聘,Qwen,
pred_extra_not_in_gold,1999-s0081,1999,事业单位招聘,Qwen,
pred_extra_not_in_gold,1999-s0082,1999,事业单位招聘,Qwen,
pred_extra_not_in_gold,1999-s0083,1999,事业单位招聘,Qwen,
pred_extra_not_in_gold,1999-s0084,1999,事业单位招聘,Qwen,
pred_extra_not_in_gold,1999-s0085,1999,事业单位招聘,Qwen,
pred_extra_not_in_gold,1999-s0086,1999,事业单位招聘,Qwen,
pred_extra_not_in_gold,1999-s0087,1999,事业单位招聘,Qwen,
pred_extra_not_in_gold,1999-s0088,1999,事业单位招聘,Qwen,
pred_extra_not_in_gold,1999-s0089,1999,事业单位招聘,Qwen,
pred_extra_not_in_gold,1999-s0090,1999,事业单位招聘,Qwen,
pred_extra_not_in_gold,1999-s0091,1999,事业单位招聘,Qwen,
pred_extra_not_in_gold,1999-s0092,1999,事业单位招聘,Qwen,
pred_extra_not_in_gold,1999-s0093,1999,事业单位招聘,Qwen,
pred_extra_not_in_gold,1999-s0094,1999,事业单位招聘,Qwen,
pred_extra_not_in_gold,1999-s0095,1999,事业单位招聘,Qwen,
pred_extra_not_in_gold,1999-s0096,1999,事业单位招聘,Qwen,
pred_extra_not_in_gold,1999-s0097,1999,事业单位招聘,Qwen,
pred_extra_not_in_gold,1999-s0098,1999,事业单位招聘,Qwen,
pred_extra_not_in_gold,1999-s0099,1999,事业单位招聘,Qwen,
pred_extra_not_in_gold,1999-s0100,1999,事业单位招聘,Qwen,
pred_extra_not_in_gold,1999-s0101,1999,事业单位招聘,Qwen,
pred_extra_not_in_gold,1999-s0102,1999,事业单位招聘,Qwen,
pred_extra_not_in_gold,1999-s0103,1999,事业单位招聘,Qwen,
pred_extra_not_in_gold,1999-s0104,1999,事业单位招聘,Qwen,
pred_extra_not_in_gold,1999-s0105,1999,事业单位招聘,Qwen,
pred_extra_not_in_gold,1999-s0106,1999,事业单位招聘,Qwen,
pred_extra_not_in_gold,1999-s0107,1999,事业单位招聘,Qwen,
pred_extra_not_in_gold,1999-s0108,1999,事业单位招聘,Qwen,
pred_extra_not_in_gold,1999-s0109,1999,事业单位招聘,Qwen,
pred_extra_not_in_gold,1999-s0110,1999,事业单位招聘,Qwen,
pred_extra_not_in_gold,1999-s0111,1999,事业单位招聘,Qwen,
pred_extra_not_in_gold,1999-s0112,1999,事业单位招聘,Qwen,
pred_extra_not_in_gold,1999-s0113,1999,事业单位招聘,Qwen,
pred_extra_not_in_gold,1999-s0114,1999,事业单位招聘,Qwen,
pred_extra_not_in_gold,1999-s0115,1999,事业单位招聘,Qwen,
pred_extra_not_in_gold,1999-s0116,1999,事业单位招聘,Qwen,
pred_extra_not_in_gold,1999-s0117,1999,事业单位招聘,Qwen,
pred_extra_not_in_gold,1999-s0118,1999,事业单位招聘,Qwen,
pred_extra_not_in_gold,1999-s0119,1999,事业单位招聘,Qwen,
pred_extra_not_in_gold,1999-s0120,1999,事业单位招聘,Qwen,
pred_extra_not_in_gold,1999-s0121,1999,事业单位招聘,Qwen,
pred_extra_not_in_gold,1999-s0122,1999,事业单位招聘,Qwen,
pred_extra_not_in_gold,1999-s0123,1999,事业单位招聘,Qwen,
pred_extra_not_in_gold,1999-s0124,1999,事业单位招聘,Qwen,
pred_extra_not_in_gold,1999-s0125,1999,事业单位招聘,Qwen,
pred_extra_not_in_gold,1999-s0126,1999,事业单位招聘,Qwen,
pred_extra_not_in_gold,1999-s0127,1999,事业单位招聘,Qwen,
pred_extra_not_in_gold,1999-s0128,1999,事业单位招聘,Qwen,
pred_extra_not_in_gold,1999-s0129,1999,事业单位招聘,Qwen,
pred_extra_not_in_gold,1999-s0130,1999,事业单位招聘,Qwen,
pred_extra_not_in_gold,1999-s0131,1999,事业单位招聘,Qwen,
pred_extra_not_in_gold,1999-s0132,1999,事业单位招聘,Qwen,
pred_extra_not_in_gold,1999-s0133,1999,事业单位招聘,Qwen,
pred_extra_not_in_gold,1999-s0134,1999,事业单位招聘,Qwen,
pred_extra_not_in_gold,1999-s0135,1999,事业单位招聘,Qwen,
pred_extra_not_in_gold,1999-s0136,1999,事业单位招聘,Qwen,
pred_extra_not_in_gold,1999-s0137,1999,事业单位招聘,Qwen,
pred_extra_not_in_gold,1999-s0138,1999,事业单位招聘,Qwen,
pred_extra_not_in_gold,1999-s0139,1999,事业单位招聘,Qwen,
pred_extra_not_in_gold,1999-s0140,1999,事业单位招聘,Qwen,
pred_extra_not_in_gold,1999-s0141,1999,事业单位招聘,Qwen,
pred_extra_not_in_gold,1999-s0142,1999,事业单位招聘,Qwen,
pred_extra_not_in_gold,1999-s0143,1999,事业单位招聘,Qwen,
pred_extra_not_in_gold,1999-s0144,1999,事业单位招聘,Qwen,
pred_extra_not_in_gold,1999-s0145,1999,事业单位招聘,Qwen,
pred_extra_not_in_gold,1999-s0146,1999,事业单位招聘,Qwen,
pred_extra_not_in_gold,1999-s0147,1999,事业单位招聘,Qwen,
pred_extra_not_in_gold,1999-s0148,1999,事业单位招聘,Qwen,
pred_extra_not_in_gold,1999-s0149,1999,事业单位招聘,Qwen,
pred_extra_not_in_gold,1999-s0150,1999,事业单位招聘,Qwen,
pred_extra_not_in_gold,1999-s0151,1999,事业单位招聘,Qwen,
pred_extra_not_in_gold,1999-s0152,1999,事业单位招聘,Qwen,
pred_extra_not_in_gold,1999-s0153,1999,事业单位招聘,Qwen,
pred_extra_not_in_gold,2000-s0002,2000,事业单位招聘,Qwen,
pred_extra_not_in_gold,2000-s0003,2000,事业单位招聘,Qwen,
pred_duplicate_id,1987-s0016,,,JobBERT-skill,2
pred_duplicate_id,1987-s0022,,,JobBERT-skill,2
pred_duplicate_id,1987-s0038,,,JobBERT-skill,2
pred_duplicate_id,1987-s0045,,,JobBERT-skill,2
pred_duplicate_id,1987-s0059,,,JobBERT-skill,2
pred_duplicate_id,1987-s0066,,,JobBERT-skill,2
pred_duplicate_id,1988-s0005,,,JobBERT-skill,2
pred_duplicate_id,1988-s0006,,,JobBERT-skill,2
pred_duplicate_id,1988-s0010,,,JobBERT-skill,2
pred_duplicate_id,1988-s0026,,,JobBERT-skill,2
pred_duplicate_id,1988-s0027,,,JobBERT-skill,2
pred_duplicate_id,1988-s0035,,,JobBERT-skill,2
pred_duplicate_id,1988-s0038,,,JobBERT-skill,2
pred_duplicate_id,1988-s0049,,,JobBERT-skill,2
pred_duplicate_id,1988-s0054,,,JobBERT-skill,2
pred_duplicate_id,1988-s0056,,,JobBERT-skill,2
pred_duplicate_id,1988-s0063,,,JobBERT-skill,2
pred_duplicate_id,1988-s0085,,,JobBERT-skill,2
pred_duplicate_id,1988-s0091,,,JobBERT-skill,2
pred_duplicate_id,1988-s0101,,,JobBERT-skill,2
pred_duplicate_id,1988-s0107,,,JobBERT-skill,2
pred_duplicate_id,1988-s0113,,,JobBERT-skill,2
pred_duplicate_id,1988-s0126,,,JobBERT-skill,2
pred_duplicate_id,1988-s0145,,,JobBERT-skill,2
pred_duplicate_id,1988-s0154,,,JobBERT-skill,2
pred_duplicate_id,1988-s0156,,,JobBERT-skill,2
pred_duplicate_id,1988-s0157,,,JobBERT-skill,2
pred_duplicate_id,1988-s0159,,,JobBERT-skill,2
pred_duplicate_id,1988-s0161,,,JobBERT-skill,2
pred_duplicate_id,1989-s0001,,,JobBERT-skill,3
pred_duplicate_id,1989-s0000,,,JobBERT-skill,2
pred_duplicate_id,1989-s0006,,,JobBERT-skill,2
pred_duplicate_id,1989-s0007,,,JobBERT-skill,2
pred_duplicate_id,1989-s0013,,,JobBERT-skill,2
pred_duplicate_id,1989-s0021,,,JobBERT-skill,2
pred_duplicate_id,1989-s0022,,,JobBERT-skill,2
pred_duplicate_id,1989-s0023,,,JobBERT-skill,2
pred_duplicate_id,1989-s0024,,,JobBERT-skill,2
pred_duplicate_id,1989-s0025,,,JobBERT-skill,2
pred_duplicate_id,1989-s0026,,,JobBERT-skill,2
pred_duplicate_id,1989-s0029,,,JobBERT-skill,2
pred_duplicate_id,1990-s0013,,,JobBERT-skill,2
pred_duplicate_id,1990-s0017,,,JobBERT-skill,2
pred_duplicate_id,1990-s0018,,,JobBERT-skill,2
pred_duplicate_id,1991-s0003,,,JobBERT-skill,2
pred_duplicate_id,1991-s0006,,,JobBERT-skill,2
pred_duplicate_id,1991-s0008,,,JobBERT-skill,2
pred_duplicate_id,1991-s0010,,,JobBERT-skill,2
pred_duplicate_id,1991-s0011,,,JobBERT-skill,2
pred_duplicate_id,1991-s0036,,,JobBERT-skill,2
pred_duplicate_id,1991-s0033,,,JobBERT-skill,2
pred_duplicate_id,1991-s0035,,,JobBERT-skill,2
pred_duplicate_id,1991-s0037,,,JobBERT-skill,2
pred_duplicate_id,1991-s0038,,,JobBERT-skill,2
pred_duplicate_id,1991-s0042,,,JobBERT-skill,2
pred_duplicate_id,1991-s0045,,,JobBERT-skill,2
pred_duplicate_id,1993-s0009,,,JobBERT-skill,2
pred_duplicate_id,1995-s0001,,,JobBERT-skill,2
pred_duplicate_id,1995-s0013,,,JobBERT-skill,2
pred_duplicate_id,1995-s0019,,,JobBERT-skill,2
pred_duplicate_id,1995-s0020,,,JobBERT-skill,2
pred_duplicate_id,1995-s0030,,,JobBERT-skill,2
pred_duplicate_id,1995-s0036,,,JobBERT-skill,2
pred_duplicate_id,1995-s0037,,,JobBERT-skill,2
pred_duplicate_id,1995-s0052,,,JobBERT-skill,2
pred_duplicate_id,1995-s0053,,,JobBERT-skill,2
pred_duplicate_id,1995-s0087,,,JobBERT-skill,2
pred_duplicate_id,1996-s0006,,,JobBERT-skill,2
pred_duplicate_id,1999-s0019,,,JobBERT-skill,2
pred_duplicate_id,1999-s0012,,,JobBERT-skill,2
pred_duplicate_id,1999-s0018,,,JobBERT-skill,2
pred_duplicate_id,1999-s0043,,,JobBERT-skill,2
pred_duplicate_id,1999-s0072,,,JobBERT-skill,2
pred_duplicate_id,1999-s0074,,,JobBERT-skill,2
pred_duplicate_id,1987-s0016,,,JobBERT-knowledge,2
pred_duplicate_id,1987-s0022,,,JobBERT-knowledge,2
pred_duplicate_id,1987-s0038,,,JobBERT-knowledge,2
pred_duplicate_id,1987-s0045,,,JobBERT-knowledge,2
pred_duplicate_id,1987-s0059,,,JobBERT-knowledge,2
pred_duplicate_id,1987-s0066,,,JobBERT-knowledge,2
pred_duplicate_id,1988-s0005,,,JobBERT-knowledge,2
pred_duplicate_id,1988-s0006,,,JobBERT-knowledge,2
pred_duplicate_id,1988-s0010,,,JobBERT-knowledge,2
pred_duplicate_id,1988-s0026,,,JobBERT-knowledge,2
pred_duplicate_id,1988-s0027,,,JobBERT-knowledge,2
pred_duplicate_id,1988-s0035,,,JobBERT-knowledge,2
pred_duplicate_id,1988-s0038,,,JobBERT-knowledge,2
pred_duplicate_id,1988-s0049,,,JobBERT-knowledge,2
pred_duplicate_id,1988-s0054,,,JobBERT-knowledge,2
pred_duplicate_id,1988-s0056,,,JobBERT-knowledge,2
pred_duplicate_id,1988-s0063,,,JobBERT-knowledge,2
pred_duplicate_id,1988-s0085,,,JobBERT-knowledge,2
pred_duplicate_id,1988-s0091,,,JobBERT-knowledge,2
pred_duplicate_id,1988-s0101,,,JobBERT-knowledge,2
pred_duplicate_id,1988-s0107,,,JobBERT-knowledge,2
pred_duplicate_id,1988-s0113,,,JobBERT-knowledge,2
pred_duplicate_id,1988-s0126,,,JobBERT-knowledge,2
pred_duplicate_id,1988-s0145,,,JobBERT-knowledge,2
pred_duplicate_id,1988-s0154,,,JobBERT-knowledge,2
pred_duplicate_id,1988-s0156,,,JobBERT-knowledge,2
pred_duplicate_id,1988-s0157,,,JobBERT-knowledge,2
pred_duplicate_id,1988-s0159,,,JobBERT-knowledge,2
pred_duplicate_id,1988-s0161,,,JobBERT-knowledge,2
pred_duplicate_id,1989-s0001,,,JobBERT-knowledge,3
pred_duplicate_id,1989-s0000,,,JobBERT-knowledge,2
pred_duplicate_id,1989-s0006,,,JobBERT-knowledge,2
pred_duplicate_id,1989-s0007,,,JobBERT-knowledge,2
pred_duplicate_id,1989-s0013,,,JobBERT-knowledge,2
pred_duplicate_id,1989-s0021,,,JobBERT-knowledge,2
pred_duplicate_id,1989-s0022,,,JobBERT-knowledge,2
pred_duplicate_id,1989-s0023,,,JobBERT-knowledge,2
pred_duplicate_id,1989-s0024,,,JobBERT-knowledge,2
pred_duplicate_id,1989-s0025,,,JobBERT-knowledge,2
pred_duplicate_id,1989-s0026,,,JobBERT-knowledge,2
pred_duplicate_id,1989-s0029,,,JobBERT-knowledge,2
pred_duplicate_id,1990-s0013,,,JobBERT-knowledge,2
pred_duplicate_id,1990-s0017,,,JobBERT-knowledge,2
pred_duplicate_id,1990-s0018,,,JobBERT-knowledge,2
pred_duplicate_id,1991-s0003,,,JobBERT-knowledge,2
pred_duplicate_id,1991-s0006,,,JobBERT-knowledge,2
pred_duplicate_id,1991-s0008,,,JobBERT-knowledge,2
pred_duplicate_id,1991-s0010,,,JobBERT-knowledge,2
pred_duplicate_id,1991-s0011,,,JobBERT-knowledge,2
pred_duplicate_id,1991-s0036,,,JobBERT-knowledge,2
pred_duplicate_id,1991-s0033,,,JobBERT-knowledge,2
pred_duplicate_id,1991-s0035,,,JobBERT-knowledge,2
pred_duplicate_id,1991-s0037,,,JobBERT-knowledge,2
pred_duplicate_id,1991-s0038,,,JobBERT-knowledge,2
pred_duplicate_id,1991-s0042,,,JobBERT-knowledge,2
pred_duplicate_id,1991-s0045,,,JobBERT-knowledge,2
pred_duplicate_id,1993-s0009,,,JobBERT-knowledge,2
pred_duplicate_id,1995-s0001,,,JobBERT-knowledge,2
pred_duplicate_id,1995-s0013,,,JobBERT-knowledge,2
pred_duplicate_id,1995-s0019,,,JobBERT-knowledge,2
pred_duplicate_id,1995-s0020,,,JobBERT-knowledge,2
pred_duplicate_id,1995-s0030,,,JobBERT-knowledge,2
pred_duplicate_id,1995-s0036,,,JobBERT-knowledge,2
pred_duplicate_id,1995-s0037,,,JobBERT-knowledge,2
pred_duplicate_id,1995-s0052,,,JobBERT-knowledge,2
pred_duplicate_id,1995-s0053,,,JobBERT-knowledge,2
pred_duplicate_id,1995-s0087,,,JobBERT-knowledge,2
pred_duplicate_id,1996-s0006,,,JobBERT-knowledge,2
pred_duplicate_id,1999-s0019,,,JobBERT-knowledge,2
pred_duplicate_id,1999-s0012,,,JobBERT-knowledge,2
pred_duplicate_id,1999-s0018,,,JobBERT-knowledge,2
pred_duplicate_id,1999-s0043,,,JobBERT-knowledge,2
pred_duplicate_id,1999-s0072,,,JobBERT-knowledge,2
pred_duplicate_id,1999-s0074,,,JobBERT-knowledge,2
